run_id,generation,pushes,board_string,width,height,boxes
0,0,12,"##############
#         .###
##   #  #   ##
###    ### @ #
#    #      ##
###$ # ##  ###
###  # ##   ##
##############",14,8,1
0,2,17,"##############
#@        .###
##   #  # . ##
###    ###   #
#    # $    ##
###$ # ##  ###
###  # ##   ##
##############",14,8,2
0,3,18,"##############
#@        .###
## $ #  #   ##
### . $###   #
#    #    . ##
###$ #.##$ ###
###  # ##   ##
##############",14,8,4
0,5,20,"##############
#         .###
## $ #  #   ##
###    ###   #
#    #   @. ##
###$ #.##$ ###
###  # ##   ##
##############",14,8,3
0,6,21,"##############
#@     .  .###
## $ #  #   ##
###   $###   #
#    #    . ##
###$ #.##$ ###
###  # ##   ##
##############",14,8,4
0,7,23,"##############
#         .###
## $$#  #   ##
### . $###   #
#    #.$ @. ##
###$ #.##  ###
###  # ##   ##
##############",14,8,5
0,9,26,"##############
#        ..###
## $$#  #   ##
###    ###   #
#    #   @. ##
###$ #.##$ ###
###  # ##   ##
##############",14,8,4
0,12,27,"##############
#        ..###
## $$#  #   ##
###    ###   #
#    #  $@. ##
###$.#.##$ ###
###  # ##   ##
##############",14,8,5
0,15,28,"##############
#    @   ..###
## $$#  #   ##
###    ###   #
#    #  $   ##
###$.#.##$.###
###  # ##   ##
##############",14,8,5
0,16,29,"##############
#    @   ..###
## $$#  #   ##
###    ###$  #
#    #  $ . ##
###$.#.##$.###
###  # ##   ##
##############",14,8,6
0,18,30,"##############
#        ..###
## $$#. #   ##
###  $ ###   #
#    #  $   ##
###$.#.##$.###
###@ # ##   ##
##############",14,8,6
0,26,31,"##############
#  @     ..###
## $$#  #   ##
###    ###   #
#    #  $  .##
###$ # ##$.###
###  #.##   ##
##############",14,8,5
0,29,37,"##############
#      . . ###
## $$#. #   ##
###  $ ###   #
#  @ #  $   ##
###$ #.##$.###
###  # ##.  ##
##############",14,8,6
0,31,38,"##############
#      . . ###
## $$#. #   ##
###  $ ###   #
#  @ #  $   ##
###$ #.##$ ###
###  # ##.. ##
##############",14,8,6
0,36,48,"##############
# .    . . ###
## $$#. #   ##
###  $ ###   #
#  @ #  $   ##
###$ #.##  ###
###  # ##   ##
##############",14,8,5
0,48,49,"##############
# .    . . ###
## $$#. #   ##
### @$ ###   #
#  $ #  $   ##
###  #.##  ###
###  # ##   ##
##############",14,8,5
0,57,50,"##############
# .    . . ###
## $$#. #   ##
### @$ ###   #
#  $ #  $   ##
###  # ##  ###
###  #.##   ##
##############",14,8,5
1,0,4,"########
#   #  #
##  ## #
### #. #
#   # ##
#      #
#####$##
####  ##
## #@###
##    ##
########",8,11,1
1,1,6,"########
#   #  #
##  ## #
### #  #
#   # ##
#  $  .#
##### ##
####  ##
## #@###
##    ##
########",8,11,1
1,3,8,"########
#   #  #
## .## #
###.#. #
# $$# ##
#      #
#####$##
####  ##
## #@###
##    ##
########",8,11,3
1,4,9,"########
#  .#  #
##  ## #
###.#. #
# $$# ##
#      #
#####$##
####  ##
## #@###
##    ##
########",8,11,3
1,14,10,"########
#   #  #
##  ## #
###.#. #
#  $# ##
#  $  .#
#####$##
####  ##
## # ###
##  @ ##
########",8,11,3
1,19,11,"########
#  .#  #
##  ## #
### #  #
#  $#.##
#  $  .#
#####$##
####  ##
## # ###
##  @ ##
########",8,11,3
1,47,12,"########
#  .#  #
##  ## #
### #  #
#  $#.##
#   $ .#
#####$##
#### @##
## # ###
##    ##
########",8,11,3
1,60,13,"########
#  .#  #
##  ## #
### #. #
#  $# ##
#   $ .#
#####$##
####  ##
## # ###
##   @##
########",8,11,3
2,0,7,"###########
#####. # ##
## ##     #
##  #  # ##
#     #  ##
## $  # ###
### @ #  ##
###########",11,8,1
2,1,10,"###########
#####  # ##
## ## $  @#
##. #  # ##
#     #  ##
##  $ # ###
###  .#  ##
###########",11,8,2
2,2,12,"###########
#####  # ##
## ## $  @#
##. #  # ##
# . $ #  ##
##  $ # ###
###  .#  ##
###########",11,8,3
2,3,17,"###########
#####  # ##
## ##    @#
##. #  # ##
# .$$ #  ##
##  $ # ###
###  .#  ##
###########",11,8,3
2,8,18,"###########
#####  # ##
## ##  $. #
##. #@ # ##
# .$$ #  ##
##  $ # ###
###  .#  ##
###########",11,8,4
2,15,19,"###########
#####  # ##
##@## $.  #
##. #  # ##
# .$$ #  ##
## $  # ###
###  .#  ##
###########",11,8,4
2,36,20,"###########
#####  # ##
## ## $ . #
##.@#  # ##
# .$$ #  ##
## $  # ###
###  .#  ##
###########",11,8,4
2,41,21,"###########
#####  # ##
## ## $  .#
##. #  # ##
# .$$ #  ##
##@$  # ###
###  .#  ##
###########",11,8,4
2,46,22,"###########
#####  # ##
## ## $  .#
##. #  # ##
#+ $$ #  ##
## $  # ###
###  .#  ##
###########",11,8,4
2,54,23,"###########
#####  # ##
## ## $  .#
##. #  # ##
#+$ $ #  ##
## $  # ###
###  .#  ##
###########",11,8,4
2,65,24,"###########
#####  # ##
##.## $  .#
##  #  # ##
#+$ $ #  ##
## $  # ###
###  .#  ##
###########",11,8,4
3,0,8,"###########
#### ######
#    ###  #
#      ##.#
####      #
#@   #  # #
#   ###   #
#  #  $  ##
## # ## ###
#### ##  ##
## #   # ##
#         #
## ##### ##
###########",11,14,1
3,3,12,"###########
#### ######
#    ###  #
#      ##.#
####    . #
#    # @# #
#   ### $ #
#  #  $  ##
## # ## ###
#### ##  ##
## #   # ##
#         #
## ##### ##
###########",11,14,2
3,4,13,"###########
#### ######
#    ###  #
#      ##.#
####    . #
#    # @# #
#   ### $ #
#  # $   ##
## # ## ###
#### ##  ##
## #   # ##
#         #
## ##### ##
###########",11,14,2
3,6,14,"###########
#### ######
#    ###@ #
#      ## #
####.  .$ #
#   .# $# #
#   ###   #
#  #  $  ##
## # ## ###
#### ##  ##
## #   # ##
#         #
## ##### ##
###########",11,14,3
3,9,15,"###########
#### ######
#    ###@.#
#      ## #
####      #
#   .# $# #
# $ ###   #
# .#  $  ##
## # ## ###
#### ##  ##
## #   # ##
#         #
## ##### ##
###########",11,14,3
3,14,16,"###########
#### ######
#    ### .#
#      ## #
####      #
#   .# $# #
# $ ###   #
# .#  $  ##
## # ## ###
#### ## @##
## #   # ##
#  .$     #
## ##### ##
###########",11,14,4
3,15,18,"###########
#### ######
#    ### .#
#      ## #
####      #
#   .# $# #
# $ ###   #
# .#  $  ##
## # ## ###
#### ## @##
## #   # ##
#.  $     #
## ##### ##
###########",11,14,4
3,18,23,"###########
#### ######
#    ### .#
#    $ ## #
####    . #
#   .# $# #
# $ ### $ #
# +#     ##
## # ## ###
#### ##  ##
## #   # ##
#  .$     #
## ##### ##
###########",11,14,5
3,24,24,"###########
#### ######
#    ### .#
# .$ $ ## #
####    . #
# @ .# $# #
# $ ### $ #
# .#     ##
## # ## ###
#### ##  ##
## #   # ##
#  .$     #
## ##### ##
###########",11,14,6
3,25,28,"###########
#### ######
#    ### .#
# .$ $ ## #
####    . #
# @ .# $# #
# $ ### $ #
# .#     ##
## # ## ###
#### ##  ##
## # $ # ##
# ..$     #
## ##### ##
###########",11,14,7
3,29,29,"###########
#### ######
#    ### .#
# *  $ ## #
####    . #
# @ .# $# #
# $ ### $ #
# .#     ##
## # ## ###
#### ##  ##
## # $ # ##
# ..$     #
## ##### ##
###########",11,14,7
3,30,30,"###########
#### ######
#    ### .#
# .  $ ## #
####    * #
#   .# $# #
# $ ### $@#
# .#     ##
## # ## ###
#### ##  ##
## # $ # ##
# ..$     #
## ##### ##
###########",11,14,7
3,33,31,"###########
#### ######
#    ### .#
# .  $ ## #
####    * #
#   .# $# #
# $ ### $@#
#  #     ##
##.# ## ###
#### ##  ##
## # $ # ##
# ..$     #
## ##### ##
###########",11,14,7
3,39,32,"###########
#### ######
#    ### +#
# .  $ ## #
####    * #
#   .# $# #
# $ ### $ #
#  #     ##
##.# ## ###
#### ##  ##
## # $ # ##
#. .$     #
## ##### ##
###########",11,14,7
3,41,34,"###########
#### ######
#    ### .#
#    $ ## #
####    * #
#   .# $# #
# $ ### $@#
#  #     ##
##.# ## ###
#### ##. ##
## # $ # ##
# ..$     #
## ##### ##
###########",11,14,7
3,43,37,"###########
#### ######
#    ### .#
#    $ ##@#
####    * #
#   .# $# #
# $ ### $ #
#  #     ##
##.# ## ###
#### ##. ##
## # $ # ##
# ..   $  #
## ##### ##
###########",11,14,7
3,52,38,"###########
#### ######
#    ### .#
#    $ ##@#
####    *.#
#   .# $# #
# $ ### $ #
#  #     ##
##.# ## ###
#### ##  ##
## # $ # ##
# ..   $  #
## ##### ##
###########",11,14,7
3,53,39,"###########
#### ######
#    ### .#
#   .$ ##@#
####    *.#
#   .# $# #
# $ ### $ #
#  #     ##
## # ## ###
#### ##  ##
## # $ # ##
# ..   $  #
## ##### ##
###########",11,14,7
3,56,41,"###########
#### ######
#    ### .#
#   .$ ##+#
####    $.#
#   .# $# #
# $ ### $ #
#  #     ##
## # ## ###
#### ##  ##
## # $ # ##
# ..   $  #
## ##### ##
###########",11,14,7
4,0,5,"###########
#    ##   #
# ## @#  ##
# ##$   ###
#      .  #
##   # ## #
### ##### #
###########",11,8,1
4,1,8,"###########
#    ##   #
# ##  #@ ##
# ##    ###
# $   $.. #
##   # ## #
### ##### #
###########",11,8,2
4,2,10,"###########
#    ##   #
# ## @#  ##
# ##$$  ###
#    $... #
##   # ## #
### ##### #
###########",11,8,3
4,3,15,"###########
#    ##   #
# ##  #  ##
# ##  $.###
# $   $..@#
##   # ## #
### ##### #
###########",11,8,3
4,6,16,"###########
#    ##   #
# ##  #+ ##
# ##$$$ ###
#    $... #
##   # ## #
### ##### #
###########",11,8,4
4,7,19,"###########
#    ##.  #
# ##  #  ##
# ##  $ ###
# $   $ .+#
##   # ## #
### ##### #
###########",11,8,3
4,13,21,"###########
#    ##.  #
# ##  #  ##
# ##  $ ###
# $     *.#
##   # ##@#
### ##### #
###########",11,8,3
4,23,22,"###########
#    ##.  #
# ##  #  ##
# ## $$$###
#      .*.#
##   # ##@#
### ##### #
###########",11,8,4
4,27,23,"###########
#    ##.  #
# ##. #  ##
# ##$$$$###
#      .*.#
##   # ##@#
### ##### #
###########",11,8,5
4,30,25,"###########
#    ##.  #
# ##  #  ##
# ##$$$$###
# .    .*.#
##   # ##@#
### ##### #
###########",11,8,5
4,35,26,"###########
#    ##.  #
# ##  #  ##
# ##$$$$###
#      .*.#
##   #.## #
### #####@#
###########",11,8,5
4,47,27,"###########
#    ##.  #
# ##$ #  ##
# ## $$$###
#.     .*.#
##   # ## #
### #####@#
###########",11,8,5
5,0,12,"##############
#    ## # # ##
##  # # #    #
### #   # # ##
##  ##      ##
## $#   #   ##
##  #      .##
#          ###
####   ###  ##
## #   # #  ##
# @  #    ####
# #  #  #   ##
#    #       #
##############",14,14,1
5,1,19,"##############
#    ## # # ##
##  # # #    #
### #   # # ##
##  ##      ##
##  #   #   ##
##  #     $ ##
#          ###
####  @###  ##
## #.  # #  ##
#   .#    ####
# #  #$ #   ##
#    #       #
##############",14,14,2
5,3,29,"##############
#    ## # # ##
##  # # #    #
### # . #.# ##
##  ##.     ##
##  #  @#   ##
##  #    $  ##
#       $  ###
####   ###  ##
## #  $# #  ##
#   .#  $ ####
# #  #  #   ##
#    #       #
##############",14,14,4
5,4,34,"##############
#    ## # # ##
##  # # #  . #
### # ..#.# ##
##  ##.     ##
##  #  @#  $##
##  #    $  ##
#       $  ###
####   ###  ##
## # $$# #  ##
#    #    ####
# #  #  #   ##
#    #       #
##############",14,14,5
5,5,35,"##############
#    ## # # ##
##  # # #  . #
### # ..#.# ##
##  ##      ##
##  #  @#  $##
##  #       ##
#       $  ###
####   ###  ##
## # $$# #  ##
#    #    ####
# #  #  #   ##
#    #       #
##############",14,14,4
5,6,40,"##############
#    ## # # ##
##  # # #  . #
### # ..#.#.##
##  ##      ##
##  #  @#  $##
##  #    $  ##
#       $  ###
####   ###  ##
## # $$# #  ##
#    #    ####
# #  #  #   ##
#    #       #
##############",14,14,5
5,8,44,"##############
#    ## # # ##
## .# # #    #
### #   # # ##
##  ## $  $ ##
## $#   # $ ##
##  #$  $   ##
# ... .    ###
####  @###  ##
## #.. # #  ##
#    #    ####
# #  #$ #   ##
#    #       #
##############",14,14,7
5,9,46,"##############
#    ## # # ##
##  # # #  . #
### # ..#.#.##
##  ##      ##
##  #  @#  $##
##  #       ##
#       $  ###
#### $ ###  ##
## # $$# #  ##
#    #    ####
# #  #  #   ##
#    #       #
##############",14,14,5
5,11,47,"##############
#    ## # # ##
##  # # #  . #
### #@$.#.# ##
##  ##      ##
##  # . #  .##
## $#       ##
#       $  ###
####   ###  ##
## # $$# #  ##
#    #    ####
# #  #  #   ##
#    #       #
##############",14,14,5
5,13,49,"##############
#    ## # # ##
##  # # #  . #
### #  .#.#.##
##  ##      ##
##  #  @#   ##
##  #       ##
#       $  ###
#### $ ###  ##
## # $$# #  ##
#    #    ####
# #  #  #   ##
#    #       #
##############",14,14,4
5,17,50,"##############
#    ## # # ##
##  # # #  . #
### # ..# #.##
##  ##      ##
##  #   # @ ##
##  #       ##
#       $  ###
####  $###  ##
## # $ # #  ##
#    #  $ ####
# #  #  #   ##
#    #       #
##############",14,14,4
5,23,53,"##############
#    ## # # ##
##  # # #  . #
### # ..#@#.##
##  ##      ##
##  #   #   ##
##  #       ##
#       $  ###
####$ $###  ##
## # $ # #  ##
#    #  $ ####
# # .#  #   ##
#    #       #
##############",14,14,5
5,31,60,"##############
#    ## # # ##
##  # # #  ..#
### #  .# #.##
##  ##      ##
##  #   #   ##
##  #       ##
#  @    $  ###
####$ $###  ##
## # $ # #  ##
#    #  $ ####
# # .#  #   ##
#    #       #
##############",14,14,5
5,46,62,"##############
#    ##.# # ##
##  # # #  ..#
### #   # #.##
##  ##      ##
##  #   #   ##
## @#       ##
#       $  ###
####$ $###  ##
## # $ # #  ##
#    #  $ ####
# # .#  #   ##
#    #       #
##############",14,14,5
5,49,64,"##############
#    ##.# #.##
##  # # #  ..#
### #   # # ##
##  ##      ##
##  #   #   ##
## @#       ##
#       $  ###
####$ $###  ##
## # $ # #  ##
#    #  $ ####
# # .#  #   ##
#    #       #
##############",14,14,5
5,57,66,"##############
#    ## #.#.##
##  # # #  ..#
### #   # #@##
##  ##      ##
##  #   #   ##
##  #       ##
#       $  ###
####$ $###  ##
## # $ # #  ##
#    #  $ ####
# # .#  #   ##
#    #       #
##############",14,14,5
6,0,5,"########
#### ###
##   ###
### @  #
#   ####
###$  ##
###  ###
#.   ###
#### ###
#      #
## #  ##
#   # ##
## #####
########",8,14,1
6,3,7,"########
#### ###
##   ###
### $@ #
#   ####
###   ##
###  ###
# .  ###
#### ###
#      #
## #  ##
#   # ##
## #####
########",8,14,1
6,15,8,"########
#### ###
## . ###
###    #
#   ####
###   ##
###$ ###
#. $ ###
#### ###
# .$   #
## #  ##
#   #@##
## #####
########",8,14,3
6,26,9,"########
#### ###
## . ###
###@$. #
#   ####
###   ##
###$ ###
#. $ ###
#### ###
# .$   #
## #  ##
#   # ##
## #####
########",8,14,4
6,32,11,"########
#### ###
## . ###
###$@  #
#   ####
###   ##
###  ###
#. $ ###
#### ###
# .$   #
## #  ##
#   # ##
## #####
########",8,14,3
6,45,12,"########
#### ###
## . ###
###$@  #
#   ####
###   ##
###  ###
#. $ ###
#### ###
#. $   #
## #  ##
#   # ##
## #####
########",8,14,3
6,54,13,"########
#### ###
##.  ###
###$@  #
#   ####
###   ##
###  ###
#. $ ###
#### ###
#. $   #
## #  ##
#   # ##
## #####
########",8,14,3
7,0,5,"########
#   #@ #
### ## #
### #  #
#     .#
# #$####
#      #
# #### #
#  ### #
#  #   #
########",8,11,1
7,1,7,"########
#   #@ #
### ## #
### #  #
#     .#
# #$####
#  $ . #
# #### #
#  ### #
#  #   #
########",8,11,2
7,2,8,"########
#   #@ #
### ## #
### #  #
#     .#
# #$####
# $  . #
# #### #
#  ### #
#  #   #
########",8,11,2
7,8,9,"########
#   #@ #
###.## #
###$#  #
#     .#
# #$####
# $  . #
# #### #
#  ### #
#  #   #
########",8,11,3
7,9,10,"########
#   #  #
### ## #
###.#  #
# $  . #
# #$####
# $   .#
# #### #
# @### #
#  #   #
########",8,11,3
7,11,11,"########
#   #  #
###.## #
###.#  #
# $ $. #
# #$####
# $   .#
# #### #
# @### #
#  #   #
########",8,11,4
7,20,12,"########
#   #  #
###.## #
###$#  #
#@$  . #
# #$####
# $  ..#
# #### #
#  ### #
#  #   #
########",8,11,4
7,25,14,"########
#  .#  #
### ## #
###$#  #
#@$  ..#
# #$####
# $   .#
# #### #
#  ### #
#  #   #
########",8,11,4
8,0,12,"##############
###       .  #
##  #   #  ###
#  $##     ###
#        #   #
#### # # # # #
#   @  ##    #
##############",14,8,1
8,1,18,"##############
###       .  #
##  #   #  ###
#  $##     ###
#        # $ #
#### # # #.# #
#   @  ##    #
##############",14,8,2
8,2,23,"##############
###       .  #
##  #   #  ###
#  $##     ###
# $    . # $ #
#### # # #.# #
#   @  ##    #
##############",14,8,3
8,3,31,"##############
###       .  #
##  #  .#  ###
#  $##     ###
#    $   #.$ #
#### #$# #.# #
#   @  ##    #
##############",14,8,4
8,4,34,"##############
###       .  #
##  #  .#  ###
# $$##     ###
# .  $   #.$ #
#### #$# #.# #
#   @  ##    #
##############",14,8,5
8,5,39,"##############
###       .  #
##  #  .#  ###
# $$##     ###
#    $   #.  #
#### #$# #.# #
#   @  ##    #
##############",14,8,4
8,6,47,"##############
###       .  #
##  #  .#  ###
# $$##$   .###
#    $   #.  #
#### #$# #.# #
#   @  ##    #
##############",14,8,5
8,8,49,"##############
###       .  #
##  #   #  ###
# $$##$ . .###
#    $   #.  #
#### #$# #.# #
#   @  ##    #
##############",14,8,5
8,9,52,"##############
###       .  #
##  #   #  ###
# $$##$ ...###
#    $   #.$ #
#### #$# #.# #
#   @  ##    #
##############",14,8,6
8,23,54,"##############
###         .#
##  #   #  ###
# $$##  ...###
#    $ $ #.$ #
#### #$# #.# #
#   @  ##    #
##############",14,8,6
8,27,56,"##############
###          #
##  #   #  ###
# $$##  ...###
#    $ $ #.$ #
#### #$# #.# #
#   @  ##.   #
##############",14,8,6
8,33,57,"##############
###          #
## $#   #  ###
# $ ##  ...###
#    $ $ #.$ #
#### #$# #.# #
#@     ##.   #
##############",14,8,6
8,48,59,"##############
###          #
## $#   #  ###
#@$ ##$ ...###
#    $   # $ #
#### #$# #.# #
#      ##..  #
##############",14,8,6
8,49,60,"##############
###          #
## $#   #  ###
#@$ ##$ .. ###
#    $   #.$ #
#### #$# #.# #
#      ##..  #
##############",14,8,6
8,55,64,"##############
###          #
## $#  $#  ###
#@$ ##$ ...###
#    $   #.$ #
#### #$# #.# #
#      ##..  #
##############",14,8,7
8,64,66,"##############
###          #
## $#  $#  ###
#@$ ##$ ...###
#  $     #.$ #
#### #$# #.# #
#      ##..  #
##############",14,8,7
9,0,9,"##############
#      .## ###
#   $   ##  ##
#######      #
# #####   ####
#  #  #      #
#  #   ###   #
# ####  @  # #
# ###    # # #
#      ### # #
##############",14,11,1
9,4,11,"##############
#      .## ###
# $     ##  ##
#######      #
# #####   ####
#  #  #      #
#  #   ###   #
# ####  @  # #
# ###    # # #
#      ### # #
##############",14,11,1
9,7,13,"##############
#      .## ###
# $     ##  ##
#######      #
# #####   ####
#  #  #      #
#  #   ### $ #
# ####  @ .# #
# ###    # # #
#      ### # #
##############",14,11,2
9,15,16,"##############
#      .## ###
# $     ##  ##
#######   .  #
# ##### $ ####
#  #  #      #
#  #   ### $ #
# ####    .# #
# ###    # # #
#      ###@# #
##############",14,11,3
9,19,22,"##############
#      .## ###
# $     ##  ##
#######   .  #
# ##### $ ####
#  #  #      #
#  #   ### $ #
# ####   $.# #
# ###    #.# #
#      ###@# #
##############",14,11,4
9,23,23,"##############
#      .## ###
# $ $ . ##  ##
#######   .  #
# #####  $####
#  #  #    @ #
#  #   ### $ #
# ####   $.# #
# ###    #.# #
#      ### # #
##############",14,11,5
9,26,25,"##############
#   @  .## ###
# $     ##  ##
#######   .. #
# ##### $$####
#  #  #      #
#  #   ### $ #
# ####   $.# #
# ###    #.# #
#      ### # #
##############",14,11,5
9,27,27,"##############
#   @  .## ###
# $ $ . ##  ##
#######   .. #
# ##### $$####
#  #  #      #
#  #   ### $ #
# ####   $.# #
# ###    #.# #
#      ### # #
##############",14,11,6
9,43,28,"##############
# @    .## ###
# $ $ . ##  ##
####### $... #
# ##### $$####
#  #  #      #
#  #   ### $ #
# ####   $.# #
# ###    #.# #
#      ### # #
##############",14,11,7
9,47,29,"##############
#      .## ###
# $ $ + ##  ##
#######    ..#
# ##### $$####
#  #  #      #
#  #   ### $ #
# ####   $.# #
# ###    #.# #
#      ### # #
##############",14,11,6
9,49,31,"##############
# @    .## ###
# $ $ . ##  ##
####### $ .. #
# ##### $$####
#  #  #     .#
#  #   ### $ #
# ####   $.# #
# ###    #.# #
#      ### # #
##############",14,11,7
9,57,32,"##############
#      .## ###
#@$ $ . ##  ##
####### $ .. #
# ##### $$####
#  #  #  .   #
#  #   ### $ #
# ####   $.# #
# ###    #.# #
#      ### # #
##############",14,11,7
10,0,8,"##############
#    # ####  #
# ## #@#  #  #
# ## #    ## #
# ##   # #   #
#  ###    $  #
#   ## #.#   #
##############",14,8,1
10,1,9,"##############
#    # ####  #
# ## # #  # .#
# ## #    ## #
# ##   # #   #
#  ### $@    #
#   ## # #   #
##############",14,8,1
10,2,10,"##############
#    # ####  #
# ## # #  # .#
# ## #    ## #
# ##   # # . #
#  ### $@  $ #
#   ## # #   #
##############",14,8,2
10,3,14,"##############
# @  # ####  #
# ## # #  # .#
# ## #    ## #
# ##   #$#.  #
#  ###  $    #
#   ## # #   #
##############",14,8,2
10,9,18,"##############
#    # ####  #
# ##@# #  # .#
# ## #    ## #
# ##   #$#   #
#  ###  $    #
#   ##.# #   #
##############",14,8,2
10,16,19,"##############
#    # #### .#
# ##@# #  #  #
# ## #    ## #
# ##   #$#   #
#  ###  $    #
#   ##.# #   #
##############",14,8,2
10,28,20,"##############
# @  # #### .#
# ## # #  #  #
# ## #    ## #
# ##   #$#   #
#  ### $     #
#   ##.# #   #
##############",14,8,2
11,0,12,"##############
#### ## #    #
# #  ## # $# #
#       #    #
## @ #       #
## # # ###  ##
#### # # # ###
###### #   ###
##  ## # # ###
#     . ##   #
##############",14,11,1
11,1,14,"##############
#### ## #    #
# #  ## #  # #
#   $   #    #
##   # $     #
## #.# ###  ##
#### #.# # ###
######@#   ###
##  ## # # ###
#       ##   #
##############",14,11,2
11,2,20,"##############
#### ## #    #
# #  ## #$$# #
#       #    #
## @ #       #
## # # ###  ##
#### # # # ###
######.#   ###
##  ## # # ###
#     . ##   #
##############",14,11,2
11,3,21,"##############
#### ## #    #
# #  ## #$$# #
#       #    #
## @ #   .$  #
## # # ###  ##
#### # # # ###
######.#   ###
##  ## # # ###
#     . ##   #
##############",14,11,3
11,4,24,"##############
#### ## #    #
# #  ## #$$# #
#       #    #
##   # $   . #
##@# # ###  ##
#### # # # ###
######.#   ###
##  ## # # ###
#     . ##   #
##############",14,11,3
11,6,28,"##############
#### ## #    #
# #  ## #$$# #
#   $@  #    #
##   # $   . #
## #.# ###  ##
#### # # # ###
######.#   ###
##  ## # # ###
#     . ##   #
##############",14,11,4
11,8,30,"##############
#### ## #    #
# #  ## #$$# #
#    @  #  $ #
##   # $   . #
## # # ###  ##
#### # # # ###
######.#   ###
##  ## # #.###
#     . ##   #
##############",14,11,4
11,10,32,"##############
#### ## #    #
# #  ## #$ # #
#   $@  # $  #
##   #.$     #
## #.# ###  ##
#### # # # ###
######.#   ###
##  ## # # ###
#     . ##   #
##############",14,11,4
11,12,39,"##############
#### ## #    #
# #  ## #$$# #
#       #  $ #
##   # $   . #
## #.# ###  ##
#### #$# # ###
######.#   ###
##  ## # #.###
#    @. ##   #
##############",14,11,5
11,14,40,"##############
#### ## #    #
# #  ## #$$# #
#       #  $ #
##   # $     #
## #.# ###  ##
#### #$# #.###
######.#   ###
##  ## # #.###
#    @. ##   #
##############",14,11,5
11,20,42,"##############
#### ## #    #
# #  ## #$$# #
#       # $  #
##   # $   . #
## #.# ###  ##
#### # # # ###
######.#   ###
##  ##$# #.###
#    @. ##   #
##############",14,11,5
11,23,45,"##############
#### ## #    #
# #  ##.#$$# #
#       # $  #
##  $# $   . #
## #.# ###  ##
#### # # # ###
######.#   ###
##  ##$# #.###
#    @. ##   #
##############",14,11,6
11,37,49,"##############
#### ## #    #
# #  ##.#$$# #
#       # $  #
##  $# $     #
## #.# ###  ##
#### # # # ###
######.#   ###
##  ##$# #.###
#     .@##.  #
##############",14,11,6
11,40,51,"##############
#### ## #    #
# #  ##.#$$# #
#       # $  #
##  $# $     #
## #.# ###  ##
#### #.# # ###
######.#   ###
##  ##$# # ###
#     .@##.  #
##############",14,11,6
12,0,6,"##############
#      ##  ###
##   # #    ##
####   #  ####
###    # ## ##
###  # $    .#
#   #### ## ##
#@   ##      #
# ## ####  # #
# ##   ##    #
##############",14,11,1
12,1,7,"##############
#      ##  ###
##   # #    ##
####.$ #  ####
###    # ## ##
###  # $    .#
#   #### ## ##
#@   ##      #
# ## ####  # #
# ##   ##    #
##############",14,11,2
12,3,8,"##############
#      ##  ###
## $ # #    ##
####.  #  ####
###    # ## ##
###  # $    .#
#   #### ## ##
#@   ##      #
# ## ####  # #
# ##   ##    #
##############",14,11,2
12,5,9,"##############
#     .##  ###
##  @# #    ##
#### $ #  ####
###    # ## ##
###  # $    .#
#   #### ## ##
#    ##      #
# ## ####  # #
# ##   ##    #
##############",14,11,2
12,6,10,"##############
#     .##  ###
## $@# #    ##
####   #  ####
###    # ## ##
###  # $    .#
#   #### ## ##
#    ##      #
# ## ####  # #
# ##   ##    #
##############",14,11,2
12,10,11,"##############
# .    ##  ###
##  @# #    ##
#### $ #  ####
###    # ## ##
###  # $    .#
#   #### ## ##
#    ##      #
# ## ####  # #
# ##   ##    #
##############",14,11,2
12,12,13,"##############
#     .##  ###
## $@# #    ##
####   #. ####
###    # ## ##
###  # $    .#
#   ####$## ##
#    ##      #
# ## ####  # #
# ##   ##    #
##############",14,11,3
12,33,15,"##############
#     .##  ###
## $ # #    ##
####   #. ####
###    # ## ##
###. # $    .#
#@$ ####$## ##
#    ##      #
# ## ####  # #
# ##   ##    #
##############",14,11,4
12,41,17,"##############
#   @ .##  ###
## $ # #    ##
#### $ #. ####
### .  # ## ##
###$ # $    .#
#   ####$## ##
#  . ##      #
# ## ####  # #
# ##   ##    #
##############",14,11,5
12,65,18,"##############
#.     ##  ###
##@$ # #    ##
#### $ #. ####
### .  # ## ##
###$ # $    .#
#   ####$## ##
#  . ##      #
# ## ####  # #
# ##   ##    #
##############",14,11,5
13,0,12,"########
### ####
##   # #
## $   #
###  ###
##    ##
#      #
## #   #
#### ###
#    ###
# ## ###
## #@ ##
## .   #
########",8,14,1
13,1,13,"########
### ####
##   # #
## $   #
###  ###
##    ##
#      #
## #.$ #
#### ###
#    ###
# ## ###
## #@ ##
## .   #
########",8,14,2
13,2,19,"########
### ####
##   # #
## $   #
###  ###
##    ##
#      #
## #   #
#### ###
#   .###
# ##$###
## #@ ##
## .   #
########",8,14,2
13,3,20,"########
### ####
##   # #
## $   #
###  ###
## $  ##
#    $ #
## #   #
#### ###
#   .###
# ##.###
##@#. ##
##     #
########",8,14,3
13,4,24,"########
### ####
## . # #
## $   #
###  ###
## $$ ##
#    $ #
## #   #
#### ###
#   .###
# ##.###
##@#. ##
##     #
########",8,14,4
13,5,31,"########
### ####
##   # #
## $   #
###  ###
## $  ##
#    $ #
## #$. #
#### ###
#   .###
# ##.###
##@#. ##
##     #
########",8,14,4
13,7,32,"########
### ####
##   # #
## $   #
###  ###
## $  ##
#    $ #
## # . #
####$###
#   .###
# ##.###
##@#. ##
##     #
########",8,14,4
13,8,33,"########
### ####
##   # #
## $   #
###  ###
## $  ##
#    $ #
## # . #
#### ###
#   *###
# ##.###
##@#. ##
##     #
########",8,14,4
13,15,38,"########
### ####
##   # #
## $   #
###  ###
## $  ##
#    $ #
## #   #
#### ###
#   *###
# ##.###
## #. ##
## .  @#
########",8,14,4
13,24,40,"########
### ####
##   # #
## $   #
###  ###
## $  ##
#    $ #
## # . #
#### ###
# .$ ###
# ##.###
##@#* ##
## .   #
########",8,14,5
13,34,44,"########
### ####
##   # #
## $   #
###  ###
## $  ##
#    $ #
## #   #
#### ###
#    ###
# ##*###
## #. ##
##..@  #
########",8,14,4
13,48,45,"########
### ####
##   # #
## $   #
###  ###
## $  ##
#    $ #
## #   #
#### ###
#    ###
# ##*###
## #  ##
##... @#
########",8,14,4
13,53,46,"########
### ####
##   # #
## $   #
###  ###
## $  ##
#    $ #
## #   #
#### ###
# .$ ###
# ##*###
## #  ##
##... @#
########",8,14,5
14,0,16,"##############
## # ## ###  #
#    ##  ##  #
## #      #  #
#.   #     # #
### ###### # #
###  #     # #
#    $  #    #
### #  #######
### ##  #    #
#   ##    ####
#  @#  #     #
#    #####   #
##############",14,14,1
14,1,19,"##############
## # ## ###  #
#    ##  ##  #
## # $  . #  #
#.   #     # #
### ###### # #
###  #     # #
#    $  #    #
### #  #######
### ##  #    #
#   ##    ####
#  @#  #     #
#    #####   #
##############",14,14,2
14,12,22,"##############
## # ## ###  #
#    ##  ##  #
## # $    #  #
#.   #    .# #
### ###### # #
###  #@    # #
#    $  #    #
### #  #######
### ##  #    #
#   ##    ####
#   #  #     #
#    #####   #
##############",14,14,2
14,14,24,"##############
## # ## ###  #
#    ##  ##  #
## # $  + #  #
#.   #     # #
### ###### # #
###  #     # #
#  . $  #    #
### #  #######
### ##  #    #
#   ##    ####
# $ #  #     #
#    #####   #
##############",14,14,3
14,18,26,"##############
## # ## ###  #
#    ##  ##  #
## # $@ . #  #
#.   #     # #
### ###### # #
###  #     # #
#  . $$ #    #
### #  #######
### ##. #    #
#   ##    ####
# $ #  #     #
#    #####   #
##############",14,14,4
14,20,28,"##############
## # ## ###  #
#    ##  ##  #
## # $@ . #  #
#.   #     # #
### ###### # #
###  #     # #
#  . $$ #    #
### #  #######
### ##  #    #
#   ##    ####
# $ # .#     #
#    #####   #
##############",14,14,4
14,23,30,"##############
## # ## ###  #
#    ##  ##  #
## # $  . #  #
#.   #     # #
### ###### # #
###  #     # #
#  . $$ #    #
### #  #######
### ##  #    #
#   ## $ .####
# $ # .#     #
#   @#####   #
##############",14,14,5
14,33,32,"##############
## # ## ###  #
#@   ##  ##  #
## # $  . #  #
#.   #     # #
### ###### # #
###$ #     # #
#  . $$ #    #
### #  #######
### ##. #    #
#   ## $ .####
# $ # .#     #
#    #####   #
##############",14,14,6
14,38,33,"##############
## # ## ###  #
#@   ##  ##  #
## # $  . #  #
#.   #     # #
### ###### # #
###* #     # #
#    $$ #    #
### #  #######
### ##. #    #
#   ## $ .####
# $ # .#     #
#    #####   #
##############",14,14,6
14,39,34,"##############
## # ## ###  #
#    ##  ##  #
## # $  . #  #
#+ . #     # #
###$###### # #
###  #     # #
#    $  #    #
### #  #######
### ##  #    #
#   ## $ .####
# $ # .#     #
#    #####   #
##############",14,14,5
14,51,36,"##############
## # ## ###  #
#@   ##  ##  #
## # $    #  #
#. . #   . # #
###$###### # #
###  #     # #
#    $  #    #
### #  #######
### ##  #    #
#   ## $ .####
# $ # .#     #
#    #####   #
##############",14,14,5
14,61,37,"##############
## # ## ###  #
#@   ##  ##  #
## # $    #  #
#. . #   . # #
###$###### # #
###  #     # #
#    $$ #    #
### # .#######
### ##  #    #
#   ## $ .####
# $ # .#     #
#    #####   #
##############",14,14,6
15,0,12,"##############
#      # ## @#
#    #    ## #
#.  #### ##  #
## #     $   #
#            #
## #   ###   #
#   ## #  ## #
# # ## #  #  #
#      ##    #
#######    # #
#    #     # #
#      ### # #
##############",14,14,1
15,1,14,"##############
#      # ## .#
#    #  . ## #
#   #### ##  #
## #  $      #
#      $     #
## #   ###@  #
#   ## #  ## #
# # ## #  #  #
#      ##    #
#######    # #
#    #     # #
#      ### # #
##############",14,14,2
15,2,15,"##############
#      # ## .#
#    #  . ## #
#   #### ##  #
## #  $      #
#      $     #
## #  .###@  #
#   ##$#  ## #
# # ## #  #  #
#      ##    #
#######    # #
#    #     # #
#      ### # #
##############",14,14,3
15,3,21,"##############
#      # ## .#
#    #  . ## #
#   #### ##  #
## #         #
#      $     #
## #   ###@  #
#   ## #  ## #
# # ##$#  #  #
#      ## .  #
####### $  # #
#    #     # #
#      ### # #
##############",14,14,3
15,4,26,"##############
#    . # ##  #
#    #    ## #
#   #### ##  #
##.#  $      #
#      $     #
## #  .###@  #
#   ##$#  ## #
# # ## #  #  #
#      ##    #
#######    # #
#    #     # #
#      ### # #
##############",14,14,3
15,5,32,"##############
#    . # ##  #
#    #    ## #
#   ####$##  #
##.#  $      #
#      $     #
## # ..###@  #
#   ##$#  ## #
# # ## #  #  #
#      ##    #
#######    # #
#    #     # #
#      ### # #
##############",14,14,4
15,6,33,"##############
#    . # ##  #
#    #    ## #
#   ####$##  #
##.# .$      #
#      $ $   #
## # ..###@  #
#   ##$#  ## #
# # ## #  #  #
#      ##    #
#######    # #
#    #     # #
#      ### # #
##############",14,14,5
15,7,41,"##############
#    . # ##  #
# .  #    ## #
#   #### ##  #
##.#  $      #
#     $$ .$$ #
## #  .###@  #
#   ## #  ## #
# # ## #  #  #
#      ##    #
#######    # #
#    #     # #
#      ### # #
##############",14,14,5
15,8,44,"##############
#   .. # ##  #
#    #    ## #
#   ####$##  #
##.#  $      #
#     $$     #
## #  .###@  #
#   ## #  ## #
# # ## #  #  #
#      ##    #
#######    # #
#    #     # #
#      ### # #
##############",14,14,4
15,9,48,"##############
#  . . # ##  #
#    #    ## #
#   ####$##  #
##.# .$      #
#      $ $   #
## #  .###   #
#   ##$#  ## #
# # ## #  #  #
#     @##    #
#######    # #
#    #     # #
#      ### # #
##############",14,14,5
15,10,49,"##############
#   .. # ##  #
#    #    ## #
#   ####$##  #
##.#  $  $   #
#     $$.    #
## #  .###@  #
#   ## #  ## #
# # ## #  #  #
#      ##.   #
#######  $ # #
#    #     # #
#      ### # #
##############",14,14,6
15,11,55,"##############
#   .. # ##  #
#    #    ## #
#   ####$##  #
##.#  $  $   #
#     $$     #
## #  .###   #
#   ## #  ## #
# # ## #  #  #
#      ## @  #
#######    # #
#    #     # #
#      ### #.#
##############",14,14,5
15,12,57,"##############
#   .. # ##  #
#    #  @ ## #
#   ####$##  #
##.#  $  $   #
#     $$     #
## #  .###   #
#   ## #  ## #
# # ## #  #  #
#      ##    #
#######    # #
#    #     # #
#      ### #.#
##############",14,14,5
15,13,61,"##############
#   .. # ##  #
#    #    ## #
#   ####$##  #
##.#  $  $   #
#     $$     #
## #   ###   #
#.  ## #  ## #
# # ## #  #  #
#      ## @  #
#######    # #
#    #     # #
#      ### #.#
##############",14,14,5
15,14,63,"##############
#   .. # ##  #
#    #    ## #
#   ####$##  #
##.#  $  $   #
#    @$$     #
## #   ###   #
#.  ## #  ## #
# # ## #  #  #
#      ##    #
#######    # #
#    #     # #
#      ### #.#
##############",14,14,5
15,15,64,"##############
# . .. # ##  #
#    #    ## #
#   ####$##  #
##.#  $  $   #
#     $$     #
## #   ###   #
#.  ## #  ## #
# # ## #  #@ #
#      ##    #
#######    # #
#    #     # #
#      ### # #
##############",14,14,5
15,16,72,"##############
#   .. # ##  #
#  . #    ## #
#   ####$##  #
##.#  $  $   #
#     $$   $ #
## #   ###@  #
#.  ## #  ## #
# # ## #  #  #
#      ##    #
#######    # #
#    #     # #
#      ### #.#
##############",14,14,6
15,18,75,"##############
#   .. # ##  #
#  . #    ## #
# . ####$##  #
##.#  $  $   #
#     $$   $ #
## #   ###@  #
#.  ## #  ## #
# # ## #  #  #
#      ##    #
#######    # #
#    #     # #
#      ### # #
##############",14,14,6
15,19,79,"##############
#   ..@# ##  #
#  . #    ## #
# . ####$##  #
##.#  $  $   #
#     $$   $ #
## #   ###   #
#.  ## #  ## #
# # ## #  #  #
#      ##    #
#######    # #
#    #     # #
#      ### # #
##############",14,14,6
15,26,83,"##############
#   .. # ##  #
#  . #    ## #
# . ####$##  #
##.#  $  $   #
#   . $$   $ #
## # $ ###   #
#.  ## #  ## #
# # ## #  #  #
#   @  ##    #
#######    # #
#    #     # #
#      ### # #
##############",14,14,7
15,37,85,"##############
#   ..@# ##  #
#  ..#    ## #
# . ####$##  #
##.#  $  $   #
#   . $$   $ #
## # $ ###   #
#   ## #  ## #
# # ## #  #  #
#      ##    #
#######    # #
#    #     # #
#      ### # #
##############",14,14,7
15,42,90,"##############
#   .. # ##  #
#  ..#    ## #
# . ####$##  #
##.#  $  $   #
#     $$   $ #
## # $ ###   #
#.  ## #  ## #
# # ##@#  #  #
#      ##    #
#######    # #
#    #     # #
#      ### # #
##############",14,14,7
15,48,91,"##############
#   .. # ##  #
#  ..#    ## #
# . ####$##  #
##+#  $  $   #
#      $   $ #
## # $ ###   #
#.  ## #  ## #
# # ##$#  #  #
#      ##    #
#######    # #
#    #     # #
#      ### # #
##############",14,14,7
15,64,94,"##############
#   ...# ##  #
#  . # @  ## #
# . ####$##  #
##.#  $  $   #
#      $   $ #
## # $ ###   #
#.  ## #  ## #
# # ##$#  #  #
#      ##    #
#######    # #
#    #     # #
#      ### # #
##############",14,14,7
16,0,8,"########
## #  .#
#   $# #
## #   #
#      #
#  # # #
# ##@  #
########",8,8,1
16,2,10,"########
## #   #
#    # #
## #   #
# @$ . #
#  #$# #
# ##  .#
########",8,8,2
16,3,13,"########
##.#   #
#  $$#@#
##$#   #
# .. $ #
#  #.# #
# ##   #
########",8,8,4
16,5,14,"########
##.#   #
# .$$#@#
##$# $ #
# .. $ #
#  # # #
# ##  .#
########",8,8,5
16,7,15,"########
##.#   #
# .$$# #
##$# $ #
#... $ #
#  # # #
# ## @ #
########",8,8,5
16,8,16,"########
##.#   #
#  $$# #
##$# $ #
#...   #
#  # # #
# ## @ #
########",8,8,4
16,10,18,"########
##.#   #
#  $$# #
##$# $ #
#... $ #
#  #.# #
# ## @ #
########",8,8,5
16,11,19,"########
##.#   #
#  $$# #
##$# $ #
#....$ #
#  # # #
# ## @ #
########",8,8,5
16,21,21,"########
##.#   #
#  $$# #
##$# $ #
#+. .$ #
# .# # #
# ##   #
########",8,8,5
16,24,22,"########
##.#   #
#  $$# #
##$# $ #
#+. *  #
# .# # #
# ##   #
########",8,8,5
16,26,23,"########
##.#   #
#  $$# #
##$# $ #
#+.$.  #
# .# # #
# ##   #
########",8,8,5
16,30,24,"########
##.#   #
#  $$# #
##$# $ #
#+* .  #
# .# # #
# ##   #
########",8,8,5
16,35,25,"########
##.#   #
#  $$# #
##$# $ #
#+.$   #
# .# # #
# ##  .#
########",8,8,5
16,40,26,"########
##.#   #
#  $$# #
##$# $ #
#+*    #
# .# # #
# ##  .#
########",8,8,5
16,51,27,"########
##.#   #
#  $$# #
## # $ #
#.$$   #
# +# #.#
# ##  .#
########",8,8,5
17,0,9,"###########
###   ##  #
##   .### #
#     ##  #
#    ##   #
# # #@# ###
#   #   ###
# # $ #   #
# #  ## # #
# #   #   #
#  #   ## #
#  ##  ## #
#  ####   #
###########",11,14,1
17,1,11,"###########
###   ##  #
##   .### #
#  .  ##  #
# $  ##   #
# # #@# ###
#   #   ###
# # $ #   #
# #  ## # #
# #   #   #
#  #   ## #
#  ##  ## #
#  ####   #
###########",11,14,2
17,2,14,"###########
###   ##  #
##   .### #
#  .  ##  #
# $  ##   #
# # #@# ###
# $ #   ###
# #   #   #
# #  ## # #
# #   #   #
#  #   ## #
#  ##  ## #
#  ####   #
###########",11,14,2
17,3,19,"###########
###   ##  #
## $  ### #
#   $ ##  #
# .  ##   #
# # #@# ###
#   #   ###
#.# $ #   #
# #. ## # #
# #   #   #
#  #   ## #
#  ##  ## #
#  ####   #
###########",11,14,3
17,4,21,"###########
###   ##  #
## $  ### #
#   $ ##  #
#    ##   #
# # #@# ###
#   #   ###
#.#.$ #   #
# #. ## # #
# #   #   #
#  #   ## #
#  ##  ## #
#  ####   #
###########",11,14,3
17,8,22,"###########
###   ##  #
## $  ### #
# $ $ ##  #
#    ##   #
# # #@# ###
#  .#   ###
#.#*  #   #
# #. ## # #
# #   #   #
#  #   ## #
#  ##  ## #
#  ####   #
###########",11,14,4
17,9,24,"###########
###   ##  #
## $  ### #
# $ $ ##  #
# .  ##   #
# # # # ###
#   #   ###
#.# $ #   #
# #. ## # #
# #.  #   #
#  #   ## #
#  ##  ## #
#  ####  @#
###########",11,14,4
17,12,25,"###########
###   ##  #
## $  ### #
# $ $ ##  #
# .  ##   #
# # # # ###
#   #   ###
#.# $ #   #
# #.$## # #
# #.. #   #
#  #   ## #
#  ##  ## #
#  ####  @#
###########",11,14,5
17,14,27,"###########
###   ##  #
## $  ### #
# $ $ ##  #
#    ##   #
# # #@# ###
#. .#   ###
# #$  #   #
# #. ## # #
# #   #   #
#  #   ## #
#. ##  ## #
#  ####   #
###########",11,14,4
17,17,30,"###########
###   ##@ #
## $  ### #
# $ $ ##  #
# .  ##   #
# # # # ###
#   #   ###
#.# $ #   #
# #.$## # #
# # . #   #
#  #   ## #
#  ##  ## #
#. ####   #
###########",11,14,5
17,20,31,"###########
###   ##@ #
## $  ### #
# $ $ ##  #
#.   ##   #
# # # # ###
#   #   ###
#.# $ #   #
# #.$## # #
# # . #   #
#  #   ## #
#  ##  ## #
#. ####   #
###########",11,14,5
17,22,33,"###########
###   ##@ #
## $  ### #
# $ $ ##  #
#.   ##   #
# # # # ###
#   #   ###
# # $ #   #
# #.$## # #
#.# . #   #
#  #   ## #
#  ##  ## #
#. ####   #
###########",11,14,5
17,46,34,"###########
###   ##  #
## $  ### #
# $   ## @#
#. $ ##   #
#.# # # ###
#   #   ###
# # $ #   #
# # $## # #
#.# . #   #
#  #   ## #
#  ##  ## #
#. ####   #
###########",11,14,5
17,52,36,"###########
###   ##  #
## $  ### #
# $   ##  #
#. $ ##   #
#.# # # ###
#   #   ###
# # $ #   #
# # $## # #
# # . #   #
#  #   ## #
#. ##  ## #
#. ####  @#
###########",11,14,5
18,0,13,"###########
####   ## #
#  . # ## #
# $@      #
## #   #  #
#   ####  #
## ## ##  #
#  ## #  ##
#  #     ##
#  ## #  ##
###########",11,11,1
18,1,20,"###########
####   ## #
#    # ##@#
# $.   .  #
##$#   #  #
#   ####  #
## ## ##  #
#  ## #  ##
#  #     ##
#  ## #  ##
###########",11,11,2
18,2,33,"###########
####   ## #
#    # ##@#
# $.  ..  #
##$#   #  #
#   ####  #
## ## ##  #
#  ## #  ##
#  #    $##
#  ## #  ##
###########",11,11,3
18,9,34,"###########
####   ## #
#    #.##@#
# $.  ..  #
##$#   #  #
#   ####$ #
## ## ##  #
#  ## #  ##
#  #    $##
#  ## #  ##
###########",11,11,4
18,12,38,"###########
####   ## #
#   $# ##@#
# $.  ... #
##$#   #  #
#   ####  #
## ## ##  #
#  ## #  ##
#  #    $##
#  ## #  ##
###########",11,11,4
18,13,44,"###########
####   ## #
#   $# ##@#
#  .  ..* #
##$#   #  #
#   ####  #
## ## ##  #
#  ## #  ##
#  #    $##
#  ## #  ##
###########",11,11,4
18,15,50,"###########
####   ## #
#    # ##.#
# $.$ ... #
##$#   #  #
#   ####  #
## ## ##$ #
#  ## #  ##
#  # @  $##
#  ## #  ##
###########",11,11,5
18,19,51,"###########
####   ## #
#    # ## #
#  .$ *.. #
## #   #  #
#   ####  #
## ## ##$ #
#  ## #  ##
#  # @  $##
#  ## #  ##
###########",11,11,4
18,21,52,"###########
####   ## #
#    # ##.#
# $*$ ... #
## #   #  #
#   ####  #
## ## ##$ #
#  ## #  ##
#  # @  $##
#  ## #  ##
###########",11,11,5
18,26,54,"###########
####   ## #
#    # ##.#
#  *$ *.. #
## #   #  #
#   ####  #
## ## ##$ #
#  ## #  ##
#  # @  $##
#  ## #  ##
###########",11,11,5
18,38,55,"###########
####   ## #
#    # ##.#
#  $* *.. #
## #   #  #
#   ####  #
## ## ##$ #
#  ## #@ ##
#  #    $##
#  ## #  ##
###########",11,11,5
18,45,56,"###########
####   ## #
#    # ##.#
#  $* .*. #
## #   #  #
#   ####  #
## ## ##$ #
#  ## #  ##
#  #    $##
#  ## # @##
###########",11,11,5
18,46,62,"###########
####   ## #
#  $ # ##.#
#   * *.. #
## #   #  #
#   ####  #
## ## ##$ #
#  ## #  ##
#  #    $##
#  ##@#  ##
###########",11,11,5
18,56,66,"###########
####  .## #
#  $ # ##.#
#   $ *.. #
## #   #  #
#   ####  #
## ## ##$ #
#  ## #  ##
#  #    $##
#  ## # @##
###########",11,11,5
19,0,8,"###########
###.   @ ##
### #   ###
#   ###  ##
##     # ##
##    #   #
##   ### ##
# ##$##   #
# ##  #   #
#         #
###########",11,11,1
19,1,10,"###########
###      ##
### #   ###
#  @###  ##
## $   # ##
##    #   #
##   ### ##
# ## ##   #
# ##  #   #
#.        #
###########",11,11,1
19,2,11,"###########
###      ##
### #   ###
#  @###  ##
##     # ##
## .  #   #
## $ ### ##
# ## ##   #
# ##  #$  #
#.        #
###########",11,11,2
19,3,16,"###########
###      ##
###.#   ###
#  @###  ##
##     # ##
## .  #   #
## $$### ##
# ## ##   #
# ##  #$  #
#.        #
###########",11,11,3
19,5,19,"###########
###      ##
###$#   ###
#   ###  ##
## $ . # ##
##.   #   #
##  $### ##
# ## ##  @#
# ##. # $ #
#.        #
###########",11,11,4
19,7,23,"###########
###      ##
###$#   ###
#   ###  ##
## $ . # ##
##.   # . #
## $$### ##
# ## ##  @#
# ##. # $ #
#.        #
###########",11,11,5
19,8,27,"###########
###      ##
###$#   ###
#   ###  ##
## $ . # ##
##.   #   #
## $$### ##
# ## ##  @#
# ##. # $ #
#..       #
###########",11,11,5
19,13,29,"###########
###      ##
###$#   ###
#   ###  ##
## $ . # ##
##  . #   #
## $ ### ##
# ## ##  @#
# ##* # $ #
#..       #
###########",11,11,5
19,19,32,"###########
###      ##
###$#   ###
#   ###  ##
## $   # ##
##.   # . #
## $*### ##
# ## ##   #
# ##. #$$ #
#..@      #
###########",11,11,6
19,20,35,"###########
###      ##
###$#   ###
#   ###  ##
## $   # ##
##.   # . #
## $$### ##
# ## ##  @#
# ##. #$$ #
#.. .     #
###########",11,11,6
19,24,37,"###########
###      ##
###$#   ###
#   ### .##
## $   # ##
##.   #   #
## $$### ##
# ## ## @ #
# ##. #$$ #
#.. .     #
###########",11,11,6
19,30,39,"###########
###      ##
###$#   ###
#   ### .##
## $   # ##
##.   #   #
## $ ### ##
# ## ##  @#
# ##* #$$ #
#.. .     #
###########",11,11,6
19,41,42,"###########
###      ##
###$#   ###
#   ### .##
## $   # ##
##    #   #
## $ ### ##
# ## ##   #
# ##* #$$ #
#.. +.    #
###########",11,11,6
19,42,43,"###########
###      ##
###$#   ###
#   ### .##
## $   # ##
##    #   #
## $ ### ##
# ## ##   #
# ##* #$$ #
#...@.    #
###########",11,11,6
19,47,44,"###########
###      ##
### #   ###
#   ### .##
## $   #$##
##    #   #
## $ ### ##
#@## ##   #
# ##* #$$ #
#... .    #
###########",11,11,6
20,0,6,"########
#   ## #
### ## #
###  @ #
# ##. ##
# ## ###
#     ##
#      #
#  # $ #
# ##   #
########",8,11,1
20,1,10,"########
#   ## #
### ## #
###  @ #
# ##. ##
# ##$###
#  .  ##
#      #
#  # $ #
# ##   #
########",8,11,2
20,2,14,"########
#   ## #
### ## #
###    #
# ##  ##
# ##.###
#     ##
# $$$@ #
#  # . #
# ##  .#
########",8,11,3
20,3,15,"########
#   ## #
### ## #
###  @ #
# ##. ##
# ##$###
#     ##
#  .   #
#  #$$ #
#.##   #
########",8,11,3
20,5,19,"########
#   ## #
### ## #
###  @ #
# ##* ##
# ## ###
# $   ##
#  .   #
#  #$  #
#.##   #
########",8,11,3
20,10,20,"########
#  @## #
### ## #
###    #
# ##* ##
# ##.###
# $   ##
#      #
#  #$  #
#.##   #
########",8,11,3
20,19,22,"########
#   ## #
### ## #
### .@ #
# ##* ##
# ## ###
# $   ##
#      #
#  #$  #
#.##   #
########",8,11,3
20,45,24,"########
#   ## #
### ## #
###.   #
# ##$@##
# ## ###
# $   ##
#      #
#. #$  #
#.##   #
########",8,11,3
21,0,6,"###########
##### # ###
##.# @  ###
#  ## #   #
#   # #   #
#   $  ## #
#   # ### #
###########",11,8,1
21,3,7,"###########
##### # ###
## #   @###
#  ## #   #
#   # #   #
#   $ .## #
#   # ### #
###########",11,8,1
21,7,11,"###########
##### # ###
## #    ###
#  ## #   #
# $ # #  @#
#   $..## #
#   # ### #
###########",11,8,2
21,44,12,"###########
##### # ###
## #    ###
#  ## #   #
# $ # #   #
#    *+## #
#   # ### #
###########",11,8,2
21,49,13,"###########
##### # ###
## #    ###
#  ##.#   #
# $ #$#   #
#    *+## #
#   # ### #
###########",11,8,3
21,54,14,"###########
##### # ###
## # .  ###
#  ## #   #
# $ #$#   #
#    *+## #
#   # ### #
###########",11,8,3
22,0,13,"##############
####     .# ##
#       #    #
#      #### ##
#  ###  @   ##
#  ##  ##   ##
# $# ####  ###
#    #       #
# # ### #  # #
#    #    ####
## ## #   # ##
#       #    #
## ## ##### ##
##############",14,14,1
22,2,21,"##############
####     .# ##
#       #@   #
#      ####.##
#  ###      ##
#  ##  ##   ##
# $# ####  ###
#    #       #
# # ### #  # #
#    #   $####
## ## #   # ##
#       #    #
## ## ##### ##
##############",14,14,2
22,4,22,"##############
####      # ##
# .     #    #
#    $$#### ##
#  ###..    ##
#  ## .##   ##
#  # ####  ###
#    #       #
# # ### #$ # #
#    #  $ ####
## ##@#   # ##
#       #    #
## ## ##### ##
##############",14,14,4
22,5,23,"##############
####     .# ##
#   $   #@   #
#     .####.##
#  ###  .$  ##
#  ##  ##   ##
# $# ####  ###
#    #       #
# # ### #  # #
#    #   $####
## ## #   # ##
#       #    #
## ## ##### ##
##############",14,14,4
22,6,33,"##############
####      # ##
# .     #    #
#    $$#### ##
#  ###..  $ ##
#  ## .##   ##
#  # ####  ###
# .  #       #
# # ### #$ # #
#    #  $ ####
##@## #   # ##
#       #    #
## ## ##### ##
##############",14,14,5
22,8,34,"##############
####      # ##
# .     #    #
#    $$#### ##
#  ###..  $ ##
#  ## .##   ##
#  # ####  ###
# .  #   $.  #
# # ### #$ # #
#    #  $ ####
##@## #   # ##
#       #    #
## ## ##### ##
##############",14,14,6
22,11,38,"##############
####      # ##
# .     #    #
#  $ $$#### ##
#  ###..  $ ##
#  ## .##   ##
# .# ####  ###
# .  #   $.  #
# # ### #$ # #
#    #  $ ####
##@## #   # ##
#       #    #
## ## ##### ##
##############",14,14,7
22,13,41,"##############
####      # ##
# .     #    #
#  $ $$#### ##
#  ###..    ##
#  ## .##   ##
# .# ####  ###
# .  #   $   #
# # ### #$ # #
#    #  $ ####
##@## #   # ##
#       #    #
## ## ##### ##
##############",14,14,6
22,15,43,"##############
####      # ##
# . $   #    #
#    $$#### ##
#  ###..    ##
#  ## .##   ##
# .# ####  ###
# .  #   $   #
# # ### #$ # #
#    #  $ ####
##@## #   # ##
#       #    #
## ## ##### ##
##############",14,14,6
22,22,44,"##############
####      # ##
#.  $   #    #
#    $$#### ##
#  ###..    ##
#  ## +##   ##
# .# ####  ###
# .  #   $   #
# # ### #$ # #
#    #  $ ####
## ## #   # ##
#       #    #
## ## ##### ##
##############",14,14,6
22,23,46,"##############
####      # ##
# . $   #  . #
#    $$#### ##
#  ###..  $ ##
#  ## .##   ##
# .# ####  ###
# .  #   $   #
# # ### #$ # #
#    #  $ ####
## ## #   #@##
#       #    #
## ## ##### ##
##############",14,14,7
22,24,48,"##############
####      # ##
#.  $ $ #    #
#  . $$#### ##
#  ###..    ##
#  ## +##   ##
# .# ####  ###
# .  #   $   #
# # ### #$ # #
#    #  $ ####
## ## #   # ##
#       #    #
## ## ##### ##
##############",14,14,7
22,32,50,"##############
####      # ##
#.  $ $ #    #
#  . $$#### ##
#  ###..    ##
#  ## .##   ##
#  # ####  ###
# .. #   $   #
# # ### #$ # #
#  @ #  $ ####
## ## #   # ##
#       #    #
## ## ##### ##
##############",14,14,7
22,37,51,"##############
####      # ##
#.  $ $ #    #
#  . $$#### ##
#  ###..    ##
#  ## .##   ##
#  #@####  ###
# .. #   $   #
# # ### #  # #
#    #  $$####
## ## #   # ##
#       #    #
## ## ##### ##
##############",14,14,7
22,39,52,"##############
####      # ##
#.  $ $ #   .#
#  . $$#### ##
#  ###.     ##
#  ## .##   ##
#  #@####  ###
# .. #   $   #
# # ### #  # #
#    #  $$####
## ## #   # ##
#       #    #
## ## ##### ##
##############",14,14,7
22,42,54,"##############
####      # ##
#   $ $ #   .#
#  . $$#### ##
#  ###.     ##
# .## .##   ##
#  # ####  ###
# .. #   $   #
# # ### #  # #
#    #  $$####
## ## #   # ##
#       #    #
## ##@##### ##
##############",14,14,7
22,46,55,"##############
####      #.##
#   $ $ #   .#
#  . $$#### ##
#  ###.     ##
# .##  ##   ##
#  # ####  ###
# .. #   $   #
# # ### #  # #
#    #  $$####
## ## #   # ##
#       #    #
## ##@##### ##
##############",14,14,7
22,57,60,"##############
####      #.##
#   $ $ #   .#
#    $$#### ##
#  ###.     ##
# .##  ##   ##
#. # ####  ###
# .. #   $   #
# # ### #  # #
#    #  $$####
## ## #   # ##
#      @#    #
## ## ##### ##
##############",14,14,7
22,62,65,"##############
####      #.##
#   $ $ #   .#
#    $$#### ##
#  ###.     ##
#  ##  ##   ##
#. # ####  ###
# ..@#   $   #
# # ### #  # #
#.   #  $$####
## ## #   # ##
#       #    #
## ## ##### ##
##############",14,14,7
23,0,8,"##############
###       .  #
## @ #  #    #
#    $ ###   #
# ###     ####
# ### ### # ##
#    ####   ##
##############",14,8,1
23,1,12,"##############
### .        #
##   #$ # $  #
#      ### @ #
# ###   . ####
# ### ### # ##
#    ####   ##
##############",14,8,2
23,2,14,"##############
### .        #
##   #$ # $  #
#  . $ ### @ #
# ###   . ####
# ### ### # ##
#    ####   ##
##############",14,8,3
23,4,15,"##############
### .        #
##  $#$ # $  #
#  ..$ ### @ #
# ###   . ####
# ### ### # ##
#    ####   ##
##############",14,8,4
23,5,17,"##############
### .        #
##  $#$ # $  #
#  . $ ###   #
# ###  .. ####
#@### ### # ##
#    ####   ##
##############",14,8,4
23,8,20,"##############
### .        #
## $ #  # $  #
#  $   ###   #
# ###  .. ####
#@### ### # ##
#    ####   ##
##############",14,8,3
23,10,21,"##############
### .        #
## $ #  # $  #
#  $  $###   #
# ### ... ####
#@### ### # ##
#    ####   ##
##############",14,8,4
23,12,28,"##############
### .        #
## $$#. # $. #
#  $  $###   #
# ###  .. ####
#@### ### # ##
#    ####   ##
##############",14,8,5
23,19,29,"##############
### .        #
## $$#. # $. #
# $   $###   #
# ###  .. ####
#@### ### # ##
#    ####   ##
##############",14,8,5
23,24,32,"##############
### .        #
## $$#  # $. #
# $   $###   #
# ###  ...####
#@### ### # ##
#    ####   ##
##############",14,8,5
23,26,38,"##############
### . .      #
## $$#  # $  #
# $   $###   #
# ###  ...####
# ### ### # ##
#@   ####   ##
##############",14,8,5
23,46,39,"##############
### . .      #
## $$#$ # $  #
# $    ###   #
#@###  ...####
# ### ### # ##
#    ####   ##
##############",14,8,5
23,65,40,"##############
### ..       #
## $$#$ # $  #
# $    ###   #
#@###  ...####
# ### ### # ##
#    ####   ##
##############",14,8,5
24,0,10,"###########
# ####    #
# #### ####
#        .#
#    $@#  #
# # #### ##
#       ###
# ## ##   #
## #  #   #
##    #   #
###########",11,11,1
24,1,12,"###########
# ####    #
# #### ####
# $     . #
#    $ #  #
#.# #### ##
#       ###
# ## ##   #
## #  #   #
##@   #   #
###########",11,11,2
24,2,14,"###########
# ####    #
# ####.####
#       . #
# $ $  # @#
# # #### ##
#       ###
# ## ##   #
## #  #   #
##    #   #
###########",11,11,2
24,3,15,"###########
# ####    #
# ####.####
# $  $..  #
# @ $  #  #
# # #### ##
#    $ .###
# ## ##   #
## #  #   #
##    #   #
###########",11,11,4
24,4,16,"###########
# ####    #
# #### ####
# $  $... #
# @ $  #  #
# # #### ##
#    $ .###
# ## ##   #
## #  #   #
##    #   #
###########",11,11,4
24,5,18,"###########
# ####    #
# ####.####
# $ $  .. #
# @ $  #  #
# # #### ##
#    $ .###
# ## ##   #
## #  #   #
##    #   #
###########",11,11,4
24,6,22,"###########
# ####    #
# #### ####
# $  $... #
#   $  #  #
# # #### ##
#    $ .###
# ## ## @ #
## #  #   #
##    #   #
###########",11,11,4
24,15,24,"###########
# ####    #
# #### ####
#    $... #
#  $$  #  #
# # #### ##
#    $ .###
# ## ## @ #
## #  #   #
##    #   #
###########",11,11,4
24,20,25,"###########
# ####    #
# #### ####
#    $..  #
#  $$  #  #
# # #### ##
#    $..###
# ## ##   #
## #  #   #
##    #@  #
###########",11,11,4
24,22,26,"###########
# ####.   #
# #### ####
#    $..  #
#  $$  #  #
# # #### ##
#    $ .###
# ## ##   #
## #  #   #
##    #@  #
###########",11,11,4
24,26,27,"###########
# ####    #
# ####.####
#    $..  #
#   $  #  #
# #$#### ##
#     $.###
# ## ##   #
## #  #   #
##    #@  #
###########",11,11,4
24,33,28,"###########
# ####    #
# ####.####
#    $. . #
#   $  #  #
# #$#### ##
#     $.###
# ## ##@  #
## #  #   #
##    #   #
###########",11,11,4
24,34,29,"###########
# ####    #
# ####.####
#    $  ..#
#   $  #  #
# #$#### ##
#     $.###
# ## ##@  #
## #  #   #
##    #   #
###########",11,11,4
24,41,31,"###########
# ####.   #
# ####.####
#    $   .#
#   $  #  #
# #$#### ##
#     $.###
# ## ##@  #
## #  #   #
##    #   #
###########",11,11,4
24,57,32,"###########
# ####.   #
# ####.####
#    $   .#
#   $  #  #
# #$#### ##
#     $.###
# ## ##@. #
## #  # $ #
##    #   #
###########",11,11,5
25,0,6,"########
### ####
##     #
# ##   #
#   ## #
#  $## #
#      #
# ##   #
#.## # #
#  @   #
########",8,11,1
25,1,8,"########
### ####
##     #
# ##   #
#  @## #
# $.## #
#      #
#.## $ #
# ## # #
#      #
########",8,11,2
25,2,10,"########
### ####
##     #
#.##   #
#   ## #
#   ## #
#   $. #
# ## $ #
#@## # #
#      #
########",8,11,2
25,3,12,"########
### ####
##     #
#.##   #
#   ## #
#   ## #
#  .   #
# ## $ #
#@##$# #
#      #
########",8,11,2
25,4,15,"########
### ####
##     #
#.##   #
#   ## #
#   ## #
#  .$. #
# ## $ #
#@##$# #
#      #
########",8,11,3
25,6,16,"########
### ####
##     #
#.##   #
#   ## #
#   ## #
#. . $ #
# ## $ #
#@##$# #
#      #
########",8,11,3
25,8,19,"########
### ####
##     #
#.##   #
#   ## #
#   ## #
#.   $ #
#.## $ #
#@##$# #
#      #
########",8,11,3
25,12,26,"########
### ####
##    .#
#.## $.#
#   ## #
#   ## #
#  . $ #
# ## $ #
# ##$# #
#    @ #
########",8,11,4
25,13,27,"########
### ####
##    .#
#.## $.#
# . ## #
# $ ## #
#  . $ #
# ## $ #
# ##$# #
#    @ #
########",8,11,5
25,16,29,"########
### ####
##    .#
#.## $.#
# . ## #
# $$## #
# .. $ #
# ## $ #
# ##$# #
#    @ #
########",8,11,6
25,17,32,"########
### ####
##    .#
#.## $.#
#.. ## #
# $$## #
#  . $ #
# ## $ #
# ##$# #
#    @ #
########",8,11,6
25,22,33,"########
### ####
##    .#
#.## $ #
#.. ## #
# $$## #
#  . $@#
#.## $ #
# ##$# #
#      #
########",8,11,6
25,27,35,"########
### ####
##    .#
#.## $ #
#.. ## #
# $$## #
#.   $@#
#.## $ #
# ##$# #
#      #
########",8,11,6
25,42,36,"########
### ####
##    .#
#.## $ #
#.. ## #
# $$## #
#    $ #
#.##$$ #
#.## # #
#@     #
########",8,11,6
25,45,38,"########
### ####
##    .#
#.## $ #
#.  ## #
# $$## #
#    $ #
# ##$$ #
#.## # #
#+   . #
########",8,11,6
25,59,39,"########
### ####
##    .#
#.## $@#
#   ## #
# $$## #
#    $ #
#.##$$ #
#.## # #
#.   . #
########",8,11,6
26,0,14,"###########
###       #
###  # ####
# $       #
#  ##   # #
# ###  ####
#  ##   # #
#.     #  #
### #### @#
###    #  #
#### # ## #
##   # ## #
#    #    #
###########",11,14,1
26,1,15,"###########
###      .#
###  # ####
# $  $    #
#  ##   # #
# ###  ####
#  ##.  # #
#      #  #
### ####  #
###@   #  #
#### # ## #
##   # ## #
#    #    #
###########",11,14,2
26,2,16,"###########
###       #
### $# ####
#  .$  .  #
#  ##   # #
# ###  ####
#  ## $ # #
#.     #  #
###@####  #
###    #  #
#### # ## #
##   # ## #
#    #    #
###########",11,14,3
26,3,23,"###########
###       #
### $# ####
# $   $ . #
#  ##   # #
# ###  ####
#  ##.  # #
#.     #  #
###@####  #
###    #  #
#### # ## #
##   # ## #
#    #    #
###########",11,14,3
26,6,26,"###########
###       #
### $#$####
# $   $ . #
#  ##   # #
# ### .####
#  ##.  # #
#.     #  #
###@####  #
###    #  #
#### # ## #
##   # ## #
#    #    #
###########",11,14,4
26,7,28,"###########
###       #
### $#$####
# $   $ . #
#  ##   # #
# ###..####
#  ##.$ # #
#.     #  #
###@####  #
###    #  #
#### # ## #
##   # ## #
#    #    #
###########",11,14,5
26,8,29,"###########
###       #
### $# ####
# $ $ $ . #
#  ## $.# #
# ###. ####
#  ##.  # #
#.     #  #
###@####  #
###    #  #
#### # ## #
##   # ## #
#    #    #
###########",11,14,5
26,10,30,"###########
###       #
### $# ####
# $ $ $ . #
#  ## $.# #
# ###..####
#  ##.$ # #
#.     #  #
### ####  #
###    #  #
#### # ## #
##   # ## #
#@   #    #
###########",11,14,6
26,11,31,"###########
###       #
### $# ####
# $ $ $.. #
#  ## $.# #
# ###. ####
#  ##.$ # #
#.     #  #
###@####  #
###    #  #
#### # ## #
##   # ## #
#    #    #
###########",11,14,6
26,13,33,"###########
###       #
### $# ####
# $ $ $.. #
#  ## $.# #
# ###. ####
#  ##.$ # #
#.     #  #
###@####  #
###    #  #
####.# ## #
## $ # ## #
#    #    #
###########",11,14,7
26,18,35,"###########
###       #
### $# ####
# $ $@$ ..#
#  ## $.# #
# ###. ####
#  ##.$ # #
#.     #  #
### ####  #
###    #  #
####.# ## #
## $ # ## #
#    #    #
###########",11,14,7
26,21,39,"###########
###       #
### $# ####
# $ $@$ ..#
#  ## $ # #
# ###. ####
#  ##.$ # #
#.  .  #  #
### ####  #
###    #  #
####.# ## #
## $ # ## #
#    #    #
###########",11,14,7
26,30,41,"###########
###       #
###$$# ####
# $   $ ..#
#  ## $ # #
# ###. ####
#  ##.$ # #
#.  .  #  #
### ####  #
###    #@ #
####.# ## #
## $ # ## #
#    #    #
###########",11,14,7
26,43,43,"###########
###       #
###$$# ####
# $   $ ..#
#  ## $ # #
# ###  ####
#  ##.$ # #
#.  .. #  #
### ####  #
###@   #  #
####.# ## #
## $ # ## #
#    #    #
###########",11,14,7
27,0,4,"########
###    #
## $ # #
#.     #
# ######
#  # # #
#      #
##  #  #
##@ ## #
##  #  #
####  ##
##    ##
###   ##
########",8,14,1
27,1,5,"########
###    #
##   # #
#      #
# ######
#  # # #
# .    #
## @#  #
##$ ## #
##  #  #
####  ##
##  $ ##
###.  ##
########",8,14,2
27,3,8,"########
###    #
## $ # #
#.     #
# ######
#  # # #
#    . #
##  #  #
##@$## #
##  #  #
####  ##
##    ##
###   ##
########",8,14,2
27,6,9,"########
###    #
## $ # #
#.     #
# ######
#  # # #
#    . #
##  #  #
## $## #
##  #  #
####  ##
## .$ ##
###@  ##
########",8,14,3
27,8,10,"########
###    #
## $ # #
#.     #
# ######
#  # # #
#     .#
##  #  #
## $## #
##  #  #
####  ##
## .$ ##
###@  ##
########",8,14,3
27,12,11,"########
###    #
## $ #@#
#.     #
# ######
#  # # #
#     .#
##  #  #
## $## #
##  #  #
####  ##
##. $ ##
###   ##
########",8,14,3
27,13,12,"########
###    #
## $ #@#
#.     #
# ######
#  # # #
#  $. .#
##  #  #
## $## #
##  #  #
####  ##
##. $ ##
###   ##
########",8,14,4
27,14,13,"########
###    #
##  $#@#
#.     #
# ######
#  # # #
#  $. .#
##  #  #
## $## #
##  #  #
####  ##
##. $ ##
###   ##
########",8,14,4
27,21,14,"########
###    #
## $ #@#
#.     #
# ######
#  # #.#
# $ .  #
##  #  #
## $## #
##  #  #
####  ##
##. $ ##
###   ##
########",8,14,4
27,27,15,"########
###    #
##  $# #
#.@    #
# ######
#  # #.#
# $ .  #
##  #  #
## $## #
##  #  #
####  ##
##. $ ##
###   ##
########",8,14,4
27,42,17,"########
###    #
##  $# #
#.@    #
# ######
#  # #.#
# $   .#
##  #  #
## $## #
##  #  #
####  ##
##. $ ##
###   ##
########",8,14,4
28,0,8,"##############
# ### #.   # #
# ## @  #  # #
#   # #    # #
# # ###  #   #
# # $   ## # #
# #      #   #
##############",14,8,1
28,4,9,"##############
# ### #.   # #
# ##    #  # #
#   # #    # #
#@# ###  #   #
# # $ $.## # #
# #      #   #
##############",14,8,2
28,5,11,"##############
# ### #.   # #
# ##    #  # #
#   # #. $ # #
#@# ###  #   #
# # $ $.## # #
# #      #   #
##############",14,8,3
28,7,13,"##############
# ### #    #@#
# ##    #$ # #
#   # #    # #
# # ###. #   #
# # $   ## # #
# #    . #   #
##############",14,8,2
28,9,17,"##############
# ### #.  .# #
# ## .$ #  # #
#   # #  $ # #
#@# ###  #   #
# # $ $.## # #
# #      #   #
##############",14,8,4
28,10,18,"##############
# ### #.  .# #
# ## .$ #$ # #
#   # #. $ # #
#@# ###  #   #
# # $ $.## # #
# #      #   #
##############",14,8,5
28,17,20,"##############
# ### #.  .# #
# ## .$ #$.# #
#  @# #. $ # #
# # ###  #   #
# # $ $ ## # #
# #      #   #
##############",14,8,5
28,23,24,"##############
# ### #+  .# #
# ## .$ #$ # #
#   # #. $ # #
# # ###  #   #
# # $ $ ## # #
# #     .#   #
##############",14,8,5
28,29,25,"##############
# ### #.  .# #
# ##. $ #$ # #
#   # #.@$ # #
# # ###  #   #
# # $ $ ## # #
# #     .#   #
##############",14,8,5
28,42,26,"##############
# ### #   .# #
# ##. $.#$ # #
#   # #. $ # #
# # ###  #@  #
# # $ $ ## # #
# #     .#   #
##############",14,8,5
28,48,27,"##############
# ### #.  .# #
# ##. $ #$ # #
#   # # *  # #
# #@###  #   #
# # $ $ ## # #
# #     .#   #
##############",14,8,5
29,0,9,"########
#      #
###   ##
### $###
## #   #
#    ###
## # ###
# @    #
#### ###
#   .###
########",8,11,1
29,2,14,"########
#      #
###   ##
###  ###
## #.  #
#  $ ###
## #$###
# @    #
#### ###
#   .###
########",8,11,2
29,7,16,"########
#      #
### . ##
###  ###
## #   #
#  $ ###
##@#$###
#      #
#### ###
#   .###
########",8,11,2
29,8,20,"########
#      #
###   ##
###  ###
## #   #
#  $ ###
##@#*###
#      #
#### ###
#   .###
########",8,11,2
29,12,22,"########
#      #
###   ##
###  ###
## #   #
#  $ ###
##@#*###
#  $ . #
#### ###
#   .###
########",8,11,3
29,16,23,"########
#      #
###   ##
###  ###
## #   #
#  $ ###
## #$###
# @   .#
#### ###
#   .###
########",8,11,2
29,19,24,"########
#      #
###   ##
###  ###
## #   #
#  $ ###
## #$###
# @ $..#
#### ###
#   .###
########",8,11,3
29,20,25,"########
#      #
###   ##
###  ###
## #   #
#  $ ###
## #$###
#@$  . #
####.###
#   .###
########",8,11,3
30,0,20,"##############
## ###     . #
#   #   ###  #
## ##   #### #
#   ##      ##
# # #   #   ##
#   ###### ###
## #   ##  ###
#    #@ #  ###
## #   ##    #
#   ###    $ #
###       #  #
###    ##### #
##############",14,14,1
30,1,24,"##############
## ###     . #
#   #   ###  #
## ##   #### #
#   ##      ##
# # #   #   ##
#   ###### ###
## #   ##  ###
#    #@ #  ###
## #   ##    #
#   ###    $ #
### .   $ #  #
###    ##### #
##############",14,14,2
30,2,32,"##############
## ###     . #
#   #   ###  #
## ##  .#### #
#   ##      ##
# # #   #   ##
#   ###### ###
## #   ##  ###
#@   #  #  ###
## #   ## $  #
#   ###   $  #
###       #  #
###    ##### #
##############",14,14,2
30,3,35,"##############
## ###     . #
# @ # . ###  #
## ##   #### #
#   ##      ##
# # #   #   ##
#   ###### ###
## #   ## $###
#    #  #$ ###
## #   ##    #
#   ###      #
###       #  #
###    ##### #
##############",14,14,2
30,4,36,"##############
## ###     . #
#   #   ###  #
## ##  .#### #
#   ##      ##
# # #   #   ##
#   ###### ###
## #   ##  ###
#@   #  #  ###
## #   ## $  #
#   ###   $  #
###  . $  #  #
###    ##### #
##############",14,14,3
30,6,51,"##############
## ###     . #
#   #  .###  #
## ##  .#### #
#   ##      ##
#@# #   #   ##
#   ###### ###
## #   ##  ###
#    #  #  ###
## #   ##$$  #
#   ###   $  #
###       #  #
###    ##### #
##############",14,14,3
30,9,63,"##############
## ###     . #
#   #  .###  #
## ##  .#### #
#   ##  .   ##
#@# #   #   ##
#   ###### ###
## #   ##  ###
#    #  #  ###
## #   ##$$  #
#   ### $ $  #
###       #  #
###    ##### #
##############",14,14,4
30,12,66,"##############
## ###     . #
#   #  .###  #
## ## ..#### #
#   ##      ##
#@# #   #   ##
#   ###### ###
## #   ##  ###
#    #  #  ###
## #   ##$$  #
#   ### $ $  #
###       #  #
###    ##### #
##############",14,14,4
30,15,76,"##############
## ###     ..#
#   #  .###  #
## ## ..#### #
#   ## $    ##
#@# #   #   ##
#   ###### ###
## #   ##  ###
#    #  #  ###
## #   ##$$  #
#   ### $ $  #
###       #  #
###    ##### #
##############",14,14,5
30,24,80,"##############
## ###   . ..#
#   #  .###  #
## ## . #### #
#   ## $    ##
# # #   #   ##
#   ###### ###
## #   ##  ###
#    #  #  ###
## #@  ##$$  #
#   ### $ $  #
###       #  #
###    ##### #
##############",14,14,5
30,33,81,"##############
## ###   . ..#
#   #  .###  #
## ## . #### #
#   ##  $   ##
# # #   #   ##
#   ###### ###
## #   ##  ###
#    #  #  ###
## #   ##$$  #
#   ### $ $  #
###       #  #
###@   ##### #
##############",14,14,5
30,53,82,"##############
## ###   . ..#
#   #  .###  #
## ##  .#### #
#   ## $    ##
# # #   #   ##
#   ###### ###
## #  @##  ###
#    #  #$ ###
## #   ## $  #
#   ### $ $  #
###       #  #
###    ##### #
##############",14,14,5
31,0,9,"##############
#         ####
#  @ #   # # #
####    ##   #
## ### ### $ #
#   ##  #  # #
## #         #
#    # # # # #
##  ###    # #
###  # # # # #
#       ##   #
# # ## # #.  #
###### #     #
##############",14,14,1
31,1,12,"##############
#         ####
#    #   # # #
####    ##@  #
## ### ###   #
#   ##  #  # #
## # .       #
#    # # # # #
##  ###  $ # #
###  # # #$# #
#       ##.  #
# # ## # #   #
###### #     #
##############",14,14,2
31,2,16,"##############
#         ####
#    #   # # #
####  $ ##@  #
## ### ###   #
#   ##. #  # #
## # .       #
#    # # # # #
##  ###  $ # #
###  # # #$# #
#       ##.  #
# # ## # #   #
###### #     #
##############",14,14,3
31,3,17,"##############
#         ####
#    #   # # #
####    ##@  #
## ###$###   #
#   ##. #  # #
## # .       #
#    # # # # #
##  ###  $ # #
###  # # #$# #
#       ##.  #
# # ## # #   #
###### #     #
##############",14,14,3
31,4,19,"##############
#         ####
#    # $ # # #
####    ##   #
## ###$###   #
#   ##  # $# #
## # ..      #
#    # # # # #
##  ###    # #
###@ # # # # #
#       ##   #
# # ## # #.  #
###### #     #
##############",14,14,3
31,5,21,"##############
#         ####
#    #   # # #
####    ##   #
## ###$### $ #
#   ##  # $# #
## # ..      #
#    # # # # #
##  ###    # #
###@ # # # # #
#       ##   #
# # ## # #.  #
###### #     #
##############",14,14,3
31,8,22,"##############
#         ####
#    #   # # #
####    ##   #
## ###$###$$ #
#   ##  #  # #
## # ..      #
#    # # # # #
##  ###    # #
###  # # # # #
#       ##   #
# # ## # #.  #
###### #  @  #
##############",14,14,3
31,9,25,"##############
#         ####
#    # $ # # #
####    ##   #
## ###$### $ #
#   ##. # $# #
## # ..      #
#    # # # # #
##  ###    # #
###  # # # # #
#       ##   #
# # ## # #.  #
###### #  @  #
##############",14,14,4
31,12,30,"##############
#         ####
#    # $ # # #
####    ##   #
## ###$### $ #
#   ##. # $# #
## # ..    $ #
#    # # # # #
##  ###    # #
###  # # # # #
#       ##.  #
# # ## # #.  #
###### #  @  #
##############",14,14,5
31,15,35,"##############
#         ####
#    # $ # # #
####    ##   #
## ###$### $ #
#   ##  #  # #
## # ..  $ $ #
#    # # # # #
##  ###    # #
###  # # # # #
#       ##.  #
# # ## # #.  #
###### #. @  #
##############",14,14,5
31,17,36,"##############
#         ####
#    # $ # # #
####    ##   #
## ###$### $ #
#   ##. #  # #
## # ..  $$$ #
#    # # # # #
##  ###    # #
###  # # # # #
#       ##.  #
# # ## # #.  #
###### #. @  #
##############",14,14,6
31,20,38,"##############
#         ####
#    # $ # # #
####    ##   #
## ###$### $ #
#   ##. #  # #
## # ..  $$$ #
#    # # # # #
##  ###    # #
###  # # # # #
#@      ##   #
# # ## # #.  #
###### #.   .#
##############",14,14,6
31,24,41,"##############
#         ####
#    # $ # # #
####    ##   #
## ###$### $ #
#   ##  #  # #
## # ..  $$$ #
#    # # # # #
##  ###    # #
###  # # # # #
#       ##.  #
#@# ## # #.  #
###### #.   .#
##############",14,14,6
31,26,43,"##############
#         ####
#    # $ #@# #
####    ##   #
## ###$### $ #
#   ##. #  # #
## # ..$ $$$ #
#    # # # # #
##  ###    # #
###  # # # # #
#       ##.  #
# # ## # #   #
###### #..  .#
##############",14,14,7
31,34,44,"##############
#         ####
#    # $ #@# #
####    ##   #
## ###$### $ #
#   ##. # $# #
## # ..$ $ $ #
#    # # # # #
##  ###    # #
###  # # # # #
#       ##.  #
# # ## # #   #
###### #..  .#
##############",14,14,7
31,38,46,"##############
#         ####
#    # $ # # #
####    ##   #
## ###$### $ #
#   ##. # $# #
## # .$    $ #
# @  # # # # #
##  ###    # #
###  # # # # #
#       ##.  #
# # ## # #   #
###### #..  .#
##############",14,14,6
31,48,47,"##############
# .       ####
#    # $ # # #
####  $ ##   #
## ### ### $ #
#   ##  # $# #
## # .$    $ #
#    # # # # #
##  ###    # #
###  # # # # #
#       ##.  #
# # ## # #   #
######@#..  .#
##############",14,14,6
31,53,48,"##############
#         ####
#    # $ # # #
####.   ##   #
## ###$### $ #
# . ##  # $# #
## # .$    $ #
# $  # # # # #
##  ###    # #
###  # # # # #
#    @  ##.  #
# # ## # #   #
###### #..  .#
##############",14,14,7
31,57,49,"##############
#         ####
#    # $ # # #
####.   ##   #
##.###$### $ #
#   ##  # $# #
## # .$    $ #
# $  # # # # #
##  ###    # #
###  # # # # #
#    @  ##.  #
# # ## # #   #
###### #..  .#
##############",14,14,7
31,67,50,"##############
#         ####
#    # $ # # #
####.   ##   #
## ###$### $ #
# . ##  # $# #
## # .$    $ #
# $  # # # # #
##  ###    # #
###  # # # # #
#    @  ##   #
# # ## # #   #
###### #... .#
##############",14,14,7
32,0,5,"########
#.     #
#   ##@#
#  $## #
# #    #
# # ####
# #    #
########",8,8,1
32,1,8,"########
#   .  #
#  .## #
# $$## #
#@#    #
# # ####
# #    #
########",8,8,2
32,2,9,"########
#      #
#   ## #
#   ## #
# # $. #
# #$####
# #.  @#
########",8,8,2
32,3,11,"########
#      #
# $ ## #
#  .## #
# # $. #
# #$####
# #.  @#
########",8,8,3
32,7,13,"########
#    . #
# $ ## #
#   ## #
# # $. #
# #$####
# #.  @#
########",8,8,3
32,9,14,"########
#     .#
# $ ## #
#   ## #
# #.$  #
# #$####
# #.  @#
########",8,8,3
32,18,15,"########
#    ..#
# $ ## #
#   ## #
# # $  #
# #$####
# #.  @#
########",8,8,3
32,28,16,"########
#     .#
# $ ## #
#   ## #
# # $  #
# #$####
#.#.  @#
########",8,8,3
32,29,17,"########
#     .#
# $ ## #
#   ## #
# #  $ #
# #$####
#.#.  @#
########",8,8,3
32,35,18,"########
#     .#
# $ ## #
# $ ## #
# # $. #
# #$####
#.#.  @#
########",8,8,4
32,43,19,"########
#     .#
# $ ## #
# $ ## #
# # $ .#
# #$####
#.#.@  #
########",8,8,4
33,0,6,"########
####.###
##@  ###
#      #
#   #  #
# #$# ##
#   ####
########",8,8,1
33,2,8,"########
#### ###
## ..###
# $ $  #
#   #  #
# # #@##
#   ####
########",8,8,2
33,3,10,"########
#### ###
##  .###
# $ $ .#
#   #  #
# # #@##
#   ####
########",8,8,2
33,4,11,"########
#### ###
##  .###
# $  $.#
#   #  #
# # #@##
#   ####
########",8,8,2
33,6,13,"########
#### ###
## ..###
# $ $ .#
#   #  #
# #$#@##
#   ####
########",8,8,3
33,8,15,"########
#### ###
##  .###
# $  *.#
#   #  #
# #$#@##
#   ####
########",8,8,3
33,18,16,"########
####.###
##  .###
# $  $.#
#   # @#
# #$# ##
#   ####
########",8,8,3
34,0,11,"###########
#   #######
##   # #  #
####      #
#   ### ###
#    $   ##
#   @     #
#### ##  ##
#     #  ##
#      . ##
# #    #  #
# # ##### #
# #    #  #
###########",11,14,1
34,1,16,"###########
#   #######
##   # #  #
####      #
#   ### ###
#        ##
#      $  #
#### ##$@##
#.    #  ##
# .      ##
# #    #  #
# # ##### #
# #    #  #
###########",11,14,2
34,2,18,"###########
#   #######
##   # #  #
####      #
#   ### ###
#       .##
#         #
####$##  ##
#     # .##
#     $  ##
# #    #  #
# # ##### #
# #   @#  #
###########",11,14,2
34,3,22,"###########
#   #######
##   # #  #
####      #
#   ### ###
#       .##
#         #
#### ##  ##
#     # .##
#     $  ##
# #$   #  #
# # ##### #
# #   @#  #
###########",11,14,2
34,4,29,"###########
#   #######
##   # #  #
####      #
#   ###@###
#     $  ##
# $  $    #
####$##  ##
# .   #  ##
# .   .  ##
# #  . #  #
# # ##### #
# #    #  #
###########",11,14,4
34,5,30,"###########
#   #######
##   # #  #
####      #
#   ### ###
#       .##
#       . #
####$##  ##
#     # .##
#   $ $  ##
# #@$. #  #
# # ##### #
# #    #  #
###########",11,14,4
34,6,34,"###########
#   #######
##   # #  #
####      #
#   ###@###
# $   $  ##
#  $      #
####$##  ##
# $   #  ##
# .  ..  ##
# #  . #  #
# #.##### #
# #    #  #
###########",11,14,5
34,7,35,"###########
#   #######
##   # #  #
####      #
#   ###@###
# $   $  ##
# $  $    #
####$##  ##
# ..  #  ##
# .   .  ##
# #  . #  #
# # ##### #
# #    #  #
###########",11,14,5
34,8,46,"###########
#   #######
##   # #  #
####      #
#   ###@###
# $ $ $  ##
#  $      #
####$##  ##
# $   #  ##
# .  ..  ##
# #. . #  #
# #.##### #
# #    #  #
###########",11,14,6
34,10,47,"###########
#   #######
##   # #  #
####      #
#   ###@###
# $ $ $  ##
#  $  $   #
#### ##  ##
# $   #  ##
# .  ..  ##
# #. . #  #
# #.##### #
# #    #  #
###########",11,14,6
34,22,49,"###########
#   #######
##  @# #  #
####      #
#   ### ###
# $ $ $  ##
#  $  $   #
#### ##  ##
# $   #  ##
# .  ..  ##
# #.   #  #
# #.##### #
# #.   #  #
###########",11,14,6
34,25,54,"###########
#   #######
##  @# #  #
####      #
#   ###$###
# $ $ $  ##
#  $  $   #
#### ##  ##
# $.. #  ##
# .  .   ##
# #.   #  #
# #.##### #
# #.   #  #
###########",11,14,7
34,27,57,"###########
#   #######
##  @# #  #
####      #
#   ###$###
# $ $ $  ##
#  $  $   #
#### ##  ##
#  .. #$ ##
# .  .   ##
# #.   #  #
# #.##### #
# #.   #  #
###########",11,14,7
34,31,59,"###########
#   #######
##   # #  #
####   @  #
#   ### ###
# $ $ $  ##
#  $  $   #
#### ##  ##
#  .$ #$ ##
# .  .   ##
#.#    #  #
# #.##### #
#.#.   #  #
###########",11,14,7
34,36,61,"###########
#   #######
##   # #  #
####      #
#   ### ###
# $ $ $  ##
#  $  $$  #
#### ## @##
#  .$ #  ##
# .      ##
# #..  #  #
# #.##### #
#.#.   #  #
###########",11,14,7
34,38,62,"###########
#   #######
##   # #  #
####   @  #
#   ### ###
# $ $ $  ##
#  $  $$  #
#### ##  ##
#  .  #  ##
#        ##
# #.   #  #
#.#.##### #
#.#.   #  #
###########",11,14,6
34,41,63,"###########
#@  #######
##   # #  #
####      #
#   ### ###
# $ $ $  ##
#  $  $$  #
#### ##  ##
#  .  #  ##
#.       ##
# #    #  #
#.#.##### #
#.#.   #  #
###########",11,14,6
34,48,64,"###########
#   #######
##   # #  #
####      #
#   ### ###
# $ $ $  ##
#  $ $ $  #
#### ##  ##
#  .  #  ##
#.       ##
# #    # @#
#.#.##### #
#.#.   #  #
###########",11,14,6
34,56,65,"###########
#   #######
##   # #  #
####      #
#   ### ###
# $ $ $  ##
#  $ $ $  #
#### ##  ##
#  .  #@ ##
#..      ##
# # $  #  #
#.#.##### #
#.#.   #  #
###########",11,14,7
34,60,66,"###########
#   #######
##   # #  #
####      #
#   ### ###
# $ $ $  ##
#  $ $ $  #
#### ##  ##
#  .  #@ ##
#..      ##
#.# $  #  #
#.# ##### #
#.#.   #  #
###########",11,14,7
34,65,68,"###########
#   #######
##   # #  #
####      #
#   ### ###
# $ $ $  ##
#  $ $ $  #
#### ##  ##
#  .$ #@ ##
#..      ##
#.#    #  #
#.# ##### #
#.#.   #  #
###########",11,14,7
35,0,15,"##############
#    ## ##   #
# #  #   ### #
#    ##   ## #
#            #
# #   @##  # #
####   ##    #
#    ##   #$##
# ##.##      #
# ##      # ##
##############",14,11,1
35,1,16,"##############
#    ## ##   #
# #  #   ### #
#    ##.$ ## #
#            #
# #   @##  # #
####   ##    #
#    ##   #$##
# ##.##      #
# ##      # ##
##############",14,11,2
35,2,27,"##############
#    ## ##   #
# #  #   ### #
#    ##   ## #
#            #
# #   @##  # #
#### . ##  $ #
#    ##   #$##
# ##.##      #
# ##      # ##
##############",14,11,2
35,3,28,"##############
#    ## ##   #
# #  #   ### #
#    ##$  ## #
# . .       @#
# #    ## $# #
####   ##    #
#    ##   #$##
# ##.##      #
# ##      # ##
##############",14,11,3
35,5,30,"##############
#    ## ##   #
# #  #   ### #
#    ##$  ## #
# . .       @#
# #    ##.$# #
####   ##    #
#    ##  $#$##
# ##.##      #
# ##      # ##
##############",14,11,4
35,6,40,"##############
#    ## ##   #
# #. #   ### #
#    ##$  ## #
# . .      $@#
# #    ##.$# #
####   ##    #
#    ##  $#$##
# ##.##      #
# ##      # ##
##############",14,11,5
35,8,52,"##############
#    ## ##   #
# #$ #   ### #
#   .##$  ## #
# . .  $    @#
# #   .##.$# #
#### . ##  $ #
#    ##  $#$##
# ##.##      #
# ##      # ##
##############",14,11,7
35,10,56,"##############
#    ## ##   #
# #.$#   ### #
#    ##$  ## #
# . .      $@#
# #    ##.$# #
####.  ##    #
#   .## $$#$##
# ##.##      #
# ##      # ##
##############",14,11,7
35,12,60,"##############
#    ## ##   #
# #. #   ### #
#    ##$  ## #
# . .      $ #
# #    ## $# #
####.  ##    #
#   .## $$#$##
# ##.## @    #
# ##      # ##
##############",14,11,6
35,13,62,"##############
#    ## ##   #
# #. #   ### #
# .  ##$  ## #
# . .      $ #
# #    ## $# #
####.$ ##    #
#   .## $$#$##
# ##.## @    #
# ##      # ##
##############",14,11,7
35,16,64,"##############
#    ## ##   #
# #. #   ### #
#    ##$  ## #
# . .$     $ #
# #  . ## $# #
#### . ##    #
#   .## $$#$##
# ##.## @    #
# ##      # ##
##############",14,11,7
35,17,65,"##############
# .  ## ##   #
# #. #   ### #
# .  ##$  ## #
#   .      $ #
# #    ## $# #
####.$ ##  @ #
#   .## $$#$##
# ##.##      #
# ##      # ##
##############",14,11,7
35,20,72,"##############
# .  ## ##   #
# #. #   ### #
# .  ##$  ## #
#   .      $ #
# #    ##$$# #
####.  ##  @ #
#   .## $$#$##
# ##.##      #
# ##      # ##
##############",14,11,7
35,21,75,"##############
# .  ## ##   #
# #. #   ### #
# .  ##$  ## #
#    .     $ #
# #    ## $# #
####.  ##    #
#@  .## $$#$##
# ##.## $    #
# ##      # ##
##############",14,11,7
35,24,76,"##############
# .. ## ##   #
# #  #   ### #
# .  ##$  ## #
#  @ .     $ #
# #    ## $# #
####.  ##    #
#   .## $$#$##
# ##.## $    #
# ##      # ##
##############",14,11,7
35,31,79,"##############
# .. ## ##   #
# #  #   ### #
# .  ##$  ## #
#          $ #
# #.   ## $# #
####.  ##    #
#   .## $$#$##
# ##.## $    #
# ## @    # ##
##############",14,11,7
35,37,80,"##############
#... ## ##   #
# #  #   ### #
#    ##   ## #
#    . $   $ #
#.#   @## $# #
####.  ##    #
#   .## $$#$##
# ## ## $    #
# ##      # ##
##############",14,11,7
35,41,83,"##############
#... ## ##   #
#.#  #   ### #
#    ##   ## #
#    . $   $ #
#.#    ## $# #
####   ##    #
#   .## $$#$##
# ##@## $    #
# ##      # ##
##############",14,11,7
35,42,85,"##############
#... ## ##   #
# #  #   ### #
#    ##   ## #
#      $   $ #
#.#   @## $# #
####.  ##    #
#   .## $$#$##
# ##.## $    #
# ##      # ##
##############",14,11,7
35,46,86,"##############
#..  ## ##   #
#.#  #   ### #
#    ##   ## #
#      $   $ #
#.#    ## $# #
####.  ##    #
#   .## $$#$##
# ##.## $    #
# ##      #@##
##############",14,11,7
35,47,87,"##############
#... ## ##   #
#.#  #   ### #
#    ##   ## #
#      $   $ #
#.#    ## $# #
####.  ##    #
#   @## $$#$##
# ##.## $    #
# ##      # ##
##############",14,11,7
35,63,88,"##############
#... ## ##   #
#.#  #   ### #
#    ##   ## #
#@     $   $ #
# #    ## $# #
####  .##    #
#   .## $$#$##
# ##.## $    #
# ##      # ##
##############",14,11,7
36,0,11,"##############
##   @      .#
## $##     ###
##  ## ### ###
###     ##  ##
##      #  ###
#   ### ##  ##
##############",14,8,1
36,2,14,"##############
##           #
## .##   $ ###
##  ##$### ###
### .   ##  ##
##      #@ ###
#   ### ##  ##
##############",14,8,2
36,3,21,"##############
##           #
## .## $ $ ###
## .##$### ###
### .   ##  ##
##      #@ ###
#   ### ##  ##
##############",14,8,3
36,7,24,"##############
##          .#
##@.## $ $ ###
## .##$### ###
###     ##  ##
##      #  ###
#   ### ##  ##
##############",14,8,3
36,8,25,"##############
##          .#
##@.## $ $ ###
## .##$### ###
###.$   ##  ##
##      #  ###
#   ### ##  ##
##############",14,8,4
36,9,26,"##############
##         ..#
##@ ## $ $ ###
## .##$### ###
###.$   ##  ##
##      #  ###
#   ### ##  ##
##############",14,8,4
36,10,28,"##############
##          .#
##@.## $ $ ###
## .##$### ###
###.$ $ ##  ##
##    . #  ###
#   ### ##  ##
##############",14,8,5
36,12,29,"##############
##         ..#
##  ## $ $ ###
## .##$### ###
###. .$ ##  ##
## $    #  ###
#@  ### ##  ##
##############",14,8,5
36,13,35,"##############
##         ..#
##  ## $ $ ###
## .##$### ###
###.$ $ ##  ##
## $ .  # .###
#@  ### ##  ##
##############",14,8,6
36,14,43,"##############
##         ..#
## .## $ $ ###
## .##$###$###
###.$ $ ##  ##
## $ .  # .###
#@  ### ##  ##
##############",14,8,7
36,18,44,"##############
##         ..#
## .## $ $ ###
## .##$###$###
###.$ $ ##  ##
##.$    # .###
#@  ### ##  ##
##############",14,8,7
36,22,45,"##############
##      .  ..#
## .## $ $$###
## .##$### ###
###.$ $ ##  ##
##@$    # .###
#   ### ##  ##
##############",14,8,7
36,23,48,"##############
##      .   .#
## .## $ $$###
## .##*### ###
###.$ $ ##  ##
##@$    # .###
#   ### ##  ##
##############",14,8,7
36,24,50,"##############
##      .   .#
## .## $ $$###
## .##$### ###
###.$ $ ##  ##
##@$  . # .###
#   ### ##  ##
##############",14,8,7
36,29,51,"##############
##     .    .#
## .## $ $$###
## .##$### ###
###.$ $ ##  ##
##@$  . # .###
#   ### ##  ##
##############",14,8,7
36,31,52,"##############
##     .    .#
## .##$$ $$###
## .## ### ###
###.$ $ ##  ##
##@$  . # .###
#   ### ##  ##
##############",14,8,7
36,52,53,"##############
##     .    .#
## .##$$ $$###
## .## ### ###
###.$ $ ##  ##
## $  . #  ###
#@  ### ##. ##
##############",14,8,7
37,0,13,"###########
#    ##   #
#  $ ####.#
####   ## #
###       #
## @ ## # #
#    ##   #
###########",11,8,1
37,2,17,"###########
#    ##   #
#  $ ####.#
####   ## #
###  @ .  #
##  $## # #
#    ##   #
###########",11,8,2
37,3,19,"###########
#    ##   #
#  $ ####.#
####   ## #
###  @  . #
## $ ## # #
#    ##   #
###########",11,8,2
37,5,22,"###########
#    ##   #
#  $ ####.#
####   ## #
###   $ . #
##  .##$# #
#    ##@  #
###########",11,8,3
37,6,23,"###########
#    ##   #
#  $ ####.#
####   ## #
###    $. #
##  .##$# #
#    ##@  #
###########",11,8,3
37,7,24,"###########
#    ##   #
# $  ####.#
####   ## #
###    $. #
##  .##$# #
#    ##@  #
###########",11,8,3
37,8,25,"###########
#    ##   #
#  $ ####.#
####   ## #
### $ . . #
##   ##$# #
# @  ##   #
###########",11,8,3
37,15,26,"###########
#    ##   #
# $  ####.#
####   ## #
###@$ . . #
##   ##$# #
#    ##   #
###########",11,8,3
37,16,28,"###########
#    ##   #
#  $ ####.#
####   ## #
### $   ..#
##@  ##$# #
#    ##   #
###########",11,8,3
37,23,29,"###########
#    ##  .#
#  $ #### #
####   ## #
### $   ..#
##@  ##$# #
#    ##   #
###########",11,8,3
37,28,30,"###########
#    ##   #
#  $ ####.#
####   ##.#
### $    .#
##   ##$# #
#  @ ##   #
###########",11,8,3
37,44,31,"###########
#    ##   #
# $  ####.#
####   ##.#
###@$    .#
##   ##$# #
#    ##   #
###########",11,8,3
37,58,33,"###########
#    ##  .#
# $  ####.#
####   ## #
### $    .#
##   ##$# #
#@   ##   #
###########",11,8,3
38,0,6,"##############
###.##       #
### #  ## ## #
#@     ## ## #
#   ####  # ##
# # $  #     #
#      #  # ##
##############",14,8,1
38,1,8,"##############
### ##       #
### #  ## ## #
#  @ . ## ## #
#   ####  # ##
# #  $ #   $.#
#      #  # ##
##############",14,8,2
38,2,9,"##############
###@##       #
###$#  ##.## #
#      ##$## #
#   ####  # ##
# #.   #     #
#      #  # ##
##############",14,8,2
38,3,11,"##############
###.##       #
### #  ## ## #
#@  .  ##$## #
#  $####  # ##
# # $  #  .  #
#      #  # ##
##############",14,8,3
38,4,12,"##############
### ##       #
### #  ## ## #
#  @ . ##$## #
#   ####  # ##
# #  $ #    .#
#      #  # ##
##############",14,8,2
38,5,13,"##############
###.##       #
### #  ## ## #
# $ ..@## ## #
# $ ####  # ##
# #  $ #     #
#      #  # ##
##############",14,8,3
38,7,18,"##############
###.##       #
### #  ##$## #
# $ .. ## ## #
# $ ####  # ##
# #  $ #   . #
#  @   #  # ##
##############",14,8,4
38,10,19,"##############
###.##       #
### #  ##$## #
#   .. ## ## #
# $ ####  # ##
# #$ $ #   . #
#  @   #  # ##
##############",14,8,4
38,11,20,"##############
###.##     @ #
### #  ##$## #
#   *. ## ## #
# $ ####  # ##
# #  $ #   . #
#      #  # ##
##############",14,8,4
38,16,21,"##############
###.##       #
###.#  ##$## #
# $ .. ## ## #
# $ ####  # ##
# #$ $ #   . #
#  @   #  # ##
##############",14,8,5
38,24,23,"##############
###.##       #
###.#  ##$## #
# $  ..## ## #
# $ ####  # ##
# #$ $ #   . #
#  @   #  # ##
##############",14,8,5
38,40,24,"##############
###.##       #
### #  ##$## #
# $  ..## ## #
# $ ####  # ##
#@#$ $ #   . #
#     .#  # ##
##############",14,8,5
39,0,7,"##############
#########    #
#  #   #   ###
# ##   #   ###
#    #       #
#  #### ##   #
# ## #  ######
#### $     . #
# #  #  #@ ###
#          ###
##############",14,11,1
39,1,10,"##############
#########    #
#  #   #   ###
# ##   #   ###
#    #.   $  #
#  #### ##   #
# ## # .######
####   @     #
# #  #$ #  ###
#          ###
##############",14,11,2
39,2,15,"##############
#########    #
#  #   #   ###
# ##   #   ###
#    #.   $  #
#  #### ##   #
# ## # .######
#### $ @  .  #
# #  #$ #  ###
#          ###
##############",14,11,3
39,5,19,"##############
#########    #
#  #   #   ###
# ##   #   ###
#    #.   $  #
#  #### ##   #
# ## #  ######
#### $ @     #
# #  #$ #  ###
#. .       ###
##############",14,11,3
39,6,20,"##############
#########    #
#  #   #   ###
# ##   #   ###
#    #.   $  #
#  #### ##   #
# ## #  ######
#### $ @    .#
# #  #$ #  ###
#.         ###
##############",14,11,3
39,7,21,"##############
#########    #
#  #   #   ###
# ##   #   ###
#    #.   $  #
#  #### ##   #
# ## #  ######
#### $ @    .#
# #  # $#  ###
#.         ###
##############",14,11,3
39,10,22,"##############
#########    #
#  #   #   ###
# ##   #  $###
#    #.      #
#  #### ##   #
# ## #  ######
#### $ @    .#
# #  # $#  ###
#.         ###
##############",14,11,3
39,11,24,"##############
#########    #
#  #   #   ###
# ##   #   ###
#    #.   $  #
#  #### ##   #
# ## #  ######
#### $$@ .  .#
# #  # $#  ###
#.         ###
##############",14,11,4
39,13,25,"##############
#########    #
#  #   #  $###
# ##   #   ###
#    #..     #
#@ #### ##   #
# ## #  ######
#### $      .#
# #  # $#$ ###
#.         ###
##############",14,11,4
39,14,27,"##############
#########    #
#  #   #  $###
# ##   #   ###
#    #..     #
#@ ####.##   #
# ## #  ######
#### $      .#
# #  #$$#$ ###
#.         ###
##############",14,11,5
39,15,29,"##############
#########    #
#  #   #  $###
# ##   #   ###
#    #.. . $ #
#@ ####.##   #
# ## #  ######
#### $      .#
# #  #$$#$ ###
#.         ###
##############",14,11,6
39,16,33,"##############
#########    #
#  #   #  $###
# ##   #   ###
#    #.. . $ #
#@ ####.##   #
# ## # $######
#### $.     .#
# #  #$$#$ ###
#.         ###
##############",14,11,7
39,21,35,"##############
#########    #
#  #   #  $###
# ##   #   ###
#    #.. . $ #
#@ ####.##   #
# ## # $######
#### $      .#
# #  #$$#$ ###
#.    .    ###
##############",14,11,7
39,35,36,"##############
#########    #
#  #   # .$###
# ##   # $ ###
#    #.. . $ #
#  ####.## @ #
# ## # $######
####  $      #
# #  # $#$ ###
#..        ###
##############",14,11,7
39,39,38,"##############
#########    #
#  #   # .$###
# ##   # $ ###
#    #..$.   #
# @####.##   #
# ## # $######
####         #
# #  #$$#$ ###
#..        ###
##############",14,11,7
39,41,39,"##############
#########    #
#  #   # .$###
# ##   # $ ###
#    #.* .   #
# @####.##   #
# ## # $######
####         #
# #  #$$#$ ###
#..        ###
##############",14,11,7
39,45,40,"##############
#########    #
#  #   #. $###
# ##   # $ ###
#    #+* .   #
#  ####.##   #
# ## # $######
####         #
# #  #$$#$ ###
#..        ###
##############",14,11,7
39,65,41,"##############
#########    #
#  #   #. $###
# ##   # $ ###
#    #+* .   #
#  ####*##   #
# ## #  ######
####         #
# #  #$$#$ ###
#..        ###
##############",14,11,7
40,0,10,"########
# ##  ##
# ## .##
#  $  ##
#   #  #
# # # @#
#   #  #
########",8,8,1
40,1,12,"########
# ##  ##
# ## .##
#  $  ##
# $ #  #
# #.# @#
#   #  #
########",8,8,2
40,4,13,"########
# ##  ##
# ## +##
#   $ ##
# $ #  #
# #.#  #
#   #  #
########",8,8,2
40,6,15,"########
# ##  ##
#.##$.##
#  $  ##
#   #@ #
# # #  #
#   #  #
########",8,8,2
40,7,18,"########
# ##  ##
#.##$.##
#  $. ##
#   #@ #
# #$#  #
#   #  #
########",8,8,3
40,9,19,"########
# ##  ##
#.##$.##
#  $. ##
#  $#@ #
# # #  #
#   #  #
########",8,8,3
40,14,20,"########
#.##  ##
#.##$.##
#   $ ##
#   #@ #
# #$#  #
#   #  #
########",8,8,3
40,23,21,"########
#.##  ##
# ##$.##
#   * ##
#  $#@ #
# # #  #
#   #  #
########",8,8,3
40,30,25,"########
#.## .##
# ##$ ##
#   $ ##
#   # @#
# #$#  #
#   #. #
########",8,8,3
40,37,26,"########
#.## .##
# ##$ ##
#   $@##
#  $#  #
# # #  #
#   #. #
########",8,8,3
40,49,28,"########
#.## +##
# ##$.##
#   $ ##
#  $#  #
# # #  #
#   #  #
########",8,8,3
41,0,5,"###########
###   ##  #
##    ### #
#  $ ###  #
# #   . @##
# # ## # ##
# # ## ####
###########",11,8,1
41,1,7,"###########
###   ##@ #
##  $.### #
#    ###  #
# #    $ ##
# #.## # ##
# # ## ####
###########",11,8,2
41,3,10,"###########
###.  ##  #
##  $ ### #
#@ $ ###  #
# # $ .. ##
# # ## # ##
# # ## ####
###########",11,8,3
41,4,12,"###########
###  .##  #
##  $ ### #
#@ $ ###  #
# # $ .. ##
# # ## # ##
# # ## ####
###########",11,8,3
41,5,13,"###########
###  .##  #
##  $ ### #
#@ $$###  #
# # $ .. ##
# #.## # ##
# # ## ####
###########",11,8,4
41,17,14,"###########
###  .##  #
## $  ### #
# @$$###  #
# # $ .. ##
# #.## # ##
# # ## ####
###########",11,8,4
41,19,16,"###########
###  .##  #
##@$  ### #
#  $$###  #
# # $  ..##
# #.## # ##
# # ## ####
###########",11,8,4
41,26,17,"###########
###   ##  #
##@$  ### #
#  $$###  #
# #  $...##
# #.## # ##
# # ## ####
###########",11,8,4
41,37,18,"###########
###   ##  #
##@$  ### #
#  $$###  #
# # $ ...##
# #.## # ##
# # ## ####
###########",11,8,4
41,47,19,"###########
###   ##  #
## $  ### #
# $ $###  #
# # $ ...##
#@#.## # ##
# # ## ####
###########",11,8,4
41,56,20,"###########
###   ##  #
## $  ### #
# $ $###  #
#@# $ ...##
# # ## # ##
# #.## ####
###########",11,8,4
42,0,13,"##############
####    #    #
## # #  #  # #
#  #### #    #
#            #
#### #$### # #
## #         #
#    #   ### #
# # ###  ##@ #
#    #   #   #
#  #     ### #
# ##  #  ## .#
#  # ##  #   #
##############",14,14,1
42,1,20,"##############
####    #    #
## # #  #. # #
#  #### #    #
#     $      #
#### #$### # #
## #         #
#    #   ### #
# # ###  ##@ #
#    #   #   #
#  #     ### #
# ##  #  ## .#
#  # ##  #   #
##############",14,14,2
42,2,23,"##############
####  @ #  . #
## # #  #  # #
#  #### #    #
#            #
#### # ### # #
## #        .#
#    #   ### #
# # ###$ ##  #
#    #   #   #
#  #     ### #
# ##  # $##  #
#  # ##  #   #
##############",14,14,2
42,3,31,"##############
####  @ #  . #
## # #  #. # #
#  #### #    #
#    $       #
#### # ### # #
## #        .#
#    #   ### #
# # ###$ ##  #
#    #   #   #
#  #     ### #
# ##  # $##  #
#  # ##  #   #
##############",14,14,3
42,4,38,"##############
####  @ #  . #
## # #  #. # #
#  #### #    #
#    $       #
#### #.### # #
## #        .#
#    #   ### #
# # ###$ ##  #
#    # $ #   #
#  #     ### #
# ##  # $##  #
#  # ##  #   #
##############",14,14,4
42,5,39,"##############
####  @ #  . #
## # #  #. # #
#  #### #    #
#    $       #
#### #.### # #
## #         #
#   .#   ### #
# # ###$ ##  #
#    # $ #   #
#  #     ### #
# ##  # $##  #
#  # ##  #   #
##############",14,14,4
42,6,42,"##############
####  @ #  . #
## # #  #. # #
#  #### #    #
#    $       #
#### #.### # #
## #     $   #
#   .#   ### #
# # ###$ ##  #
#    # $ #   #
#  #  .  ### #
# ##  # $##  #
#  # ##  #   #
##############",14,14,5
42,7,46,"##############
####    #  . #
## # #  #. # #
#  #### # . @#
#    $  $ .  #
#### # ### # #
## #      $ .#
#    # $ ### #
# # ###$ ##  #
#    # . #   #
#  #     ### #
# ##  # $##  #
#  # ##  #   #
##############",14,14,6
42,8,60,"##############
####  @ #  . #
## # #  #. # #
#  #### #.   #
#    $    .  #
#### #.### # #
## #      $ .#
#    #   ### #
# # ###$ ##  #
#    # $ #   #
#  #  $  ### #
# ##  # $##  #
#  # ##  #   #
##############",14,14,6
42,10,69,"##############
####    #  . #
## # #  #..# #
#  #### #.   #
#    $ $  .  #
#### #.###@# #
## #      $ .#
#    #   ### #
# # ###$ ##  #
#    # $ #   #
#  #  $  ### #
# ##  # $##  #
#  # ##  #   #
##############",14,14,7
42,12,71,"##############
####    #. . #
## # #  #. # #
#  #### #.   #
#    $    .  #
#### # ###@# #
## #      $ .#
#    #   ### #
# # ###$ ##  #
#    # $$#   #
#  #  $  ### #
# ##  #  ##  #
#  # ##  #   #
##############",14,14,6
42,15,76,"##############
####    #. . #
## # #  #. # #
#  #### #.   #
#    $    .  #
#### # ###@# #
## #  $   $..#
#    #   ### #
# # ###$ ##  #
#    # $$#   #
#  #  $  ### #
# ##  #  ##  #
#  # ##  #   #
##############",14,14,7
42,20,79,"##############
####    #. . #
## # #  #. # #
#  #### #.   #
#    $  $ .. #
####.# ### # #
## #      $ @#
#    #   ### #
# # ###$ ##  #
#    # $$#   #
#  #  $  ### #
# ##  #  ##  #
#  # ##  #   #
##############",14,14,7
42,25,80,"##############
####    #. . #
## # #  #. # #
#  #### #.   #
#       $ .. #
####.# ### # #
## #  $   $ @#
#    #   ### #
# # ###$ ##  #
#    # $$#   #
#  #  $  ### #
# ##  #  ##  #
#  # ##  #   #
##############",14,14,7
42,26,83,"##############
####    #. . #
## # #  #. # #
#  #### #.   #
#    $    .. #
####.# ### # #
## #  $   $ @#
#    #   ### #
# # ###$ ##  #
#    # $$#   #
#  #  $  ### #
# ##  #  ##  #
#  # ##  #   #
##############",14,14,7
42,35,86,"##############
####    #... #
## # #  #. # #
#  #### #.   #
#    $     . #
####.# ### # #
## #  $   $  #
#    #   ### #
#@# ###$ ##  #
#    # $$#   #
#  #  $  ### #
# ##  #  ##  #
#  # ##  #   #
##############",14,14,7
42,40,87,"##############
####    #... #
## # #  #. # #
#  #### #.   #
#    $     . #
####.# ### # #
## #  $   $  #
#    #   ### #
# # ###$$##  #
#    # $ #   #
#  #  $  ### #
# ##@ #  ##  #
#  # ##  #   #
##############",14,14,7
42,43,89,"##############
####    #... #
## # #  #. # #
#  #### #.   #
#    $    .. #
#### # ### # #
##@#  $   $  #
#    #   ### #
# # ###$ ##  #
#    # $$#   #
#  #  $  ### #
# ##  #  ##  #
#  # ##  #   #
##############",14,14,7
42,46,90,"##############
####    #... #
## # #  #. # #
#  #### #.   #
#    $    .. #
#### # ### # #
## # $    $  #
# @  #   ### #
# # ###$ ##  #
#    # $$#   #
#  #  $  ### #
# ##  #  ##  #
#  # ##  #   #
##############",14,14,7
42,59,92,"##############
####    #... #
## # #  #. # #
#  #### #.   #
#          . #
#### #$###.# #
## #  $   $  #
#   @#   ### #
# # ###$ ##  #
#    # $$#   #
#  #  $  ### #
# ##  #  ##  #
#  # ##  #   #
##############",14,14,7
43,0,13,"###########
#######   #
# #     . #
#  $   ####
###  #  @##
###  #  ###
#    #   ##
#    # # ##
# #  #    #
#### # # ##
###########",11,11,1
43,1,14,"###########
#######   #
# #       #
#      ####
###@ #   ##
###  # $###
#    #  .##
#   $# # ##
# #  #.   #
#### # # ##
###########",11,11,2
43,3,21,"###########
#######   #
# #       #
#    . ####
###$ #   ##
###  # $###
# @  #  .##
#   $# # ##
# #  #.   #
#### # # ##
###########",11,11,3
43,4,26,"###########
#######   #
# #     . #
#  $  .####
### .#  @##
###  # $###
#  $.#   ##
#   $# # ##
# #  #    #
#### # # ##
###########",11,11,4
43,7,27,"###########
#######   #
# #       #
#  $  .####
### .#  @##
###  # $###
#  $.#   ##
# . $# # ##
# #  #    #
#### # # ##
###########",11,11,4
43,8,34,"###########
#######   #
# #     . #
#  $$@.####
### .#   ##
###  #$$###
#  $.#   ##
# . $#.# ##
# #  #    #
#### # # ##
###########",11,11,6
43,9,38,"###########
#######   #
# #     ..#
#  $$@ ####
### .#   ##
###  #$$###
#  $.#   ##
# . $#.# ##
# #  #    #
#### # # ##
###########",11,11,6
43,16,40,"###########
#######   #
# #     . #
#  $ $ ####
###  #.  ##
###  #$$###
#  $.#   ##
#. @*#.# ##
# #  #    #
#### # # ##
###########",11,11,6
43,22,41,"###########
#######   #
# #     . #
#  $ $ ####
###  #.  ##
###  #$$###
#  $*#   ##
#. @.#.# ##
# #  #    #
#### # # ##
###########",11,11,6
43,24,44,"###########
#######   #
# # .     #
#  $ $ ####
###  #.  ##
###  #$$###
#  $.#   ##
#+  *#.# ##
# #  #    #
#### # # ##
###########",11,11,6
43,31,45,"###########
#######   #
# #     . #
#  $ $ ####
###  #   ##
###  #*$###
#  $*#   ##
#@. .#.# ##
# #  #    #
#### # # ##
###########",11,11,6
43,38,46,"###########
#######   #
# # ..    #
#  $ $ ####
###  #.  ##
###  #$$###
#  $ #   ##
#. .*# # ##
# # @#    #
#### # # ##
###########",11,11,6
43,43,50,"###########
#######   #
# # ..    #
#  $ $ ####
###  #.  ##
###  #$$###
#  $ # @ ##
#. .*# # ##
# #  #    #
#### # # ##
###########",11,11,6
43,48,53,"###########
#######   #
# # ..    #
#  $ $ ####
### $#.  ##
###  #$$###
#  $ # @ ##
#. ..# # ##
# #  #    #
#### # # ##
###########",11,11,6
43,62,57,"###########
#######   #
# # ..    #
#  $ $ ####
### $#.  ##
###  #$$###
#  $ # @ ##
#. . # # ##
#.#  #    #
#### # # ##
###########",11,11,6
44,0,14,"###########
#         #
##  ### # #
###       #
###  ###  #
## #  ##  #
#  #   # .#
#     # ###
##  $## ###
###   #@  #
### #     #
### #   # #
#   #  ####
###########",11,14,1
44,1,17,"###########
#         #
##  ### # #
###       #
###  ###  #
## #  ##  #
#  #   # .#
#     # ###
##  $## ###
###   #@  #
### #  $. #
### #   # #
#   #  ####
###########",11,14,2
44,2,18,"###########
#         #
##  ### # #
###       #
###  ###  #
## #  ##  #
# .#$  # .#
#     # ###
##  $## ###
###   #@  #
### #     #
### #   # #
#   #  ####
###########",11,14,2
44,3,21,"###########
#         #
##  ### # #
###       #
### .###  #
## #  ##  #
#  #   # .#
#  $  # ###
##  $## ###
###   #@  #
### #  $. #
### #   # #
#   #  ####
###########",11,14,3
44,5,24,"###########
#   .     #
##  ### # #
###       #
###  ###  #
## #  ##  #
#  #   # .#
#     # ###
## $$## ###
###   #@  #
### #     #
### #   # #
#   #  ####
###########",11,14,2
44,6,29,"###########
#   .     #
##  ### # #
###       #
###  ###  #
## #  ##  #
#  #   # .#
#     # ###
## $$##.###
###   #@  #
### #   $ #
### #   # #
#   #  ####
###########",11,14,3
44,9,34,"###########
#   .     #
##  ### # #
###.      #
### $###  #
## #  ##  #
#  #   # .#
#     # ###
## $$## ###
###   #   #
### #     #
### #  @# #
#   #  ####
###########",11,14,3
44,14,36,"###########
#   .     #
##  ### # #
###.   $  #
###  ###  #
## #  ##  #
#  #   # .#
#     # ###
## $$##.###
###  .#   #
### #@ $$ #
### #   # #
#   #  ####
###########",11,14,5
44,17,37,"###########
#   .     #
##  ### # #
###.      #
###  ###$ #
## #  ##  #
#  #   # .#
#     # ###
## $$## ###
### $.#   #
### #@  $ #
###.#   # #
#   #  ####
###########",11,14,5
44,20,39,"###########
#   .     #
##  ### # #
###.  $   #
###  ###$ #
## #  ##. #
#  #   # .#
#     # ###
## $$## ###
### $.#   #
### #@  $ #
###.#   # #
#   #  ####
###########",11,14,6
44,21,41,"###########
#   .     #
## .###$# #
###.  $   #
###  ###$ #
## #  ##. #
#  #   # .#
#     # ###
## $$## ###
### $.#   #
### #@  $ #
###.#   # #
#   #  ####
###########",11,14,7
44,23,45,"###########
#   .     #
## .### # #
###.  $ $ #
###  ###$ #
## #  ##. #
#  #   # .#
#     # ###
## $$## ###
### $.#   #
### #@  $ #
###.#   # #
#   #  ####
###########",11,14,7
44,26,46,"###########
#.  .     #
## .### # #
###.  $ $ #
###  ###$ #
## #  ##  #
#  #   # .#
#     # ###
## $$## ###
### $.#   #
### #@  $ #
###.#   # #
#   #  ####
###########",11,14,7
44,34,53,"###########
#. ..     #
## .### # #
###.  $ $ #
###  ###$ #
## #  ##  #
#  #   #  #
#     # ###
## $$## ###
### $.#   #
### #   $ #
###.#   # #
#   # @####
###########",11,14,7
44,43,56,"###########
#....     #
## .### # #
###   $ $ #
###  ###$ #
## #  ##  #
#  #   #  #
#     #@###
## $$## ###
### $.#   #
### #   $ #
###.#   # #
#   #  ####
###########",11,14,7
44,45,61,"###########
#  ...    #
## .### # #
###.  $ $ #
###  ###$ #
## #  ##  #
#  #   #  #
#     # ###
## $$## ###
### $.#   #
### #   $ #
###.#@  # #
#   #  ####
###########",11,14,7
44,66,65,"###########
#  ....   #
##  ### # #
###.  $ $ #
###  ###$ #
## #  ##  #
#  #   #  #
#     # ###
## $$## ###
### $.# @ #
### #   $ #
###.#   # #
#   #  ####
###########",11,14,7
45,0,6,"##############
##        ####
##   #       #
##  ######   #
#      ##   ##
#  ##  #    ##
#.########  ##
#      #######
# # $#  #  # #
#          @ #
##############",14,11,1
45,2,9,"##############
##        ####
##   #       #
## $######   #
#    . ##   ##
#  ##  #    ##
#.########  ##
#      #######
# # $#  #  # #
#          @ #
##############",14,11,2
45,3,10,"##############
##        ####
##   #       #
##  ######$  #
# $.   ##   ##
#  ##  # .  ##
#.########  ##
#      #######
# # $#  #  # #
#          @ #
##############",14,11,3
45,4,11,"##############
##        ####
##   #@      #
## $######$  #
#   .  ##   ##
#  ##  # .  ##
#.########  ##
#      #######
# # $#  #  # #
#            #
##############",14,11,3
45,6,12,"##############
##        ####
##   #       #
##  ######   #
# $.   ##  $##
#  ##  # .  ##
#.########  ##
#      #######
# # $#@ #  # #
#            #
##############",14,11,3
45,7,13,"##############
##  @     ####
##   #       #
## $######$$ #
#   .  ##   ##
#  ##  # . .##
#.########  ##
#      #######
# # $#  #  # #
#            #
##############",14,11,4
45,9,15,"##############
##  @     ####
##   #       #
## $######$$ #
#   .  ##   ##
#  ##  # . .##
#.########  ##
# .    #######
# #$$#  #  # #
#            #
##############",14,11,5
45,10,16,"##############
##  @     ####
##   #       #
## $######$$ #
#   .  ##   ##
#  ##  # . .##
#.########  ##
# . $. #######
# #$$#  #  # #
#            #
##############",14,11,6
45,11,17,"##############
##  @     ####
##   #       #
## $######$$ #
#    . ##   ##
#  ##  # . .##
#.########  ##
# ..$  #######
# #$$#  #  # #
#            #
##############",14,11,6
45,13,18,"##############
##        ####
##   #       #
## $######$$ #
#  $.. ##   ##
#  ##  # . .##
#.########  ##
# ..$  #######
# #$$#  #  # #
#        @   #
##############",14,11,7
45,14,23,"##############
##        ####
##   #       #
## $######$$ #
#. $.. ##   ##
#  ##  # . .##
#.########  ##
# . $  #######
# #$$#  #  # #
#        @   #
##############",14,11,7
45,16,26,"##############
##        ####
##   #       #
## $######$$ #
#. $ . ##   ##
#  ##  # . .##
#.########  ##
# . $  #######
# #$$#  #  # #
#        @.  #
##############",14,11,7
45,18,27,"##############
##        ####
##   #       #
## $######$$ #
#. $ . ##   ##
#  ##  # . .##
#.########  ##
# .  $ #######
# #$$#  #  # #
#        @.  #
##############",14,11,7
45,19,28,"##############
##        ####
##   #    .  #
## $######$$ #
#. $ . ##   ##
#  ##  #   .##
#.########  ##
# . $  #######
# #$$#  #  # #
#        @.  #
##############",14,11,7
45,20,29,"##############
##        ####
##   # .     #
## $######$$ #
#. $ . ##   ##
#  ##  # .  ##
#.########  ##
# . $  #######
# #$$#  #  # #
#        @.  #
##############",14,11,7
45,22,30,"##############
##        ####
##   # .     #
## $######$$ #
#. $ ..##   ##
#  ##  # .  ##
# ########  ##
# . $  #######
# #$$#  #  # #
#        @.  #
##############",14,11,7
45,25,33,"##############
##        ####
##   # .     #
## $######$  #
#. $ ..##  $##
#  ##  # .  ##
# ########  ##
# . $  #######
# #$$#  #  # #
#        @.  #
##############",14,11,7
45,28,34,"##############
##        ####
##   # .@    #
## $######$  #
#. $ ..##  $##
#  ##  # .  ##
# ########  ##
# . $  #######
# #$$#  #  # #
#          . #
##############",14,11,7
45,29,37,"##############
##      . ####
## @ # . .   #
## $######$$ #
#. $  .##   ##
#  ##  #    ##
# ########  ##
# . $  #######
# #$$#  #  # #
#         .  #
##############",14,11,7
45,31,38,"##############
##      . ####
## @ #..     #
## $######$$ #
#. $  .##   ##
#  ##  #    ##
# ########  ##
# *    #######
# #$$#  #  # #
#         .  #
##############",14,11,7
45,35,39,"##############
##      . ####
##   #..     #
##@$######$$ #
#. $  .##   ##
#  ##  #    ##
# ########  ##
# .    #######
# #$$#$ #  # #
#         .  #
##############",14,11,7
45,36,41,"##############
##      . ####
##   #..     #
## $######$$ #
#. $  .##   ##
#  ##  #    ##
# ########  ##
# .  $ #######
# #$$#  #  # #
#       @ .  #
##############",14,11,7
45,46,42,"##############
##        ####
##  @#..     #
## $######$$ #
#. $  .##   ##
#  ##  #    ##
# ########  ##
# .  $ #######
# #$$#  #  # #
#         .. #
##############",14,11,7
45,47,44,"##############
##      . ####
##   #..     #
## $######$$ #
#  $  .##   ##
#  ##  #    ##
# ########  ##
# .  $ #######
# #$$#  #  # #
#       @ .. #
##############",14,11,7
45,48,45,"##############
##      . ####
##   #..     #
## $######$$ #
# $   .##   ##
#  ##  #    ##
# ########  ##
# .  $ #######
# #$$#  #  # #
#       @ .. #
##############",14,11,7
46,0,6,"########
#   ##@#
# # ## #
#      #
####.###
#    ###
#      #
# $ ####
# #   ##
#      #
########",8,11,1
46,1,10,"########
#   ## #
#@# ## #
#      #
####.###
#    ###
#      #
# .$####
# # $ ##
#      #
########",8,11,2
46,3,13,"########
#   ##@#
# # ## #
#      #
####.###
#    ###
#  .   #
# $ ####
# #$$ ##
#     .#
########",8,11,3
46,4,14,"########
#   ## #
# # ## #
#    @ #
####.###
#   $###
#    . #
#.  ####
# #$$ ##
#      #
########",8,11,3
46,5,17,"########
#   ## #
#@# ## #
#      #
####.###
# .$$###
# $ .. #
# .$####
# # $ ##
#      #
########",8,11,5
46,8,18,"########
#   ## #
# # ## #
#   .  #
####.###
# $. ###
#@$ $..#
#  $####
# # $ ##
#      #
########",8,11,5
46,9,20,"########
#   ## #
# # ## #
#   .  #
####.###
# $.@###
# $ $..#
#  $####
# # $ ##
#      #
########",8,11,5
46,11,21,"########
#   ## #
# # ## #
#@  .  #
####.###
# $.$###
# $  ..#
#  $####
# # $ ##
#      #
########",8,11,5
46,15,22,"########
#   ## #
# # ## #
#   .  #
####+###
#  *$###
# $  ..#
#  $####
# # $ ##
#      #
########",8,11,5
46,24,23,"########
#   ## #
# # ## #
#   .  #
####+###
# $ $###
# $$ ..#
#   ####
# # $ ##
#     .#
########",8,11,5
46,27,24,"########
#   ## #
#@# ## #
#   .  #
####.###
#  $$###
# $$ ..#
#   ####
# # $ ##
#     .#
########",8,11,5
46,37,25,"########
#   ## #
# # ## #
#   +  #
####*###
#  $ ###
# $$ ..#
#   ####
# # $ ##
#     .#
########",8,11,5
47,0,5,"########
#      #
#### # #
#   .  #
#  ## ##
#  #   #
#  ##$##
##  # ##
##    @#
### # ##
########",8,11,1
47,1,7,"########
#      #
#### # #
#  .   #
#  ##$##
#  #   #
# $## ##
##. # ##
##    @#
### # ##
########",8,11,2
47,3,9,"########
#      #
#### # #
#    . #
#  ## ##
#  #   #
#  ##$##
##$ #.##
##   @ #
### # ##
########",8,11,2
47,4,10,"########
#      #
#### # #
# .    #
# .## ##
#  #   #
#  ##$##
##$ # ##
##    @#
### # ##
########",8,11,2
47,6,11,"########
#      #
#### # #
#.     #
# .## ##
#  #   #
#  ##$##
##$ # ##
##   @ #
### # ##
########",8,11,2
47,7,16,"########
#      #
#### # #
#.  .  #
#  ## ##
#  #   #
#  ##$##
##$ # ##
##   @ #
### # ##
########",8,11,2
47,18,17,"########
#      #
#### # #
#.  .  #
#  ## ##
#  #   #
#  ## ##
##$ #$##
##   @ #
### # ##
########",8,11,2
47,31,18,"########
#      #
#### # #
#. .   #
#  ## ##
#  #   #
#  ## ##
##$ #$##
##   @ #
### # ##
########",8,11,2
47,39,19,"########
#      #
#### # #
#. .   #
#  ## ##
#  #   #
#  ## ##
##$ # ##
##   $ #
### #@##
########",8,11,2
48,0,9,"###########
# #       #
# # $ #@# #
# # ###   #
#   # ### #
###    ## #
### # #   #
### # # # #
###     # #
#  .# # # #
###########",11,11,1
48,3,10,"###########
# #       #
#@# $ # # #
# # ###   #
#   # ### #
###  . ## #
### #$#   #
### # # # #
###     # #
#  .# # # #
###########",11,11,2
48,4,12,"###########
# #       #
# # $ # # #
# # ###   #
#   # ### #
###    ## #
### #$#   #
### # #@# #
###   . # #
#  .# # # #
###########",11,11,2
48,9,13,"###########
# #       #
# #@$ # # #
# # ###   #
#   # ### #
###    ## #
### #$#   #
### # # # #
### $.. # #
#  .# # # #
###########",11,11,3
48,11,14,"###########
# #       #
# # $ # # #
# # ###   #
#   # ### #
###  . ## #
### # #   #
### #$# # #
###. @$ # #
#  .# # # #
###########",11,11,3
48,13,15,"###########
# #       #
# # $ # # #
# # ###   #
#   # ### #
###    ## #
### #$#   #
### # # # #
###.. $ # #
# @.# # # #
###########",11,11,3
48,20,16,"###########
# #       #
# # $ # # #
# # ###   #
#   # ### #
###    ## #
### #$#   #
### # # # #
###.  $.# #
# @.# # # #
###########",11,11,3
48,28,18,"###########
# #       #
# # $ #@# #
# # ###   #
#   # ### #
### $  ## #
### # #   #
### # # # #
###.  $.# #
#  .# # # #
###########",11,11,3
49,0,7,"##############
###   ###    #
##   #### @ ##
#     #    ###
# #### $## ###
# ####   # ###
#  .     #   #
##############",14,8,1
49,1,8,"##############
###   ###    #
##   ####$@ ##
#     #  . ###
# #### $## ###
# ####   # ###
#  .     #   #
##############",14,8,2
49,3,10,"##############
###   ###    #
##   ####$@ ##
#     #  .$###
# #### $## ###
# ####   #.###
#  .     #   #
##############",14,8,3
49,23,11,"##############
###   ### @  #
## $.####$  ##
#     #  .$###
# #### $## ###
# ####   #.###
#  .     #   #
##############",14,8,4
49,28,12,"##############
###   ###   @#
## $.####$  ##
#     #  .$###
# #### $## ###
# ####   # ###
#  .     #.  #
##############",14,8,4
49,37,14,"##############
###   ###  @ #
## $ ####$  ##
#    .#  .$###
# #### $## ###
# ####   # ###
#  .     #.  #
##############",14,8,4
49,51,16,"##############
###   ###    #
## $ ####$@ ##
#    .#.  $###
# #### $## ###
# ####   # ###
#  .     #.  #
##############",14,8,4
49,57,18,"##############
###   ###    #
## $ ####$@ ##
#    .#.  $###
# #### $## ###
# ####   # ###
#.       #.  #
##############",14,8,4
50,0,6,"##############
####    ##   #
# #  ##  #  ##
#    ##    ###
## # $ ##   ##
#      #  #@##
## #  .#######
##############",14,8,1
50,1,8,"##############
####    ##   #
# # $##  #  ##
#    ##    ###
## # . ##@  ##
#  $ . #  # ##
## #   #######
##############",14,8,2
50,3,10,"##############
####    ##   #
# # $##  #  ##
#    ##  @ ###
## # ..##   ##
#  $   #  # ##
## #   #######
##############",14,8,2
50,10,11,"##############
####    ##   #
# # $##  #  ##
#    ##    ###
## #  .## @ ##
#  $   #  # ##
## #  .#######
##############",14,8,2
50,12,12,"##############
####    ##   #
# #  ##@ #  ##
#  $ ##    ###
## # $ ##   ##
#      #  # ##
##.#  .#######
##############",14,8,2
50,18,15,"##############
####    ##   #
# #  ##  #  ##
#  $ ##    ###
## # $ ##   ##
#.@ $. #  # ##
## #  .#######
##############",14,8,3
50,22,16,"##############
####    ##   #
# #  ##  #  ##
# @$ ##    ###
## # $ ##   ##
#. $ . #  # ##
## #  .#######
##############",14,8,3
50,31,17,"##############
####    ##   #
# #  ##  #  ##
# @$ ##    ###
## # $ ##   ##
#. $  .#  # ##
## #  .#######
##############",14,8,3
50,34,18,"##############
####    ##   #
# #  ##  #. ##
# @$ ##   $###
## # $ ##   ##
#. $  .#  # ##
## #  .#######
##############",14,8,4
50,43,20,"##############
####    ##   #
# #  ##  #. ##
# @$ ## $  ###
## # $ ##   ##
#. $  .#  # ##
## #  .#######
##############",14,8,4
51,0,13,"###########
#    ## # #
#### ## # #
#.@     # #
#   ##    #
# # #   # #
# $ #     #
# ## ##   #
# ##  #  ##
#      ####
# ## ######
#  # ##   #
#         #
###########",11,14,1
51,1,15,"###########
#    ## # #
#### ## # #
# .     # #
#   ##    #
# # #   # #
#.  #   $ #
# ## ##   #
# ##  #  ##
#  $@  ####
# ## ######
#  # ##   #
#         #
###########",11,14,2
51,2,19,"###########
#    ## # #
#### ## # #
# .    .# #
#   ##    #
# # #   # #
#.  # $ $ #
# ## ##   #
# ##  #  ##
#  $@  ####
# ## ######
#  # ##   #
#         #
###########",11,14,3
51,5,23,"###########
#    ## # #
#### ##.# #
#       # #
#   ## .  #
# #$# . # #
#.  # $   #
# ## ##$  #
# ##  #  ##
#  $@  ####
# ## ######
#  # ##   #
#         #
###########",11,14,4
51,7,30,"###########
#    ## # #
#### ##.# #
# .     # #
#   ## .$ #
# #$# . # #
#.  # $   #
# ## ##$@ #
# ##  #  ##
#  $   ####
# ## ######
#  # ##   #
#         #
###########",11,14,5
51,12,31,"###########
#    ## # #
#### ##.# #
#..     # #
#   ## .$ #
# #$# . # #
#   # $   #
# ## ##$@ #
# ##  #  ##
#  $   ####
# ## ######
#  # ##   #
#         #
###########",11,14,5
51,15,34,"###########
#    ## # #
#### ##.# #
#..     # #
#   ## .$ #
#.#$#   # #
#   # $   #
# ## ##$@ #
# ##  #  ##
#  $   ####
# ## ######
#  # ##   #
#         #
###########",11,14,5
51,16,35,"###########
#    ## # #
#### ##.# #
#..     # #
#   ##  $ #
# #$# . # #
#.  # $   #
# ## ##$@ #
# ##  #  ##
#  $   ####
# ## ######
#  # ##   #
#         #
###########",11,14,5
51,18,38,"###########
#    ## # #
#### ##.# #
#..     # #
#   ##..$ #
#.#$#   # #
#   # $ $ #
# ## ##$@ #
# ##  #  ##
#  $   ####
# ## ######
#  # ##   #
#         #
###########",11,14,6
51,21,40,"###########
#    ## # #
#### ##.# #
#..  .  # #
#   ## .$ #
#.#$#   # #
#   # $ $ #
# ## ##$@ #
# ##  #  ##
#  $   ####
# ## ######
#  # ##   #
#         #
###########",11,14,6
51,29,47,"###########
#    ## # #
#### ##.# #
#..  .  # #
#   ## .$ #
# #$#   # #
#   # $ $ #
# ## ##$@ #
# ##  #  ##
#  $   ####
# ## ######
#  # ##   #
#.        #
###########",11,14,6
51,37,48,"###########
#    ## # #
#### ##.# #
#.. .   # #
#   ## .$ #
# #$#   # #
#   # $ $@#
# ## ##$  #
# ##  #  ##
#  $   ####
# ## ######
#  # ##   #
#.        #
###########",11,14,6
51,45,51,"###########
#    ## # #
#### ##.# #
#..  .$ #.#
#   ##. $ #
# #$#   # #
#   # $ $@#
# ## ##$  #
# ##  #  ##
#  $   ####
# ## ######
#  # ##   #
#.        #
###########",11,14,7
51,49,53,"###########
#    ## # #
#### ##.#@#
#...$.  #.#
#   ##  $ #
# #$#   # #
#   # $ $ #
# ## ##$  #
# ##  #  ##
#  $   ####
# ## ######
#  # ##   #
#.        #
###########",11,14,7
52,0,8,"##############
# # ##       #
# # #@ #######
#.#   $      #
#          ###
#  #### #  ###
####         #
####   ##### #
#       # # ##
#   ###     ##
##############",14,11,1
52,1,10,"##############
# # ##       #
# # # .#######
# #  $  $    #
#          ###
#  #### #. ###
####         #
####   ##### #
#       # # ##
#   ###@    ##
##############",14,11,2
52,2,12,"##############
# # ##       #
# # #  #######
# # $   $    #
#   .     @###
#  #### # .###
####         #
####   ##### #
#       # # ##
#   ###     ##
##############",14,11,2
52,4,16,"##############
# # ##       #
# # #  #######
# # $   $    #
#   . $    ###
#  #### #..###
####         #
####   ##### #
#       # # ##
#   ###@    ##
##############",14,11,3
52,5,20,"##############
# # ##       #
# # #  #######
# # $   $    #
#   . $ .  ###
#  ####$#..###
####         #
####   ##### #
#       # # ##
#   ###@    ##
##############",14,11,4
52,6,22,"##############
# # ##       #
# # #  #######
# # $   $    #
#     $    ###
#  #### #..###
####.        #
####   ##### #
#       # # ##
#   ###@    ##
##############",14,11,3
52,10,24,"##############
# # ##       #
# # #  #######
# # $   $    #
#     $   .###
#  ####$#..###
####.        #
####   ##### #
#       # # ##
#   ###@    ##
##############",14,11,4
52,13,25,"##############
# # ##       #
# # #  #######
# # $   $    #
#      $  .###
#  ####$#..###
####.        #
####   ##### #
#       # # ##
#  @###     ##
##############",14,11,4
52,14,33,"##############
# # ##       #
#.# #  #######
# # $ $ $    #
#     $    ###
#  #### #. ###
####.       .#
####   ##### #
#     @ # # ##
#   ###     ##
##############",14,11,4
52,18,36,"##############
# # ##       #
#.# #  #######
# # $ $ $    #
#     $ $  ###
#  #### #..###
####.       .#
####   ##### #
#     @ # # ##
#   ###     ##
##############",14,11,5
52,26,37,"##############
# # ##       #
#.# #  #######
# # $ $ $    #
#     $ $  ###
#  ####.#..###
####.       .#
####  $##### #
# @     # # ##
#   ###     ##
##############",14,11,6
52,30,38,"##############
# # ##       #
#.# #  #######
# # $ $ $    #
#     $ $  ###
#  ####.#..###
####.       .#
####.$$##### #
# @     # # ##
#   ###     ##
##############",14,11,7
52,33,41,"##############
# # ##       #
#.# #  #######
# # $ $ $    #
#     $ $@ ###
#  ####.#..###
####.       .#
#### $$##### #
# .     # # ##
#   ###     ##
##############",14,11,7
52,44,43,"##############
# # ##       #
#.# #  #######
# # $ $ $    #
#       $  ###
#  ####*#..###
####.       .#
####@$$##### #
# .     # # ##
#   ###     ##
##############",14,11,7
52,52,44,"##############
# # ##       #
#.# #  #######
# # $ $ $    #
#       $  ###
#  ####*# .###
####. @  .  .#
#### $$##### #
# .     # # ##
#   ###     ##
##############",14,11,7
52,58,46,"##############
# # ##       #
#.# #  #######
# # $ $ $ @  #
#       $ .###
#  ####$# .###
####.    .  .#
#### $$##### #
# .     # # ##
#   ###     ##
##############",14,11,7
52,64,47,"##############
# # ##       #
#.# #  #######
# # $ $ $    #
#       $  ###
#  ####$# .###
####..   .  .#
#### $$##### #
# .  @  # # ##
#   ###     ##
##############",14,11,7
52,65,48,"##############
#.# ##       #
# # #  #######
# # $ $ $ @  #
#       $ .###
#  ####$# .###
####.     . .#
#### $$##### #
# .     # # ##
#   ###     ##
##############",14,11,7
53,0,10,"##############
##  ##     ###
### #   #  ###
##         . #
#   ###   ## #
# # $   # ## #
####         #
## # ##   ####
#    ## #  # #
## #         #
##  ###   # ##
## ## # #    #
#####     #@##
##############",14,14,1
53,1,18,"##############
##  ##     ###
###.# @$#. ###
##           #
#   ###   ## #
# #     # ## #
####         #
## # ##   ####
#    ## #  # #
## # $       #
##  ###   # ##
## ## # #    #
#####     # ##
##############",14,14,2
53,2,25,"##############
##  ##     ###
### #  $#  ###
## $     @   #
#   ###   ## #
# #  .. # ## #
####         #
## # ##   ####
#    ## #  # #
## #     $   #
##  ###   # ##
## ## # #.   #
#####     # ##
##############",14,14,3
53,3,33,"##############
##  ##     ###
### #  $#  ###
## $     @   #
#   ### $ ## #
# #  .. # ## #
####         #
## # ##   ####
#    ## #  # #
## #     $ . #
##  ###   # ##
## ## # #.   #
#####     # ##
##############",14,14,4
53,4,41,"##############
##  ##     ###
### #  $#  ###
## $    $@   #
#   ### $ ## #
# #  .. # ## #
####         #
## # ##   ####
#    ## #  # #
## #     $.. #
##  ###   # ##
## ## # #.   #
#####     # ##
##############",14,14,5
53,5,46,"##############
##  ##     ###
### #  $#  ###
## $    $@   #
#   ### $ ## #
# #  .. # ## #
####         #
## #.##   ####
#    ## #  # #
## # $   $.. #
##  ###   # ##
## ## # #.   #
#####     # ##
##############",14,14,6
53,6,48,"##############
##  ##     ###
### #  $#$ ###
## $    $@   #
#   ### $ ## #
# #  .. # ## #
####.        #
## # ##   ####
#    ## #  # #
## #     $.. #
##  ###   # ##
## ## # #.   #
#####     # ##
##############",14,14,6
53,8,51,"##############
##  ##     ###
### #  $#$ ###
## $    $@   #
#   ### $ ## #
# #  .. #$## #
####.      . #
## # ##   ####
#    ## #  # #
## #     $.. #
##  ###   # ##
## ## # #.   #
#####     # ##
##############",14,14,7
53,10,52,"##############
##  ##     ###
### #  $#$ ###
## $    $    #
#   ### $ ## #
# #  .. #$## #
####.        #
## #@##   ####
#    ## #  # #
## #      .. #
##  ###   # ##
## ## # #.   #
#####     # ##
##############",14,14,6
53,11,58,"##############
##  ##     ###
### #  $#$ ###
## $    $    #
#   ### $ ## #
# #  .. #$## #
####.      $ #
## #@##   ####
#    ## #  # #
## #      .. #
##  ###  .# ##
## ## # #.   #
#####     # ##
##############",14,14,7
53,13,60,"##############
##  ##     ###
### #  $#$$###
## $    $    #
#   ### $ ## #
# #  .. #$## #
####.        #
## # ##   ####
#    ##@#  # #
## #   .  .. #
##  ###   # ##
## ## # #.   #
#####     # ##
##############",14,14,7
53,15,61,"##############
##  ##     ###
### #  $#$$###
## $    $    #
#   ### $ ## #
# #  .. #$## #
####.        #
## #.##   ####
#    ##@#  # #
## #      .. #
##  ###   # ##
## ## # #.   #
#####     # ##
##############",14,14,7
53,16,63,"##############
##  ##     ###
### #  $#$$###
## $    $@   #
#   ### $ ## #
# #  .. #$## #
####.        #
## # ##   ####
#    ## #  # #
## #   .  .. #
##  ###   # ##
## ## # #    #
#####  .  # ##
##############",14,14,7
53,18,67,"##############
##  ##     ###
### #  $#$$###
## $    $@   #
#   ### $ ## #
# #  .. #$## #
####         #
## # ##   ####
#    ## #  # #
## #   .  .. #
##  ###   # ##
## ## # #    #
##### ..  # ##
##############",14,14,7
53,21,68,"##############
##  ##     ###
### #  $#$$###
## $    $    #
#   ### $ ## #
# #  .. #$## #
####         #
## #@##   ####
#    ## #  # #
## #  ..  .  #
##  ###   # ##
## ## # #    #
##### ..  # ##
##############",14,14,7
53,22,69,"##############
##  ##     ###
### #  $#$$###
## $    $    #
#   ### $ ## #
# #  .. #$## #
####         #
## #@##   ####
#    ## #  # #
## # . .  .  #
##  ###   # ##
## ## # #    #
##### ..  # ##
##############",14,14,7
53,23,71,"##############
##  ##     ###
### #  $#$$###
## $    $  $ #
#  @###   ## #
# #  .. #$## #
####         #
## # ##   ####
#    ## #  # #
## #   .  .. #
##  ###   # ##
## ## # #    #
##### ..  # ##
##############",14,14,7
53,29,73,"##############
##  ##     ###
### #  $#$$###
## $    $  $ #
#   ###   ## #
# #  .  #$## #
####         #
## # ##   ####
#    ## #  # #
## #   . @.. #
##  ###   # ##
## ## # #    #
#####...  # ##
##############",14,14,7
53,34,75,"##############
## @##     ###
### #  $#$$###
## $    $  $ #
#   ###   ## #
# #  .  #$## #
####         #
## # ##   ####
#    ## #  # #
## #   .  .. #
##  ###   # ##
## ## # #    #
#####...  # ##
##############",14,14,7
53,41,76,"##############
##  ##     ###
###@#  $#$$###
## $    $  $ #
#   ###   ## #
# # ..  #$## #
####         #
## # ##   ####
#    ## #  # #
## #   .  .  #
##  ###   # ##
## ## # #    #
#####...  # ##
##############",14,14,7
53,53,78,"##############
##  ##     ###
###@#  $#$$###
## $    $  $ #
#   ###   ## #
# # ... # ## #
####     $   #
## # ##   ####
#    ## #  # #
## #      .  #
##  ###   # ##
## ## # #    #
#####...  # ##
##############",14,14,7
54,0,6,"###########
#  ### ####
#  ###  # #
#  #      #
#    #  # #
### #######
###  #@ # #
#    . ## #
#      ## #
#   ###   #
## $###   #
##  #   # #
##        #
###########",11,14,1
54,1,11,"###########
#  ### ####
#  ###  # #
#  # $  . #
#    #  # #
### #######
###  #  # #
#    @ ## #
#      ## #
#   ###   #
##  ###   #
##.$#   # #
##        #
###########",11,14,2
54,2,12,"###########
#  ### ####
#  ###  # #
#  #      #
#    #  # #
### #######
###  #@ # #
# .  $ ## #
#      ## #
#   ###   #
## $###   #
##  #   # #
##       .#
###########",11,14,2
54,3,15,"###########
#  ### ####
#  ###  # #
#  # $  . #
#    #  # #
### #######
###  #  # #
#  $   ## #
#      ## #
#   ###   #
##. ###   #
##.$#   # #
##     @  #
###########",11,14,3
54,4,18,"###########
#  ### ####
#  ###  # #
#  # $  . #
#    #  # #
###.#######
###  #  # #
#  $   ## #
#    $ ## #
#   ###   #
##. ###   #
##.$#   # #
##     @  #
###########",11,14,4
54,6,19,"###########
#  ### ####
# $###  # #
# .# $  . #
#    #  # #
###.#######
###  #  # #
#  $   ## #
#    $ ## #
#   ###   #
##. ###   #
##.$#   # #
##     @  #
###########",11,14,5
54,8,25,"###########
#  ### ####
# $###  # #
# .# $  . #
#    #  # #
### #######
###  #  # #
# $*.  ## #
#    $ ## #
#   ###   #
##. ###   #
##.$#   # #
##     @  #
###########",11,14,6
54,12,27,"###########
#  ### ####
# $###  # #
#@.# $  . #
#    #  # #
###$#######
###  #  # #
# $..  ## #
#    $ ## #
#   ###   #
##. ###   #
##.$#   # #
##        #
###########",11,14,6
54,13,28,"###########
#  ### ####
# $###  # #
#@.# $  . #
#    #  # #
###$#######
###  #  # #
# $..  ## #
#  . $ ## #
#   ###   #
##  ###   #
##.$#   # #
##        #
###########",11,14,6
54,23,32,"###########
# @### ####
# $###  # #
# .# $  . #
#    #  # #
###$#######
###  #  # #
# $..  ## #
#      ## #
# * ###   #
##  ###   #
##.$#   # #
##        #
###########",11,14,6
54,38,33,"###########
# @### ####
# $###  # #
# .# $  . #
#    #  # #
###$#######
###  #  # #
# $..  ## #
#      ## #
# * ###   #
##  ###$  #
##.$#  .# #
##        #
###########",11,14,7
54,45,34,"###########
#  ### ####
# $###  # #
# +# $  . #
#    #  # #
###$#######
###  #  # #
# $..  ## #
#      ## #
# * ###   #
##  ###$  #
##.$#   # #
##     .  #
###########",11,14,7
54,53,35,"###########
#  ### ####
# $###  # #
#@.# $  . #
#    #  # #
###$#######
###  #  # #
# * .  ## #
#      ## #
# * ###   #
##  ###$  #
##.$#   # #
##     .  #
###########",11,14,7
54,60,36,"###########
#  ### ####
#@$###  # #
# .# $  . #
#    #  # #
###$#######
###  #  # #
# $... ## #
#      ## #
# $ ###   #
##  ### $ #
##.$#   # #
##     .  #
###########",11,14,7
54,61,37,"###########
#  ### ####
#@$###  # #
# .# $  . #
#    #  # #
###$#######
###  #  # #
# $... ##.#
#      ## #
# $ ###   #
##  ### $ #
##.$#   # #
##        #
###########",11,14,7
55,0,13,"##############
#   #     ####
# ###     $  #
# ###  ###   #
#       #    #
#@ #   ### # #
####.   #    #
##############",14,8,1
55,1,21,"##############
#   #     ####
# ###    $   #
# ###  ###   #
# @    .# $  #
#  # . ### # #
####    #    #
##############",14,8,2
55,2,23,"##############
#   #     ####
# ###    $   #
# ###  ###   #
# @    .# $  #
#  #   ### # #
####.   #    #
##############",14,8,2
55,3,36,"##############
#   #     ####
# ###    $   #
# ###  ### $ #
# @.   .# $  #
#  #   ### # #
####.   #    #
##############",14,8,3
55,5,39,"##############
#   #     ####
# ###  $ $   #
# ###. ### $ #
# @.   .# $  #
#  #   ### # #
####.   #    #
##############",14,8,4
55,7,43,"##############
#   #     ####
# ### $$ $   #
# ###. ### $ #
# @..  .# $  #
#  #   ### # #
####.   #    #
##############",14,8,5
55,8,48,"##############
#   #     ####
#.### $$ $   #
# ###. ### $ #
# @.   .# $  #
#  #   ### # #
####.   #    #
##############",14,8,5
55,10,51,"##############
#   #     ####
#.### $$ $   #
# ###. ### $ #
# .. $ .# $  #
#  # @ ### # #
####.   #    #
##############",14,8,6
55,11,56,"##############
#.  #     ####
#.### $$ $   #
# ###  ### $ #
#  .   .# $  #
#  # @ ### # #
####.   #    #
##############",14,8,5
55,16,57,"##############
#.  #     ####
#.### $$ $   #
# ###  ### $ #
#. .   .# $  #
#  # @ ### # #
####    #    #
##############",14,8,5
55,19,62,"##############
#.  #     ####
#.### $$ $   #
# ###  ### $ #
#. .    # $  #
#  # @ ### # #
####.   #    #
##############",14,8,5
55,20,66,"##############
#.  #     ####
#.###@$$ $   #
# ###  ### $ #
#...   .# $  #
#  #  $### # #
####    #    #
##############",14,8,6
55,23,71,"##############
#.  #     ####
#.###@$$ $   #
# ###  ### $ #
#...  $.# $  #
#  #  $### # #
#### .  #    #
##############",14,8,7
55,28,72,"##############
#.  #     ####
#.### $$ $   #
# ###  ### $ #
#+... $.# $  #
#  #  $### # #
####    #    #
##############",14,8,7
55,35,76,"##############
#.  #     ####
#.### $$ $   #
#.###  ### $ #
#+..  $.# $  #
#  #  $### # #
####    #    #
##############",14,8,7
55,39,77,"##############
#.  #     ####
#.### $$ $   #
#.###  ###$$ #
#+..  $.#    #
#  #  $### # #
####    #    #
##############",14,8,7
55,62,80,"##############
#.  #     ####
#.### $$ $   #
#.###  ###$$ #
#.+*   .#    #
#  #  $### # #
####    #    #
##############",14,8,7
56,0,9,"########
#   .  #
# # ####
# @    #
#   ## #
# # ## #
#      #
#   ####
# #$# ##
#     ##
########",8,11,1
56,1,12,"########
#     .#
# # ####
# $$   #
#   ## #
# # ## #
#   @  #
#   ####
# #.# ##
#     ##
########",8,11,2
56,2,15,"########
#   .  #
# # ####
# @ .  #
#   ## #
# # ## #
#      #
# $ ####
# #$# ##
#     ##
########",8,11,2
56,3,18,"########
#     .#
# # ####
# $$ $ #
#   ## #
# # ## #
#   @  #
#  .####
# #.# ##
#     ##
########",8,11,3
56,4,21,"########
#     .#
# # ####
# $$ $ #
#   ## #
# #$## #
#   @. #
#  .####
# #.# ##
#     ##
########",8,11,4
56,5,23,"########
#   .  #
# #.####
# @$.. #
# $ ## #
# # ## #
# .$   #
# $ ####
# #$# ##
#     ##
########",8,11,5
56,6,24,"########
#   .  #
# #.####
# @$.. #
#.$ ## #
# # ## #
#  $   #
# $ ####
# #$# ##
#     ##
########",8,11,5
56,7,25,"########
#   .  #
# #.####
# @ .. #
# $ ## #
# # ## #
#  $   #
# $ ####
# #$# ##
#     ##
########",8,11,4
56,9,29,"########
#   .  #
# #.####
#  $.. #
#.$.## #
# #$## #
#  $ @ #
# $ ####
# #$# ##
#     ##
########",8,11,6
56,12,30,"########
#.  .  #
# #.####
#  $.. #
#.$ ## #
# #$## #
#  $ @ #
# $ ####
# #$# ##
#     ##
########",8,11,6
56,22,31,"########
#.  .  #
# # ####
#. $.. #
# $.## #
# #$## #
#  $ @ #
# $ ####
# #$# ##
#     ##
########",8,11,6
56,24,32,"########
#.  .  #
#.# ####
#  $.. #
# $.## #
# #$## #
#  $ @ #
# $ ####
# #$# ##
#     ##
########",8,11,6
56,25,33,"########
#.  .. #
# # ####
#  $.. #
# $.## #
# #$## #
#  $ @ #
# $ ####
# #$# ##
#     ##
########",8,11,6
56,30,35,"########
#  ... #
# # ####
#  $ ..#
# $.## #
# #$## #
#  $  @#
# $ ####
# #$# ##
#     ##
########",8,11,6
56,41,37,"########
#  ... #
# # ####
#  $...#
# $ ## #
# #$## #
#  $@  #
# $ ####
# #$# ##
#     ##
########",8,11,6
56,46,38,"########
#  ... #
# # ####
#  $.+.#
# $ ## #
# #$## #
# $    #
# $ ####
# #$# ##
#     ##
########",8,11,6
56,56,42,"########
#  ....#
# # ####
#  $ ..#
# $ ## #
# #$##@#
# $    #
# $ ####
# #$# ##
#     ##
########",8,11,6
57,0,6,"###########
### ##  # #
### ##  # #
#.   @  # #
## ##$    #
#   #  ## #
## ##  ## #
###########",11,8,1
57,1,9,"###########
### ##  # #
### ##$.# #
#    .  # #
## ##  $  #
#   #  ## #
## ##  ##@#
###########",11,8,2
57,3,10,"###########
### ##  # #
### ##$ # #
# .  $  # #
## ##     #
# @ #  ## #
## ## .## #
###########",11,8,2
57,4,12,"###########
### ##  # #
### ##$ # #
# .  $  # #
## ## $ . #
# @ #  ## #
## ## .## #
###########",11,8,3
57,5,13,"###########
### ##  # #
### ##$ # #
#.   $  # #
## ## $ . #
# @ #  ## #
## ## .## #
###########",11,8,3
57,6,14,"###########
### ##  # #
### ##$ # #
# .. $  # #
## ##     #
# @ #$ ## #
## ## .## #
###########",11,8,3
57,15,15,"###########
### ##  # #
###@##$ # #
# ..$   # #
## ##     #
#   #$ ## #
## ## .## #
###########",11,8,3
57,21,17,"###########
### ##  # #
###@##$ # #
#.. $   # #
## ##     #
#   #$ ## #
## ## .## #
###########",11,8,3
57,26,19,"###########
### ##  # #
###@##$ # #
#.. $   # #
## ## $ . #
#   #$ ## #
## ## .## #
###########",11,8,4
57,31,20,"###########
### ##  # #
###@##$ # #
#.. $   # #
## ## $ ..#
#   #$ ## #
## ##  ## #
###########",11,8,4
57,36,21,"###########
### ##  # #
###@##$ # #
#.. $   # #
##$##$$ . #
# . #  ## #
## ## .## #
###########",11,8,5
57,45,22,"###########
### ##  # #
###@##$ # #
#.. $   # #
##$##$$  .#
# . #  ## #
## ## .## #
###########",11,8,5
58,0,5,"###########
## ### # ##
#   ##.   #
## #   # ##
#@   # ####
# #  # $ ##
#### #    #
###########",11,8,1
58,4,6,"###########
## ### # ##
#   ##.$. #
## #   # ##
#    # ####
# #  # $@##
#### #    #
###########",11,8,2
58,8,7,"###########
## ### # ##
#   ##.$. #
## #   # ##
# .$ # ####
# #  # $@##
#### #    #
###########",11,8,3
58,10,8,"###########
## ###.# ##
#   ## $. #
## #   # ##
# .$ # ####
# #  # $@##
#### #    #
###########",11,8,3
58,25,9,"###########
## ###.# ##
#   ## $. #
## #   # ##
#. $ # ####
# # @# $ ##
#### #    #
###########",11,8,3
58,33,10,"###########
## ###.# ##
# . ## $. #
##$#   # ##
#. $ # ####
# # @# $ ##
#### #    #
###########",11,8,4
58,45,11,"###########
## ###.# ##
# . ## $ .#
##$#   # ##
#. $ # ####
# # @# $ ##
#### #    #
###########",11,8,4
59,0,8,"###########
### ###  ##
### #@# .##
#     #  ##
# ##      #
# #  #  $ #
# ##   ####
###########",11,8,1
59,1,13,"###########
### ###  ##
### # #  ##
# ..  #$ ##
# ##   $ @#
# #  #    #
# ##   ####
###########",11,8,2
59,2,18,"###########
### ###  ##
### # # $##
#  .. #@ ##
# ##   $  #
# #  #$.  #
# ##   ####
###########",11,8,3
59,6,21,"###########
### ### @##
### # #$ ##
# ..  #  ##
# ##  $   #
# # *# $  #
# ##.  ####
###########",11,8,4
59,7,24,"###########
### ###  ##
### # # $##
#. .. #@ ##
# ##   $  #
# #  #$   #
# ##   ####
###########",11,8,3
59,15,25,"###########
### ###  ##
### # # $##
#..   #  ##
# ##  $@  #
# # *#  $ #
# ##.  ####
###########",11,8,4
59,35,28,"###########
### ### @##
### # #$$##
#..   #  ##
# ##      #
# # *#  $ #
# ##.  ####
###########",11,8,4
59,48,29,"###########
### ### @##
### # #$$##
#..   #  ##
# ##    $ #
# # *#    #
# ##.  ####
###########",11,8,4
60,0,7,"###########
#####     #
# # #  $ ##
#   #  ####
## #   # ##
#   .    @#
## #   # ##
###########",11,8,1
60,1,10,"###########
#####     #
# # #  $ ##
#   #  ####
## #   # ##
#   .  $.@#
## #   # ##
###########",11,8,2
60,2,13,"###########
#####@    #
# # #  $ ##
#   #$ ####
## #   # ##
# .       #
## #.  # ##
###########",11,8,2
60,3,16,"###########
#####@    #
# # #  $ ##
#   #$ ####
## # $.# ##
# .       #
## #.  # ##
###########",11,8,3
60,4,22,"###########
#####@    #
# # #  $ ##
#   #$ ####
## #   # ##
# ..  $   #
## #.  # ##
###########",11,8,3
60,8,24,"###########
#####@    #
# # #  $ ##
#   #$ ####
## # $ # ##
# ..      #
## #.  # ##
###########",11,8,3
60,11,26,"###########
#####@    #
# # #  $ ##
#   #$ ####
## # $ # ##
# ..   $ .#
## #.  # ##
###########",11,8,4
60,25,28,"###########
#####     #
# # #@ $ ##
#   #$ ####
## # $ # ##
#...   $ .#
## #   # ##
###########",11,8,4
60,34,29,"###########
#####   @ #
# # #  $ ##
#   #$ ####
## # $ # ##
#.. .$ $ .#
## #.  # ##
###########",11,8,5
60,50,30,"###########
#####  @  #
# # #  $ ##
#   #$ ####
## #  $# ##
#.. .$ $ .#
## #.  # ##
###########",11,8,5
60,53,31,"###########
#####     #
# # #  $ ##
#   #$ ####
## #   # ##
#..$. $$ .#
##@#.  # ##
###########",11,8,5
61,0,10,"##############
###     ######
##@  #  ### ##
#           ##
###    ## ####
#  ##    #   #
# ####  ##   #
#  #       ###
# ## #      ##
#  ####   ####
#   # ## #  ##
#     $.    ##
#   # ## #  ##
##############",14,14,1
61,1,17,"##############
###     ######
##   #$ ### ##
#.        . ##
###   @## ####
#  ##    #   #
# ####  ##   #
#  #       ###
# ## # $    ##
#  ####   ####
#   # ## #  ##
#           ##
#   # ## #  ##
##############",14,14,2
61,2,18,"##############
###     ######
##   #$ ### ##
#.      $ . ##
### . @## ####
#  ##    #   #
# ####  ##   #
#  #       ###
# ## # $    ##
#  ####   ####
#   # ## #  ##
#           ##
#   # ## #  ##
##############",14,14,3
61,3,19,"##############
###     ######
##   #$ ### ##
#.. $     . ##
###   @## ####
#  ##    #   #
# ####  ##   #
#  #       ###
# ## # $    ##
#  ####   ####
#   # ## #  ##
#           ##
#   # ## #  ##
##############",14,14,3
61,4,28,"##############
###     ######
##   #$ ### ##
#.. $     . ##
###   @## ####
#  ##    #   #
# ####  ##   #
#  #       ###
# ## # $    ##
#  ####   ####
#   # ## #  ##
#     $.    ##
#   # ## #  ##
##############",14,14,4
61,5,33,"##############
###     ######
##   #$ ### ##
#.. $     . ##
###   @## ####
#  ##    #   #
# ####  ##   #
#  #       ###
# ## # $    ##
#  ####   ####
#   # ## # .##
#     $     ##
#   # ## #  ##
##############",14,14,4
61,7,38,"##############
###     ######
##   #$ ### ##
#.. $     . ##
###   @## ####
#  ##  . #   #
# ####  ##   #
#  #       ###
# ## # $ $  ##
#  ####   ####
#   # ## # .##
#     $     ##
#   # ## #  ##
##############",14,14,5
61,8,40,"##############
###     ######
##   #  ### ##
#.. $     . ##
###    ## ####
#  ##    #   #
# ####  ##   #
#  #       ###
# ## # $ $  ##
#  ####   ####
#   # ## # .##
#     $   @ ##
#   # ## #  ##
##############",14,14,4
61,10,42,"##############
###     ######
## $ #  ### ##
#.. $     . ##
###  . ## ####
#  ##    #   #
# ####  ##   #
#  #       ###
# ## # $ $  ##
#  ####   ####
#   # ## # .##
#     $   @ ##
#   # ## #  ##
##############",14,14,5
61,11,45,"##############
###     ######
##   #  ### ##
#.. $ .   . ##
###   @## ####
#  ##    #   #
# #### $##   #
#  #   $   ###
# ## # $    ##
#  ####   ####
#   # ## # .##
#     $     ##
#   # ## #  ##
##############",14,14,5
61,12,51,"##############
###     ######
##  .#  ### ##
#.. $     . ##
###    ## ####
#  ##    #   #
# ####  ##   #
#  #       ###
# ## # $ $  ##
#  #### $ ####
#   # ## # .##
#     $   @ ##
#   # ## #  ##
##############",14,14,5
61,14,52,"##############
###     ######
##  .#  ### ##
#..    $  . ##
###    ## ####
#  ##    #   #
# ####  ##   #
#  #       ###
# ## # $ $  ##
#  #### $ ####
#   # ## # .##
#     $   @ ##
#   # ## #  ##
##############",14,14,5
61,16,53,"##############
###     ######
##  .#  ### ##
#..       . ##
###  $ ## ####
#  ##    #   #
# ####  ##   #
#  #       ###
# ## # $ $  ##
#  #### $ ####
#   # ## # .##
#     $   @ ##
#   # ## #  ##
##############",14,14,5
61,18,57,"##############
###     ######
##  .#  ### ##
#..       . ##
###    ## ####
#  ##    #   #
# ####  ##   #
#  #  $    ###
# ## # $ $  ##
#  #### $ ####
#   # ## # .##
#     $   @ ##
#   # ## #  ##
##############",14,14,5
61,21,59,"##############
###     ######
##  .#  ### ##
#..       . ##
###    ## ####
#  ##    #   #
# #### $##   #
#  #       ###
# ## # $ $  ##
#  #### $ ####
#   # ## # .##
#     $   @ ##
#   # ## #  ##
##############",14,14,5
61,27,62,"##############
###     ######
##  .#  ### ##
#..       . ##
###    ## ####
#  ##    #   #
# ####  ##.  #
#  #  $ $  ###
# ## # $ $  ##
#  #### $ ####
#   # ## # .##
#     $   @ ##
#   # ## #  ##
##############",14,14,6
61,41,63,"##############
###     ######
##   #  ### ##
#..       ..##
###    ## ####
#  ##    #   #
# ####  ##.  #
#  #  $ $  ###
# ## # $ $  ##
#  #### $ ####
#   # ## # .##
#    $    @ ##
#   # ## #  ##
##############",14,14,6
62,0,8,"########
#   ##.#
# # ## #
#  $   #
####@  #
#    ###
#    ###
########",8,8,1
62,1,12,"########
#   ##.#
# # ## #
#      #
####@  #
#  $ ###
#    ###
########",8,8,1
62,3,16,"########
#   ##.#
# #$## #
#@..$  #
####   #
# $  ###
#    ###
########",8,8,3
62,5,17,"########
#   ##.#
# #$## #
#@.*   #
####   #
# $  ###
#    ###
########",8,8,3
62,8,18,"########
#   ##.#
# #$## #
#@*.   #
####   #
# $  ###
#    ###
########",8,8,3
62,14,19,"########
#   ##.#
# #$## #
#+$.   #
####   #
# $  ###
#    ###
########",8,8,3
62,20,20,"########
#   ##.#
# #$## #
#+*    #
####   #
# $  ###
#    ###
########",8,8,3
63,0,21,"##############
#.           #
#    # ###   #
####  @   ####
#   ##  $   ##
# # ##  ## ###
#       ##  ##
##############",14,8,1
63,2,23,"##############
#.           #
# $ .# ###   #
####  @   ####
#   ##  $   ##
# # ##  ## ###
#       ##  ##
##############",14,8,2
63,3,24,"##############
#.           #
# $ .# ###   #
####  @ . ####
#   ##$ $   ##
# # ##  ## ###
#       ##  ##
##############",14,8,3
63,4,27,"##############
#.           #
# $ .# ###   #
####  @   ####
#   ##$ $   ##
# # ##  ## ###
#   .   ##  ##
##############",14,8,3
63,5,28,"##############
#.           #
# $ .# ###   #
####  @   ####
#   ##$$$ . ##
# # ##  ## ###
#   .   ##  ##
##############",14,8,4
63,6,34,"##############
#.           #
# $ .#.###   #
#### $@   ####
#   ##$$$ . ##
# # ##  ## ###
#   .   ##  ##
##############",14,8,5
63,8,37,"##############
#.  .        #
#    # ###   #
####      ####
#   ##  $   ##
# # ##$ ## ###
#   @   ##  ##
##############",14,8,2
63,12,39,"##############
#.           #
# $ .#.###   #
#### $@$  ####
#   ##$$$.. ##
# # ##  ## ###
#   .   ##  ##
##############",14,8,6
63,14,43,"##############
#.  .        #
#    # ###   #
####   $. ####
#   ## $$ . ##
# # ##$ ## ###
#   @   ##  ##
##############",14,8,4
63,16,44,"##############
#.  .        #
# $. # ###   #
####   $. ####
#   ## $$ . ##
# # ##$ ## ###
#   @   ##  ##
##############",14,8,5
63,17,50,"##############
#.  .        #
# @  # ###   #
####   $  ####
#   ## $$ . ##
# # ##$ ## ###
#     . ##  ##
##############",14,8,4
63,19,51,"##############
#.  .        #
# .$ # ###  @#
####   $  ####
#   ## $$ . ##
# # ##$ ## ###
#     . ##  ##
##############",14,8,5
63,20,53,"##############
#.  .        #
# @  # ###   #
#### $ $  ####
#   ## $$ . ##
# # ##  ## ###
#     . ##  ##
##############",14,8,4
63,27,58,"##############
#.  .  @     #
#    #$###   #
#### $ $  ####
#   ## $$.. ##
# # ##  ## ###
#     . ##  ##
##############",14,8,5
63,29,59,"##############
#.@ .        #
# $ .# ###   #
#### $$$  ####
#   ## $$.. ##
# # ##  ## ###
#     . ##  ##
##############",14,8,6
63,38,60,"##############
#.@ .        #
# $ .# ###   #
#### $$$  ####
#   ## $$. .##
# # ##  ## ###
#     . ##  ##
##############",14,8,6
63,50,61,"##############
#..          #
# $ +# ###   #
#### $$$  ####
#   ## $$.. ##
# # ##  ## ###
#     . ##  ##
##############",14,8,6
63,62,62,"##############
#..       @  #
# $ .#$###   #
#### $ $  ####
#   ## $$.. ##
# # ##  ## ###
#     . ##  ##
##############",14,8,6
64,0,9,"###########
## ## #   #
#@$       #
## ## #.  #
#    ######
###  ## # #
###       #
#         #
#  #  # ###
####### ###
###########",11,11,1
64,1,15,"###########
## ## #   #
#  .$     #
## ## #   #
#    ######
###@ ## # #
###     . #
#   $     #
#  #  # ###
####### ###
###########",11,11,2
64,3,18,"###########
## ## #   #
# .    $  #
## ## #   #
# @  ######
###. ## # #
###$  $ . #
# .    $  #
#  #  # ###
####### ###
###########",11,11,4
64,5,24,"###########
## ## #   #
#  .$     #
## ## #   #
#    ######
###@ ## # #
### $  .. #
# . $   $ #
#  #  # ###
####### ###
###########",11,11,4
64,6,27,"###########
## ## #   #
#  .$     #
## ## #   #
#    ######
###@ ## # #
### $  .. #
# .$$. $  #
#  #  # ###
####### ###
###########",11,11,5
64,8,28,"###########
## ## #   #
#  .$     #
## ## #   #
#    ######
###@ ## # #
### $. .. #
# .$$  $  #
#  #  # ###
####### ###
###########",11,11,5
64,9,29,"###########
## ## #   #
#  .$     #
## ## #   #
#    ######
###@ ## # #
###$$. .. #
# . $  $  #
#  #  # ###
####### ###
###########",11,11,5
64,24,31,"###########
## ## #   #
#  .$     #
## ## #   #
#    ######
###  ## # #
###$$. .. #
#@. $  $  #
#  #  # ###
####### ###
###########",11,11,5
64,33,32,"###########
## ## #   #
#  .$     #
## ## #   #
#    ######
###  ## # #
###$$. .. #
# @.$  $  #
#  #  # ###
####### ###
###########",11,11,5
64,43,33,"###########
## ## #   #
#  .$     #
## ## #   #
#    ######
###  ## # #
###$$. .. #
# @*   $  #
#  #  # ###
####### ###
###########",11,11,5
65,0,8,"###########
## ###    #
#     # # #
## # ##   #
#  #$##  ##
#  #  # ###
#  # .   ##
##     # ##
### ##    #
##  ## #@##
###########",11,11,1
65,2,9,"###########
## ###    #
#  @. # # #
## # ##   #
#  # ##. ##
#  #  #$###
#  #   $ ##
##     # ##
### ##    #
##  ## # ##
###########",11,11,2
65,3,11,"###########
## ###    #
#  @. # # #
## #.##   #
#  # ##. ##
#  #$ #$###
#  #   $ ##
##     # ##
### ##    #
##  ## # ##
###########",11,11,3
65,4,15,"###########
## ###    #
#  @. #$# #
## # ##   #
#  # ##. ##
#  #. # ###
#  #   $ ##
##   $ # ##
### ##    #
##  ## # ##
###########",11,11,3
65,8,16,"###########
## ###    #
#  @. # # #
## # ##   #
#  # ##  ##
#  #. # ###
#  #     ##
## $ $ # ##
### ##    #
##  ## # ##
###########",11,11,2
65,12,19,"###########
## ###    #
#   . #$# #
## # ##   #
#  # ##  ##
#  #. #.###
#  #     ##
## $ $ # ##
### ##   @#
##  ## # ##
###########",11,11,3
65,18,20,"###########
## ###    #
#   + # # #
## # ## $ #
#  # ##  ##
#  #. # ###
#  #   . ##
## $ $ # ##
### ##    #
##  ## # ##
###########",11,11,3
65,21,21,"###########
## ### .  #
#   . # # #
## # ## $ #
# $# ##  ##
#  #. # ###
# .#     ##
## $ $ # ##
### ##    #
##  ##@# ##
###########",11,11,4
65,28,22,"###########
## ###    #
#   . # # #
##$# ## $ #
#  # ##  ##
# .#. # ###
#  #  @. ##
## $ $ # ##
### ##    #
##  ## # ##
###########",11,11,4
65,33,24,"###########
## ###    #
#   . #@# #
##$# ## $ #
#  # ##  ##
#  #. # ###
#  #   . ##
##.$ $ # ##
### ##    #
##  ## # ##
###########",11,11,4
65,40,26,"###########
##.###@   #
#   . # # #
##$# ## $ #
#  # ##  ##
#  #. # ###
#  #   . ##
## $ $ # ##
### ##    #
##  ## # ##
###########",11,11,4
65,52,27,"###########
##.###    #
#   . # # #
##$# ##   #
#  # ##  ##
#  #. #$###
#  #   . ##
## $ $ # ##
### ##   @#
##  ## # ##
###########",11,11,4
65,53,28,"###########
##.###    #
#   . # # #
##$#.## $ #
#  # ##  ##
#  #  # ###
#  #   . ##
## $ $ # ##
### ##   @#
##  ## # ##
###########",11,11,4
66,0,8,"########
##   ###
##    ##
##    ##
# #  ###
# #$  ##
# #  . #
#  @## #
# #   ##
#### ###
########",8,11,1
66,2,11,"########
##   ###
## $  ##
##    ##
# # .###
# #$  ##
# #  . #
#  @## #
# #   ##
#### ###
########",8,11,2
66,3,15,"########
##   ###
## $  ##
##  $ ##
# # .###
# #$. ##
# #  . #
#  @## #
# #   ##
#### ###
########",8,11,3
66,4,16,"########
##   ###
## $  ##
##  $ ##
# # .###
# #$ .##
# #  . #
#  @## #
# #   ##
#### ###
########",8,11,3
66,6,17,"########
##   ###
## $  ##
##    ##
# # *###
# #$  ##
# # .. #
#  @## #
# #   ##
#### ###
########",8,11,3
66,13,18,"########
##   ###
##    ##
## $  ##
# # *###
# #$  ##
# # .. #
#  @## #
# #   ##
#### ###
########",8,11,3
66,17,19,"########
##   ###
## $  ##
##  $ ##
# #  ###
# #$ .##
# # . .#
#   ## #
# #  @##
#### ###
########",8,11,3
66,26,20,"########
##   ###
## $  ##
##  $ ##
# #  ###
# #  .##
# #$. .#
#   ## #
# #  @##
#### ###
########",8,11,3
66,35,21,"########
##   ###
## $  ##
##    ##
# # $###
# #  .##
# #$. .#
#   ## #
# #  @##
#### ###
########",8,11,3
66,39,22,"########
##   ###
##    ##
## $  ##
# # $###
# #  .##
# #$. .#
#   ## #
# # @ ##
#### ###
########",8,11,3
66,50,23,"########
##   ###
##    ##
## $  ##
# # $###
# #  .##
#@#$ ..#
#   ## #
# #   ##
#### ###
########",8,11,3
66,56,24,"########
##   ###
##    ##
## $  ##
# # $###
# #  .##
# #  ..#
#  $## #
# #   ##
####@###
########",8,11,3
67,0,6,"##############
#      # ## ##
####  $    . #
#      # ## ##
## # ##   #  #
#   @###  #  #
## #   ## #  #
##############",14,8,1
67,1,7,"##############
#      # ## ##
####$      . #
#@     # ## ##
## #.##   #$ #
#    ###  #  #
## #   ## #  #
##############",14,8,2
67,2,10,"##############
#      # ## ##
#### $ $ .  .#
#      # ## ##
## #@##   #  #
#    ###  #  #
## #   ## #  #
##############",14,8,2
67,3,13,"##############
#      # ## ##
####$  $ @  .#
# .    # ## ##
## # ##   #  #
#    ###  #  #
## #   ## #  #
##############",14,8,2
67,6,16,"##############
#      # ## ##
####$  $   ..#
# .    # ## ##
## # ##   #  #
#    ###@ #$ #
## #   ## #  #
##############",14,8,3
67,9,17,"##############
#      # ## ##
####$  $   ..#
# . .$ # ## ##
## # ##   #  #
#    ###@ #$ #
## #   ## #  #
##############",14,8,4
67,11,18,"##############
#      #@## ##
####$  $   ..#
# .    # ##$##
## # ##   #  #
#    ###  #  #
## #   ## #  #
##############",14,8,3
67,14,19,"##############
#      # ## ##
####$  $   ..#
#   .$ # ## ##
## # ##   #$ #
#    ###@ #  #
## #.  ## #  #
##############",14,8,4
67,15,20,"##############
#      #@## ##
####$  $   ..#
# .. $ # ##$##
## # ##   #  #
#    ###  #  #
## #   ## #  #
##############",14,8,4
67,17,21,"##############
#      # ## ##
####$  $   ..#
#... $ # ## ##
##$# ##   #$ #
#    ###@ #  #
## #   ## #  #
##############",14,8,5
67,24,24,"##############
#      # ##@##
####$     $..#
#... $ # ## ##
##$# ##   #$ #
#    ###  #  #
## #   ## #  #
##############",14,8,5
67,32,25,"##############
#      # ##@##
####$     $..#
#..  $ #$## ##
## # ## . #$ #
#    ###  #  #
## #   ## #  #
##############",14,8,5
67,33,27,"##############
#      # ##@##
####      $..#
#..  $ #$## ##
## #$## . #$ #
#    ###  #  #
## #   ## #  #
##############",14,8,5
67,35,28,"##############
#      # ##@##
####      $..#
#.. $$ #$## ##
## # ## . #$ #
#    ###  #  #
## #   ## #  #
##############",14,8,5
67,62,29,"##############
#      # ##@##
####      $..#
#.. $$ #$##$##
## # ## . #  #
#    ###  #  #
## #   ## #  #
##############",14,8,5
67,63,30,"##############
#      # ##@##
####      $*.#
#.. $$ #$## ##
## # ## . #  #
#    ###  #  #
## #   ## #  #
##############",14,8,5
68,0,5,"########
### ##@#
### ## #
#.     #
##  $ ##
##  # ##
##  ####
########",8,8,1
68,2,9,"########
### ## #
###.## #
#    . #
## $  ##
## $# ##
##@ ####
########",8,8,2
68,4,11,"########
### ## #
### ## #
#@   ..#
## $  ##
## $# ##
##  ####
########",8,8,2
68,14,13,"########
###@## #
###$## #
#    ..#
##    ##
## $# ##
##  ####
########",8,8,2
68,57,14,"########
###+## #
###$## #
#   $..#
##    ##
## $# ##
##  ####
########",8,8,3
69,0,17,"##############
# ####### #  #
# ### ##  ## #
#   #     #  #
# ##   ###  ##
# ## #  #  ###
#      # #  ##
# ##       ###
##   #      ##
###    ### $##
#  @ ### #   #
##    #    # #
####.  # #   #
##############",14,14,1
69,2,25,"##############
# ####### #  #
# ### ##  ## #
#   #     #  #
# ##   ###  ##
# ## #$ #  ###
#      # #  ##
# ##       ###
##   #      ##
###    ### $##
#  @ ### #   #
##  . #    # #
####.  # #   #
##############",14,14,2
69,6,28,"##############
# ####### #  #
# ### ##  ## #
#   #     #  #
# ##   ###  ##
# ## #  #@ ###
#      # #  ##
# ## .   $ ###
##   #$     ##
###    ### $##
#    ### #   #
##  . #    # #
####.  # #   #
##############",14,14,3
69,8,33,"##############
# ####### #  #
# ### ##  ## #
#   #     #  #
# ##   ###  ##
# ##$#  #  ###
#      # #  ##
# ##   . $ ###
##   #$     ##
###    ### $##
#  @ ### #   #
## .. #    # #
####.  # #   #
##############",14,14,4
69,9,38,"##############
# ####### #  #
# ### ##  ## #
#   #   @ #  #
# ##   ###  ##
# ## #  #  ###
#      # #  ##
# ## .$  $ ###
## . #$     ##
###    ### $##
#    ### #   #
##  . #    # #
####.  # #   #
##############",14,14,4
69,10,40,"##############
# ####### #  #
# ### ##  ## #
#   #   @ #  #
# ##   ###  ##
# ## #  #  ###
#      # #  ##
# ## .$  $ ###
## . #$     ##
###  . ### $##
#   $### #   #
##  . #    # #
####.  # #   #
##############",14,14,5
69,11,42,"##############
# ####### #  #
# ### ##  ## #
#   #     #  #
# ##   ###  ##
# ##$#  #  ###
#      # #  ##
# ##     $ ###
##   #$     ##
###    ### $##
#  @ ### #   #
##... #    # #
####.  # #   #
##############",14,14,4
69,12,48,"##############
# ####### #  #
# ### ##  ## #
#   #     #  #
# ##   ###  ##
# ##$#  #  ###
#  .   # #  ##
# ##  $  $ ###
##   #$     ##
###    ### $##
#  @ ### #   #
##... #    # #
####.  # #   #
##############",14,14,5
69,15,49,"##############
# ####### #  #
# ### ##  ## #
#   #     #  #
# ##   ###  ##
# ##$#  #  ###
#  .   # #  ##
# ##  $  $ ###
##   #$   @ ##
### $  ### $##
# .  ### #   #
##... #    # #
####.  # #   #
##############",14,14,6
69,16,53,"##############
# ####### #  #
# ### ##  ## #
#   #     #  #
# ##   ###  ##
# ##$#  #  ###
#@     # #  ##
# ##  $  $ ###
##.  #$     ##
###    ### $##
#    ### #   #
##... #    # #
####.  # #   #
##############",14,14,5
69,17,56,"##############
# ####### #  #
# ### ##  ## #
#   #     #  #
# ##   ###  ##
# ##$#  #  ###
#  .   # #  ##
# ##  $  $ ###
##   #$ $ @ ##
###    ### $##
# .  ### #   #
##... #    # #
####.  # #   #
##############",14,14,6
69,18,57,"##############
# ####### #  #
# ### ##  ## #
#   #  $. #  #
# ##   ###  ##
# ##$#  #  ###
#  .   # #  ##
# ##  $  $ ###
##   #$ $ @ ##
###    ### $##
# .  ### #   #
##... #    # #
####.  # #   #
##############",14,14,7
69,20,63,"##############
# ####### #  #
# ### ##  ## #
#   #     #  #
# ##   ###  ##
# ##$#  #  ###
#  .   # #. ##
# ##  $  $ ###
##   #$ $ @ ##
###    ###$$##
# .  ### #   #
##... #    # #
####.  # #   #
##############",14,14,7
69,25,64,"##############
# ####### #  #
# ### ##  ## #
#   #     #  #
# ##   ###  ##
# ##$#  #  ###
#  .   # #. ##
# ##  $  $ ###
##   #$ $ @ ##
###    ###$$##
#.   ### #   #
##... #    # #
####.  # #   #
##############",14,14,7
69,41,67,"##############
# ####### #  #
# ### ##  ## #
#   #  .  #  #
# ##   ###  ##
# ##$#  #  ###
#     $# #  ##
# ##  $  $ ###
## . #$  $  ##
###    ### $##
#..  ### #   #
##..  #    #@#
####.  # #   #
##############",14,14,7
69,45,68,"##############
# ####### #  #
# ### ##  ## #
#   #     #@ #
# ##   ###  ##
# ## #  #  ###
#     $# #  ##
# ##  $  $ ###
## . #$  $  ##
###    ### $##
#..  ### #   #
##..  #    # #
####.  # #   #
##############",14,14,6
69,46,73,"##############
# ####### #  #
# ### ##  ## #
#   #     #@ #
# ##   ###  ##
# ## #  #  ###
#     $# #. ##
# ##  $  $ ###
## . #$  $  ##
###    ### $##
#..  ### # $ #
##..  #    # #
####.  # #   #
##############",14,14,7
69,50,74,"##############
# ####### #  #
# ### ##  ## #
#   #     #@ #
# ## $ ###  ##
# ## #  #  ###
#      # #. ##
# ##  $  $ ###
## . #$  $  ##
###    ### $##
#..  ### # $ #
##..  #    # #
####.  # #   #
##############",14,14,7
69,62,76,"##############
# ####### #  #
# ### ##  ## #
#   #     #  #
# ##   ###. ##
# ## #  #  ###
#     $# #  ##
# ##   $ $ ###
## . #$  $  ##
###    ### $##
#..  ### # $ #
##..  #  @ # #
####.  # #   #
##############",14,14,7
70,0,8,"###########
#.# ###   #
# # # # # #
# #   #   #
# @ # #   #
#   $   # #
#   # #   #
# #####   #
# ##  # # #
#    ##   #
###########",11,11,1
70,3,9,"###########
# # ###   #
# # # # # #
# #   #@  #
#   # #   #
#     $ # #
#   # #   #
# #####   #
#.##  # # #
#    ##   #
###########",11,11,1
70,6,11,"###########
# # ###   #
# #.# # # #
# #   #   #
# $ # #@  #
#    $  # #
#   # #   #
# #####   #
#.##  # # #
#    ##   #
###########",11,11,2
70,7,12,"###########
# # ###   #
# #.# # # #
# #   #   #
# $ #$#   #
#    *  # #
#   #.#   #
# #####  @#
# ##  # # #
#    ##   #
###########",11,11,3
70,8,14,"###########
# # ###   #
# #.# # # #
# #   #   #
# $$# #   #
#    $  # #
# . # #   #
# #####   #
#.##  # # #
#    ## @ #
###########",11,11,3
70,9,15,"###########
# # ###   #
# #.# # # #
# #$  #   #
# $ # #   #
#    $  # #
#   #.#   #
# #####  @#
# ##  # # #
#.   ##   #
###########",11,11,3
70,18,16,"###########
# # ###   #
# #.# # # #
# # $ #   #
# $ # #   #
#    $  # #
#   #.#   #
# ##### @ #
# ##  # # #
#.   ##   #
###########",11,11,3
70,24,17,"###########
# # ###   #
# #.# # # #
# # $ #   #
# $ # #   #
#    $  # #
#   # #   #
#.##### @ #
# ##  # # #
#.   ##   #
###########",11,11,3
70,29,22,"###########
# # ###   #
# # # # # #
# #   #   #
# $$# #   #
#    $ .# #
#   # #   #
#.#####   #
# ##  # #@#
#.   ##   #
###########",11,11,3
70,35,23,"###########
# # ###   #
# # # # # #
# #   #   #
# $$# #   #
#    $ .# #
#   # #   #
# #####   #
#.##  #@# #
#.   ##   #
###########",11,11,3
70,65,24,"###########
# # ###   #
# # # # # #
# #   #   #
# $$# #   #
#     $.# #
#   # #   #
# #####   #
#.##  # # #
#.   ##  @#
###########",11,11,3
71,0,10,"###########
#   ## ## #
# #$##@## #
#         #
###    ## #
##   # . ##
#       ###
#   ##    #
# # #  ## #
#    #### #
###########",11,11,1
71,1,14,"###########
#   ## ## #
# # ## ## #
#    $    #
###  @ ## #
##   #   ##
#     $.###
#   ##    #
# # #  ## #
#.   #### #
###########",11,11,2
71,2,23,"###########
#   ## ## #
# # ## ## #
# $  $    #
###  @ ## #
##   #   ##
#     $.###
#   ## .  #
# # #  ## #
#.   #### #
###########",11,11,3
71,4,26,"###########
#   ## ## #
# # ## ## #
# $  $    #
###  @ ## #
##  $#   ##
#      .###
#   ## .  #
# # #  ## #
#.   #### #
###########",11,11,3
71,5,28,"###########
#   ## ## #
# # ##@## #
# $  $    #
###   .## #
##   #   ##
#     $.###
#   ## .  #
# #$#  ## #
#.   #### #
###########",11,11,4
71,6,29,"###########
#   ## ## #
# # ##@## #
# $  $ $. #
###   .## #
##   #   ##
#     $.###
#   ## .  #
# #$#  ## #
#.   #### #
###########",11,11,5
71,7,35,"###########
#   ## ## #
# # ##@## #
# $  $ $. #
###  ..## #
##   #   ##
#    $$.###
#   ## .  #
# #$#  ## #
#.   #### #
###########",11,11,6
71,8,40,"###########
#   ## ## #
# # ## ## #
# $  $   @#
### $  ## #
## $$#. .##
#   .  .###
#   ##    #
# # #  ## #
#.   #### #
###########",11,11,5
71,11,41,"###########
#   ## ## #
# # ## ## #
# $  $   @#
### $  ## #
## $$#  .##
#   .  .###
#   ## .  #
# # #  ## #
#.   #### #
###########",11,11,5
71,15,43,"###########
#   ## ## #
# # ##.## #
# $  $    #
### * $## #
## $$#  .##
#   @  .###
#   ## .  #
# # #  ## #
#.   #### #
###########",11,11,6
71,20,44,"###########
#   ## ## #
# # ## ## #
# $  $    #
### $ @## #
## $$#  .##
#      .###
#   ## .  #
#.# #  ## #
#.   #### #
###########",11,11,5
71,22,46,"###########
#   ## ## #
# # ## ## #
# $  $    #
### $ @## #
## $$#  .##
#       ###
#   ## .. #
#.# #  ## #
#.   #### #
###########",11,11,5
71,25,47,"###########
#   ## ## #
# # ## ## #
# $  $    #
### $ @## #
## $$#  .##
#       ###
#   ## . .#
#.# #  ## #
#.   #### #
###########",11,11,5
71,32,48,"###########
#   ## ## #
# # ## ## #
# $  $    #
### $ @## #
## $$#  .##
#       ###
#   ## . .#
# # # .## #
#.   #### #
###########",11,11,5
71,36,51,"###########
#   ## ## #
# # ## ## #
#  $    $ #
### $  ##@#
## $$#  .##
#       ###
#   ## . .#
#.# #  ## #
#.   #### #
###########",11,11,5
71,53,53,"###########
#   ## ## #
# # ##.## #
#  $ $    #
### $  ## #
## $$# $+##
#       ###
#   ## . .#
# # # .## #
#.   #### #
###########",11,11,6
72,0,5,"########
###    #
### ####
#@$   .#
#   #  #
# # ## #
#####  #
########",8,8,1
72,1,7,"########
###.   #
### ####
#    $ #
#   #@ #
# # ## #
#####  #
########",8,8,1
72,6,8,"########
###    #
### ####
#    $.#
#   #  #
# # ## #
#####@ #
########",8,8,1
73,0,13,"########
#   ####
###    #
###@   #
####  .#
##   # #
### $  #
#### ###
#    ###
#      #
# #    #
# # ## #
# # ## #
########",8,14,1
73,1,22,"########
#   ####
###    #
###    #
####   #
##   # #
###  $ #
####$###
#.   ###
#      #
# #    #
# #.## #
#@# ## #
########",8,14,2
73,2,23,"########
#   ####
###    #
###    #
####   #
##   # #
###  $ #
####$###
#.   ###
#      #
# # .$ #
# #.## #
#@# ## #
########",8,14,3
73,3,26,"########
#   ####
### .  #
###    #
####  +#
##   # #
### $  #
#### ###
#  . ###
#  $ $ #
# #    #
# # ## #
# # ## #
########",8,14,3
73,4,28,"########
#   ####
### .  #
### $  #
#### .+#
##   # #
### $  #
#### ###
#  . ###
#  $ $ #
# #    #
# # ## #
# # ## #
########",8,14,4
73,5,29,"########
#   ####
###@   #
###    #
####   #
##   # #
###  $ #
####$###
#.   ###
#      #
# #.$  #
# #.## #
# # ## #
########",8,14,3
73,9,40,"########
#   ####
###@   #
### $  #
####   #
##   # #
###  $ #
####$###
#..  ###
#      #
# #.$  #
# #.## #
# # ## #
########",8,14,4
73,13,42,"########
#   ####
###@   #
### $  #
####   #
##   # #
###  $ #
####$###
#.   ###
#      #
# #.$  #
#.#.## #
# # ## #
########",8,14,4
73,16,43,"########
# @ ####
###    #
### $  #
####   #
##   # #
### $  #
####$###
#.   ###
#      #
# #.$  #
#.#.## #
# # ## #
########",8,14,4
73,20,46,"########
#   ####
###    #
### $  #
####@  #
##   # #
### $  #
####$###
#..$ ###
#      #
# #.$  #
#.#.## #
# # ## #
########",8,14,5
73,27,48,"########
#   ####
###    #
### $ @#
####$  #
##   # #
###  $ #
#### ###
#. $ ###
#      #
#.#.$  #
# #.## #
# #.## #
########",8,14,5
73,30,51,"########
#   ####
###    #
### $ @#
####$  #
##   # #
###  $ #
#### ###
#. $ ###
#      #
#.# *  #
# #.## #
#.# ## #
########",8,14,5
73,39,53,"########
#   ####
###    #
### $ @#
####$  #
##   # #
###  $ #
#### ###
#..$ ###
#      #
#.# $  #
# #.## #
#.# ## #
########",8,14,5
73,42,56,"########
#   ####
###.@$ #
### $  #
####$  #
##   # #
###  $ #
#### ###
#  $ ###
#      #
#.#..$ #
# #.## #
# #.## #
########",8,14,6
73,43,59,"########
#   ####
###.@$ #
### $  #
####$  #
##   # #
###  $ #
#### ###
#  $ ###
#      #
#.#..$ #
# # ## #
#.#.## #
########",8,14,6
73,48,60,"########
#   ####
###.@$ #
### $  #
####$  #
##   # #
###  $ #
#### ###
#  $ ###
#.     #
#.# .$ #
# # ## #
#.#.## #
########",8,14,6
73,49,61,"########
#   ####
###.@$ #
### $  #
####$  #
##   # #
###  $ #
#### ###
#  $ ###
#  $   #
#.#..$ #
# #.## #
#.#.## #
########",8,14,7
73,53,65,"########
# @ ####
###. $ #
### $  #
####$  #
##   # #
###  $ #
#### ###
#  $ ###
#.     #
#.#..$ #
# #$## #
#.#.## #
########",8,14,7
73,54,67,"########
#   ####
###.@$ #
### $  #
####$  #
##   # #
###  $ #
#### ###
#  $ ###
#. $   #
#.#..$ #
# # ## #
#.#.## #
########",8,14,7
74,0,11,"###########
####.     #
#         #
#   ###   #
## #### ###
#   $    ##
## #   @ ##
###########",11,8,1
74,1,13,"###########
####    . #
#    @    #
#   ###.  #
##$#### ###
#     $  ##
## #     ##
###########",11,8,2
74,2,18,"###########
####      #
# .  @    #
#   ### . #
## #### ###
#   $ $  ##
## #     ##
###########",11,8,2
74,3,19,"###########
####.     #
# $ $     #
#   ###.. #
## ####$###
#@.  $   ##
## #     ##
###########",11,8,4
74,4,24,"###########
####      #
#     $   #
#@$ ### $ #
## #### ###
#   ..   ##
## #  .  ##
###########",11,8,3
74,5,25,"###########
####.     #
# .    .  #
#  @###   #
## ####$###
#   $  $ ##
## #     ##
###########",11,8,3
74,8,31,"###########
####.     #
# ..$+ .$ #
#   ###   #
## ####$###
#   $  $ ##
## #     ##
###########",11,8,5
74,14,33,"###########
####.     #
# ..@.$.$ #
#   ###   #
## ####$###
#   $  $ ##
## #     ##
###########",11,8,5
74,21,40,"###########
####.  @  #
# .. . $$ #
#   ### . #
## ####$###
#   $  $ ##
## #     ##
###########",11,8,5
74,28,41,"###########
####.     #
# .. . $$ #
#   ### . #
## ####$###
#  $   $ ##
##@#     ##
###########",11,8,5
74,35,42,"###########
####.   @ #
# ...  $$ #
#   ### . #
## ####$###
#  $   $ ##
## #     ##
###########",11,8,5
74,64,43,"###########
####.     #
#. ..  $$ #
#  @### . #
## ####$###
#  $   $ ##
## #     ##
###########",11,8,5
75,0,5,"########
# @    #
#.##   #
# ##   #
#   ## #
# $ #  #
#    ###
########",8,8,1
75,3,6,"########
# .  @ #
# ## $ #
# ##   #
# . ## #
# $ #  #
#    ###
########",8,8,2
75,5,9,"########
# @    #
#.## $ #
# ##   #
#   ## #
# $ # .#
#    ###
########",8,8,2
75,9,10,"########
# @    #
#.## $ #
# ## $.#
# $ ## #
# $.# .#
#    ###
########",8,8,4
75,10,11,"########
# @    #
#.## $ #
# ## $ #
# $ ##.#
# $.# .#
#    ###
########",8,8,4
75,12,13,"########
#  @   #
#.## $ #
# ## $ #
# $ ##.#
# $ # .#
#   .###
########",8,8,4
75,57,14,"########
#.     #
# ## $ #
#@## $ #
# $ ##.#
# $ # .#
#   .###
########",8,8,4
75,58,15,"########
#. @   #
#.## $ #
# ## $ #
# $ ##.#
# $ # .#
#    ###
########",8,8,4
76,0,17,"##############
#         ####
# #  # ####  #
#          @ #
#    ##  ### #
# #   # #### #
#   ##   #   #
#  #   $  # ##
# ## #       #
#. ####   # ##
##############",14,11,1
76,1,22,"##############
#         ####
# #  #$####  #
#  .         #
#    ##  ### #
# # . # #### #
#   ##   #   #
#  #      # ##
# ## #    $  #
# @####   # ##
##############",14,11,2
76,2,29,"##############
#         ####
# #  # ####  #
#  $      .@ #
#    ##$ ### #
# # . # #### #
#   ##   #  .#
#  #      # ##
# ## # $     #
#  ####   # ##
##############",14,11,3
76,3,32,"##############
#         ####
# #  # ####  #
#     .    @ #
#    ##$ ### #
# #.  # #### #
#   ##   #  .#
#  #   $  # ##
# ## # $     #
#  ####   # ##
##############",14,11,3
76,4,37,"##############
#         ####
# #  # ####  #
#  $      .@ #
#  . ##$ ### #
# # . # #### #
#   ##   #  .#
#  #    $ # ##
# ## # $     #
#  ####   # ##
##############",14,11,4
76,5,49,"##############
#         ####
# #  # ####  #
#  $      .@ #
#  . ##$ ### #
# #.. # #### #
#   ##   #  .#
#  #    $ # ##
# ## # $$    #
#  ####   # ##
##############",14,11,5
76,6,56,"##############
#         ####
# #  # ####  #
#       $..@ #
#  . ##$ ### #
# # . # #### #
#   ##   #  .#
#  #    $ # ##
# ## # $  $  #
#  ####   # ##
##############",14,11,5
76,9,63,"##############
#         ####
# #  # ####  #
#       $..@ #
#  . ##$ ### #
# # . # #### #
#   ##   #  .#
#  #    $ # ##
# ## #  $ $  #
#  ####   # ##
##############",14,11,5
76,10,64,"##############
#         ####
# #  # ####  #
#       $ .@ #
#  . ##$ ### #
# # . # #### #
#  .##   #  .#
#  #    $ # ##
# ## #  $ $  #
#  ####   # ##
##############",14,11,5
76,14,68,"##############
#         ####
# #  # ####  #
#       $..@ #
#  . ##$ ###.#
# #   # #### #
#   ##   #  .#
#  #    $ # ##
# ## #  $ $  #
#  ####   # ##
##############",14,11,5
76,19,75,"##############
#         ####
# #  # ####  #
#       $..+ #
#    ##$ ###.#
# #   # #### #
#   ##   #  .#
#  #    $ # ##
# ## #  $ $  #
#  ####   # ##
##############",14,11,5
76,27,78,"##############
#         ####
# #  # ####  #
#       $..  #
#    ##$ ###.#
# #   # ####.#
#   ##   #  +#
#  #    $ # ##
# ## #  $ $  #
#  ####   # ##
##############",14,11,5
76,34,79,"##############
#         ####
# #  # ####  #
#       $. . #
#    ##$ ###.#
# #   # ####.#
#   ##   #  +#
#  #    $ # ##
# ## #  $ $  #
#  ####   # ##
##############",14,11,5
76,53,81,"##############
#         ####
# #  # ####  #
#        .$. #
#    ##$ ###+#
# #   # ####.#
#   ##   #  .#
#  #    $ # ##
# ## #  $ $  #
#  ####   # ##
##############",14,11,5
76,61,84,"##############
#         ####
# #  # ####  #
#         $..#
#    ##$ ###.#
# #   # ####.#
#   ##   #  .#
#  #    $ # ##
# ## #  $ $ @#
#  ####   # ##
##############",14,11,5
77,0,6,"###########
#@        #
#### # ## #
## #   ## #
#   ###   #
#       $ #
#   .     #
###########",11,8,1
77,1,11,"###########
#         #
#### # ## #
## #   ## #
# @ ### ..#
#  $  $   #
#         #
###########",11,8,2
77,4,12,"###########
#         #
#### # ## #
## #   ## #
# @ ### ..#
# $   $   #
#         #
###########",11,8,2
77,5,13,"###########
#         #
#### # ##.#
## #   ## #
# @ ### . #
#  $  $   #
#         #
###########",11,8,2
77,7,14,"###########
#         #
#### # ## #
## #   ## #
# @ ### ..#
# $ $     #
#         #
###########",11,8,2
77,9,15,"###########
#         #
#### # ## #
## #   ## #
# @ ### ..#
# $ $  $. #
#         #
###########",11,8,3
77,12,16,"###########
#         #
#### # ## #
## #   ## #
# @ ### ..#
# $ $ $ . #
#         #
###########",11,8,3
77,19,19,"###########
#        .#
#### # ## #
## #   ## #
#   ### . #
# $ $@$   #
#      .  #
###########",11,8,3
77,21,25,"###########
#        .#
#### # ## #
## #   ## #
#   ### . #
# $.$@$$  #
#      .  #
###########",11,8,4
77,23,27,"###########
#        .#
#### # ## #
## #   ## #
#   ### . #
# $ $+$$  #
#      .  #
###########",11,8,4
77,25,32,"###########
#        .#
#### # ## #
## #   ## #
#   ### ..#
# $ $ $$  #
#      . @#
###########",11,8,4
77,28,33,"###########
#        .#
#### # ## #
## #   ## #
#   ### ..#
# $ $ $$  #
#       .@#
###########",11,8,4
77,29,34,"###########
#        .#
#### # ## #
## #   ## #
#   ### ..#
# $ $ $$  #
#        +#
###########",11,8,4
77,35,35,"###########
#        .#
#### # ## #
## # @ ## #
#   ### ..#
# $ $ $$$.#
#        .#
###########",11,8,5
77,36,37,"###########
#        .#
#### # ##.#
## #   ## #
#   ###@ .#
# $ $ $$  #
#        .#
###########",11,8,4
77,44,38,"###########
#        .#
####@# ##.#
## #   ##.#
#   ###   #
# $ $ $$  #
#        .#
###########",11,8,4
77,57,39,"###########
#        .#
#### # ##.#
##@#   ## #
# $ ### ..#
#   $ $$$ #
#        .#
###########",11,8,5
78,0,10,"###########
###   #####
###   #   #
#     #   #
##### #   #
#       # #
#   # #   #
###$   ####
##  ### # #
#       . #
## ## # ###
#    #   ##
## #### @ #
###########",11,14,1
78,2,15,"###########
###   #####
###   #   #
#     #   #
#####$#   #
#       # #
#   #.#   #
### $  ####
##  ### # #
#       . #
## ##@# ###
#    #   ##
## ####   #
###########",11,14,2
78,7,20,"###########
###   #####
###   #   #
#     #   #
##### #   #
#       # #
# $ #.#   #
### $@ ####
##  ### # #
#       . #
## ## # ###
#    #   ##
## ####   #
###########",11,14,2
78,10,22,"###########
###   #####
###   #   #
#     #   #
#####$#   #
#       # #
#   # #  @#
###$$ .####
##  ### # #
#     . . #
## ## # ###
#    #   ##
## ####   #
###########",11,14,3
78,11,30,"###########
###   #####
###  .#   #
#     #   #
#####$#   #
#   $   # #
#   # #  @#
###$$ .####
##  ### # #
#     . . #
## ## # ###
#    #   ##
## ####   #
###########",11,14,4
78,15,36,"###########
###   #####
### $.#   #
#     #   #
#####$#   #
#   $   # #
#   # #  @#
###$$..####
##  ### # #
#     . . #
## ## # ###
#    #   ##
## ####   #
###########",11,14,5
78,17,40,"###########
###   #####
### $ #   #
#     #   #
#####$#   #
#   $   # #
#   #.#  @#
###$$..####
##  ### # #
#     . . #
## ## # ###
#    #   ##
## ####   #
###########",11,14,5
78,44,41,"###########
###   #####
### $ #   #
# .$  #   #
#####$#   #
#   $   # #
#   #.#@  #
###$$..####
##  ### # #
#     . . #
## ## # ###
#    #   ##
## ####   #
###########",11,14,6
78,52,42,"###########
###   #####
### $ #   #
# .$  #   #
#####$#@  #
#   $   # #
#   #.#   #
###$$..####
##  ### # #
#     .  .#
## ## # ###
#    #   ##
## ####   #
###########",11,14,6
78,53,43,"###########
###   #####
### $ #   #
# .$  #   #
#####$#@  #
#   $   # #
#  $#.#   #
### $..####
##  ### # #
#     .  .#
## ## # ###
#    #   ##
## ####   #
###########",11,14,6
78,59,44,"###########
###   #####
### $ #   #
# .$  #   #
#####$#@  #
#    $  # #
#  $#.#   #
### $..####
##  ### # #
#     .  .#
## ## # ###
#    #   ##
## ####   #
###########",11,14,6
79,0,7,"##############
###    # ## ##
##   #$      #
#      # ## ##
## #      # ##
#     ###    #
## #.#### # ##
## #   #### ##
#   #   #    #
## ###    # ##
#  #   ## #  #
#  # # #  ##@#
#  #    ###  #
##############",14,14,1
79,1,14,"##############
###    # ## ##
##   # @ $   #
#      # ## ##
## #      # ##
#     ###    #
## # #### # ##
## #   #### ##
# . #   #    #
## ###    # ##
#  #   ## #  #
#  # # #  ## #
#  #    ###  #
##############",14,14,1
79,2,16,"##############
###    # ## ##
##  $#       #
#      # ## ##
## #      #$##
#     ###    #
## # #### # ##
## #   ####@##
#   #   #   .#
## ###    # ##
# .#   ## #  #
#  # # #  ## #
#  #    ###  #
##############",14,14,2
79,3,23,"##############
###    # ## ##
##   #$  $ . #
# .    # ## ##
## #$     # ##
#  .  ### $  #
## #.#### # ##
## #   #### ##
#   #   #    #
## ###    # ##
#  #   ## #  #
#  # # #  ##@#
#  #    ###  #
##############",14,14,4
79,4,29,"##############
###    # ## ##
##   #$  $ . #
# .    # ## ##
## #$     # ##
#     ### $  #
## #.#### # ##
## #   #### ##
#   #   #    #
## ###    # ##
# .#   ## #  #
#  # # #  ##@#
#  #    ###  #
##############",14,14,4
79,6,30,"##############
###    # ## ##
##   #$  $ . #
# .    # ## ##
## #      # ##
#     ###    #
## # #### # ##
## #   #### ##
#   #   #    #
## ###    #$##
# .#   ## #  #
#  # # #  ##@#
#  #    ###  #
##############",14,14,3
79,7,34,"##############
###    # ## ##
##   #$  $ . #
# .    #$## ##
## #   .  # ##
#     ###    #
## # #### # ##
## #   #### ##
#   #   #    #
## ###    #$##
# .#   ## #  #
#  # # #  ##@#
#  #    ###  #
##############",14,14,4
79,9,36,"##############
###    # ## ##
##   #$  $ . #
# .    #$## ##
##*#   .  # ##
#     ###    #
## # #### # ##
## #   #### ##
#   #   #    #
## ###    #$##
# .#   ## #  #
#  # # #  ##@#
#  #    ###  #
##############",14,14,5
79,10,37,"##############
###    # ## ##
##   #$  $ . #
# .    #$## ##
##*#.  .  # ##
#   $ ###    #
## # #### # ##
## #   #### ##
#   #   #    #
## ###    #$##
# .#   ## #  #
#  # # #  ##@#
#  #    ###  #
##############",14,14,6
79,11,39,"##############
###    # ## ##
##   #$  $ . #
# .    #$## ##
##.#   .  # ##
#   $ ###    #
## # #### # ##
## #   #### ##
#   #   #    #
## ###    #$##
# .#   ## #  #
#  # # #  ##@#
#  #    ###  #
##############",14,14,5
79,14,42,"##############
###    # ## ##
##   #$  $ . #
# ..   #$## ##
##.# $ .  # ##
#   $ ###    #
## # #### # ##
## #   #### ##
#   #   #    #
## ###    #$##
# .#   ## #  #
#  # # #  ##@#
#  #    ###  #
##############",14,14,6
79,16,45,"##############
###    # ## ##
##   #$  $ . #
# .    #$## ##
##*#      # ##
#   $ ###    #
## #.#### # ##
##.#   #### ##
#   #   #    #
## ###    #$##
# .#   ## #  #
#  # # #  ##@#
#  #    ###  #
##############",14,14,6
79,21,46,"##############
###    # ## ##
## $ #$  $ . #
# .    #$## ##
##.#      # ##
#   $ ###    #
## #.#### # ##
##.#   #### ##
#   #   #    #
## ###    #$##
# .#   ## #  #
#  # # #  ## #
#  #    ###@ #
##############",14,14,6
79,29,54,"##############
###    # ## ##
## $ #$  $ . #
# .    #$## ##
##.# $    # ##
#   $ ###    #
## #.#### # ##
##.#   #### ##
#   #   #    #
##.###    #$##
# .#   ## #  #
#  # # #  ## #
#  #    ###@ #
##############",14,14,7
79,41,55,"##############
###    # ## ##
##  $#$  $ . #
#      #$## ##
## # $    # ##
#     ###    #
## #.#### # ##
##.#   #### ##
# . #   #    #
##.###    #$##
# .#   ## #@ #
#  # # #  ## #
#  #    ###  #
##############",14,14,6
79,43,58,"##############
###    # ## ##
##  $#$  $ . #
#      #$## ##
## #$$    # ##
# .   ###    #
## #.#### # ##
##.#   #### ##
# . #   #    #
##.###    #$##
# .#   ## #@ #
#  # # #  ## #
#  #    ###  #
##############",14,14,7
79,44,59,"##############
###    # ## ##
##  $#$  $  .#
#      #$## ##
## #$$    # ##
# .   ###    #
## #.#### # ##
##.#   #### ##
# . #   #    #
##.###    #$##
# .#   ## #@ #
#  # # #  ## #
#  #    ###  #
##############",14,14,7
79,48,61,"##############
###    # ## ##
##  $#$  $  .#
#  $   #$## ##
## # $    # ##
# .   ###    #
##.# #### # ##
##.#   #### ##
# . #   #    #
##.###    #$##
# .#   ## #@ #
#  # # #  ## #
#  #    ###  #
##############",14,14,7
79,64,68,"##############
###    # ## ##
##  $#$  $ . #
#      #$## ##
## #$$    # ##
# .   ###    #
## # #### # ##
##.#   #### ##
# . #   #    #
## ###    #$##
# .#   ## #  #
# .# # #  ## #
# .#    ###@ #
##############",14,14,7
80,0,8,"##############
# ##   ###   #
# ## # # ### #
#      @ ### #
## ####   $  #
#     # #  # #
## #     .   #
##############",14,8,1
80,1,10,"##############
# ##   ###   #
# ##@# # ### #
#        ### #
## ####  $   #
#     # #  # #
## #        .#
##############",14,8,1
80,2,12,"##############
# ##   ###   #
# ##@# # ### #
#    .   ### #
## ####  $   #
#     #$#  # #
## #        .#
##############",14,8,2
80,4,18,"##############
# ##   ###   #
# ##@# # ### #
# . $.   ### #
## ####  $   #
#     #$#  # #
## #        .#
##############",14,8,3
80,6,22,"##############
# ##   ###   #
# ##@# # ### #
# ..$.   ### #
## ####  $   #
#     #$#$ # #
## #        .#
##############",14,8,4
80,8,24,"##############
# ##   ###   #
# ## # # ### #
#@..$.   ### #
## ####  $   #
#     #$#$ # #
## #        .#
##############",14,8,4
80,10,25,"##############
# ##   ###   #
#@## # # ### #
# ..$.   ### #
## ####  $   #
# .$  #$#$ # #
## #        .#
##############",14,8,5
80,13,26,"##############
# ##   ###   #
# ## # # ### #
#@..*    ### #
##$####  $   #
# .   #$#$ # #
## #        .#
##############",14,8,5
80,15,27,"##############
# ##   ###   #
# ## # # ### #
#@...    ### #
##$####  $   #
# .   #$#$ # #
## #         #
##############",14,8,4
80,20,28,"##############
#@##   ###   #
# ## # # ### #
# ...    ### #
##$#### $    #
# .   #$#$ # #
## #         #
##############",14,8,4
80,22,30,"##############
# ##   ###@  #
# ## # # ### #
#...     ### #
## ####  $ $ #
#     #$#$ # #
## #        .#
##############",14,8,4
80,25,33,"##############
# ##   ###   #
# ## # # ### #
#... $@ .### #
## ####  $ $ #
#     #$#$ # #
## #        .#
##############",14,8,5
80,27,36,"##############
# ##   ###   #
# ##$# # ### #
#.....   ### #
## ####  $ $ #
#.  $ #$#$ # #
## # @       #
##############",14,8,6
80,34,37,"##############
# ##   ###@  #
# ##$# # ### #
#.....   ### #
##$####  $ $ #
#.. $ #$#$ # #
## #         #
##############",14,8,7
80,35,38,"##############
# ##   ###   #
# ## #$# ### #
#.....   ### #
## ####  $ $ #
#.  $ #$#$ # #
## # @       #
##############",14,8,6
80,52,40,"##############
# ##   ### @ #
# ## #$# ### #
#.....   ### #
## ####    $ #
#.  $ #$#$$# #
## #         #
##############",14,8,6
81,0,9,"###########
#   ### # #
# #  #  # #
#    $  # #
#  ####   #
# ### #   #
#  ##     #
##      # #
### ##  # #
##  ## .# #
##      ###
##   #  ###
### ###@  #
###########",11,14,1
81,1,15,"###########
#   ### # #
# #@ #  # #
# $     # #
#  ####   #
# ### #   #
#  ##     #
##      # #
### ##  # #
##  ##  # #
##      ###
##   #  ###
### ###.  #
###########",11,14,1
81,2,19,"###########
#   ### # #
# #  #  # #
#   $   # #
#  ####   #
# ### #   #
#  ##     #
##      # #
### ## .# #
## $##  #.#
##      ###
##   #  ###
### ### @ #
###########",11,14,2
81,3,24,"###########
#   ### # #
# #  #  # #
#   $   # #
#  ####   #
# ### #   #
#  ##     #
##     .# #
### ## .# #
## $##  #.#
## $    ###
##   #  ###
### ### @ #
###########",11,14,3
81,4,26,"###########
#   ### # #
# #  #  # #
#   $   # #
#  #### $ #
# ### #   #
#  ##     #
##     .# #
### ## .# #
## $##$ #.#
##      ###
##   # .###
### ### @ #
###########",11,14,4
81,5,29,"###########
#   ### # #
# #  #  # #
#   $   # #
#  ####   #
# ### #.  #
#  ##     #
##  $  .# #
### ## .# #
## $##  #.#
## $    ###
##   #  ###
### ### @ #
###########",11,14,4
81,8,33,"###########
#   ### # #
# #  #  # #
# . $   # #
#  ####   #
# ### #.  #
#  ##  .  #
##  $  .# #
### ## .# #
## $##$ #.#
## $   $###
##   #  ###
### ### @ #
###########",11,14,6
81,10,35,"###########
#   ### # #
# #  # .# #
# . $   # #
#  ####$  #
# ### #.  #
#  ##  .  #
##  $  .# #
### ## .# #
## $##$ #.#
## $   $###
##   #  ###
### ### @ #
###########",11,14,7
81,12,39,"###########
#   ### # #
# #  #  # #
#   $   # #
#  ####   #
# ### #.  #
#  ##  . .#
##  $  .# #
### ## .# #
## $##$ #.#
##@$   $###
##   #  ###
### ###   #
###########",11,14,6
81,14,40,"###########
#  @### # #
# #  # .# #
# . $   # #
#  ####   #
# ### #.  #
#  ##  .  #
##  $  *# #
### ##  # #
## $##  #.#
## $   $###
##   #  ###
### ###   #
###########",11,14,6
81,15,41,"###########
#   ### # #
# #  #  # #
#   $   # #
#  ####   #
# ### #.  #
#  ##. . .#
##  $  .# #
### ##  # #
## $##$ #.#
##@$   $###
##   #  ###
### ###   #
###########",11,14,6
81,17,45,"###########
#   ### # #
# #  #  # #
#   $   # #
#  ####   #
# ### #.  #
#  ##.   .#
##  $  .# #
### ##  #.#
## $##$ #.#
## $@  $###
##   #  ###
### ###   #
###########",11,14,6
81,20,47,"###########
#   ### # #
# #  #  # #
#   $   # #
#  ####   #
# ###.#   #
#  ##.   .#
##  $  .# #
### ##  #.#
## $##$ #.#
## $   $###
## @ #  ###
### ###   #
###########",11,14,6
81,22,49,"###########
#   ### # #
# #  #  # #
#   $   # #
#  #### $ #
# ### #.  #
#  ##.  ..#
##  $  .# #
### ##  #.#
## $##$ #.#
## $   $###
##   #  ###
### ###@  #
###########",11,14,7
81,34,51,"###########
#   ### # #
# #  #  # #
# $ $   # #
#  #### $ #
# ###.#   #
#  ##.$...#
##      # #
### ##  #.#
## $##  #.#
## $   $###
##   # @###
### ###   #
###########",11,14,7
81,40,52,"###########
#   ### # #
# #  #  # #
# $ $   # #
#  #### $ #
# ###.#   #
#  ##.  ..#
##      # #
### ##  #.#
## $##  #+#
## $   $###
##   #  ###
### ###   #
###########",11,14,6
81,54,54,"###########
#   ### # #
# #  #  # #
# $ $   # #
#  #### $ #
# ###.#   #
#  ##.  ..#
##      # #
### ##  #.#
## $##  #.#
## $ $  ###
##@  #  ###
### ###   #
###########",11,14,6
82,0,12,"########
# ##   #
# ## # #
#      #
#  @ ###
####  ##
#  $   #
#    ###
# # .###
####   #
########",8,11,1
82,1,15,"########
# ##   #
# ## #@#
#.  $  #
#    ###
####  ##
# $    #
#   .###
# #  ###
####   #
########",8,11,2
82,2,18,"########
# ##   #
# ##$#@#
#.. $  #
#    ###
####  ##
# $    #
#   .###
# #  ###
####   #
########",8,11,3
82,3,19,"########
# ##   #
# ##.# #
#   .. #
# $  ###
####$ ##
#@$    #
#    ###
# #  ###
####   #
########",8,11,3
82,4,25,"########
# ##   #
# ##$#@#
#..    #
#    ###
####  ##
# $ $  #
#   .###
# #  ###
####   #
########",8,11,3
82,7,28,"########
# ##   #
# ##$#@#
#.     #
#   .###
####  ##
# $ $  #
#   .###
# #  ###
####   #
########",8,11,3
82,12,29,"########
# ##   #
#.##$#@#
#.     #
# $ .###
####  ##
# $ $  #
#   .###
# #  ###
####   #
########",8,11,4
82,13,31,"########
# ##@  #
#.##$# #
#. $   #
#   .###
####  ##
# $ $  #
#   .###
# #  ###
####   #
########",8,11,4
82,14,33,"########
# ##@  #
#.##$# #
#. $   #
#   *###
####  ##
# $    #
#   .###
# #  ###
####   #
########",8,11,4
82,21,35,"########
# ##   #
#.##$# #
#.   $@#
#   *###
####  ##
# $    #
#   .###
# #  ###
####   #
########",8,11,4
82,43,36,"########
# ##@  #
#.##$# #
#.   $ #
#   *###
####  ##
#  $   #
#   .###
# #  ###
####   #
########",8,11,4
82,44,37,"########
#.##@  #
#.##$# #
#    $ #
#   *###
####  ##
# $    #
#   .###
# #  ###
####   #
########",8,11,4
82,58,38,"########
#.##   #
#.##$#@#
#    $ #
#   $###
####. ##
# $    #
#   .###
# #  ###
####   #
########",8,11,4
82,65,39,"########
#.##   #
#.##$#@#
#    $ #
#   $###
####. ##
#  $   #
#   .###
# #  ###
####   #
########",8,11,4
83,0,5,"########
#  #  ##
#@ #  ##
#  #  ##
# #    #
# # ####
# # #.##
# $   ##
####  ##
#    ###
########",8,11,1
83,5,6,"########
#  #  ##
#@ # $##
#  # .##
# #    #
# # ####
# # #.##
# $   ##
####  ##
#    ###
########",8,11,2
83,54,7,"########
#  #  ##
# @# $##
#  #  ##
# #  . #
# # ####
# # #.##
# $   ##
####  ##
#    ###
########",8,11,2
83,64,8,"########
#  #  ##
#@ # $##
#  #  ##
# #   .#
# # ####
# # #.##
# $   ##
####  ##
#    ###
########",8,11,2
84,0,10,"##############
# #  #    ## #
# # ##### ## #
# #  # ##    #
#    #    $  #
# #  #  #   ##
#    #     ###
#      ## ####
# ##  @##    #
# ##  .      #
##############",14,11,1
84,1,14,"##############
# #  #    ## #
# # ##### ## #
# #  # ##    #
#    #    $  #
# #  #  #   ##
#    #     ###
#    . ## ####
# ##$ @##    #
# ##  .      #
##############",14,11,2
84,2,15,"##############
# #  #    ## #
# # ##### ## #
# #  # ##    #
#    #..     #
# #  #  #$  ##
#    #   $ ###
#  @  .## ####
# ##   ##$   #
# ##         #
##############",14,11,3
84,3,18,"##############
# #  #    ## #
# # ##### ## #
# #  # ##    #
#    #..     #
# #  #. #$  ##
#    #$  $ ###
#  @  .## ####
# ##   ##$   #
# ##         #
##############",14,11,4
84,4,20,"##############
# #  #    ## #
# # ##### ## #
# #  # ##    #
#    #    $  #
# #  #. # $ ##
#    #     ###
#    . ## ####
# ##$ @##    #
# ##  .      #
##############",14,11,3
84,6,21,"##############
# #  #    ## #
# # ##### ## #
# #  # ##    #
#  $ #..     #
# # .#  #$  ##
# .$.#   $ ###
#  @$ .## ####
# ##   ##$   #
# ##         #
##############",14,11,6
84,7,26,"##############
# #  #    ## #
# # ##### ## #
# #  # ##    #
# $  #..  .  #
# #. #. #$  ##
# $  #$  $ ###
#  @  .## ####
# ##   ##$   #
# ##         #
##############",14,11,6
84,8,32,"##############
# #  #    ## #
# # ##### ## #
# #  # ##  . #
#  $ #+.     #
# # .#  #$  ##
# .$.#   $ ###
#   $ .## ####
# ##   ##$ $ #
# ##         #
##############",14,11,7
84,10,37,"##############
# #  #    ## #
# # ##### ## #
# #  # ##.   #
# $$ #  $$$. #
# #  #. # $ ##
#    #     ###
#     .##.####
# ##$ @##.   #
# ##  .      #
##############",14,11,7
84,38,41,"##############
# # @#    ## #
# # ##### ## #
# #  #.##.   #
# $$ #  $$$. #
# #  #. # $ ##
#    #     ###
#      ##.####
# ##$  ##.   #
# ##  .      #
##############",14,11,7
84,45,42,"##############
# #  #    ## #
# # ##### ## #
# #  #.##.   #
# $$ #. $$$. #
# #@ #. # $ ##
#    #     ###
#      ##.####
# ##$  ##.   #
# ##         #
##############",14,11,7
84,46,43,"##############
# #  #    ## #
# # ##### ## #
# #  #.##.   #
# $$ #  $$$  #
# #@ #. # $ ##
#    #     ###
#      ##.####
# ##$  ##.   #
# ##  .   .  #
##############",14,11,7
84,54,44,"##############
# #  #    ## #
# # ##### ## #
# #  #.##.   #
# $$ #  $$$  #
# #  #. # $ ##
#    # @   ###
#      ##.####
# ##$  ##.   #
# ## .    .  #
##############",14,11,7
84,57,49,"##############
# #  #    ## #
# # ##### ## #
# #  #.##.   #
# $$ #   $$  #
# #  #. # $ ##
# $  # @   ###
#   $  ##.####
# ##   ##.   #
# ## .    .  #
##############",14,11,7
84,60,50,"##############
# #  #    ## #
# # ##### ## #
# #  #.##.   #
# $$ #.  $$  #
# #  #  # $ ##
# $  #     ###
#   $  ##.####
# ##   ##.   #
# ## .    +  #
##############",14,11,7
84,67,52,"##############
# #  #    ## #
# # ##### ## #
# #  #.##. $ #
# $$ #   $$  #
# #  #. #   ##
#    #     ###
#   $  ##.####
# ##$ @##    #
# ## .    . .#
##############",14,11,7
85,0,8,"########
#   ####
#   . ##
#    ###
# #    #
# #   ##
# #  ###
# ##  ##
#  #  ##
#  #$###
#  #  @#
# ## # #
#  #####
########",8,14,1
85,1,14,"########
#   ####
# @   ##
#   $###
# #    #
# #   ##
# #  ###
# ##  ##
#  #  ##
#  # ###
#  #   #
#.## # #
#  #####
########",8,14,1
85,2,16,"########
#   ####
#     ##
#    ###
# #    #
# #   ##
# #  ###
# ##  ##
#  #  ##
#. #$###
#  #  @#
# ## # #
#  #####
########",8,14,1
85,3,19,"########
#   ####
#  $  ##
#    ###
# #    #
# #   ##
# #  ###
# ##  ##
#  #  ##
#. #$###
#  #. @#
# ## # #
#  #####
########",8,14,2
85,4,26,"########
#   ####
# @   ##
#   $###
# #    #
# #$  ##
# #  ###
# ##  ##
#  #  ##
#. # ###
#  #   #
#.## # #
#  #####
########",8,14,2
85,6,34,"########
#   ####
# @$  ##
# $ $###
# #    #
# #$  ##
# #  ###
# ##. ##
#  #  ##
#  #.###
#  #.  #
#.## # #
#  #####
########",8,14,4
85,13,35,"########
#   ####
#  $  ##
#@$ $###
# #    #
# #$  ##
# #  ###
# ##. ##
#  #  ##
#  #.###
#. #   #
#.## # #
#  #####
########",8,14,4
85,14,38,"########
#   ####
# $$. ##
# $ $###
# #    #
# #$  ##
# #  ###
# ##. ##
#  #  ##
#@ #.###
#  #.  #
#.## # #
#  #####
########",8,14,5
85,15,42,"########
#   ####
# $$  ##
# $ $###
# #    #
# #$  ##
# # .###
# ##. ##
#  #  ##
#@ #.###
#  #.  #
#.## # #
#  #####
########",8,14,5
85,16,43,"########
#   ####
# $$  ##
# $ $###
# #    #
# #$  ##
# #  ###
# ##. ##
#  #  ##
#  #.###
#+ #.  #
#.## # #
#  #####
########",8,14,5
85,17,46,"########
#   ####
# $$  ##
# $ $###
# #    #
# #$  ##
# #  ###
# ##. ##
#  #  ##
#+ # ###
#  #.  #
#.## # #
#. #####
########",8,14,5
85,24,47,"########
#   ####
# $$  ##
# $ $###
# #    #
# #$  ##
# #  ###
# ##  ##
#  #. ##
#. # ###
#  #.  #
#.## # #
#+ #####
########",8,14,5
85,33,50,"########
#   ####
# $$  ##
# $ $###
# #    #
# #$  ##
# #  ###
# ##  ##
#  #  ##
#+ # ###
#  #.  #
#.##.# #
#. #####
########",8,14,5
85,37,51,"########
#   ####
# $$  ##
# $ $###
# #    #
# # $ ##
# #  ###
# ##  ##
#. #  ##
#. # ###
#  #.  #
#+## # #
#. #####
########",8,14,5
85,41,53,"########
#   ####
# $$  ##
# $ $###
# #    #
# # $ ##
# #  ###
# ##  ##
#  #  ##
#.@# ###
#. #.  #
#.## # #
#. #####
########",8,14,5
86,0,7,"###########
# .      ##
# ## # $ ##
# ##     ##
#   ### ###
#  #    @##
# ##   ## #
###  #    #
##   # ####
#### #    #
###########",11,11,1
86,1,8,"###########
#   .    ##
# ## #   ##
# ## $.  ##
#   ###$###
#  # @   ##
# ##   ## #
###  #    #
##   # ####
#### #    #
###########",11,11,2
86,4,9,"###########
# .      ##
# ## #$$ ##
# ## .   ##
#   ### ###
#  #     ##
# ##   ## #
###  #    #
## @ # ####
#### #    #
###########",11,11,2
86,5,11,"###########
#   .    ##
# ## #   ##
# ## $.  ##
#   ###$###
#  #@    ##
# ## $ ## #
###  #    #
##   #.####
#### #    #
###########",11,11,3
86,13,12,"###########
#   .    ##
# ## #   ##
# ## $.  ##
#   ###$###
#  #@    ##
# ## $$## #
###  #.   #
##   #.####
#### #    #
###########",11,11,4
86,14,14,"###########
#.       ##
# ## #   ##
# ## $.  ##
#   ###$###
#  #     ##
# ## $ ## #
###  #    #
##   #.####
#### #@   #
###########",11,11,3
86,18,15,"###########
#   .    ##
# ## #$  ##
# ## $.  ##
#   ###$###
#  #   . ##
# ## $ ## #
###  #    #
##@  #.####
#### #    #
###########",11,11,4
86,23,17,"###########
#.       ##
# ## #   ##
# ## $   ##
#   ###$###
#  #   . ##
# ## $ ## #
###  #    #
##@  #.####
#### #    #
###########",11,11,3
86,42,19,"###########
#   .    ##
# ## #$  ##
# ## $.  ##
#   ###$###
#  #   . ##
# ## $$## #
###  # $. #
##@  #.####
####.#    #
###########",11,11,6
86,61,20,"###########
# . .    ##
# ## #$  ##
# ## $.  ##
#   ###$###
#  #     ##
# ## $$## #
###  #.$. #
##@$ #.####
####.#    #
###########",11,11,7
87,0,6,"########
#      #
####   #
#@.$   #
##  # ##
##  ####
##     #
#    ###
# #   ##
#   ####
########",8,11,1
87,1,10,"########
#      #
####   #
#@.$   #
##  # ##
##  ####
##   . #
#    ###
# #$  ##
#   ####
########",8,11,2
87,2,12,"########
#  @   #
####   #
#      #
##  # ##
##$.####
##  .. #
#  $ ###
# #$  ##
#   ####
########",8,11,3
87,3,13,"########
#      #
####   #
#@.$   #
##. # ##
##  ####
##   . #
#   $###
# #$  ##
#   ####
########",8,11,3
87,4,16,"########
#.     #
#### $ #
# @  . #
##$ # ##
##  ####
##     #
#    ###
# #   ##
#   ####
########",8,11,2
87,6,21,"########
#.     #
#### $ #
# @. . #
##$ # ##
##.$####
##     #
#  $ ###
# #   ##
#   ####
########",8,11,4
87,8,22,"########
#+     #
#### $ #
#  . . #
##$ # ##
##.$####
##     #
#    ###
# #$  ##
#   ####
########",8,11,4
87,12,29,"########
#.     #
#### $ #
# @... #
##$ # ##
## $####
##$    #
#    ###
# #   ##
#   ####
########",8,11,4
87,19,35,"########
#.     #
#### $ #
# @... #
##$ # ##
## $####
##$  . #
#   $###
# #   ##
#   ####
########",8,11,5
87,23,36,"########
#.     #
#### $ #
#  .. @#
##$ #.##
## $####
##$  . #
#   $###
# #   ##
#   ####
########",8,11,5
87,40,38,"########
#.     #
#### $ #
#   ..@#
##$ #.##
## $####
##$  . #
#   $###
# #   ##
#   ####
########",8,11,5
87,42,40,"########
#.     #
#### $ #
#    .+#
##$ #.##
## $####
##$  . #
#   $###
# #   ##
#   ####
########",8,11,5
88,0,13,"##############
### ### @  ###
###   #### ###
#        $   #
#      ### ###
#### #     ###
#         .  #
##############",14,8,1
88,2,15,"##############
### ###    ###
###.  #### ###
#     .  $   #
#  .   ### ###
####$#   $ ###
#        @   #
##############",14,8,3
88,3,21,"##############
### ###    ###
###.  #### ###
#  .  .  $   #
#  .   ### ###
####$# $ $ ###
#        @   #
##############",14,8,4
88,6,27,"##############
### ###    ###
###   #### ###
# ..$ .  $   #
# ..  $### ###
#### # $ $ ###
#        @   #
##############",14,8,5
88,9,30,"##############
### ###    ###
###.  #### ###
#  . $. .$   #
# ..  $### ###
####$# $ $ ###
#        @   #
##############",14,8,6
88,10,33,"##############
###.###    ###
###.  #### ###
#  . $.  $   #
# ..  $### ###
####$# $ $ ###
#        @   #
##############",14,8,6
88,11,35,"##############
###.###    ###
###.  #### ###
#  . $.  $   #
#..   $### ###
####$# $ $ ###
#        @   #
##############",14,8,6
88,15,37,"##############
###.###    ###
###  .#### ###
#  . $   $   #
#..  .$### ###
####$# $ $ ###
#        @   #
##############",14,8,6
88,19,38,"##############
###.###    ###
### . #### ###
# $. $   $   #
#... .$### ###
####$# $ $ ###
#        @   #
##############",14,8,7
88,25,40,"##############
###.###    ###
###.. #### ###
# $. $   $   #
#...  $### ###
####$# $ $ ###
#        @   #
##############",14,8,7
88,31,41,"##############
###.###    ###
###.. #### ###
# $. $    $@ #
#...  $### ###
####$# $ $ ###
#            #
##############",14,8,7
89,0,7,"###########
##        #
##    #   #
##   ##   #
#  @#### ##
# #   #   #
####$  # ##
#.   #### #
# #   ### #
#         #
###########",11,11,1
89,2,9,"###########
##        #
##    #   #
##   ##   #
#   #### ##
# #  @#   #
####$  # ##
#    #### #
# #   ### #
#        .#
###########",11,11,1
89,4,11,"###########
##        #
##$   #   #
##   ##   #
# . #### ##
# #  @#   #
####$  # ##
#    #### #
# #   ### #
#        .#
###########",11,11,2
89,5,14,"###########
##        #
##$ $ #   #
##   ##   #
# ..#### ##
# #  @#   #
####$  # ##
#    #### #
# #   ### #
#        .#
###########",11,11,3
89,6,15,"###########
##        #
##$ $ # $ #
##   ## . #
# ..#### ##
# #  @#   #
####$  # ##
#    #### #
# #   ### #
#        .#
###########",11,11,4
89,8,16,"###########
##        #
##  $ # $ #
##   ## . #
# .*#### ##
# #  @#   #
####$  # ##
#    #### #
# #   ### #
#        .#
###########",11,11,4
89,10,17,"###########
##   .    #
##  $ # $ #
##   ## . #
# .$#### ##
# #  @#   #
####$  # ##
#    #### #
# #   ### #
#        .#
###########",11,11,4
89,12,19,"###########
##   .    #
##  $ # $ #
##   ## . #
# .$#### ##
# #  @#   #
####$  # ##
#   .#### #
# #$  ### #
#        .#
###########",11,11,5
89,13,20,"###########
##   .    #
##    # $ #
##   ##   #
# .$#### ##
# #  @#   #
####$  # ##
#   .#### #
# #$  ### #
#        .#
###########",11,11,4
89,15,23,"###########
## . .    #
## .$ #$$ #
##   ##   #
# .$####$##
# #  @# . #
####$  # ##
#    #### #
# #   ### #
#        .#
###########",11,11,6
89,18,24,"###########
## . .    #
## .$ #$$ #
##   ##   #
# .$####$##
# #  @# . #
####$  # ##
#    #### #
# #$. ### #
#        .#
###########",11,11,7
89,19,29,"###########
##   .    #
##. $ # $ #
##$  ##   #
# .$####.##
# #  @#   #
####$  # ##
#   .#### #
# #$  ### #
#        .#
###########",11,11,6
89,44,34,"###########
##   .  . #
##  $ # $ #
##$  ##   #
# .$####.##
# #@  #   #
####$  # ##
# $ .#### #
# #   ### #
#        .#
###########",11,11,6
89,54,35,"###########
##.  .    #
##. $ # $ #
##$  ##   #
# .$#### ##
# #@  #   #
####*  # ##
# $  #### #
# #   ### #
#        .#
###########",11,11,6
89,62,38,"###########
##.  ..   #
##  $ # $ #
##$  ##   #
# .$####$##
# #@  # . #
####$  # ##
# $ .#### #
# #   ### #
#        .#
###########",11,11,7
90,0,7,"########
#    # #
# #@ # #
# $  #.#
#      #
#   #  #
###### #
########",8,8,1
90,1,9,"########
#    # #
# #@ # #
# $ $#.#
#    . #
#   #  #
###### #
########",8,8,2
90,2,10,"########
#  . # #
# #. # #
# $  # #
# $ .$@#
#   #  #
###### #
########",8,8,3
90,3,12,"########
#  . # #
# #.$# #
# $. # #
# $ .$@#
#   #  #
###### #
########",8,8,4
90,6,17,"########
#  . #.#
# #.$# #
# $  # #
# $ .$ #
#   #@ #
###### #
########",8,8,4
90,9,18,"########
#  . #.#
# #.$# #
#  $ # #
# $ .$ #
#   #@ #
###### #
########",8,8,4
90,10,19,"########
#  . #.#
# #.$# #
# $  #.#
# $ $  #
#   #@ #
###### #
########",8,8,4
90,11,20,"########
#  . #.#
# # $# #
# $  # #
# $ .$.#
#   #@ #
###### #
########",8,8,4
90,14,22,"########
#  . #.#
# # $# #
# $  #.#
# $ $ .#
#   #@ #
###### #
########",8,8,4
90,16,23,"########
#    #.#
# # $# #
# $  #.#
# $ .$.#
#   #@ #
###### #
########",8,8,4
90,18,27,"########
#    #.#
# # $#.#
# $  #.#
# $  $.#
#   #@ #
###### #
########",8,8,4
90,21,28,"########
#    #.#
# # $#.#
#  $ #.#
# $  $.#
#   #@ #
###### #
########",8,8,4
90,42,29,"########
#    #.#
# #  #.#
#  $$#.#
# $  $.#
#   # @#
###### #
########",8,8,4
91,0,4,"########
## # ###
#    @##
## #   #
#   ## #
# # #  #
#    ###
# ##$  #
##.   ##
### ####
########",8,11,1
91,10,5,"########
## # ###
#    @##
## #   #
#   ## #
# #$#  #
#  . ###
# ##$  #
##.   ##
### ####
########",8,11,2
91,14,6,"########
## # ###
# .   ##
##$#   #
#@  ## #
# #$#  #
#  . ###
# ##$  #
##.   ##
### ####
########",8,11,3
91,16,7,"########
##.# ###
#     ##
##$#   #
#@  ## #
# #$#  #
#  . ###
# ##$  #
##.   ##
### ####
########",8,11,3
91,18,8,"########
##.# ###
#  $. ##
##$#   #
#@  ## #
# #$#  #
#  . ###
# ##$  #
##.   ##
### ####
########",8,11,4
91,22,9,"########
##.# ###
#  $. ##
##$#   #
#@  ## #
# #$#  #
#   .###
# ##$  #
##.   ##
### ####
########",8,11,4
91,38,10,"########
##.# ###
#  $ .##
##$#   #
#   ## #
# #$#  #
#@  .###
# ##$  #
##.   ##
### ####
########",8,11,4
92,0,14,"###########
#     # # #
#     # # #
#### ## # #
####  @   #
# $    #  #
#      ## #
### ###   #
##     #  #
##     ####
### #    ##
##  #   ###
#   # .  ##
###########",11,14,1
92,1,27,"###########
#     # # #
#     # # #
#### ## #@#
####  .   #
#    . #  #
# $    ## #
### ###   #
##     #  #
##     ####
### #    ##
##  #$  ###
#   #    ##
###########",11,14,2
92,2,30,"###########
#     # # #
#     # # #
#### ## #@#
####  .   #
#    . #  #
# $    ## #
### ###   #
##     #  #
##     ####
###.# $  ##
##  #$  ###
#   #    ##
###########",11,14,3
92,3,32,"###########
#     # # #
# $   # # #
#### ## # #
####  @   #
#    $ #  #
#   .  ## #
### ###   #
##  $  #  #
##    .####
### #    ##
##  #   ###
#   # .  ##
###########",11,14,3
92,4,43,"###########
#     # # #
#     # # #
####.## #@#
####  .   #
#    . #  #
# $  $ ## #
### ###   #
##     #  #
##     ####
### #    ##
##  #$  ###
#   #    ##
###########",11,14,3
92,5,45,"###########
#     # # #
#     # # #
#### ## # #
####  ..  #
#    . #  #
# $ $  ## #
### ###   #
##   @ #  #
##  $  ####
###.# $. ##
##  #$  ###
#   #    ##
###########",11,14,5
92,6,48,"###########
#     # # #
#     # # #
#### ## # #
####  ..  #
#    . #  #
# $ $  ## #
### ###   #
##   @ #  #
##  $ $####
###.# $. ##
##  #   ###
#   #    ##
###########",11,14,5
92,9,59,"###########
#     # # #
#     # # #
#### ## # #
####  ... #
#    . #  #
# $ $  ## #
### ### @ #
##     #  #
##   $ ####
###.# $  ##
##  #$  ###
#   #    ##
###########",11,14,5
92,13,65,"###########
#     # # #
#     # # #
#### ## # #
####  ... #
#    . #  #
# $ $@ ## #
### ###   #
##     #  #
##   $ ####
### # $  ##
##  #$  ###
#   #.   ##
###########",11,14,5
92,18,68,"###########
#     # # #
#     # # #
#### ## # #
####  ... #
#   $. #  #
# $ $@ ## #
### ###   #
##     #  #
##   $ ####
###.#    ##
##  #$  ###
#   #    ##
###########",11,14,5
92,20,72,"###########
#.    # # #
#     # # #
#### ## #.#
####   .. #
#      #  #
# $ $  ## #
### ###   #
##     #  #
##   $ ####
### # @  ##
##  #$  ###
#   #    ##
###########",11,14,4
92,24,73,"###########
#.    # # #
#    @# # #
#### ## #.#
####   .. #
#      #  #
# $  $ ## #
### ###   #
##     #  #
##   $ ####
### #    ##
##  #$  ###
#   #    ##
###########",11,14,4
92,28,74,"###########
#.   .#@# #
#     # # #
#### ## #.#
####    . #
#      #  #
# $$   ## #
### ###   #
##     #  #
##   $ ####
### #    ##
##  #$  ###
#   #    ##
###########",11,14,4
92,34,80,"###########
#.   .# # #
# @   # # #
#### ## #.#
####    . #
#      #  #
# $$$  ## #
### ###   #
##     #  #
##   $ ####
### #    ##
##  #   ###
#   #    ##
###########",11,14,4
92,41,81,"###########
#.   .# #@#
#     # #.#
#### ## # #
####    . #
#      #  #
# $$$  ## #
### ###   #
##     #  #
##   $ ####
### #    ##
##  #   ###
#   #    ##
###########",11,14,4
92,47,84,"###########
#.   .# # #
#     # #.#
#### ## #.#
####@     #
#      #  #
# $$ $ ## #
### ###   #
##     #  #
##   $ ####
### #    ##
##  #   ###
#   #    ##
###########",11,14,4
92,52,85,"###########
#.   .# # #
#     #.#.#
#### ##$#.#
####@     #
#      #  #
# $$ $ ## #
### ###   #
##     #  #
##   $ ####
### #    ##
##  #   ###
#   #    ##
###########",11,14,5
92,63,86,"###########
#.  @ # # #
#     #.#.#
#### ##$#.#
####     .#
#      #  #
# $$ $ ## #
### ###   #
##     #  #
##   $ ####
### #    ##
##  #   ###
#   #    ##
###########",11,14,5
93,0,16,"##############
##.          #
##  @#   #####
##  ### ##   #
#    ##   ## #
#   # # # ## #
#####        #
#       ######
# # $#  ###  #
#            #
##############",14,11,1
93,1,25,"##############
##         . #
##   #   #####
##  ### ##   #
#  @ ##   ## #
#   # # # ## #
#####      . #
# $     ######
# # $#  ###  #
#            #
##############",14,11,2
93,2,29,"##############
##         . #
##   #   #####
## $###.##   #
#  @ ##   ## #
#   # # # ## #
#####      . #
# $     ######
# # $#  ###  #
#            #
##############",14,11,3
93,4,35,"##############
##.        . #
##   #   #####
##  ### ##   #
#  @ ##.  ## #
#   # # # ## #
#####  $     #
# $     ######
# # $#  ###  #
#            #
##############",14,11,3
93,5,37,"##############
##         . #
##   #   #####
## $###.##   #
#    ##.  ## #
#   # # # ## #
#####      . #
# $  @  ######
# #$$#  ###  #
#            #
##############",14,11,4
93,6,41,"##############
##  .      . #
##   #   #####
## $###.##   #
#    ##   ## #
#   # # # ## #
#####      . #
# $ $@  ######
# # $#  ###  #
#            #
##############",14,11,4
93,7,45,"##############
##  .      . #
##   #   #####
## $###.##   #
#    ##   ## #
#   # # # ## #
##### $   .. #
# $ $@  ######
# # $#  ###  #
#            #
##############",14,11,5
93,9,50,"##############
##  .     .. #
##   #   #####
## $###.##   #
#    ##   ## #
#   # # # ## #
##### $    . #
# $ $   ######
# # $#  ###  #
# @          #
##############",14,11,5
93,13,55,"##############
##  .     .. #
##$. #   #####
##  ###.##   #
#    ##   ## #
#   # # # ## #
##### $    . #
# $ $  $######
# # $#  ###  #
# @          #
##############",14,11,6
93,14,57,"##############
##  . @   .. #
##$. #   #####
##  ###.##   #
#    ##   ## #
#   # # # ## #
##### $    . #
# $ $  $######
# # $#  ###  #
#            #
##############",14,11,6
93,18,61,"##############
##. .      . #
##$. #   #####
##  ###.##   #
#    ##   ## #
#   # #.# ## #
##### $    . #
# $ $  $######
# # $#$ ###  #
# @          #
##############",14,11,7
93,19,62,"##############
##  .     .. #
##$. # . #####
##  ###.##   #
#    ##   ## #
#   # #$# ## #
#####   $@ . #
# $ $  $######
# # $#  ###  #
#            #
##############",14,11,7
93,20,65,"##############
##  . @   .. #
##$. # * #####
##  ###.##   #
#    ##   ## #
#   # # # ## #
##### $ $  . #
# $ $   ######
# # $#  ###  #
#            #
##############",14,11,7
93,22,67,"##############
##  .   . ..@#
##$. # $ #####
##  ###.##   #
#    ##   ## #
#   # # # ## #
##### $ $  . #
# $ $   ######
# # $#  ###  #
#            #
##############",14,11,7
93,26,69,"##############
##      . ...#
##$. # $ #####
##  ###.##   #
#    ##   ## #
#@  # # # ## #
##### $ $  . #
# $ $   ######
# # $#  ###  #
#            #
##############",14,11,7
93,30,71,"##############
##  ..  . .. #
##$. # $ #####
##  ### ##   #
#    ##   ## #
#@  # # # ## #
##### $ $  . #
# $ $   ######
# # $#  ###  #
#            #
##############",14,11,7
93,33,72,"##############
## .      ...#
##$. # $ #####
##  ###.##   #
#    ##   ## #
#@  # # # ## #
##### $ $  . #
# $ $   ######
# # $#  ###  #
#            #
##############",14,11,7
93,40,73,"##############
## .      ...#
##$. # $ #####
## @###.##   #
#    ##   ## #
#   # # # ## #
##### $ $  . #
#   $   ######
# # $#$ ###  #
#            #
##############",14,11,7
93,51,74,"##############
##..      . .#
##$ .# $ #####
## @###.##   #
#    ##   ## #
#   # # # ## #
##### $ $  . #
# $ $   ######
# # $#  ###  #
#            #
##############",14,11,7
93,52,75,"##############
##..       ..#
##$ .# $ #####
## @###.##   #
#    ##   ## #
#   # # # ## #
##### $ $  . #
# $ $   ######
# # $#  ###  #
#            #
##############",14,11,7
93,59,77,"##############
##..       ..#
##$ .# $ #####
##  ###.##   #
#  @ ##   ## #
#   # # # ## #
#####   $  . #
# $    $######
# #$$#  ###  #
#            #
##############",14,11,7
93,64,82,"##############
##..      ...#
##$ .# $ #####
##  ### ##   #
#  @ ##   ## #
#   # # # ## #
#####   $  . #
# $    $######
# #$$#  ###  #
#            #
##############",14,11,7
94,0,9,"###########
### ##  ###
## @#   ###
#   #   $ #
#         #
##. #######
###       #
###########",11,8,1
94,1,11,"###########
### ##  ###
## @#   ###
#   #$  $ #
#   .     #
##. #######
###       #
###########",11,8,2
94,2,17,"###########
### ##  ###
## .#  $###
# . #  $  #
# $.      #
##  #######
### @     #
###########",11,8,3
94,3,20,"###########
###.##  ###
## .#  $###
#   #  $  #
# $.      #
##  #######
### @     #
###########",11,8,3
94,5,28,"###########
### ##  ###
## .#  $###
# ..#  $  #
#   $     #
##  #######
### @     #
###########",11,8,3
94,6,29,"###########
### ##  ###
## .#  $###
# . #  $  #
#   $     #
##  #######
###.@     #
###########",11,8,3
94,17,30,"###########
### ##  ###
## .#  $###
# . # $   #
#   $     #
##  #######
###.@     #
###########",11,8,3
94,18,31,"###########
### ##  ###
## .#  $###
# ..#  $  #
#   $     #
## $#######
###.    @ #
###########",11,8,4
94,21,32,"###########
### ##  ###
## .#   ###
#   # $$  #
#   $     #
## .#######
###.    @ #
###########",11,8,3
94,34,33,"###########
###.##  ###
##  #   ###
#   # $$  #
#   $     #
## .#######
###+      #
###########",11,8,3
94,47,36,"###########
###.##  ###
## .#   ###
# @ # $$  #
# $ $     #
## .#######
###.      #
###########",11,8,4
95,0,13,"##############
#      #### ##
# ## #$  #   #
# ##      # ##
# ###        #
#  ###@#   # #
#   #  ##    #
# #   #     ##
# #   # #  ###
# #   #.    ##
##############",14,11,1
95,1,14,"##############
#      #### ##
# ## #   #   #
# ##      # ##
# ###        #
#  ###$# $ # #
# @ #  ##    #
# #   #     ##
# #   # # .###
# #   #  .  ##
##############",14,11,2
95,2,20,"##############
#      #### ##
# ## #   #   #
# ## $    # ##
# ###        #
#  ###$#   # #
# @ #  ##    #
# #   #     ##
# #   # # .###
# #   #  .  ##
##############",14,11,2
95,3,22,"##############
#      #### ##
# ## # $ #   #
# ## $.   # ##
# ###        #
#  ###$#   # #
# @ #  ##    #
# #   #     ##
# #   # # .###
# #   #  .  ##
##############",14,11,3
95,4,27,"##############
#      #### ##
# ## #   #   #
# ## $ $  # ##
# ###        #
#  ###$#   # #
# @ #  ##  . #
# #   #     ##
# #   # # .###
# #   #  .  ##
##############",14,11,3
95,5,31,"##############
#      #### ##
# ## #   #   #
# ## $ $  # ##
# ### $      #
#  ###$# . # #
# @ #  ##  . #
# #   #     ##
# #   # # .###
# #   #  .  ##
##############",14,11,4
95,7,34,"##############
#      #### ##
# ## # $ #   #
# ## $    # ##
# ###     @  #
#  ###$# $ # #
#   #  ##    #
# #   #   ..##
# #   # # .###
# #   #  .  ##
##############",14,11,4
95,8,41,"##############
#      #### ##
# ## #$  #   #
# ## $ $. # ##
# ### $    $ #
#  ###$# . # #
# @ #  ##  . #
# #   #  .  ##
# #   # # .###
# #   #  .  ##
##############",14,11,6
95,11,47,"##############
#      #### ##
# ## #$  #   #
# ## $ $. # ##
# ### $    $ #
#  ###$# $ # #
# @ #  ##  . #
# #   # ..  ##
# #   # #..###
# #   #  .  ##
##############",14,11,7
95,15,50,"##############
#      #### ##
# ## #$  #   #
# ## $ $  # ##
# ### $    $ #
#  ###$#   # #
# @ #  ##  . #
# #   # ..  ##
# #   # #..###
# #   #  .  ##
##############",14,11,6
95,16,56,"##############
#      #### ##
# ## #$  #   #
# ## $ $  # ##
# ### $    $ #
#  ###$# $ # #
# @ #  ##  . #
# #   # ..  ##
# #   # #..###
# #   #  . .##
##############",14,11,7
95,19,62,"##############
#      #### ##
# ## #$  #   #
# ## $ $$ # ##
# ### $    $ #
#  ### #   # #
# @ #  ##  . #
# #   # ..  ##
# #   # #..###
# #   #  .  ##
##############",14,11,6
95,21,63,"##############
#      #### ##
# ## #$  #   #
# ## $ $$ # ##
# ### $    $ #
#  ### #   # #
#   #  ##  . #
#@#   #...  ##
# #   # # .###
# #   #  .  ##
##############",14,11,6
95,22,65,"##############
# @    #### ##
# ## #$  #   #
# ## $ $$ # ##
# ### $    $ #
#  ### #   # #
#   #  ##  . #
# #   #  .  ##
# #   # #..###
# #   #  . .##
##############",14,11,6
95,26,67,"##############
# @    #### ##
# ## #$  #   #
# ## $ $$ # ##
# ### $    $ #
#  ### #   # #
#   #  ##  . #
# #   #    .##
# #   # #..###
# #   #  . .##
##############",14,11,6
95,28,69,"##############
#      #### ##
# ## #$  #   #
# ## $ $$ # ##
#@### $    $ #
#  ### #   # #
#   #  ##  . #
# #   # $ ..##
# #   # #..###
# #   #  . .##
##############",14,11,7
95,35,72,"##############
#      #### ##
# ## #$  #   #
# ## $ $$ # ##
# ### $    $ #
#  ### #   # #
#   #  ##$ . #
# #  @#    .##
# #   # #..###
# #   #. . .##
##############",14,11,7
95,38,73,"##############
#      #### ##
# ## #$  #   #
# ## $ $$ # ##
# ### $    $ #
#  ### #   # #
#   #  ##$ . #
# #  @#     ##
# #   # #..###
# #   #... .##
##############",14,11,7
95,49,74,"##############
#      #### ##
# ## #$  #   #
# ## $ $$ # ##
# ### $    $ #
#  ### #   # #
#   #  ##$ ..#
# #   #    .##
# #   # # .###
# #@  #.  ..##
##############",14,11,7
95,58,75,"##############
#      #### ##
# ## #$  #   #
# ## $ $$ # ##
# ### $    $ #
#  ### #   # #
#@  #  ##$  .#
# #   #.   .##
# #   # #  ###
# #   #... .##
##############",14,11,7
95,63,76,"##############
#      #### ##
# ## #$  #   #
# ## $ $$ # ##
# ### $    $ #
#  ### #   # #
#   #  ##$  .#
# #   #.   .##
# #   # #  ###
# #@  #.. ..##
##############",14,11,7
96,0,11,"##############
#### ## # ####
##   ## # @# #
#       #    #
## ##   $ # ##
#   #  #     #
##.##  ## # ##
##############",14,8,1
96,2,15,"##############
#### ## # ####
##   ##.#  # #
#     $ #    #
## ##$    # ##
# . #  # @   #
## ##  ## # ##
##############",14,8,2
96,3,16,"##############
#### ## # ####
##   ##.#  # #
#     $.#    #
## ##$    # ##
#   #  # @   #
## ##  ## # ##
##############",14,8,2
96,4,19,"##############
#### ## # ####
##   ##.#  # #
#     $.#    #
## ##$   $# ##
#   #  # @ . #
## ##  ## # ##
##############",14,8,3
96,5,21,"##############
#### ##.# ####
##   ##.#  # #
#     $ #    #
## ##$   $# ##
#   #  # @ . #
## ##  ## # ##
##############",14,8,3
96,9,25,"##############
#### ## # ####
##   ##.#  # #
#     $ #    #
## ##$  $ # ##
# . #  # @ . #
## ##  ## # ##
##############",14,8,3
96,15,26,"##############
#### ## # ####
##   ##.# @# #
#    $  #    #
##$##   $ # ##
#   # $#   ..#
##.##  ## # ##
##############",14,8,4
96,16,27,"##############
#### ## # ####
##   ##.#  # #
#     $ #.   #
## ##$  $ # ##
# . #  # $ . #
## ##  ##@# ##
##############",14,8,4
96,19,30,"##############
#### ## # ####
##   ##.#  # #
#     $.#.$  #
##$##$  $@# ##
# . #  #   . #
## ##  ## # ##
##############",14,8,5
96,30,33,"##############
#### ## # ####
##   ##.#  # #
#     $.# $  #
##$##$  $ # ##
# . #  #   . #
## ##  ##@#.##
##############",14,8,5
96,41,34,"##############
#### ## # ####
##   ##.#  # #
# $   $.# $  #
## ##$  $ # ##
# . #  #   . #
## ##  ##@#.##
##############",14,8,5
97,0,10,"##############
#   @### #   #
# #  ##      #
# $    # #   #
# #       ## #
# # #    .## #
# # ## ###   #
##############",14,8,1
97,1,15,"##############
#    ### #   #
# #  ## .    #
#    $ # #   #
# # $   . ## #
# # #     ##@#
# # ## ###   #
##############",14,8,2
97,3,22,"##############
#    ### #   #
# #$ ## .    #
#    $ # #   #
# # $   . ## #
# # #  .  ## #
# # ## ###  @#
##############",14,8,3
97,6,24,"##############
#    ### #   #
# #$ ## .    #
#  $ $ # #   #
# # $  .  ## #
# # #  .  ## #
# #.## ###  @#
##############",14,8,4
97,8,26,"##############
#    ### #   #
# #$ ## .    #
#  $ $ # #   #
# # $ ..$ ## #
# # #  .  ## #
# #.## ###  @#
##############",14,8,5
97,11,27,"##############
#    ### #   #
# #$ ## .    #
#  $ $ # #  @#
# # $  .. ## #
# # #  .$ ## #
# #.## ###   #
##############",14,8,5
97,12,31,"##############
#    ### #   #
# #$@## .    #
#   $$ # #   #
# # $  .. ## #
# #.#  .$ ## #
# # ## ###   #
##############",14,8,5
97,13,33,"##############
#@   ### #   #
# #$ ## .    #
#  $ $ # #   #
# # $  .. ## #
# # #  .$ ## #
# #.## ###   #
##############",14,8,5
97,14,36,"##############
#@   ### #   #
# #$ ## .$   #
#  $ $ # # . #
# # $  .. ## #
# # #  .$ ## #
# #.## ###   #
##############",14,8,6
97,18,37,"##############
#@   ### #   #
# #$ ## .$   #
#   $$ # # . #
# # $  .. ## #
# # # $.  ## #
# #.## ###   #
##############",14,8,6
97,21,38,"##############
#    ### #   #
# #$ ## .$   #
#   $$ # # . #
# #@$  .  ## #
# # # $.. ## #
# #.## ###   #
##############",14,8,6
97,22,39,"##############
#@   ### #   #
# #$ ## .$   #
#  $ $ # #   #
# #$$  .. ##.#
# #.#  .$ ## #
# #.## ###   #
##############",14,8,7
97,27,41,"##############
#    ### #   #
# #$ ## .$   #
#  $ $ # #   #
# #$$  .. ## #
# #.#  .$ ## #
#@#.## ###  .#
##############",14,8,7
97,40,43,"##############
#    ### #   #
#@#$$## .$   #
#  $ $ # #   #
# #$   .. ## #
# #.#  .$ ## #
# #.## ###  .#
##############",14,8,7
97,45,44,"##############
#    ### #   #
#@#$$## .$   #
#  $ $ # #   #
# #$   .. ## #
# #.#  *  ## #
# #.## ###  .#
##############",14,8,7
97,47,48,"##############
#    ###.#   #
#@#$$## .$   #
#  $ $ # #   #
# #$    . ## #
# #.#  *  ## #
# #.## ###  .#
##############",14,8,7
98,0,17,"########
#    ###
###   ##
###$   #
#  @####
#   # ##
#   # .#
### #  #
### #  #
#   #  #
#      #
# #    #
#   ####
########",8,14,1
98,1,26,"########
#    ###
###   ##
###    #
# $$####
#   # ##
#   #  #
### #  #
### #  #
#   #  #
# . .  #
# #@   #
#   ####
########",8,14,2
98,2,28,"########
#    ###
###$  ##
###    #
#   ####
# $ # ##
#   #  #
###$#  #
### #. #
#   #  #
# .   @#
# #.   #
#   ####
########",8,14,3
98,3,43,"########
#    ###
###   ##
###    #
# $$####
#   # ##
#   #  #
### #. #
### #  #
# $ #  #
# . .  #
# #@   #
#   ####
########",8,14,3
98,5,56,"########
#    ###
###   ##
###    #
# $$####
#@  # ##
# $ #. #
### #. #
### #  #
# $ #  #
# . .  #
# #    #
#   ####
########",8,14,4
98,6,59,"########
#    ###
###   ##
###    #
# $$####
#@  # ##
# $ #. #
### #. #
### #  #
# $ #  #
# . .$ #
# #  . #
#   ####
########",8,14,5
98,7,62,"########
#    ###
###   ##
###    #
# $$####
#@  # ##
# $ #  #
### #. #
### #  #
# $ #  #
# . .  #
# #. $ #
#.  ####
########",8,14,5
98,8,65,"########
#    ###
###   ##
###    #
# $$####
#@  # ##
# $ #. #
###$#. #
### #  #
# $ #  #
# . .$ #
# #. . #
#   ####
########",8,14,6
98,11,71,"########
#    ###
###   ##
###    #
# $$####
#@  #.##
# $ #. #
###$#. #
### #  #
# $ #  #
# . .$ #
# #  . #
#   ####
########",8,14,6
98,15,72,"########
#    ###
###   ##
###    #
# $$####
#@  #.##
# $ #. #
###$#  #
### #  #
# $ #  #
#.. .$ #
# #  . #
#   ####
########",8,14,6
98,24,73,"########
#    ###
###   ##
###    #
# $$####
#  @#.##
# $ #. #
###$#. #
### #  #
# $ #  #
# . $  #
# #  . #
#.  ####
########",8,14,6
98,25,75,"########
#    ###
###   ##
###    #
# $$####
#  @#.##
# $ #. #
###$#. #
### #  #
# $ #  #
# . *  #
# #    #
#.  ####
########",8,14,6
98,27,77,"########
#    ###
###   ##
###    #
# $$####
#  @#.##
# $ #. #
###$#$ #
### #  #
# $ #  #
#.. $  #
# # .. #
#.  ####
########",8,14,7
98,35,80,"########
#    ###
###   ##
###    #
# $$####
#  @#.##
# $ #..#
###$#..#
### #  #
# $ #  #
#   $  #
# #   .#
#   ####
########",8,14,6
99,0,9,"########
#      #
#### . #
#      #
# ##  ##
# #  ###
# ##  ##
#    @ #
## $ # #
###    #
########",8,11,1
99,1,16,"########
#      #
####   #
# $ $  #
# ##  ##
# #  ###
# ##  ##
#    . #
##@  # #
###   .#
########",8,11,2
99,2,17,"########
#  @.  #
#### $ #
# .  . #
# ##  ##
# #  ###
# ##  ##
#  $   #
## $ # #
###    #
########",8,11,3
99,3,21,"########
#  @.  #
####   #
# ..   #
# ##  ##
# #  ###
# ##  ##
#  $$  #
## $ # #
###    #
########",8,11,3
99,5,25,"########
#      #
####   #
# ..   #
# ## .##
# #  ###
#@##  ##
#  $$  #
## $ # #
###    #
########",8,11,3
99,6,26,"########
#   .  #
#### $ #
# ...$ #
# ##  ##
# # .###
#@##  ##
#  $$  #
## $ # #
###    #
########",8,11,5
99,11,28,"########
#   .  #
#### $ #
# .*.  #
# ##  ##
# # .###
#@##  ##
#  $$  #
## $ # #
###    #
########",8,11,5
99,16,29,"########
#   .  #
####   #
# ...$ #
# ##$ ##
# # .###
# ##@ ##
#   $  #
## $$# #
###    #
########",8,11,5
99,30,30,"########
#   .  #
#### $ #
# *..  #
# ##  ##
# # .###
#@##  ##
#  $   #
## $$# #
###    #
########",8,11,5
99,33,32,"########
#   .  #
#### $ #
#.* .  #
# ##  ##
# # .###
#@##  ##
#  $   #
## $$# #
###    #
########",8,11,5
99,41,33,"########
#   .  #
#### $ #
#.* .  #
# ##  ##
#@# .###
# ##  ##
# $    #
## $$# #
###    #
########",8,11,5
99,46,34,"########
#.     #
#### $ #
#.* .  #
# ##  ##
#@# .###
# ##  ##
# $    #
## $$# #
###    #
########",8,11,5
99,59,35,"########
#.     #
#### $ #
#.* .  #
# ##. ##
#@#  ###
# ##  ##
# $    #
## $$# #
###    #
########",8,11,5
100,0,9,"########
####  ##
#    ###
#  $  ##
####   #
#      #
#   @  #
#   #  #
### # .#
### #  #
########",8,11,1
100,1,12,"########
####  ##
#    ###
#   $ ##
####   #
#   $  #
#  @   #
#  .#  #
### #. #
### #  #
########",8,11,2
100,2,15,"########
####  ##
#    ###
#   $ ##
####$  #
#      #
#  @$  #
#  .#. #
###.#  #
### #  #
########",8,11,3
100,3,17,"########
####.@##
#   .###
# $   ##
#### . #
#      #
#   $  #
#   #  #
### #$ #
### #  #
########",8,11,3
100,4,19,"########
####.@##
#   .###
# $ $ ##
####   #
#   $  #
#  .   #
#  .#  #
### #$ #
### #  #
########",8,11,4
100,6,24,"########
####.@##
#   .###
# .   ##
#### . #
#  $ $ #
#   $$ #
#  .#  #
### #$ #
### #  #
########",8,11,5
100,8,26,"########
####.@##
# $ .###
# ..  ##
#### . #
#  $ $ #
#   $$ #
#  .#  #
### #$ #
### #  #
########",8,11,6
100,10,28,"########
####.@##
# $ .###
# ..  ##
#### . #
#  $ $ #
#  $$$ #
#  .#  #
###.#$ #
### #  #
########",8,11,7
100,13,32,"########
####. ##
#   .###
# ..  ##
#### . #
#  $ $ #
#  $$$ #
#   #  #
###.#$@#
### #  #
########",8,11,6
100,15,34,"########
####.@##
#   .###
# ... ##
####   #
#  $ $ #
#   $$ #
# $ #  #
###.#$ #
### #  #
########",8,11,6
100,20,35,"########
####. ##
#@  .###
# ... ##
####   #
#  $ $ #
#   $$ #
# $ #  #
### #$ #
###.#  #
########",8,11,6
100,26,36,"########
####  ##
#   .###
#+... ##
####   #
#  $$$ #
#    $ #
# $ #  #
###.#$ #
### #  #
########",8,11,6
100,33,37,"########
####  ##
# .$+###
#.... ##
####   #
#  $$$ #
#    $ #
# $ #  #
###.#$ #
### #  #
########",8,11,7
100,41,38,"########
####  ##
# .$+###
#.... ##
####   #
#  $$$ #
#    $ #
# $ #  #
### #$ #
###.#  #
########",8,11,7
100,46,40,"########
####. ##
# .$.###
#.+.  ##
####   #
#  $$$ #
#    $ #
# $ #  #
### #$ #
###.#  #
########",8,11,7
100,67,41,"########
####. ##
#. $.###
#...@ ##
####   #
#  $$$ #
#    $ #
# $ #  #
### #$ #
###.#  #
########",8,11,7
101,0,17,"##############
###   .@  ####
## # #   ##  #
#  #    ##   #
#    #       #
# # ### #  ###
#    #     ###
####   ### ###
# #  # $   ###
#            #
## #  ##  ## #
#### ###    ##
#     ##   ###
##############",14,14,1
101,1,27,"##############
###       ####
##@# #   ##  #
#  #.   ##   #
#    #   .   #
# # ### #  ###
#    #     ###
####   ###$###
# #  #     ###
#            #
## #  ##  ## #
#### ###$   ##
#     ##   ###
##############",14,14,2
101,2,30,"##############
###   .@  ####
## # #   ##  #
#  # .  ##   #
#    #       #
# # ### #  ###
#    #     ###
####   ###$###
# #  # $   ###
#            #
## #  ##  ## #
#### ###    ##
#     ##   ###
##############",14,14,2
101,3,32,"##############
### .  @  ####
## # #   ##  #
#  # .  ##   #
#    #       #
# # ### #  ###
#    #     ###
####   ###$###
# #  # $   ###
#            #
## #  ##  ## #
#### ###    ##
#     ##   ###
##############",14,14,2
101,4,48,"##############
###   .@  ####
## # #   ##  #
#  # .  ##   #
#    #       #
# # ### #  ###
#    #  .  ###
####   ###$###
# #  # $   ###
#    $       #
## #  ##  ## #
#### ###    ##
#     ##   ###
##############",14,14,3
101,5,58,"##############
###   .@  ####
## # #   ##  #
#  # .  ##   #
#    #       #
# # ### # $###
#    #  .. ###
####   ###$###
# #  # $   ###
#    $       #
## #  ##  ## #
#### ###    ##
#     ##   ###
##############",14,14,4
101,9,59,"##############
###   .   ####
## # #   ##  #
#  #.   ##   #
#    #       #
# #@### # $###
#    #  .. ###
####   ###$###
# #  # $   ###
#    $       #
## #  ##  ## #
#### ###    ##
#     ##   ###
##############",14,14,4
101,11,67,"##############
###   .   ####
## # #   ##  #
#  # .  ##   #
#    #       #
# # ### #  ###
#    #  +. ###
####   ###$###
# #  #$$   ###
#    $       #
## #  ##  ## #
#### ###    ##
#     ##   ###
##############",14,14,4
101,13,68,"##############
###   .   ####
## # #  .##  #
#  # .  ##   #
#    #       #
# # ### #  ###
#    #  +  ###
####   ###$###
# #  #$    ###
#    $       #
## #  ## $## #
#### ###    ##
#     ##   ###
##############",14,14,4
101,17,73,"##############
###   .   ####
## # #   ##  #
#  # .  ##   #
#    #       #
# # ### #  ###
# @  #  .. ###
####   ### ###
# #  #$$   ###
#    $       #
## #  ##  ## #
#### ###$   ##
#     ##   ###
##############",14,14,4
101,20,78,"##############
###   .   ####
## # #   ##  #
#  # .  ##   #
#    #       #
# # ### #  ###
#    #  .. ###
####   ### ###
# # $#$    ###
#    $       #
## #  ##  ## #
#### ###$   ##
# @   ##   ###
##############",14,14,4
101,24,82,"##############
###   .   ####
## # #   ##  #
#  # .  ##   #
#    #       #
# # ### #  ###
#    #  .. ###
####   ### ###
# # $#$    ###
#    $  $    #
## #  ##  ## #
#### ###    ##
#    @##   ###
##############",14,14,4
101,27,84,"##############
###   .   ####
## # #   ##  #
#  # .  ##   #
#    #       #
# # ### #  ###
#    #  .. ###
####   ### ###
# #  #$    ###
#    $  $    #
## #$ ##  ## #
#### ###    ##
#    @##   ###
##############",14,14,4
101,41,87,"##############
###   .   ####
## #.#   ##  #
#  # .  ##   #
#    #       #
# # ### #  ###
#    #  .  ###
####   ### ###
# #  #$    ###
#    $  $    #
## #$ ##  ## #
#### ###    ##
#    @##   ###
##############",14,14,4
101,55,91,"##############
###.  .   ####
## #.#   ##  #
#  # .  ##   #
#    #       #
# # ### #  ###
#    #     ###
####   ### ###
# #  #$    ###
#    $  $    #
## #$ ##  ## #
#### ###    ##
#    @##   ###
##############",14,14,4
102,0,11,"##############
#   .       ##
#### # #    ##
# @   $##   ##
###    ##  ###
###  # #    ##
#   ###   ####
##############",14,8,1
102,1,14,"##############
#        .  ##
####$# #    ##
#     .##   ##
### $  ## @###
###  # #    ##
#   ###   ####
##############",14,8,2
102,3,15,"##############
#   .       ##
#### # # $  ##
# @   $##   ##
###    ## $###
###  # # .. ##
#   ###   ####
##############",14,8,3
102,4,17,"##############
#   .       ##
####.# # $  ##
# @   $##   ##
### $  ## $###
###  # # .. ##
#   ###   ####
##############",14,8,4
102,5,19,"##############
#   .       ##
#### # #    ##
# @$  $## $ ##
### .  ## $###
###  # # .. ##
#   ###   ####
##############",14,8,4
102,6,21,"##############
#  ..       ##
####.# # $  ##
#     $##   ##
### $  ## $###
###  # #  + ##
#   ###   ####
##############",14,8,4
102,8,23,"##############
#  ..       ##
####.# # $ .##
#     $##   ##
### $  ## $###
###  # #  @ ##
#   ###   ####
##############",14,8,4
102,9,25,"##############
#  ..       ##
####*# # $ .##
#     $##   ##
###    ## $###
###  # #  @ ##
#   ###   ####
##############",14,8,4
102,16,28,"##############
#  ..       ##
####*# # $ .##
#     $##$  ##
###    ##.$###
###  # #    ##
#   ###  @####
##############",14,8,5
102,17,29,"##############
#  ..       ##
####*# # $..##
#     $##$  ##
###    ## $###
###  # # @  ##
#   ###   ####
##############",14,8,5
102,18,33,"##############
#. ..       ##
####$# # $..##
#     $##$  ##
###    ## $###
###  # # @  ##
#   ###   ####
##############",14,8,5
102,21,34,"##############
#. ..       ##
####$# # $..##
# .$  $##$  ##
###    ## $###
###  # # @  ##
#   ###   ####
##############",14,8,6
102,22,40,"##############
#. ..  .    ##
####$# # $  ##
#  .  $##$  ##
###    ## $###
###  # # @  ##
#   ###   ####
##############",14,8,5
102,31,41,"##############
#...        ##
####$# # $ .##
#.    $##$  ##
###    ## $###
###  # # @  ##
#   ###   ####
##############",14,8,5
102,33,42,"##############
#...        ##
####$#.# $ .##
#.$   $##$  ##
###    ## $###
###  # # @  ##
#   ###   ####
##############",14,8,6
102,42,43,"##############
#...     .  ##
####$#.# $  ##
#.$   $##$  ##
###    ## $###
###  # # @  ##
#   ###   ####
##############",14,8,6
102,45,47,"##############
#....       ##
####$# # $  ##
#.    $##$  ##
###    ## $###
###  # #@   ##
#   ###   ####
##############",14,8,5
102,46,48,"##############
#....       ##
####$# # $  ##
#..$  $##$  ##
###    ## $###
###  # #@   ##
#   ###   ####
##############",14,8,6
103,0,8,"########
#   ####
#  #   #
# ##$ @#
#     ##
# #   ##
####  ##
#.     #
###    #
### ####
########",8,11,1
103,1,11,"########
#   ####
#  #   #
# ##$ @#
#     ##
# #   ##
####  ##
#.   $ #
###.   #
### ####
########",8,11,2
103,3,13,"########
#   ####
#  #   #
# ##$ @#
#    $##
# # . ##
####  ##
#.   $ #
###.   #
### ####
########",8,11,3
103,4,15,"########
#   ####
#  #   #
# ##   #
#     ##
# # $$##
####  ##
#.    @#
###.   #
### ####
########",8,11,2
103,6,17,"########
#   ####
#  #   #
# ##$$@#
#    $##
# # . ##
#### .##
#.  $$ #
###..  #
### ####
########",8,11,5
103,7,20,"########
#   ####
#  #   #
# ##$$@#
#    $##
# # . ##
####  ##
#.  $$ #
###.. .#
### ####
########",8,11,5
103,9,22,"########
#   ####
#  #   #
# ##$$@#
#.   $##
# #   ##
####  ##
#.  $$ #
###.. .#
### ####
########",8,11,5
103,11,25,"########
#   ####
#  #   #
# ##$$@#
#    $##
# #   ##
####  ##
#.  $$ #
###.. .#
###.####
########",8,11,5
103,14,28,"########
#   ####
#  #   #
# ##$ @#
#..  $##
# #   ##
####  ##
#..$$$ #
###   .#
### ####
########",8,11,5
103,16,31,"########
#   ####
#  #   #
# ##$ @#
#..$ $##
# #   ##
####  ##
#..$$$ #
### . .#
### ####
########",8,11,6
103,22,33,"########
#   ####
#  #   #
# ##$ @#
#..$ $##
# # $ ##
####  ##
#..$ $ #
### . .#
### ####
########",8,11,6
103,55,34,"########
#   ####
#  #@  #
# ##$$ #
#..$  ##
# # $ ##
####  ##
#..$ $ #
### . .#
### ####
########",8,11,6
103,56,36,"########
#   ####
#  #@  #
# ##$$ #
#..  $##
# # $ ##
####  ##
#..$ $ #
### . .#
### ####
########",8,11,6
104,0,14,"###########
# #     ###
# #@  #  ##
# #. ######
#     ### #
#### #### #
#     #   #
# ##  $   #
##   # ## #
###    ## #
###########",11,11,1
104,1,21,"###########
# #     ###
# #   #  ##
# #  ######
# @. .### #
#### #### #
#     #   #
# ##   $  #
##  $# ## #
###    ## #
###########",11,11,2
104,3,24,"###########
# #     ###
# #@$ #  ##
# #..######
#  .$ ### #
#### #### #
#     #   #
# ##  $   #
##   # ## #
###    ## #
###########",11,11,3
104,5,28,"###########
# #     ###
# # $ #  ##
# #..######
#  .$ ### #
#### #### #
#     #@  #
# ##  $   #
##   # ## #
###    ## #
###########",11,11,3
104,8,29,"###########
# #     ###
# # $ #  ##
# #..######
#  .$ ### #
#### #### #
#  .$ #@  #
# ##  $   #
##   # ## #
###    ## #
###########",11,11,4
104,10,30,"###########
# #     ###
# # $ #  ##
# #..######
#  .  ### #
#### #### #
#   $ #@  #
# ##  $   #
##   # ## #
###    ## #
###########",11,11,3
104,11,32,"###########
# #   . ###
# # $ #  ##
# #. ######
#  .$ ### #
#### #### #
#     #  @#
# ##  $   #
##   # ## #
###    ## #
###########",11,11,3
104,13,33,"###########
# #   . ###
# # $ #  ##
# #. ######
#  .$ ### #
#### #### #
# .$  #  @#
# ##  $   #
##   # ## #
###    ## #
###########",11,11,4
104,20,34,"###########
# #   . ###
# # $ #  ##
# #. ######
#  .  ### #
####$#### #
# .   #   #
# ## $ $  #
##   # ## #
### @  ## #
###########",11,11,4
104,29,38,"###########
# #   . ###
# # $ #  ##
# #. ######
#  .  ### #
####$#### #
# .   #   #
# ##   $  #
##  $# ##@#
###    ## #
###########",11,11,4
104,37,40,"###########
# #   . ###
# # $ #  ##
# #. ######
#.    ### #
####$#### #
# .   #   #
# ##   $  #
##  $# ##@#
###    ## #
###########",11,11,4
104,51,41,"###########
# #     ###
# # $ #  ##
# #. ######
#..   ### #
####$####@#
# .   #   #
# ##   $  #
##  $# ## #
###    ## #
###########",11,11,4
104,61,42,"###########
# #     ###
# # $ #  ##
# #. ######
#..   ### #
####$####@#
#.    #   #
# ##   $  #
##  $# ## #
###    ## #
###########",11,11,4
105,0,10,"########
##  # ##
###    #
##. # ##
## #   #
#  $ ###
## # ###
#   # ##
#      #
#  @# ##
### # ##
### ####
#      #
########",8,14,1
105,2,11,"########
##  # ##
###    #
##  # ##
## #   #
#    ###
## # ###
# $ # ##
# $.   #
#  .#@##
### # ##
### ####
#      #
########",8,14,2
105,3,15,"########
##  # ##
###    #
##. #@##
## #   #
#  $ ###
##$# ###
#   # ##
#      #
#   # ##
###.# ##
### ####
#      #
########",8,14,2
105,6,18,"########
##  # ##
###    #
##. #@##
## #   #
#  $ ###
##$# ###
#   # ##
#   .  #
# $$# ##
###.# ##
###.####
#      #
########",8,14,4
105,11,21,"########
##  # ##
###    #
##. #@##
## #   #
#  $ ###
##$# ###
#   # ##
#      #
# $$# ##
###.# ##
###.####
#  .   #
########",8,14,4
105,18,22,"########
##  # ##
###    #
##. #@##
## #   #
#  $ ###
##$# ###
#   # ##
#  $ . #
# $ # ##
### # ##
###.####
#  .   #
########",8,14,4
105,19,23,"########
##  # ##
###    #
##. #@##
## #   #
#  $ ###
##$# ###
#   # ##
#  $$. #
# $ # ##
###.# ##
###.####
#  .   #
########",8,14,5
105,26,24,"########
##  # ##
###    #
##. #@##
##$#   #
#  $ ###
## # ###
#   # ##
#   $. #
# $$# ##
###.# ##
###.####
#  .   #
########",8,14,5
105,40,25,"########
##  # ##
### @  #
##. # ##
##$#   #
#  $ ###
## # ###
#   # ##
#  $$. #
# $ # ##
###.# ##
###.####
#  .   #
########",8,14,5
106,0,21,"##############
#            #
### $ #  #   #
###  ## ######
##  ###     ##
##  # # #.  ##
##    ####  ##
#    ####   ##
# #  ####   ##
#           ##
#### #####   #
#    #     ###
#@   ##    ###
##############",14,14,1
106,1,24,"##############
#            #
### $ #  #   #
###  ## ######
##  ###     ##
##  # # #.  ##
##    ####  ##
#    ####   ##
# #  ####   ##
#           ##
####.#####   #
# $  #     ###
#@   ##    ###
##############",14,14,2
106,2,32,"##############
#            #
### $ #  #   #
###  ## ######
##  ###     ##
## $# # #.  ##
##    ####  ##
#    ####   ##
# #  ####   ##
#      .    ##
####.#####   #
# $  #     ###
#@   ##    ###
##############",14,14,3
106,3,38,"##############
#            #
### $ #  #   #
###  ## ######
##  ###   . ##
##  # # #.  ##
##    ####  ##
#    ####   ##
# #  ####   ##
#           ##
#### #####   #
# $  #     ###
#@   ##    ###
##############",14,14,2
106,4,47,"##############
#            #
### $ #  #   #
###$ ## ######
##  ###     ##
## $# # #.  ##
##    ####  ##
#    ####   ##
# #@ ####   ##
#      .    ##
####.#####   #
# $  #    .###
#    ##    ###
##############",14,14,4
106,5,57,"##############
#            #
### $ #  #   #
###$ ## ######
##  ###     ##
## $# # #.  ##
##    ####. ##
#    ####   ##
# #@ ####   ##
#  $   .    ##
####.#####   #
# $  #    .###
#    ##    ###
##############",14,14,5
106,6,59,"##############
#            #
### $ #  #   #
###  ## ######
##  ###   . ##
##$ # # #.  ##
##    #### .##
#    ####   ##
# #  ####   ##
# $    .    ##
#### #####   #
# $  #     ###
#@   ##    ###
##############",14,14,4
106,7,75,"##############
#            #
### $ #  #   #
###  ## ######
##  ###   . ##
##$$# # #. .##
##    #### .##
#    ####   ##
# #  ####   ##
# $    .    ##
#### #####   #
# $  #     ###
#@   ##    ###
##############",14,14,5
106,8,81,"##############
#            #
### $ #  #   #
###  ## ######
##  ###   . ##
##$$# # #. .##
##    #### .##
#    ####  .##
# #  ####   ##
# $         ##
#### #####   #
# $  #     ###
#@   ##    ###
##############",14,14,5
106,10,84,"##############
#            #
### $ #  #   #
###  ## ######
##  ###  .. ##
##$$# # #. .##
##    #### .##
#    ####   ##
# #  ####   ##
# $         ##
#### #####   #
# $  #     ###
#@   ##    ###
##############",14,14,5
106,12,87,"##############
#            #
### $ #  #   #
###  ## ######
##  ###. .. ##
##$$# # #  .##
##    #### .##
#    ####   ##
# #  ####   ##
# $         ##
#### #####   #
# $  #     ###
#@   ##    ###
##############",14,14,5
106,15,88,"##############
#            #
### $ #  #   #
###  ## ######
## $###. .. ##
##$ # # #  .##
##    #### .##
#    ####   ##
# #  ####   ##
# $         ##
#### #####   #
# $  #     ###
#@   ##    ###
##############",14,14,5
106,18,91,"##############
#            #
### $ #  #   #
###  ## ######
##  ###. .. ##
##$$# # #  .##
## $  #### .##
#    ####   ##
# #  ####   ##
#           ##
#### #####   #
# $  #     ###
#@   ##    ###
##############",14,14,5
106,29,92,"##############
#            #
### $ #  #   #
###  ## ######
##  ###. ..@##
##$$# # #  .##
## $  #### .##
#    ####   ##
# #  ####   ##
#        $  ##
#### #####   #
#    #     ###
#    ##    ###
##############",14,14,5
106,32,95,"##############
#            #
### $ #  #   #
###  ## ######
##  ###. .. ##
##$$# #.#   ##
## $  #### .##
#    ####   ##
# #  ####   ##
# @         ##
#### #####   #
# $  #     ###
#    ##    ###
##############",14,14,5
106,59,96,"##############
#            #
###@$ #  #   #
###  ## ######
##  ###. .. ##
##$$# #.#.  ##
## $  ####  ##
#    ####   ##
# #  ####   ##
#           ##
#### #####   #
# $  #     ###
#    ##    ###
##############",14,14,5
106,64,97,"##############
#            #
### $ #  #   #
###  ## ######
## $###. .. ##
##$ # #.#.  ##
## $  ####  ##
#    ####   ##
# #  ####   ##
#           ##
#### ##### @ #
# $  #     ###
#    ##    ###
##############",14,14,5
106,65,98,"##############
#            #
### $ #  #   #
###  ## ######
##  ###.... ##
##$$# #.#   ##
## $  ####  ##
#    ####   ##
# #  ####   ##
#           ##
#### #####   #
# $  #@    ###
#    ##    ###
##############",14,14,5
107,0,13,"##############
###        ###
###  #  #  ###
#            #
#   ##     # #
#  ###  #.####
####    $  # #
#      ###   #
#   ###    # #
#   # #   ####
#  #    @    #
# ###    ##  #
#  ###  ######
##############",14,14,1
107,2,23,"##############
###        ###
###  # @#  ###
#          . #
# $ ##     # #
#  ###  #.####
####    $  # #
#      ###   #
#   ###    # #
#   # #   ####
#  #         #
# ###    ##  #
#  ###  ######
##############",14,14,2
107,4,24,"##############
###        ###
###  # @#  ###
#          . #
# $ ##     # #
#  ###  #.####
####    $  # #
#      ###   #
#   ###    # #
#   # #  $####
#  #     .   #
# ###    ##  #
#  ###  ######
##############",14,14,3
107,5,32,"##############
###        ###
###$ # @#  ###
#          . #
# $ ##  .  # #
#  ###  #.####
####    $  # #
#      ###   #
#   ###    # #
#   # #   ####
#  #         #
# ###    ##  #
#  ###  ######
##############",14,14,3
107,7,34,"##############
###        ###
###$ # @#  ###
#          . #
# $ ##  .  # #
#  ###  #.####
####    $  # #
#      ###   #
#   ###    # #
#   # #  $####
#  #      .  #
# ###    ##  #
#  ###  ######
##############",14,14,4
107,9,37,"##############
###        ###
###$ # @#  ###
#          . #
# $ ##. .  # #
#  ###  #.####
#### $  $  # #
#      ###   #
#   ###    # #
#   # #  $####
#  #      .  #
# ###    ##  #
#  ###  ######
##############",14,14,5
107,10,42,"##############
###        ###
###$ # @#  ###
#         .. #
# $ ##  .  # #
#  ###  #.####
#### $  $  # #
#      ###   #
#   ###    # #
#   # #  $####
#  #      .  #
# ###    ##  #
#  ###  ######
##############",14,14,5
107,11,43,"##############
###        ###
###$$# @#  ###
#        . . #
# $ ##  .  # #
#  ###  #.####
####    $  # #
#      ###   #
#   ###    # #
#   # #   ####
#  #      .  #
# ### $  ##  #
#  ###  ######
##############",14,14,5
107,12,44,"##############
###        ###
###$ #. #  ###
#         .. #
# $ ##$ .  # #
#  ###  #.####
#### $  $  # #
#      ###   #
#   ###    # #
#   # #  $####
#  #      .  #
# ###    ##  #
#@ ###  ######
##############",14,14,6
107,26,45,"##############
###        ###
###$ #. #  ###
#    $$.  .. #
# $ ##  .  # #
#  ###  #.####
#### $  $  # #
#      ###   #
#   ###    # #
#   # #  $####
#  #      .@ #
# ###    ##  #
#  ###  ######
##############",14,14,7
107,41,46,"##############
###        ###
###$ #. #  ###
#    $$.  .. #
# $ ##   . # #
#  ###  #.####
#### $  $  # #
#      ###   #
#   ###    # #
#   # # @$####
#  #      .  #
# ###    ##  #
#  ###  ######
##############",14,14,7
107,49,47,"##############
###        ###
###$ #. #  ###
#  @ $$ . .. #
# $ ##   . # #
#  ###  #.####
#### $  $  # #
#      ###   #
#   ###    # #
#   # #  $####
#  #      .  #
# ###    ##  #
#  ###  ######
##############",14,14,7
108,0,9,"###########
#  # ### ##
# ##  # @ #
#  #   # ##
#    # #  #
### ####$ #
###  # #  #
# .       #
# ## #  # #
# #####   #
###########",11,11,1
108,2,13,"###########
#  # ### ##
# ##  #   #
#  #   # ##
#  @ # #  #
### ####$ #
###  # #  #
# ..   $  #
# ## #  # #
# #####   #
###########",11,11,2
108,5,15,"###########
#  # ### ##
# ##  #   #
#  #   # ##
#  @ # #  #
### ####$ #
###  # #  #
# .. $    #
# ## #  # #
# #####   #
###########",11,11,2
108,11,16,"###########
#  # ### ##
# ##  # . #
#  #   #$##
#  @ # #  #
### ####$ #
###  # #  #
# .. $    #
# ## #  # #
# #####   #
###########",11,11,3
108,12,17,"###########
#  # ### ##
# ##  #   #
#  #   # ##
#    # #  #
### ####$ #
###  # #  #
#..  $    #
# ## #  # #
#@#####   #
###########",11,11,2
108,13,19,"###########
#  # ### ##
# ##  # . #
#  #   #$##
#    # #  #
### ####$ #
###  # #  #
# *.      #
# ## #  # #
#@#####   #
###########",11,11,3
108,32,20,"###########
#  # ###.##
# ##  #   #
#  #   #$##
#    # #  #
###.####  #
###$ # #$ #
# *.      #
# ## #  # #
#@#####   #
###########",11,11,4
108,36,21,"###########
#  # ###.##
# ##  #   #
#  #   #$##
#  . # #  #
### ####  #
###$ # #$ #
# *.      #
#@## #  # #
# #####   #
###########",11,11,4
108,59,22,"###########
#  # ###.##
# ##  #   #
#  #   #$##
#  . # #  #
### ####$ #
###$ # #  #
# *.      #
#@## #  # #
# #####   #
###########",11,11,4
108,65,23,"###########
#  # ###.##
# ##  #   #
#  #   #$##
#  . # #  #
### ####  #
###$ # #$ #
#.*       #
#@## #  # #
# #####   #
###########",11,11,4
109,0,12,"########
#.     #
##   # #
###    #
##     #
##  ####
##  @  #
#   ####
## $  ##
###    #
########",8,11,1
109,1,14,"########
#.     #
##   # #
###    #
##  .  #
## $####
##  @  #
#   ####
## $  ##
###    #
########",8,11,2
109,3,16,"########
#      #
##  $# #
###    #
##  @$ #
##  ####
##     #
#   ####
## . .##
###    #
########",8,11,2
109,4,19,"########
#.     #
##  @# #
###    #
##  .. #
## $####
##     #
#  $####
## $  ##
###    #
########",8,11,3
109,6,20,"########
#.     #
## .@# #
###    #
##   . #
## $####
##     #
#  $####
## $  ##
###    #
########",8,11,3
109,8,22,"########
# @    #
## $ # #
###    #
##.... #
##$$####
##     #
#   ####
## $  ##
###    #
########",8,11,4
109,9,25,"########
#      #
##  @#.#
### $  #
##. .. #
##$$####
##     #
#   ####
## $  ##
###    #
########",8,11,4
109,11,27,"########
#      #
## @$#.#
### $. #
##. .. #
##$$####
##     #
#   ####
## $  ##
###    #
########",8,11,5
109,13,31,"########
# @    #
## $$# #
###$   #
##.... #
##$$####
## .$. #
# . ####
## $  ##
###    #
########",8,11,7
109,25,32,"########
#  @   #
## *$# #
###*   #
##. .. #
##$$####
##  $. #
# . ####
## $  ##
###    #
########",8,11,7
109,29,34,"########
#  @   #
## $$# #
###*   #
##.... #
##$$####
##  $. #
# . ####
## $  ##
###    #
########",8,11,7
110,0,15,"##############
###       .  #
###   # ##   #
#    ## ######
#            #
# #   # # ####
#    ##      #
##        # ##
###$##########
##         @ #
##############",14,11,1
110,2,16,"##############
###   .      #
###   # ##   #
# $ $## ######
#   $        #
# #   # # ####
# .  ##      #
##   . @  # ##
### ##########
##           #
##############",14,11,3
110,3,23,"##############
###       .  #
###   # ##   #
#   $##.######
#            #
# # $ # # ####
#  .$##      #
##    .   # ##
###$##########
##         @ #
##############",14,11,4
110,4,32,"##############
###       .  #
###   # ##   #
# $ $##.######
#         .  #
# # $ # # ####
#  .$##      #
##    .   # ##
###$##########
##         @ #
##############",14,11,5
110,5,34,"##############
###       .  #
###   # ##   #
# $ $##.######
#         .  #
# # $ # # ####
#  .$##      #
##   ..$  # ##
###$##########
##         @ #
##############",14,11,6
110,6,36,"##############
###       .  #
###   # ##   #
# $$$##.######
# $.       . #
#.# $ # # ####
#    ##      #
##     .  # ##
###$##########
##         @ #
##############",14,11,6
110,7,42,"##############
###       .  #
###   # ##   #
# $$$##.######
#       $... #
# # $ # # ####
#  .$##      #
##    .   # ##
###$##########
##         @ #
##############",14,11,7
110,8,43,"##############
###       .  #
###   # ##   #
# $$$##.######
# .     $... #
# # $ # # ####
#   $##      #
##    .   # ##
###$##########
##         @ #
##############",14,11,7
110,9,47,"##############
###      ..  #
###   # ##   #
# $$$## ######
#       $... #
# # $ #.# ####
#  .$##      #
##        # ##
###$##########
##         @ #
##############",14,11,7
110,10,50,"##############
###       .  #
###   # ##   #
# $$$##.######
# .      ... #
# # $ # # ####
#   $##      #
##  .   $ # ##
###$##########
##         @ #
##############",14,11,7
110,11,54,"##############
###       .  #
###   # ##   #
# $$ ##.######
#        ... #
# # $ # # ####
# $.$##      #
##  . $   # ##
###$##########
##         @ #
##############",14,11,7
110,15,55,"##############
###     . .  #
###   # ##   #
# $$$##.######
#        ... #
# # $ # # ####
#   $##      #
##  .   $ # ##
###$##########
##  @        #
##############",14,11,7
110,16,56,"##############
###          #
###   # ##   #
# $$ ##.######
# .      ....#
# # $ # # ####
# $ $##      #
##  .   $ # ##
###$##########
##  @        #
##############",14,11,7
110,19,58,"##############
###     . .  #
###   # ##   #
# $$ ##.######
# $      ... #
# # $ # # ####
#   $##      #
##  .   $ # ##
###$##########
##        @  #
##############",14,11,7
110,21,60,"##############
###    .. .. #
###   # ##   #
# $$$##.######
#          . #
# # $ # # ####
#   $##      #
##  .   $ # ##
###$##########
## @         #
##############",14,11,7
110,25,64,"##############
###     . .. #
###   # ##   #
# $$ ## ######
# $      ... #
# # $ # # ####
#   $##      #
##  .   $ # ##
###$##########
##  @        #
##############",14,11,7
110,29,65,"##############
###     . . .#
###   # ##   #
# $$ ## ######
# $      ... #
# # $ # # ####
#   $##      #
##  .   $ # ##
###$##########
##  @        #
##############",14,11,7
110,51,68,"##############
###     . . .#
###   # ##   #
#  $ ## ######
# $      ... #
# # $ # # ####
# $ $##      #
##  .   $ # ##
###$##########
##  @        #
##############",14,11,7
110,53,69,"##############
###       . .#
###   # ##   #
#  $ ## ######
# $      ....#
# # $ # # ####
# $ $##      #
##  .   $ # ##
###$##########
##  @        #
##############",14,11,7
110,54,70,"##############
###       ...#
###   # ##   #
#  $ ## ######
# $      ... #
# # $ # # ####
# $ $##      #
##   .  $ # ##
###$##########
##  @        #
##############",14,11,7
110,56,73,"##############
###       ...#
###   # ##   #
#  $ ## ######
# $      ... #
# # $ # # ####
# $ $##      #
##      $ # ##
###*##########
##  @        #
##############",14,11,7
110,63,77,"##############
###       ...#
###   # ##   #
#  $ ## ######
# $      ... #
# # $ # # ####
# $ $##      #
##  $     # ##
###*##########
##     @     #
##############",14,11,7
110,66,78,"##############
###     . ...#
###   # ##   #
#  $ ## ######
# $      . . #
# # $ # # ####
# $ $##      #
##  $     # ##
###*##########
##     @     #
##############",14,11,7
111,0,5,"########
#     ##
#  #  ##
#@##  ##
# $   .#
# # #  #
###### #
########",8,8,1
111,1,8,"########
#     ##
#@ #$ ##
# ## $##
# .  . #
# # #  #
###### #
########",8,8,2
111,3,10,"########
#     ##
#  # @##
# ##$$##
# $. ..#
# # #  #
###### #
########",8,8,3
111,10,12,"########
#     ##
#  #@ ##
# ##$$##
#.$  ..#
# # #  #
###### #
########",8,8,3
111,17,13,"########
#   @ ##
#  #$ ##
# ## $##
#.$  ..#
# # #  #
###### #
########",8,8,3
