LevelName	Status	LURD_Path	Runtime_ms	Pushes	Moves	GeneratedStates	ExpandedNodes	TotalChildren	EffectiveChildren	RepeatedNodes	Deadlocks	BranchingReal	BranchingEffective	BranchingClassic	Redundancy	ClosedListLength	PathStates	PathBoxLines	PathBoxChanges	PathBranchingRealTotalNodes	PathBranchingRealMin	PathBranchingRealMax	PathBranchingRealAvg	PathBranchingEffectiveTotalNodes	PathBranchingEffectiveMin	PathBranchingEffectiveMax	PathBranchingEffectiveAvg	PathTotalChildrenGenerated	PathRepeatedNodes	PathDeadlocks	PathRedundancy
1 - Lee J. Haywood - 1 [likes=3, dislikes=0, completion=0.847736625514403, like_ratio=1.0, like_rate=0.0123456790123457, tedium=3.2]	SOLVED	DDlUdrrdrruuLLrrdLulD	9.64279	8	21	28	34	680	178	36	91	20	5.23529	1.55394	18.8889	28	0	0	0	0	0.0	0.0	0.0	0	0.0	0.0	0.0	0	0	0	0.0
27 - Lee J. Haywood - 2 [likes=2, dislikes=0, completion=0.0580645161290323, like_ratio=1.0, like_rate=0.0064516129032258, tedium=9.33333333333333]	SOLVED	DDuurrrDLullddlddrrrruUdLdllluuruulDrdDldRuuuurrdDuLrdrddlULrU	21.1676	15	62	539	1161	27864	2454	2162	2378	24	2.1137	1.60074	12.8881	539	0	0	0	0	0.0	0.0	0.0	0	0.0	0.0	0.0	0	0	0	0.0
4 - Lee J. Haywood - 3 [likes=3, dislikes=0, completion=0.591489361702128, like_ratio=1.0, like_rate=0.0127659574468085, tedium=7.25]	SOLVED	ruLulldRRdrruuLLdRllluurDldRR	11.6985	10	29	44	69	1104	108	55	140	16	1.56522	1.52716	20.0727	44	0	0	0	0	0.0	0.0	0.0	0	0.0	0.0	0.0	0	0	0	0.0
1 - Razorflame - 4 [likes=8, dislikes=0, completion=0.833948339483395, like_ratio=1.0, like_rate=0.029520295202952, tedium=7.57142857142857]	SOLVED	uLLuLrdrDululDLDlddrruUdLurUddlLuluuurrDRdrUUdllDLrrdLdlUlUUddrddlUU	26.3735	24	68	638	1235	34580	2880	2276	2724	28	2.33198	1.3453	15.1933	638	0	0	0	0	0.0	0.0	0.0	0	0.0	0.0	0.0	0	0	0	0.0
2 - Razorflame - 5 [likes=5, dislikes=0, completion=0.471774193548387, like_ratio=1.0, like_rate=0.0201612903225806, tedium=13.0]	SOLVED	RRurrddLUruuuulldRurDDDDlluRUddlldRuururuulllldRurrrddlUruLLLdRurrddlUlulLdrrrruLLLdrrdddrUUU	27.6874	27	93	1125	2457	49140	3898	3390	3223	20	1.58649	1.33527	14.4956	1125	0	0	0	0	0.0	0.0	0.0	0	0.0	0.0	0.0	0	0	0	0.0
4 - Razorflame - 6 [likes=5, dislikes=0, completion=0.705179282868526, like_ratio=1.0, like_rate=0.0199203187250996, tedium=11.6666666666667]	SOLVED	RRuurrrdLDuullddRDuUddDldLurrRdLuuuurrdLDlddrUUUddllldRRuuUrruulLrrddlULuRlLLrrddlUruL	46.2159	28	86	1424	3349	80376	5925	7168	4767	24	1.76918	1.33626	11.2132	1424	0	0	0	0	0.0	0.0	0.0	0	0.0	0.0	0.0	0	0	0	0.0
32 - Monry - 7 [likes=6, dislikes=0, completion=0.762135922330097, like_ratio=1.0, like_rate=0.029126213592233, tedium=12.6666666666667]	SOLVED	ulllDurrrdddlluUluRdddrruuLrddlluUddlUU	8.34786	8	39	20	25	300	32	18	31	12	1.28	1.49535	16.6667	20	0	0	0	0	0.0	0.0	0.0	0	0.0	0.0	0.0	0	0	0	0.0
12 - Monry - 8 [likes=7, dislikes=0, completion=0.774774774774775, like_ratio=1.0, like_rate=0.0315315315315315, tedium=31.5]	SOLVED	llluurrUUddllddrrrrrruullUdrrddlllllluurruulluurrDDrRddrrddlllllluurrUdllddrrrrrruulluulL	8.73076	9	89	24	38	304	70	11	29	8	1.84211	1.49807	27.6364	24	0	0	0	0	0.0	0.0	0.0	0	0.0	0.0	0.0	0	0	0	0.0
22 - Monry - 9 [likes=6, dislikes=0, completion=0.765765765765766, like_ratio=1.0, like_rate=0.027027027027027, tedium=53.5]	SOLVED	rrrdddrdrruLLLuuuurrrddlDuruulldlddllddrUluRdrUUddrdrruLLruuruulldLurrrddlddlLuuuLrddllddrUluRdrUUddrruuruulllldRullldR	9.63258	20	119	72	87	696	154	95	90	8	1.77011	1.25019	7.32632	72	0	0	0	0	0.0	0.0	0.0	0	0.0	0.0	0.0	0	0	0	0.0
37 - Monry - 10 [likes=4, dislikes=0, completion=0.588932806324111, like_ratio=1.0, like_rate=0.0158102766798419, tedium=18.6666666666667]	SOLVED	luluurRllddrRRllluurrDuRllldddrrruLuururrdLLLdddrrUUdlluururrdLdddlllluRdrUU	14.5355	16	76	263	548	6576	821	838	533	12	1.49818	1.48311	7.84726	263	0	0	0	0	0.0	0.0	0.0	0	0.0	0.0	0.0	0	0	0	0.0
21 - Monry - 11 [likes=4, dislikes=0, completion=0.75107296137339, like_ratio=1.0, like_rate=0.0171673819742489, tedium=17.5]	SOLVED	LdlUrrUdllUdrruruulDlLddrrUdlluurRllLrrrurDllllLulD	9.63023	13	51	32	43	344	80	6	43	8	1.86047	1.33552	57.3333	32	0	0	0	0	0.0	0.0	0.0	0	0.0	0.0	0.0	0	0	0	0.0
72 - Marko Dzekic - 12 [likes=5, dislikes=0, completion=0.817813765182186, like_ratio=1.0, like_rate=0.0202429149797571, tedium=7.0]	SOLVED	drrUdlluRuurrdDuulllDrdRlulDuurrD	8.7523	8	33	13	14	224	47	4	23	16	3.35714	1.3908	56	13	0	0	0	0	0.0	0.0	0.0	0	0.0	0.0	0.0	0	0	0	0.0
25 - Marko Dzekic - 13 [likes=4, dislikes=0, completion=0.935344827586207, like_ratio=1.0, like_rate=0.0172413793103448, tedium=3.33333333333333]	SOLVED	ulldddrrruLuurDlLrrDuulllD	8.59289	6	26	17	18	216	61	17	48	12	3.38889	1.61887	12.7059	17	0	0	0	0	0.0	0.0	0.0	0	0.0	0.0	0.0	0	0	0	0.0
7 - Marko Dzekic - 14 [likes=3, dislikes=0, completion=0.930747922437673, like_ratio=1.0, like_rate=0.0083102493074792, tedium=5.0]	SOLVED	dddrUUddllluRUrrdLdlU	8.90839	7	21	12	12	144	39	7	32	12	3.25	1.42616	20.5714	12	0	0	0	0	0.0	0.0	0.0	0	0.0	0.0	0.0	0	0	0	0.0
49 - Marko Dzekic - 15 [likes=3, dislikes=0, completion=0.80564263322884, like_ratio=1.0, like_rate=0.0094043887147335, tedium=7.5]	SOLVED	ullDurrdLddlluUddrruLdrrUllUddlUrrrU	8.41835	9	36	18	25	400	77	17	30	16	3.08	1.42997	23.5294	18	0	0	0	0	0.0	0.0	0.0	0	0.0	0.0	0.0	0	0	0	0.0
12 - Marko Dzekic - 16 [likes=3, dislikes=0, completion=0.895454545454546, like_ratio=1.0, like_rate=0.0136363636363636, tedium=5.0]	SOLVED	uLLDlddrrrUUddllUdrruLUddlluRdrruulL	8.693	11	36	16	23	460	48	6	29	20	2.08696	1.32982	76.6667	16	0	0	0	0	0.0	0.0	0.0	0	0.0	0.0	0.0	0	0	0	0.0
204 - Marko Dzekic - 17 [likes=2, dislikes=0, completion=0.874458874458874, like_ratio=1.0, like_rate=0.0086580086580086, tedium=3.75]	SOLVED	ULulDuurrrdDlluR	9.23605	6	16	10	12	192	37	0	14	16	3.08333	1.51309	0	10	0	0	0	0	0.0	0.0	0.0	0	0.0	0.0	0.0	0	0	0	0.0
39 - Marko Dzekic - 18 [likes=4, dislikes=0, completion=0.581081081081081, like_ratio=1.0, like_rate=0.018018018018018, tedium=9.5]	SOLVED	llldddrrrUdllluuurrDDrdLuuurDlddLruuullddR	9.11485	8	42	32	39	624	67	36	101	16	1.71795	1.58082	17.3333	32	0	0	0	0	0.0	0.0	0.0	0	0.0	0.0	0.0	0	0	0	0.0
15 - Marko Dzekic - 19 [likes=4, dislikes=0, completion=0.862068965517241, like_ratio=1.0, like_rate=0.0172413793103448, tedium=3.25]	SOLVED	lluRdrruUddlluUddrruuLL	8.29272	6	23	18	22	352	56	7	42	16	2.54545	1.67393	50.2857	18	0	0	0	0	0.0	0.0	0.0	0	0.0	0.0	0.0	0	0	0	0.0
22 - Marko Dzekic - 20 [likes=4, dislikes=0, completion=0.801169590643275, like_ratio=1.0, like_rate=0.0116959064327485, tedium=6.33333333333333]	SOLVED	rdLulDrrrddllUdrruuullldRRurD	9.5276	7	29	13	13	156	45	9	38	12	3.46154	1.44256	17.3333	13	0	0	0	0	0.0	0.0	0.0	0	0.0	0.0	0.0	0	0	0	0.0
20 - Marko Dzekic - 21 [likes=4, dislikes=0, completion=0.869369369369369, like_ratio=1.0, like_rate=0.018018018018018, tedium=5.33333333333333]	SOLVED	rdLLruuullddRUrrdL	8.48848	6	18	9	9	108	32	6	26	12	3.55556	1.44225	18	9	0	0	0	0	0.0	0.0	0.0	0	0.0	0.0	0.0	0	0	0	0.0
2 - Marko Dzekic - 22 [likes=4, dislikes=1, completion=0.869888475836431, like_ratio=0.8, like_rate=0.0148698884758364, tedium=6.0]	SOLVED	ulldddrrUdrUUdlLrUddllUURR	8.72949	10	26	27	39	624	132	17	43	16	3.38462	1.44247	36.7059	27	0	0	0	0	0.0	0.0	0.0	0	0.0	0.0	0.0	0	0	0	0.0
27 - Marko Dzekic - 23 [likes=3, dislikes=0, completion=0.941391941391941, like_ratio=1.0, like_rate=0.010989010989011, tedium=4.66666666666667]	SOLVED	dllUUrurrDDldlUluR	8.26699	7	18	17	17	204	53	13	44	12	3.11765	1.49892	15.6923	17	0	0	0	0	0.0	0.0	0.0	0	0.0	0.0	0.0	0	0	0	0.0
10 - Marko Dzekic - 24 [likes=4, dislikes=0, completion=0.888235294117647, like_ratio=1.0, like_rate=0.0117647058823529, tedium=3.75]	SOLVED	rrdDLruulldRurrDD	8.43465	6	17	15	15	240	60	7	29	16	4	1.57042	34.2857	15	0	0	0	0	0.0	0.0	0.0	0	0.0	0.0	0.0	0	0	0	0.0
1 - Thinking Rabbit - 25 [likes=5, dislikes=0, completion=0.891089108910891, like_ratio=1.0, like_rate=0.0247524752475248, tedium=15.25]	SOLVED	luuurrdLurrrrddddddlllluRRuurruuulllllldddrrRRddRluullluUrurrrrdLulldllddrrrdddrrUUUUdddlluullluururrrdLulldlddrrrRlllluuruLrrrrrrdLulllldlddrrrddrruUUUruLLLdLruLrrrdLulldLruLdLrurrrdLLL	16.2467	32	186	472	599	9584	2332	813	302	16	3.89316	1.22122	11.7884	472	0	0	0	0	0.0	0.0	0.0	0	0.0	0.0	0.0	0	0	0	0.0
5 - Thinking Rabbit - 26 [likes=6, dislikes=0, completion=0.826923076923077, like_ratio=1.0, like_rate=0.0288461538461538, tedium=5.75]	SOLVED	lllDlddRluurrdrUdlLurrruLddllddrrUdlluurD	9.6097	8	41	50	60	960	346	54	167	16	5.76667	1.66828	17.7778	50	0	0	0	0	0.0	0.0	0.0	0	0.0	0.0	0.0	0	0	0	0.0
4 - Thinking Rabbit - 27 [likes=10, dislikes=0, completion=0.5260663507109, like_ratio=1.0, like_rate=0.04739336492891, tedium=12.5]	SOLVED	lLLUlDrrruLdllulldRRRRuLLuurDlddlluRdrrddlUrururrdLL	13.1455	17	52	350	629	10064	1046	772	1166	16	1.66296	1.46092	13.0363	350	0	0	0	0	0.0	0.0	0.0	0	0.0	0.0	0.0	0	0	0	0.0
No. 01-01 - Thinking Rabbit - 28 [likes=4, dislikes=1, completion=0.592105263157895, like_ratio=0.8, like_rate=0.0087719298245614, tedium=23.3333333333333]	SOLVED	dDDllddrrUUUdlldRuruUluRRddldlddrUUUUdrrrrddllUdrruulLLulDDuuruRldlluRRddldlddrUUUruulldRdrU	9.65149	27	92	248	295	3540	363	86	215	12	1.23051	1.23445	41.1628	248	0	0	0	0	0.0	0.0	0.0	0	0.0	0.0	0.0	0	0	0	0.0
No. 02-01 - Thinking Rabbit - 29 [likes=2, dislikes=0, completion=0.552380952380952, like_ratio=1.0, like_rate=0.0095238095238095, tedium=16.0]	SOLVED	ddrrdddllUdrruuululullddllddrUluuRurrrddrrdddllulLdlluurDldRurrrRlllluluururrrddDuuullldDrUdllddrrrRlllUluuruRdllddrU	16.0291	15	117	270	419	8380	1068	494	1183	20	2.54893	1.4956	16.9636	270	0	0	0	0	0.0	0.0	0.0	0	0.0	0.0	0.0	0	0	0	0.0
No. 01-02 - Thinking Rabbit - 30 [likes=4, dislikes=0, completion=0.436170212765957, like_ratio=1.0, like_rate=0.0106382978723404, tedium=13.5]	SOLVED	urrdrUdlddrUUlulldRurDrruLLuurDlddlluRdrrddlUrururrdLL	15.3733	13	54	376	674	10784	1085	904	1229	16	1.60979	1.6504	11.9292	376	0	0	0	0	0.0	0.0	0.0	0	0.0	0.0	0.0	0	0	0	0.0
No. 01-03 - Thinking Rabbit - 31 [likes=2, dislikes=0, completion=0.565989847715736, like_ratio=1.0, like_rate=0.0050761421319797, tedium=6.6]	SOLVED	lllDurrrddlUlDurruLdllldddrrrUruulldLDurRddlUlldR	15.0107	11	49	182	213	4260	1187	264	472	20	5.57277	1.62806	16.1364	182	0	0	0	0	0.0	0.0	0.0	0	0.0	0.0	0.0	0	0	0	0.0
No. 02-10 - Thinking Rabbit - 32 [likes=8, dislikes=1, completion=0.411467116357504, like_ratio=0.888888888888889, like_rate=0.0134907251264755, tedium=9.16666666666667]	SOLVED	dRluuRlddrUrRdLrdrruLLuuurrdLDlddrruLulllluurDldRRllddrUluR	16.8021	16	59	521	1031	24744	1318	1014	2070	24	1.27837	1.54287	24.4024	521	0	0	0	0	0.0	0.0	0.0	0	0.0	0.0	0.0	0	0	0	0.0
No. 01-01 - Thinking Rabbit - 33 [likes=10, dislikes=1, completion=0.258958145137007, like_ratio=0.909090909090909, like_rate=0.0030111412225233, tedium=29.6666666666667]	SOLVED	rrDDDDrddlluRdrUluRRlluuuulldRurDDDDrddlluRurrRdrUUdllllddrUluRluuulldRurDDDrRRllddlluRurrrdrUllllddrUluRRR	9.07869	32	107	128	154	1848	250	23	219	12	1.62338	1.17047	80.3478	128	0	0	0	0	0.0	0.0	0.0	0	0.0	0.0	0.0	0	0	0	0.0
No. 01-10 - Thinking Rabbit - 34 [likes=8, dislikes=1, completion=0.493975903614458, like_ratio=0.888888888888889, like_rate=0.0096385542168674, tedium=7.2]	SOLVED	dRRRurruullDDLdlluRRRuulDDuurrrdLulD	10.3416	14	36	163	260	5200	430	266	604	20	1.65385	1.48764	19.5489	163	0	0	0	0	0.0	0.0	0.0	0	0.0	0.0	0.0	0	0	0	0.0
No. 02-01 - Thinking Rabbit - 35 [likes=8, dislikes=1, completion=0.554830287206266, like_ratio=0.888888888888889, like_rate=0.010443864229765, tedium=14.25]	SOLVED	ullldllluRdrrurrdrrUlllldlluuulDrdRlulldRdrruRdllluRdrruRRdrruLLrrruullDurrdLddlluLrdrruLLrruulDrdL	14.5279	19	99	446	844	13504	1174	1064	1338	16	1.391	1.42567	12.6917	446	0	0	0	0	0.0	0.0	0.0	0	0.0	0.0	0.0	0	0	0	0.0
No. 01-07 - Thinking Rabbit - 36 [likes=8, dislikes=1, completion=0.538363171355499, like_ratio=0.888888888888889, like_rate=0.010230179028133, tedium=15.8]	SOLVED	dddlUlLullDDDuuurrdrrdddlluLdLLrrrrruuullullddDuuurrdrrruulDrddlddlllLrrrruuruLdddllulluuurrdLDlddrrrruuuLLrrdddlllluurDrdrruuullulDDlddRluuruulDDDurD	11.9232	25	150	256	345	6900	754	280	410	20	2.18551	1.26332	24.6429	256	0	0	0	0	0.0	0.0	0.0	0	0.0	0.0	0.0	0	0	0	0.0
No. 01-08 - Thinking Rabbit - 37 [likes=8, dislikes=1, completion=0.576470588235294, like_ratio=0.888888888888889, like_rate=0.0104575163398693, tedium=8.8]	SOLVED	lddlluLLruLdrrdrruulLdllLrrrurrdLLLLrruLdlULrrrrruulllDurrrddllLuLrdL	10.828	17	69	150	185	3700	623	120	236	20	3.36757	1.35945	30.8333	150	0	0	0	0	0.0	0.0	0.0	0	0.0	0.0	0.0	0	0	0	0.0
No. 03-03 - Thinking Rabbit - 38 [likes=6, dislikes=1, completion=0.546082949308756, like_ratio=0.857142857142857, like_rate=0.0138248847926267, tedium=7.5]	SOLVED	ruuuuulLLrrdrddlUdrddlUruuuullldlddrUdlddrURRllluurRllddrrrdrUUUUdddlllluurrRlllddrrrruUlllUdlddrrULdlUUddrrrruulLrUdldlUddrrUU	14.2864	26	127	308	371	11872	1285	239	662	32	3.46361	1.25552	49.6736	308	0	0	0	0	0.0	0.0	0.0	0	0.0	0.0	0.0	0	0	0	0.0
No. 01-05 - Thinking Rabbit - 39 [likes=10, dislikes=1, completion=0.538968166849616, like_ratio=0.909090909090909, like_rate=0.0109769484083425, tedium=28.5]	SOLVED	rRRddrruLrULLruullllDDldRuuurrrrddlLLrrrddlUruuulllldDuurrrrddLLrruullllddDuuurrrrddllLrrruulllldDrDurrrrruLdllllluurrrrDullllddldRurrrdrruLLLLrrruulllldD	9.71386	28	154	128	181	2896	320	79	278	16	1.76796	1.20401	36.6582	128	0	0	0	0	0.0	0.0	0.0	0	0.0	0.0	0.0	0	0	0	0.0
No. 02-03 - Thinking Rabbit - 40 [likes=5, dislikes=1, completion=0.519094766619519, like_ratio=0.833333333333333, like_rate=0.007072135785007, tedium=7.25]	SOLVED	dlLdlluRRurrddLLddrrUdlluuulldR	9.99437	8	31	55	68	1088	176	54	163	16	2.58824	1.69459	20.1481	55	0	0	0	0	0.0	0.0	0.0	0	0.0	0.0	0.0	0	0	0	0.0
No. 01-02 - Thinking Rabbit - 41 [likes=5, dislikes=0, completion=0.449297971918877, like_ratio=1.0, like_rate=0.0039001560062402, tedium=14.75]	SOLVED	ruuuuulllllddldRuuurrrrrddddddlllluRRRdrUUUUUruLLLLLLdddRRRllluuurrdLurrrrdddddlluulUdrRlddrruUUUruLLLLLdLrurrdLL	23.4083	33	113	584	927	14832	2461	1428	1539	16	2.6548	1.23002	10.3866	584	0	0	0	0	0.0	0.0	0.0	0	0.0	0.0	0.0	0	0	0	0.0
No. 02-09 - Thinking Rabbit - 42 [likes=8, dislikes=1, completion=0.49622641509434, like_ratio=0.888888888888889, like_rate=0.0150943396226415, tedium=16.0]	SOLVED	ululuurrrDDrdLuuullDRurDDrddlUdlluRdrrrruLdlUdlluRllUluurrdrDuullldRRurD	13.2093	18	72	188	337	5392	529	423	470	16	1.56973	1.38173	12.747	188	0	0	0	0	0.0	0.0	0.0	0	0.0	0.0	0.0	0	0	0	0.0
No. 01-03 - Thinking Rabbit - 43 [likes=11, dislikes=1, completion=0.529554655870445, like_ratio=0.916666666666667, like_rate=0.0089068825910931, tedium=6.6]	SOLVED	RDrDrddLLrruulDLdRuuulDDuuuurDDDD	11.5901	15	33	29	33	660	57	6	22	20	1.72727	1.26251	110	29	0	0	0	0	0.0	0.0	0.0	0	0.0	0.0	0.0	0	0	0	0.0
No. 02-05 - Thinking Rabbit - 44 [likes=6, dislikes=1, completion=0.49777117384844, like_ratio=0.857142857142857, like_rate=0.0089153046062407, tedium=14.0]	SOLVED	luuRRUdllddrrUdlluuurrUdldlddrruUUdddrruLdlUdlluuurrrDulldlddrruUruLdlUUddrddrUU	9.19359	17	80	66	86	1376	118	88	124	16	1.37209	1.29955	15.6364	66	0	0	0	0	0.0	0.0	0.0	0	0.0	0.0	0.0	0	0	0	0.0
25 - Werner Ettinger - 45 [likes=2, dislikes=0, completion=0.807692307692308, like_ratio=1.0, like_rate=0.0096153846153846, tedium=5.25]	SOLVED	DrruulDldRllUrUdrrDldLuulluurRdLdlUrurRddddlL	10.4251	13	45	128	140	2240	1058	127	147	16	7.55714	1.46247	17.6378	128	0	0	0	0	0.0	0.0	0.0	0	0.0	0.0	0.0	0	0	0	0.0
7 - Jacques Duthen - 46 [likes=6, dislikes=0, completion=0.919678714859438, like_ratio=1.0, like_rate=0.0240963855421687, tedium=6.0]	SOLVED	ruulllddRUluRdRldRuluR	8.74261	7	22	13	13	156	25	1	15	12	1.92308	1.44256	156	13	0	0	0	0	0.0	0.0	0.0	0	0.0	0.0	0.0	0	0	0	0.0
33 - Jacques Duthen - 47 [likes=7, dislikes=0, completion=0.905, like_ratio=1.0, like_rate=0.035, tedium=11.0]	SOLVED	ullDLdRulLulldRRRRdRUluR	8.34718	12	24	28	31	248	58	10	19	8	1.87097	1.33131	24.8	28	0	0	0	0	0.0	0.0	0.0	0	0.0	0.0	0.0	0	0	0	0.0
28 - Jacques Duthen - 48 [likes=6, dislikes=0, completion=0.917874396135266, like_ratio=1.0, like_rate=0.0289855072463768, tedium=12.0]	SOLVED	dllUUlldRuuurDlddRdrruulDlluRddRuluR	8.89843	10	36	16	20	160	61	10	15	8	3.05	1.34928	16	16	0	0	0	0	0.0	0.0	0.0	0	0.0	0.0	0.0	0	0	0	0.0
1 - Jacques Duthen - 49 [likes=5, dislikes=0, completion=0.820855614973262, like_ratio=1.0, like_rate=0.0133689839572193, tedium=11.0]	SOLVED	LruullldDDuuurrrddlLrruullldDuurrDrdLLLuurDllDDuurrrdLLulD	9.62572	16	58	66	77	1232	210	48	100	16	2.72727	1.31191	25.6667	66	0	0	0	0	0.0	0.0	0.0	0	0.0	0.0	0.0	0	0	0	0.0
19 - Jacques Duthen - 50 [likes=7, dislikes=0, completion=0.886699507389163, like_ratio=1.0, like_rate=0.0344827586206897, tedium=9.33333333333333]	SOLVED	urrrrddllURlLrrurDlllulldRurRRllldRRR	8.25647	11	37	28	38	456	82	21	57	12	2.15789	1.39193	21.7143	28	0	0	0	0	0.0	0.0	0.0	0	0.0	0.0	0.0	0	0	0	0.0
15 - Jacques Duthen - 51 [likes=6, dislikes=0, completion=0.909090909090909, like_ratio=1.0, like_rate=0.025974025974026, tedium=8.5]	SOLVED	DRllddrrruUllDldRR	8.28859	7	18	14	14	112	30	5	7	8	2.14286	1.45792	22.4	14	0	0	0	0	0.0	0.0	0.0	0	0.0	0.0	0.0	0	0	0	0.0
55 - Jacques Duthen - 52 [likes=8, dislikes=0, completion=0.665, like_ratio=1.0, like_rate=0.04, tedium=13.0]	SOLVED	dlllUlldlluRdllluRdrruRdllluRdrruRRdrrruullulDrrrddllULdrrruulLdlLrruulDrrrdL	10.1826	15	77	114	208	3328	323	174	265	16	1.55288	1.42737	19.1264	114	0	0	0	0	0.0	0.0	0.0	0	0.0	0.0	0.0	0	0	0	0.0
38 - Jacques Duthen - 53 [likes=8, dislikes=0, completion=0.802816901408451, like_ratio=1.0, like_rate=0.0375586854460094, tedium=13.0]	SOLVED	ulDLLulldRRRRDrUdddlUruulldR	9.84717	12	28	42	54	432	73	25	39	8	1.35185	1.39433	17.28	42	0	0	0	0	0.0	0.0	0.0	0	0.0	0.0	0.0	0	0	0	0.0
59 - Jacques Duthen - 54 [likes=5, dislikes=0, completion=0.668181818181818, like_ratio=1.0, like_rate=0.0227272727272727, tedium=10.75]	SOLVED	drrRllluuurrdDLdlUrruurrddDlLLuruRlddrruUlldllDuU	9.09281	12	49	61	82	1312	246	50	69	16	3	1.44373	26.24	61	0	0	0	0	0.0	0.0	0.0	0	0.0	0.0	0.0	0	0	0	0.0
18 - Jacques Duthen - 55 [likes=9, dislikes=0, completion=0.881278538812785, like_ratio=1.0, like_rate=0.0410958904109589, tedium=8.33333333333333]	SOLVED	UddlluuurRRlllddRRRdrUlllluRurDldRR	9.85464	12	35	37	41	492	97	35	56	12	2.36585	1.36269	14.0571	37	0	0	0	0	0.0	0.0	0.0	0	0.0	0.0	0.0	0	0	0	0.0
3 - Jacques Duthen - 56 [likes=8, dislikes=0, completion=0.908730158730159, like_ratio=1.0, like_rate=0.0317460317460317, tedium=6.0]	SOLVED	dllUdrruulDldRulluRR	8.02437	6	20	9	9	72	23	2	8	8	2.55556	1.44225	36	9	0	0	0	0	0.0	0.0	0.0	0	0.0	0.0	0.0	0	0	0	0.0
17 - Jacques Duthen - 57 [likes=8, dislikes=0, completion=0.828996282527881, like_ratio=1.0, like_rate=0.0297397769516729, tedium=9.5]	SOLVED	lddrUluRRldddrruuLulDD	8.52677	7	22	17	22	176	27	14	23	8	1.22727	1.55516	12.5714	17	0	0	0	0	0.0	0.0	0.0	0	0.0	0.0	0.0	0	0	0	0.0
16 - Jacques Duthen - 58 [likes=8, dislikes=0, completion=0.76824034334764, like_ratio=1.0, like_rate=0.0343347639484979, tedium=13.6666666666667]	SOLVED	RuLrrDlllddrrUdlluururrdLddlluuluRdddrruuLrddlluluurDuRRdllDldR	8.83261	13	63	29	49	588	70	46	58	12	1.42857	1.34901	12.7826	29	0	0	0	0	0.0	0.0	0.0	0	0.0	0.0	0.0	0	0	0	0.0
20 - Jacques Duthen - 59 [likes=8, dislikes=0, completion=0.829457364341085, like_ratio=1.0, like_rate=0.0310077519379845, tedium=12.6666666666667]	SOLVED	urrrrddlUruulldRurDDullllddrUluRdRRlluRR	8.64175	11	40	29	38	456	96	42	66	12	2.52632	1.39193	10.8571	29	0	0	0	0	0.0	0.0	0.0	0	0.0	0.0	0.0	0	0	0	0.0
5 - Jacques Duthen - 60 [likes=10, dislikes=0, completion=0.899628252788104, like_ratio=1.0, like_rate=0.0371747211895911, tedium=10.0]	SOLVED	dllULulldRurRlldRurRlldRurDldR	8.25987	10	30	17	21	168	38	12	23	8	1.80952	1.35588	14	17	0	0	0	0	0.0	0.0	0.0	0	0.0	0.0	0.0	0	0	0	0.0
8 - Jacques Duthen - 61 [likes=7, dislikes=0, completion=0.869767441860465, like_ratio=1.0, like_rate=0.0325581395348837, tedium=14.0]	SOLVED	dlllUruLulldRldRRRurDldRullluRRR	8.58918	12	32	25	29	232	92	25	32	8	3.17241	1.32393	9.28	25	0	0	0	0	0.0	0.0	0.0	0	0.0	0.0	0.0	0	0	0	0.0
10 - Jacques Duthen - 62 [likes=9, dislikes=0, completion=0.839228295819936, like_ratio=1.0, like_rate=0.0289389067524116, tedium=11.0]	SOLVED	ullDDuurrdddlLuuRlddrruU	8.21736	6	24	7	8	64	21	1	0	8	2.625	1.41421	64	7	0	0	0	0	0.0	0.0	0.0	0	0.0	0.0	0.0	0	0	0	0.0
47 - Jacques Duthen - 63 [likes=8, dislikes=0, completion=0.849056603773585, like_ratio=1.0, like_rate=0.0377358490566038, tedium=4.75]	SOLVED	dllURlluurrDLrRDLdlU	8.87079	9	20	28	32	512	110	14	57	16	3.4375	1.46973	36.5714	28	0	0	0	0	0.0	0.0	0.0	0	0.0	0.0	0.0	0	0	0	0.0
5 - Jacques Duthen - 64 [likes=7, dislikes=0, completion=0.781395348837209, like_ratio=1.0, like_rate=0.0325581395348837, tedium=12.3333333333333]	SOLVED	ullllddrUluurrdrrddlULuullddRRRdrruulDlluRullldRR	8.77908	11	49	36	42	504	100	35	99	12	2.38095	1.40465	14.4	36	0	0	0	0	0.0	0.0	0.0	0	0.0	0.0	0.0	0	0	0	0.0
4 - Jacques Duthen - 65 [likes=6, dislikes=0, completion=0.845814977973568, like_ratio=1.0, like_rate=0.026431718061674, tedium=8.33333333333333]	SOLVED	dDuurrdDuullddldRuRDuluurrdrdLrdL	8.48924	8	33	20	24	288	57	20	30	12	2.375	1.48774	14.4	20	0	0	0	0	0.0	0.0	0.0	0	0.0	0.0	0.0	0	0	0	0.0
6 - Ghislain Martin - 66 [likes=5, dislikes=0, completion=0.736318407960199, like_ratio=1.0, like_rate=0.0248756218905473, tedium=30.0]	SOLVED	ruuuuuullllllddrrrdrdLuullluurrrrrrddddddlddddllllluullluluRddrrrddrrrrruuuuruuuuuullllllddllldDuurrruurrrrrrddddddlddddllllluullluuRlddrrrddrrrrruuuuruuuuuullllllddlllddDuuurrrrrrddLruulllllldddDlddrrrrrrruUddllllllluurDuuuuurrruurrrrrrddddddlddddllllluurrruuUUruullllllldddddldRRRlluurRlluuuurrrrrrrddlUdlLrruruLLL	20.2967	21	316	354	510	8160	2168	1268	251	16	4.25098	1.34565	6.43533	354	0	0	0	0	0.0	0.0	0.0	0	0.0	0.0	0.0	0	0	0	0.0
1 - Ghislain Martin - 67 [likes=7, dislikes=1, completion=0.908296943231441, like_ratio=0.875, like_rate=0.0305676855895196, tedium=36.0]	SOLVED	dddllUUUUUruLLLdlluRRRRdrUUUluurDDDD	10.2175	20	36	19	19	76	19	0	2	4	1	1.15861	0	19	0	0	0	0	0.0	0.0	0.0	0	0.0	0.0	0.0	0	0	0	0.0
17 - Ghislain Martin - 68 [likes=4, dislikes=0, completion=0.762135922330097, like_ratio=1.0, like_rate=0.0194174757281553, tedium=14.8]	SOLVED	rrRRRRRRdrRRuuLDLrrdRRRlllullLuRdlLLrrrrrddLUlulllLLLLLLLLrrrrrrrrrrddRurrrrrRRRRRRurrdLLLLLLLLLLL	4397.12	47	98	6037	355609	7112180	647523	808925	892791	20	1.82088	1.31252	8.79214	6037	0	0	0	0	0.0	0.0	0.0	0	0.0	0.0	0.0	0	0	0	0.0
2 - Ghislain Martin - 69 [likes=10, dislikes=0, completion=0.827731092436975, like_ratio=1.0, like_rate=0.0420168067226891, tedium=82.0]	SOLVED	rrrrUUruLLLdlluRRRRdrUUUluRRlddddlddrddrruuuuuuuruulDDDDDDDDuuuuuuullddddlddrddrRR	8.93801	25	82	24	24	96	25	13	6	4	1.04167	1.13556	7.38462	24	0	0	0	0	0.0	0.0	0.0	0	0.0	0.0	0.0	0	0	0	0.0
13 - Games 4 Brains - 70 [likes=4, dislikes=0, completion=0.679841897233202, like_ratio=1.0, like_rate=0.0158102766798419, tedium=6.66666666666667]	SOLVED	drrrruullullluurrDDuurrdLulDulDrrddrrddllUUddlluRdrUdrU	30.4907	11	55	580	919	22056	2289	946	1315	24	2.49075	1.85948	23.315	580	0	0	0	0	0.0	0.0	0.0	0	0.0	0.0	0.0	0	0	0	0.0
12 - Games 4 Brains - 71 [likes=3, dislikes=0, completion=0.659420289855073, like_ratio=1.0, like_rate=0.0108695652173913, tedium=5.0]	SOLVED	ddlluuuRldddrruuLuurrrdddLruuulllddrDuUdRllDuulDDrrrrUUdlU	13.7196	13	58	90	122	2928	680	65	265	24	5.57377	1.44707	45.0462	90	0	0	0	0	0.0	0.0	0.0	0	0.0	0.0	0.0	0	0	0	0.0
23 - Games 4 Brains - 72 [likes=4, dislikes=0, completion=0.603864734299517, like_ratio=1.0, like_rate=0.0193236714975845, tedium=11.6]	SOLVED	uuurrddDLdllluuuuRRddDrruuuLulDllddddrRurruuullDDLrDuuulldDDurD	14.6251	16	63	150	201	4020	577	85	297	20	2.87065	1.393	47.2941	150	0	0	0	0	0.0	0.0	0.0	0	0.0	0.0	0.0	0	0	0	0.0
1 - Games 4 Brains - 73 [likes=12, dislikes=2, completion=0.414184397163121, like_ratio=0.857142857142857, like_rate=0.0170212765957447, tedium=9.0]	SOLVED	ldlUrrUdrdrUUdllllUUddrruUddrruUddlllluuluRdddrrrruuruL	9.4121	11	55	34	40	480	98	10	28	12	2.45	1.39843	48	34	0	0	0	0	0.0	0.0	0.0	0	0.0	0.0	0.0	0	0	0	0.0
19 - Games 4 Brains - 74 [likes=3, dislikes=0, completion=0.731707317073171, like_ratio=1.0, like_rate=0.0146341463414634, tedium=8.5]	SOLVED	urrRRllllddrrUdddrruuLrddllululuurururrddDuuulldldlddrdrdrrururuuL	15.6243	7	66	77	92	1472	294	188	74	16	3.19565	1.90784	7.82979	77	0	0	0	0	0.0	0.0	0.0	0	0.0	0.0	0.0	0	0	0	0.0
15 - Games 4 Brains - 75 [likes=3, dislikes=0, completion=0.653153153153153, like_ratio=1.0, like_rate=0.0135135135135135, tedium=4.0]	SOLVED	rdrruruuLUdrddlUruullDRlLUdDRurD	28.7771	11	32	93	119	2856	526	75	281	24	4.42017	1.54414	38.08	93	0	0	0	0	0.0	0.0	0.0	0	0.0	0.0	0.0	0	0	0	0.0
14 - Games 4 Brains - 76 [likes=3, dislikes=0, completion=0.82843137254902, like_ratio=1.0, like_rate=0.0147058823529412, tedium=4.5]	SOLVED	ddlluuRUrDDuuurrddLUdDuulldDrUU	42.4239	11	31	97	109	2616	574	119	470	24	5.26606	1.53187	21.9832	97	0	0	0	0	0.0	0.0	0.0	0	0.0	0.0	0.0	0	0	0	0.0
18 - Games 4 Brains - 77 [likes=2, dislikes=0, completion=0.570776255707763, like_ratio=1.0, like_rate=0.0091324200913242, tedium=4.66666666666667]	SOLVED	uurrdddLruuullddRddllluuuRldddrrruulLulDrrrdrU	15.1575	7	46	25	27	648	147	10	134	24	5.44444	1.60133	64.8	25	0	0	0	0	0.0	0.0	0.0	0	0.0	0.0	0.0	0	0	0	0.0
22 - Games 4 Brains - 78 [likes=3, dislikes=0, completion=0.676190476190476, like_ratio=1.0, like_rate=0.0142857142857143, tedium=8.4]	SOLVED	drrRllluurrDuurrdLrrrddldlluRUddllluluururrrrdrddL	44.9093	7	50	101	141	2820	535	283	257	20	3.79433	2.02783	9.96466	101	0	0	0	0	0.0	0.0	0.0	0	0.0	0.0	0.0	0	0	0	0.0
3 - Games 4 Brains - 79 [likes=8, dislikes=0, completion=0.699404761904762, like_ratio=1.0, like_rate=0.0238095238095238, tedium=13.0]	SOLVED	ruLuuururDDDrdLLruuulllulldRRRRurDDDrdL	29.3861	15	39	142	221	2652	400	234	267	12	1.80995	1.43315	11.3333	142	0	0	0	0	0.0	0.0	0.0	0	0.0	0.0	0.0	0	0	0	0.0
17 - Games 4 Brains - 80 [likes=3, dislikes=0, completion=0.676855895196507, like_ratio=1.0, like_rate=0.0131004366812227, tedium=7.0]	SOLVED	UlluurrrrddDLruuullllddrrDullDRuluurrDulldddrdRluuluurrrrdddlLrruuulldDDulD	35.2696	13	75	119	190	3800	462	267	157	20	2.43158	1.49723	14.2322	119	0	0	0	0	0.0	0.0	0.0	0	0.0	0.0	0.0	0	0	0	0.0
16 - Games 4 Brains - 81 [likes=2, dislikes=0, completion=0.685106382978723, like_ratio=1.0, like_rate=0.0085106382978723, tedium=7.5]	SOLVED	ddrruLruuLrddlUddllluuRlddrrruuUdddllluurRllddrrruruulDllluururrD	17.2667	9	65	75	110	2640	256	204	426	24	2.32727	1.68586	12.9412	75	0	0	0	0	0.0	0.0	0.0	0	0.0	0.0	0.0	0	0	0	0.0
20 - Games 4 Brains - 82 [likes=3, dislikes=0, completion=0.704453441295547, like_ratio=1.0, like_rate=0.0121457489878543, tedium=9.0]	SOLVED	dlluuuururDrrddDuuullDDDuuullddddrRuuuurrdddLruuullddLrDulDuruulldDD	13.3371	13	68	34	44	880	139	24	46	20	3.15909	1.33789	36.6667	34	0	0	0	0	0.0	0.0	0.0	0	0.0	0.0	0.0	0	0	0	0.0
2 - Games 4 Brains - 83 [likes=11, dislikes=0, completion=0.745562130177515, like_ratio=1.0, like_rate=0.0325443786982249, tedium=28.6666666666667]	SOLVED	uurrdLurrrdLLullDDuurrdLurrrrrddddllllllluRRdrrurrruuullllllDDuurrrrrrddddllllluRdllluRdrruRdllluuurrrrRurDDullllllddR	22.2991	18	118	151	235	2820	492	402	235	12	2.09362	1.35433	7.01493	151	0	0	0	0	0.0	0.0	0.0	0	0.0	0.0	0.0	0	0	0	0.0
11 - Games 4 Brains - 84 [likes=6, dislikes=1, completion=0.67965367965368, like_ratio=0.857142857142857, like_rate=0.025974025974026, tedium=8.5]	SOLVED	lldddrRRdrUlllluuurrdLrDuullDurrrrdL	12.8916	8	36	43	49	784	156	49	45	16	3.18367	1.62658	16	43	0	0	0	0	0.0	0.0	0.0	0	0.0	0.0	0.0	0	0	0	0.0
8 - Games 4 Brains - 85 [likes=5, dislikes=0, completion=0.604651162790698, like_ratio=1.0, like_rate=0.0166112956810631, tedium=5.75]	SOLVED	ddRDrRdrUllluluuRldddrrrrUUddllluluurDlddrrrruuUdddlllluurrRUdlllddrrrruUllDurrddlLuuluRdddLruurDrdLuullldDuurrdLulDrrrdL	166.079	23	121	1097	2080	66560	5191	3497	3334	32	2.49567	1.394	19.0335	1097	0	0	0	0	0.0	0.0	0.0	0	0.0	0.0	0.0	0	0	0	0.0
7 - Games 4 Brains - 86 [likes=6, dislikes=0, completion=0.738170347003155, like_ratio=1.0, like_rate=0.0189274447949527, tedium=28.0]	SOLVED	LLLrrruLUddllLLrrrruuUdddllllululuurrrrrurrdLLLLLLulDDDrdrdrruRdrUdllllLrrrurrUUdddllllululuurrrrrurrdLLLLLLulDD	13.9474	31	112	153	219	2628	416	344	576	12	1.89954	1.18987	7.63953	153	0	0	0	0	0.0	0.0	0.0	0	0.0	0.0	0.0	0	0	0	0.0
6 - Games 4 Brains - 87 [likes=6, dislikes=0, completion=0.704861111111111, like_ratio=1.0, like_rate=0.0208333333333333, tedium=20.3333333333333]	SOLVED	rDDDrrrddddddllluUluurUUddlddrUdddrrruuuuuulllUdrrrddddddllluuuUddddrrruuuuuullluUluRdddrrrdddLLulUUddlddrUrrruuulllUUddrrrdddlllUUUU	10.9191	23	133	62	89	1068	188	86	173	12	2.11236	1.2155	12.4186	62	0	0	0	0	0.0	0.0	0.0	0	0.0	0.0	0.0	0	0	0	0.0
12 - Games 4 Brains - 88 [likes=2, dislikes=0, completion=0.604477611940298, like_ratio=1.0, like_rate=0.0074626865671641, tedium=34.6666666666667]	SOLVED	rrrddLLdLUUdlldRuruUddrrrdddllllUdrrrruuuuulluulldRdddrrrdddlllluUddrrrruuuuullluurDldddrrrdddlllluuluRdddrrrruuulldLUUUddrrrdddlllluUruuuRuulldRddddlluRdrUUUUluRddddrrruuL	18.1936	27	172	249	388	4656	582	523	487	12	1.5	1.24705	8.90249	249	0	0	0	0	0.0	0.0	0.0	0	0.0	0.0	0.0	0	0	0	0.0
1 - Games 4 Brains - 89 [likes=7, dislikes=1, completion=0.503067484662577, like_ratio=0.875, like_rate=0.0143149284253579, tedium=10.5]	SOLVED	lLLrrrRlllullDrrrrrurrdLLLLLL	8.59505	11	29	26	26	208	33	16	19	8	1.26923	1.34473	13	26	0	0	0	0	0.0	0.0	0.0	0	0.0	0.0	0.0	0	0	0	0.0
15 - Games 4 Brains - 90 [likes=2, dislikes=0, completion=0.641791044776119, like_ratio=1.0, like_rate=0.0074626865671641, tedium=33.6666666666667]	SOLVED	LLLLLulldddrrrrrrUruLLrddlllllluuuuurrrrrrdDldLurrrdLuuullllllddrrdLuluurrrrrrddlldLLrrurrdddlllllluUUrrdLulDrrrrurruullllllDurrrrrrdddLLLLL	15.6286	25	140	174	302	3624	553	561	425	12	1.83113	1.25661	6.45989	174	0	0	0	0	0.0	0.0	0.0	0	0.0	0.0	0.0	0	0	0	0.0
14 - Games 4 Brains - 91 [likes=2, dislikes=1, completion=0.622710622710623, like_ratio=0.666666666666667, like_rate=0.0073260073260073, tedium=28.6666666666667]	SOLVED	rddDlLdlddrrruUddllluuruulUUluRdrrrddrdLdddllluuUUUdddddrrruuuLruuullLrrrdddlLuluuuurDldddrddlUUUURuulldRddddrrruuuL	31.8266	22	116	432	820	9840	1545	1310	1019	12	1.88415	1.35658	7.51145	432	0	0	0	0	0.0	0.0	0.0	0	0.0	0.0	0.0	0	0	0	0.0
3 - Games 4 Brains - 92 [likes=5, dislikes=0, completion=0.749090909090909, like_ratio=1.0, like_rate=0.0181818181818182, tedium=15.6666666666667]	SOLVED	uurrrddddddllluUluuruuUdrrrdddLrdddllluuUdddrrruuuuuullluUddrrrddddddllluuuUddddrrruuuuuullluuluRdddrrrddddddllluuuuUUrrrdddlLdlUrrruuulllUUddrrrdddlllUUUU	10.2808	18	155	53	85	1020	199	79	155	12	2.34118	1.27994	12.9114	53	0	0	0	0	0.0	0.0	0.0	0	0.0	0.0	0.0	0	0	0	0.0
17 - Games 4 Brains - 93 [likes=2, dislikes=0, completion=0.638392857142857, like_ratio=1.0, like_rate=0.0089285714285714, tedium=19.6666666666667]	SOLVED	ulldRdddddrrrddlllUUUUUUUluRRRdLLdddddrrruuulLrrdddlluluUUU	11.7648	18	59	103	134	1608	245	105	129	12	1.82836	1.31272	15.3143	103	0	0	0	0	0.0	0.0	0.0	0	0.0	0.0	0.0	0	0	0	0.0
16 - Games 4 Brains - 94 [likes=3, dislikes=0, completion=0.697211155378486, like_ratio=1.0, like_rate=0.0119521912350598, tedium=41.6666666666667]	SOLVED	rrrddddlluLLdRRlldlluRRurrdRdrUUUddllulldRRlllluRdrrrdrruuuUruLLLrrdddddllullluRdrrdrruuuuullLLrrrrdddddllulluRdrdrruuuuullullllddrUluRdrrrrrdddddlluRdrUUUUruLLLLLrrrrddddllluurDldRdrruuuuullllLulDrrrrrrdddddlluRdrUUUUruLLLLLruLdLruL	71.7304	51	233	1659	2775	33300	4483	3193	2396	12	1.6155	1.16819	10.4291	1659	0	0	0	0	0.0	0.0	0.0	0	0.0	0.0	0.0	0	0	0	0.0
2 - Games 4 Brains - 95 [likes=7, dislikes=0, completion=0.664615384615385, like_ratio=1.0, like_rate=0.0215384615384615, tedium=23.0]	SOLVED	LLLLLulldddrrrrrrUruulldlllLulDrrrrrurrdLLLLLL	8.71075	15	46	24	24	192	39	7	22	8	1.625	1.23599	27.4286	24	0	0	0	0	0.0	0.0	0.0	0	0.0	0.0	0.0	0	0	0	0.0
5 - Games 4 Brains - 96 [likes=6, dislikes=2, completion=0.664634146341463, like_ratio=0.75, like_rate=0.0182926829268293, tedium=4.83333333333333]	SOLVED	uRldlDuurrRdrdDDlllllLLuUUdddrrrrrrruuululldldDldlluuuruRR	11.0534	13	58	38	55	1320	262	32	171	24	4.76364	1.36105	41.25	38	0	0	0	0	0.0	0.0	0.0	0	0.0	0.0	0.0	0	0	0	0.0
10 - Games 4 Brains - 97 [likes=4, dislikes=0, completion=0.636904761904762, like_ratio=1.0, like_rate=0.0119047619047619, tedium=7.66666666666667]	SOLVED	rDDlddrURRurUUruRRdrdDuulullulDLLrrrrrdrddDuuulullllldldDuururrrrrdrdddlllulldlLrruruUddldlluuururR	15.0958	19	99	144	199	4776	613	91	457	24	3.0804	1.32127	52.4835	144	0	0	0	0	0.0	0.0	0.0	0	0.0	0.0	0.0	0	0	0	0.0
12 - Erim Sever - 98 [likes=2, dislikes=0, completion=0.154545454545455, like_ratio=1.0, like_rate=0.009090909090909, tedium=7.33333333333333]	SOLVED	lluluururRurrDulldDuurrdDRdrUlluullddRRRlllulldlddrdrrurUdldlluluururrdRlulldRllddrRlluurrRlllddrUluRR	48.7244	18	102	556	760	27360	2344	532	1343	36	3.08421	1.44559	51.4286	556	0	0	0	0	0.0	0.0	0.0	0	0.0	0.0	0.0	0	0	0	0.0
1 - Erim Sever - 99 [likes=5, dislikes=0, completion=0.476987447698745, like_ratio=1.0, like_rate=0.0209205020920502, tedium=7.5]	SOLVED	rrdRullldRurrdDRluulldRurDurrdLdddlluRdllluRUddrrrUlL	17.3683	13	53	196	322	7728	535	368	574	24	1.66149	1.55924	21	196	0	0	0	0	0.0	0.0	0.0	0	0.0	0.0	0.0	0	0	0	0.0
7 - Erim Sever - 100 [likes=8, dislikes=0, completion=0.441176470588235, like_ratio=1.0, like_rate=0.0336134453781513, tedium=5.125]	SOLVED	rrdRurrdddlllUdrrruuulldDRddlllluURlddrrrruuluurrdLdddlllluurRddrruuuullDullDurrrrddddlluRdrU	241.749	13	93	1777	3247	103904	9931	7368	12397	32	3.05852	1.86258	14.1021	1777	0	0	0	0	0.0	0.0	0.0	0	0.0	0.0	0.0	0	0	0	0.0
35 - Erim Sever - 101 [likes=3, dislikes=0, completion=0.737068965517241, like_ratio=1.0, like_rate=0.0129310344827586, tedium=8.0]	SOLVED	drDDuuullldRurrdddDuuuulldRurDDulldDuurrdDuullddDuuurrddLDuruulldDrdLulD	11.4715	16	72	55	74	1480	153	26	77	20	2.06757	1.30866	56.9231	55	0	0	0	0	0.0	0.0	0.0	0	0.0	0.0	0.0	0	0	0	0.0
39 - Erim Sever - 102 [likes=4, dislikes=0, completion=0.835748792270531, like_ratio=1.0, like_rate=0.0193236714975845, tedium=21.6666666666667]	SOLVED	uRUrUrrdddllUdrruuuuullDlDDuururrddlLrrdddlluUdLrdrruuuuulldlDururrdddddllulLrrdrruuuuulldldDrdLrdrruuulLulDD	10.2737	18	109	37	69	828	151	82	50	12	2.18841	1.2652	10.0976	37	0	0	0	0	0.0	0.0	0.0	0	0.0	0.0	0.0	0	0	0	0.0
3 - Erim Sever - 103 [likes=5, dislikes=0, completion=0.728813559322034, like_ratio=1.0, like_rate=0.0169491525423729, tedium=11.0]	SOLVED	rdrRURlLdlUruLdrrrRdLrrddllUUruLLLdRurrdrddlluUruLLdlUdlU	13.9287	20	57	114	209	4180	361	213	281	20	1.72727	1.30619	19.6244	114	0	0	0	0	0.0	0.0	0.0	0	0.0	0.0	0.0	0	0	0	0.0
2 - Erim Sever - 104 [likes=4, dislikes=0, completion=0.710714285714286, like_ratio=1.0, like_rate=0.0142857142857143, tedium=35.5]	SOLVED	rrrrrdLrddrruuLLuuuurrdLulDDDDrrddllUUUUdlllldddrruUddlluuurRdRRuuUluRRdrUdlldddddrruuLrddlluUUUUluRRdldddlluRdrUllllddRluurrrrUUluRdrUdlddlllldddrrUUdlluurRRdrUUUluR	96.0648	43	166	1905	3588	57408	4547	4063	4488	16	1.26728	1.20968	14.1295	1905	0	0	0	0	0.0	0.0	0.0	0	0.0	0.0	0.0	0	0	0	0.0
31 - Erim Sever - 105 [likes=7, dislikes=0, completion=0.875555555555556, like_ratio=1.0, like_rate=0.0311111111111111, tedium=7.66666666666667]	SOLVED	uulllDurrrddllUluRdRdrU	8.44624	6	23	10	10	120	20	2	20	12	2	1.4678	60	10	0	0	0	0	0.0	0.0	0.0	0	0.0	0.0	0.0	0	0	0	0.0
33 - Erim Sever - 106 [likes=4, dislikes=1, completion=0.89922480620155, like_ratio=0.8, like_rate=0.0155038759689922, tedium=3.8]	SOLVED	llululuRddrdrruUddlluluRRlddrU	9.39362	6	30	11	11	220	44	3	20	20	4	1.4913	73.3333	11	0	0	0	0	0.0	0.0	0.0	0	0.0	0.0	0.0	0	0	0	0.0
32 - Erim Sever - 107 [likes=6, dislikes=0, completion=0.437275985663082, like_ratio=1.0, like_rate=0.021505376344086, tedium=6.0]	SOLVED	luuRlddrUrruuLDrdL	8.96017	6	18	9	10	120	11	4	23	12	1.1	1.4678	30	9	0	0	0	0	0.0	0.0	0.0	0	0.0	0.0	0.0	0	0	0	0.0
15 - Erim Sever - 108 [likes=4, dislikes=1, completion=0.751219512195122, like_ratio=0.8, like_rate=0.0195121951219512, tedium=27.3333333333333]	SOLVED	LLLLLLLLulldRRRRRRlllllddddddDldRRRRRRRRRRllllllllluuuuuuuurrrrrRllllllddddddddrrrrrrrrruuuuuuUddddddddrUluuuuuuuUUdddddddddrruLdlUUUUUUUUddddddddllllllllluuuuuuuurrrrrrRRR	67.2619	43	172	759	2913	34956	5044	929	349	12	1.73155	1.20383	37.6276	759	0	0	0	0	0.0	0.0	0.0	0	0.0	0.0	0.0	0	0	0	0.0
4 - Erim Sever - 109 [likes=3, dislikes=0, completion=0.815, like_ratio=1.0, like_rate=0.015, tedium=8.0]	SOLVED	drDDuuullldRurrdddDuuuulldRurDDulldDuurrdDuullddDuuurrddLDuruulldDrdLulD	10.2967	16	72	55	74	1480	153	26	77	20	2.06757	1.30866	56.9231	55	0	0	0	0	0.0	0.0	0.0	0	0.0	0.0	0.0	0	0	0	0.0
68 - Spiros Mantzoukis - 110 [likes=2, dislikes=0, completion=0.810185185185185, like_ratio=1.0, like_rate=0.0092592592592592, tedium=12.6666666666667]	SOLVED	rruullDDlluRdrrruulDrdLLLulDrrruulDrdLulD	9.46137	12	41	33	44	528	67	12	64	12	1.52273	1.37074	44	33	0	0	0	0	0.0	0.0	0.0	0	0.0	0.0	0.0	0	0	0	0.0
11 - Spiros Mantzoukis - 111 [likes=5, dislikes=0, completion=0.921397379912664, like_ratio=1.0, like_rate=0.0218340611353712, tedium=1.4]	SOLVED	LrULdrRDuUddLDLD	9.94799	11	16	33	39	1560	92	0	10	40	2.35897	1.39522	0	33	0	0	0	0	0.0	0.0	0.0	0	0.0	0.0	0.0	0	0	0	0.0
1 - Brian Kent - 112 [likes=5, dislikes=1, completion=0.857740585774059, like_ratio=0.833333333333333, like_rate=0.0209205020920502, tedium=39.0]	SOLVED	LruulldlddrUrrRlllUdrruurrdrddlUUUUdddlllluUUdddrrrrrrrruulululLLrddddlllllllluurururRddrruUUdddlluuRlddrruU	10.376	18	108	51	65	520	155	105	23	8	2.38462	1.26101	4.95238	51	0	0	0	0	0.0	0.0	0.0	0	0.0	0.0	0.0	0	0	0	0.0
6 - David W. Skinner - 113 [likes=6, dislikes=0, completion=0.729064039408867, like_ratio=1.0, like_rate=0.0295566502463054, tedium=18.0]	SOLVED	ruRdllluRluurDDlddrruruLddlluRUrrdrruLLLrruulDrddlLuRdrUdlldlluuRRRdldlU	12.5575	19	72	102	218	3488	300	273	493	16	1.37615	1.32763	12.7766	102	0	0	0	0	0.0	0.0	0.0	0	0.0	0.0	0.0	0	0	0	0.0
12 - David W. Skinner - 114 [likes=4, dislikes=0, completion=0.570731707317073, like_ratio=1.0, like_rate=0.0195121951219512, tedium=31.25]	SOLVED	rrruuLrddlluUruullllddrRlluurrrrddrdLuuullllddrrRllluurrrrdDrddlllUdrrruuluullllddrRRUruLLLulDrrrddlddrUUUruLLLrrddddrruuLrddlUlUUddrruLdlUruuLLrrddlUruL	39.9205	31	153	602	1559	24944	1905	2626	3125	16	1.22194	1.26764	9.49886	602	0	0	0	0	0.0	0.0	0.0	0	0.0	0.0	0.0	0	0	0	0.0
1 - David W. Skinner - 115 [likes=9, dislikes=0, completion=0.657407407407407, like_ratio=1.0, like_rate=0.0277777777777778, tedium=22.6666666666667]	SOLVED	dllllUUddrruLdrrruLLdllluurDldRRRuLLuluurDldDuurDldRddlUrrruLdllUUrDldRuuuulDD	18.9335	24	78	278	568	6816	642	979	776	12	1.13028	1.30246	6.96221	278	0	0	0	0	0.0	0.0	0.0	0	0.0	0.0	0.0	0	0	0	0.0
19 - David W. Skinner - 116 [likes=4, dislikes=1, completion=0.443089430894309, like_ratio=0.8, like_rate=0.016260162601626, tedium=9.125]	SOLVED	rUdlluRRlllululuurrrdrdDuululllddrdrRlluluurrrdDuulllddrRlluurDurrdLLrdddrdrruLULU	42.6379	15	82	561	694	22208	1727	571	2769	32	2.48847	1.54676	38.8932	561	0	0	0	0	0.0	0.0	0.0	0	0.0	0.0	0.0	0	0	0	0.0
3 - David W. Skinner - 117 [likes=8, dislikes=0, completion=0.733082706766917, like_ratio=1.0, like_rate=0.0300751879699248, tedium=17.3333333333333]	SOLVED	luuRDldddrrruulLrrddllUlUUdddrrruulLulDuruurrdLullDurrdL	12.3173	12	56	117	157	1884	275	247	248	12	1.75159	1.52402	7.62753	117	0	0	0	0	0.0	0.0	0.0	0	0.0	0.0	0.0	0	0	0	0.0
2 - David W. Skinner - 118 [likes=8, dislikes=0, completion=0.654545454545455, like_ratio=1.0, like_rate=0.0290909090909091, tedium=16.0]	SOLVED	ddLUlldRRuruulDrdLdlluuRlddrrurrdLuuulDllddrUluR	8.51506	12	48	19	23	276	33	15	50	12	1.43478	1.29861	18.4	19	0	0	0	0	0.0	0.0	0.0	0	0.0	0.0	0.0	0	0	0	0.0
11 - David W. Skinner - 119 [likes=6, dislikes=0, completion=0.635, like_ratio=1.0, like_rate=0.03, tedium=57.6666666666667]	SOLVED	drrrrRuRlddrUUluRRlddlllllluuurrrdDuullldddrrRRRuurrurrdLdLLrruulDldDuurrdLullDurrdLdLLLLLrruuulllddlddrUUdrrrrrruulDrdLLLLLrrrrddrUUluurrdLulDrdLLLuuullllddrUluRRRllddlddrUrRdrUUdlllUUluRR	166.924	51	189	2031	4912	58944	5703	9556	6703	12	1.16103	1.18135	6.16827	2031	0	0	0	0	0.0	0.0	0.0	0	0.0	0.0	0.0	0	0	0	0.0
5 - David W. Skinner - 120 [likes=5, dislikes=0, completion=0.672645739910314, like_ratio=1.0, like_rate=0.0224215246636771, tedium=24.6666666666667]	SOLVED	lluRlLulldRRddlUruLdrrruLdrrruLLdllluurDldRRRurrdLulLdlluulldRurrDulldRdRluurD	27.3757	21	78	124	161	1932	226	217	232	12	1.40373	1.27376	8.90323	124	0	0	0	0	0.0	0.0	0.0	0	0.0	0.0	0.0	0	0	0	0.0
4 - David W. Skinner - 121 [likes=6, dislikes=0, completion=0.817777777777778, like_ratio=1.0, like_rate=0.0266666666666667, tedium=8.75]	SOLVED	rddddLruuuulllddrRlluurrDrDLDDrddlUruUddlUUddlluR	32.1153	13	49	124	160	2560	267	146	244	16	1.66875	1.47757	17.5342	124	0	0	0	0	0.0	0.0	0.0	0	0.0	0.0	0.0	0	0	0	0.0
10 - David W. Skinner - 122 [likes=4, dislikes=0, completion=0.641860465116279, like_ratio=1.0, like_rate=0.0186046511627907, tedium=15.2]	SOLVED	dlUruulllddRRdrUllluurrDullddrRuulllldRurrrddllddlluRUrrruullDulldRurrrdddrruLdlU	16.6102	14	81	79	100	2000	129	47	162	20	1.29	1.3895	42.5532	79	0	0	0	0	0.0	0.0	0.0	0	0.0	0.0	0.0	0	0	0	0.0
6 - David W. Skinner - 123 [likes=5, dislikes=0, completion=0.515981735159817, like_ratio=1.0, like_rate=0.0228310502283105, tedium=17.8]	SOLVED	rrrdLdDldllluRRdrRuuuulldRullldRDuurrdLulDurrrrdLLrdddlllluRdrrruuuullldDDldRRluuuurrdLulDDDldR	143.048	23	95	1102	1963	39260	2920	2840	2492	20	1.48752	1.3905	13.8239	1102	0	0	0	0	0.0	0.0	0.0	0	0.0	0.0	0.0	0	0	0	0.0
1 - David W. Skinner - 124 [likes=11, dislikes=0, completion=0.754098360655738, like_ratio=1.0, like_rate=0.0300546448087432, tedium=10.0]	SOLVED	DlddrUluRdddrruuLLdlUruuruulDD	10.3435	9	30	39	52	624	82	51	41	12	1.57692	1.5512	12.2353	39	0	0	0	0	0.0	0.0	0.0	0	0.0	0.0	0.0	0	0	0	0.0
4 - David W. Skinner - 125 [likes=4, dislikes=0, completion=0.78099173553719, like_ratio=1.0, like_rate=0.0165289256198347, tedium=16.5]	SOLVED	lLLrrrdrUlllldlluRRluurDDRRRdrruLLLLLulDuurrrDullddrRRdrruLLLLrrrruulDrdLL	10.7821	27	74	129	180	2880	200	95	209	16	1.11111	1.21207	30.3158	129	0	0	0	0	0.0	0.0	0.0	0	0.0	0.0	0.0	0	0	0	0.0
1 - David W. Skinner - 126 [likes=9, dislikes=0, completion=0.75462962962963, like_ratio=1.0, like_rate=0.0416666666666667, tedium=15.0]	SOLVED	DLdlluRRRurrdLdLLullddrUruRdllluRR	9.17391	13	34	17	19	152	23	11	38	8	1.21053	1.2542	13.8182	17	0	0	0	0	0.0	0.0	0.0	0	0.0	0.0	0.0	0	0	0	0.0
2 - David W. Skinner - 127 [likes=6, dislikes=0, completion=0.477272727272727, like_ratio=1.0, like_rate=0.0227272727272727, tedium=20.5]	SOLVED	rrruulDrrrruulDLdllLruRdlldlluRRRurRRldLdLLuRlllddrUrrrUrururrdLdLLLruRdlldlluRuRRllddllluRR	18.9399	27	92	370	561	8976	702	641	1300	16	1.25134	1.26419	14.0031	370	0	0	0	0	0.0	0.0	0.0	0	0.0	0.0	0.0	0	0	0	0.0
91 - David W. Skinner - 129 [likes=10, dislikes=2, completion=0.703448275862069, like_ratio=0.833333333333333, like_rate=0.0229885057471264, tedium=11.25]	SOLVED	rrdrrruulDLLLrrrrdLLullullllddrrURldlluRuRRdRlulldRR	10.3643	15	52	132	180	2880	279	65	144	16	1.55	1.41368	44.3077	132	0	0	0	0	0.0	0.0	0.0	0	0.0	0.0	0.0	0	0	0	0.0
116 - David W. Skinner - 130 [likes=10, dislikes=0, completion=0.623762376237624, like_ratio=1.0, like_rate=0.033003300330033, tedium=12.6]	SOLVED	drrrdrruUruulldRlllDurrrdddlluUluRdlLrrRlddrruUlllldRurrrddllUlllluRdrrrUdllluRdrU	23.2171	15	82	302	519	10380	967	607	940	20	1.8632	1.51709	17.1005	302	0	0	0	0	0.0	0.0	0.0	0	0.0	0.0	0.0	0	0	0	0.0
29 - David W. Skinner - 131 [likes=24, dislikes=2, completion=0.712484237074401, like_ratio=0.923076923076923, like_rate=0.030264817150063, tedium=52.0]	SOLVED	ullldRurrdrrddllllllluuRurrdRullldRurrdRRlullldllddrrrrrrruUllullldRRllllddrrrrrrruuUdddllllllluurrrrRlllllddrrrrrrruuuUddddllllllluurrrrrRllllllddrrrrrrruUUruuLDDDuuuulldRurDD	13.1938	23	176	76	187	1496	204	297	301	8	1.09091	1.25538	5.03704	76	0	0	0	0	0.0	0.0	0.0	0	0.0	0.0	0.0	0	0	0	0.0
100 - David W. Skinner - 132 [likes=16, dislikes=0, completion=0.602150537634409, like_ratio=1.0, like_rate=0.0344086021505376, tedium=38.75]	SOLVED	lddrDuluurDrrrDldddrruuLrddlluUrrdLuuullllddrUluRRlddlddrUluuurrRurDDDuullldlddrUluurrrrddlUdrrddllUUrrdLuuuLLLulDDDrUluRRRurDDDlUdrrddllUdrruuluuLdrdrddlluUrrdLuuulLLulDDurrrrddlUdrddlUUruuLLLulDrrrrddlUruLLL	66.0632	53	209	1661	3225	51600	3462	4643	4025	16	1.07349	1.16466	11.1135	1661	0	0	0	0	0.0	0.0	0.0	0	0.0	0.0	0.0	0	0	0	0.0
68 - David W. Skinner - 133 [likes=16, dislikes=0, completion=0.598911070780399, like_ratio=1.0, like_rate=0.029038112522686, tedium=32.6666666666667]	SOLVED	rUdlluuurrrRdrruLLLLLulDDlddrrruUddllluururRRRdLullldlddrrruUddllluurDuurRdrruLdrrruLdlluLdrrruLdlluLulDDurrdrruLLLulD	18.7155	29	118	307	612	7344	783	683	695	12	1.27941	1.24766	10.7526	307	0	0	0	0	0.0	0.0	0.0	0	0.0	0.0	0.0	0	0	0	0.0
13 - David W. Skinner - 134 [likes=26, dislikes=1, completion=0.716234652114598, like_ratio=0.962962962962963, like_rate=0.0177353342428377, tedium=17.3333333333333]	SOLVED	rDlDDRddlUrrruLdllUUUruLdlUdrdddrruLdlUUUrDlddrruLuuuLddrddlUUruL	12.4469	22	65	67	88	1056	169	40	93	12	1.92045	1.2257	26.4	67	0	0	0	0	0.0	0.0	0.0	0	0.0	0.0	0.0	0	0	0	0.0
44 - David W. Skinner - 135 [likes=30, dislikes=6, completion=0.966013071895425, like_ratio=0.833333333333333, like_rate=0.0392156862745098, tedium=1.0]	SOLVED	R	12.4374	2	1	1	1	4	1	0	0	4	1	1	0	1	0	0	0	0	0.0	0.0	0.0	0	0.0	0.0	0.0	0	0	0	0.0
52 - David W. Skinner - 136 [likes=21, dislikes=0, completion=0.762345679012346, like_ratio=1.0, like_rate=0.0216049382716049, tedium=6.5]	SOLVED	ddLruulDlldddrRdrUUdlluRlluurrDulldR	19.2495	9	36	28	28	448	119	12	27	16	4.25	1.44809	37.3333	28	0	0	0	0	0.0	0.0	0.0	0	0.0	0.0	0.0	0	0	0	0.0
72 - David W. Skinner - 137 [likes=11, dislikes=1, completion=0.691943127962085, like_ratio=0.916666666666667, like_rate=0.0173775671406003, tedium=35.0]	SOLVED	llLDDDrrddlULLruuulluRRddddrruLdlUdldlluurDrruUddllDurruuUluurDRRllDurrdrruLLLLdDDrdLLdlluurDrruuulluRdrdddlllddRluurDurruuuluurDDDDrdLLdllddrUluRluurD	203.01	41	151	876	1962	23544	2183	1653	2121	12	1.11264	1.20312	14.2432	876	0	0	0	0	0.0	0.0	0.0	0	0.0	0.0	0.0	0	0	0	0.0
25 - David W. Skinner - 138 [likes=23, dislikes=0, completion=0.726998491704374, like_ratio=1.0, like_rate=0.0173453996983409, tedium=9.66666666666667]	SOLVED	urrdLulluurDldRlddrUrruuLLulD	8.64772	8	29	16	17	204	35	13	32	12	2.05882	1.42497	15.6923	16	0	0	0	0	0.0	0.0	0.0	0	0.0	0.0	0.0	0	0	0	0.0
7 - David W. Skinner - 139 [likes=35, dislikes=3, completion=0.784013605442177, like_ratio=0.921052631578947, like_rate=0.0198412698412698, tedium=4.33333333333333]	SOLVED	rruulUdrddlllluurUdlddrrrUruullDllddrUluuuurrD	18.3515	7	46	80	93	2232	576	150	426	24	6.19355	1.91079	14.88	80	0	0	0	0	0.0	0.0	0.0	0	0.0	0.0	0.0	0	0	0	0.0
33 - David W. Skinner - 140 [likes=28, dislikes=0, completion=0.635338345864662, like_ratio=1.0, like_rate=0.0263157894736842, tedium=13.6666666666667]	SOLVED	ulLLrrrddlLrruullDllUdddrUluurrrrddlLLruulldDrruL	12.7956	11	49	78	124	1488	297	156	94	12	2.39516	1.54993	9.53846	78	0	0	0	0	0.0	0.0	0.0	0	0.0	0.0	0.0	0	0	0	0.0
64 - David W. Skinner - 141 [likes=19, dislikes=0, completion=0.614334470989761, like_ratio=1.0, like_rate=0.0324232081911263, tedium=23.75]	SOLVED	ldlluulUluurrrddLLrruulDrdLdddrrurrdLLLdlUUUUruulDDDDuuuulldRurrddlddDuuuruulDDDDulUruulldRurDDDuullldRRurD	19.8883	31	107	270	500	8000	578	602	701	16	1.156	1.22198	13.289	270	0	0	0	0	0.0	0.0	0.0	0	0.0	0.0	0.0	0	0	0	0.0
120 - David W. Skinner - 142 [likes=8, dislikes=0, completion=0.737642585551331, like_ratio=1.0, like_rate=0.0304182509505703, tedium=45.75]	SOLVED	lluuRlddrddldRuuuluurRRRRRurDDDuulllllllddrUddddlddrUUUUUluuRRRRRRurDDrddLLLdlldLrurruulDrrrruulDrdLuuulllllllddrUluRRRRRRurDDrddlLLrrruulullllllddddlddrUUUddrruRldlluuUluurrrrrrrdrddlllulDrrrruulDrdLLLrruuulllllllddrUluRRRRRRurDDDrdLL	83.8119	65	235	2882	3411	54576	4799	1620	2836	16	1.40692	1.13332	33.6889	2882	0	0	0	0	0.0	0.0	0.0	0	0.0	0.0	0.0	0	0	0	0.0
48 - David W. Skinner - 143 [likes=17, dislikes=0, completion=0.734662576687117, like_ratio=1.0, like_rate=0.0260736196319018, tedium=21.3333333333333]	SOLVED	rddDLruuullddlddrUUdrrurDrddllUdrruLuLLrrddlUruLuuulllddrDuluurDurrdddL	12.1677	15	71	86	144	1728	274	214	217	12	1.90278	1.39281	8.07477	86	0	0	0	0	0.0	0.0	0.0	0	0.0	0.0	0.0	0	0	0	0.0
136 - David W. Skinner - 144 [likes=8, dislikes=1, completion=0.654320987654321, like_ratio=0.888888888888889, like_rate=0.0246913580246914, tedium=33.5]	SOLVED	rddLLrruullldllluRuurrrrDulllldddrruLdllddrrrUrrruuLuulllldDrdLuuurrrrddLLLrrrrddlllUdrrruullLrruulllldDlDuruurrrrddrddlUruLuullllddldRuuurrrrddddlluuLLuurrrrddLLLrrruulllldD	22.3136	26	174	387	612	9792	1119	917	818	16	1.82843	1.27992	10.6783	387	0	0	0	0	0.0	0.0	0.0	0	0.0	0.0	0.0	0	0	0	0.0
49 - David W. Skinner - 145 [likes=18, dislikes=0, completion=0.780152671755725, like_ratio=1.0, like_rate=0.0274809160305344, tedium=27.3333333333333]	SOLVED	ldddRluuurrrddlDDDldRRluuulluRluurDDldRuuurrddLDlluurDrdDDlddrruLdrrruLdlluuuuulldRurDDD	12.2305	22	88	111	180	2160	269	114	267	12	1.49444	1.26623	18.9474	111	0	0	0	0	0.0	0.0	0.0	0	0.0	0.0	0.0	0	0	0	0.0
6 - David W. Skinner - 146 [likes=36, dislikes=1, completion=0.757201646090535, like_ratio=0.972972972972973, like_rate=0.0296296296296296, tedium=35.6666666666667]	SOLVED	ulldllllulDulldRRRRRRdrrruullDurrddlLLLulllllddrrUdlluurRRRRlllddlUrurrrRlllullldRurrdrrdrrrruullDurrddlLLulllulldRRRRRdrrruullDurrddlL	12.0103	30	135	125	162	1944	359	177	272	12	2.21605	1.18481	10.9831	125	0	0	0	0	0.0	0.0	0.0	0	0.0	0.0	0.0	0	0	0	0.0
32 - David W. Skinner - 147 [likes=26, dislikes=1, completion=0.527808069792803, like_ratio=0.962962962962963, like_rate=0.0283533260632497, tedium=11.6666666666667]	SOLVED	ullDullddrUrurrdLLLddrUluRurrdLululD	8.67326	10	36	30	36	432	52	25	88	12	1.44444	1.43097	17.28	30	0	0	0	0	0.0	0.0	0.0	0	0.0	0.0	0.0	0	0	0	0.0
24 - David W. Skinner - 148 [likes=26, dislikes=0, completion=0.670673076923077, like_ratio=1.0, like_rate=0.03125, tedium=17.5]	SOLVED	ullDDlddrruLuuurrdLulDDDullddrRuulD	9.17494	10	35	20	25	200	42	10	20	8	1.68	1.37973	20	20	0	0	0	0	0.0	0.0	0.0	0	0.0	0.0	0.0	0	0	0	0.0
73 - David W. Skinner - 149 [likes=10, dislikes=1, completion=0.678504672897196, like_ratio=0.909090909090909, like_rate=0.0186915887850467, tedium=34.0]	SOLVED	uulllluurDDDurruLdrrruLLdrddddlllluuRuuluurDldRRRurDulLdrrDDDuuulllddlddrrrdrruLLLrruuuulllluurDrdrrddddllLrrruuuuulllDDurrrddddllldlUU	45.3027	26	135	196	383	4596	536	493	445	12	1.39948	1.25705	9.32252	196	0	0	0	0	0.0	0.0	0.0	0	0.0	0.0	0.0	0	0	0	0.0
53 - David W. Skinner - 150 [likes=19, dislikes=0, completion=0.709844559585492, like_ratio=1.0, like_rate=0.0328151986183074, tedium=9.25]	SOLVED	lUluuRurrDrddLUUdddlluUdRdrUlluUddrrruulLrrddlU	19.3574	13	47	56	67	1072	119	48	77	16	1.77612	1.38187	22.3333	56	0	0	0	0	0.0	0.0	0.0	0	0.0	0.0	0.0	0	0	0	0.0
45 - David W. Skinner - 151 [likes=18, dislikes=0, completion=0.752463054187192, like_ratio=1.0, like_rate=0.0221674876847291, tedium=15.0]	SOLVED	ruLdlluuuurrrdLullddddrruUdLruUruLddddllUUURlddrruU	20.2496	12	51	29	35	420	66	13	30	12	1.88571	1.34485	32.3077	29	0	0	0	0	0.0	0.0	0.0	0	0.0	0.0	0.0	0	0	0	0.0
12 - David W. Skinner - 152 [likes=33, dislikes=0, completion=0.747582205029014, like_ratio=1.0, like_rate=0.0319148936170213, tedium=24.5]	SOLVED	uululldRdRluurDrDDrddlluRuuulldRurDDrrrddllUdlluR	13.1494	12	49	16	16	128	23	0	17	8	1.4375	1.25992	0	16	0	0	0	0	0.0	0.0	0.0	0	0.0	0.0	0.0	0	0	0	0.0
86 - David W. Skinner - 153 [likes=9, dislikes=0, completion=0.689342403628118, like_ratio=1.0, like_rate=0.0204081632653061, tedium=26.25]	SOLVED	drrrUrruullDlDururrddlLdLLdlluurDldRuuuRRllddrrrurruullDlDururrddlLdLLrruulluRdrdrruululDldDulldDuurrdrdLLruuurDurrddlLulDrdL	78.5396	26	125	180	238	3808	611	232	461	16	2.56723	1.23426	16.4138	180	0	0	0	0	0.0	0.0	0.0	0	0.0	0.0	0.0	0	0	0	0.0
69 - David W. Skinner - 154 [likes=12, dislikes=1, completion=0.696691176470588, like_ratio=0.923076923076923, like_rate=0.0220588235294118, tedium=41.6666666666667]	SOLVED	urrrurrrDrrddllUUrULLLulDrdLurrruurDDldddrruuLrddlluUddrUruLuLLLdlLrruulDrdddllluUUdddrrruuurrrddlUruLLLdLLrrddllluluurDrrruulDrdddlllluurrRllDuuluurDDldddRRluluR	193.048	38	162	1621	4041	48492	4848	7924	5631	12	1.1997	1.24425	6.11964	1621	0	0	0	0	0.0	0.0	0.0	0	0.0	0.0	0.0	0	0	0	0.0
28 - David W. Skinner - 155 [likes=29, dislikes=1, completion=0.694087403598972, like_ratio=0.966666666666667, like_rate=0.0372750642673522, tedium=16.5]	SOLVED	rDulldRddrruLdlUUluurrdDldRuuulDD	9.10495	10	33	17	19	152	24	15	31	8	1.26316	1.34238	10.1333	17	0	0	0	0	0.0	0.0	0.0	0	0.0	0.0	0.0	0	0	0	0.0
90 - David W. Skinner - 156 [likes=9, dislikes=0, completion=0.71875, like_ratio=1.0, like_rate=0.0200892857142857, tedium=16.0]	SOLVED	rrDulllldRdDrdrrruLdlluluuRlddrdrruLdlLuuuurrrdDuulldldddrrrruLdlllulldRRuuurRurDDDrdL	49.231	17	86	985	1684	26944	3737	2627	1545	16	2.21912	1.54805	10.2566	985	0	0	0	0	0.0	0.0	0.0	0	0.0	0.0	0.0	0	0	0	0.0
74 - David W. Skinner - 157 [likes=11, dislikes=0, completion=0.611208406304729, like_ratio=1.0, like_rate=0.0192644483362522, tedium=29.25]	SOLVED	lulDDDRRlluurrDRRRurrddlUruLdllllullddrddrruUddlluuluurrdRRldddlluuRurrRRurDllluRRdlllldlddrruUluRRRurDllldlllldRurrrddllUluRRlddrruUluRRRR	31.0925	35	139	690	1172	18752	1804	1244	1059	16	1.53925	1.22372	15.074	690	0	0	0	0	0.0	0.0	0.0	0	0.0	0.0	0.0	0	0	0	0.0
23 - David W. Skinner - 158 [likes=34, dislikes=1, completion=0.694550063371356, like_ratio=0.971428571428571, like_rate=0.0430925221799747, tedium=28.0]	SOLVED	dlUrruulluRdrddllUdrruululldRddrruuruLLrdddlluuRurDllluRdrrD	8.73505	11	60	17	19	152	21	26	27	8	1.10526	1.30692	5.84615	17	0	0	0	0	0.0	0.0	0.0	0	0.0	0.0	0.0	0	0	0	0.0
1 - David W. Skinner - 159 [likes=133, dislikes=8, completion=0.639371381306865, like_ratio=0.943262411347518, like_rate=0.0550041356492969, tedium=16.5]	SOLVED	dlUrrrdLullddrUluRuulDrddrruLdlUU	8.96731	9	33	13	14	112	15	8	21	8	1.07143	1.34075	14	13	0	0	0	0	0.0	0.0	0.0	0	0.0	0.0	0.0	0	0	0	0.0
62 - David W. Skinner - 160 [likes=15, dislikes=0, completion=0.674782608695652, like_ratio=1.0, like_rate=0.0260869565217391, tedium=16.0]	SOLVED	LLLLullDRdLurRldlLLrruulDLrrrrRlllllddlluRluRRRRRRlllllddrUluRRurrddlLuRlllddrUluRdrruRdllluRR	12.0267	31	94	111	186	2976	316	85	271	16	1.69892	1.18361	35.0118	111	0	0	0	0	0.0	0.0	0.0	0	0.0	0.0	0.0	0	0	0	0.0
19 - David W. Skinner - 161 [likes=23, dislikes=1, completion=0.665895953757225, like_ratio=0.958333333333333, like_rate=0.0265895953757225, tedium=20.5]	SOLVED	urrDDDlddrUUUUruLLLdRllluRdrrurDllluRdrrDDlddrUUUU	9.57427	21	50	61	99	792	109	59	82	8	1.10101	1.2446	13.4237	61	0	0	0	0	0.0	0.0	0.0	0	0.0	0.0	0.0	0	0	0	0.0
58 - David W. Skinner - 162 [likes=19, dislikes=0, completion=0.636220472440945, like_ratio=1.0, like_rate=0.0299212598425197, tedium=14.6666666666667]	SOLVED	luluurDRDulldRddrruruuLrddlLdlUrrruulLLrrrddllUdrruulL	9.01601	12	54	22	30	360	51	13	34	12	1.7	1.32768	27.6923	22	0	0	0	0	0.0	0.0	0.0	0	0.0	0.0	0.0	0	0	0	0.0
147 - David W. Skinner - 163 [likes=9, dislikes=0, completion=0.737051792828685, like_ratio=1.0, like_rate=0.0358565737051793, tedium=48.6666666666667]	SOLVED	lllllldddRRuLdlUUluRRlddrrrDrddlUddlluUluurrdLdddrruuruLullluurRRRRlllllddrddlUUUluRRlddrrrdLullddrUluuurRRRdrrrruullDurrdddllluluRllllldddrruLdlUUluRRRRRdrdrruLrruullDLLrrurrdddlllUluLLrrdrRRdrUllllullLLrrrrdrruLL	255.225	51	214	2468	8514	102168	8837	14924	9114	12	1.03794	1.19416	6.84589	2468	0	0	0	0	0.0	0.0	0.0	0	0.0	0.0	0.0	0	0	0	0.0
97 - David W. Skinner - 164 [likes=11, dislikes=0, completion=0.549792531120332, like_ratio=1.0, like_rate=0.0228215767634855, tedium=32.8]	SOLVED	urrRlllddrRlluurrrRdddddllluUluuurrruurDrRRRRRllllllldllldddrddrruruuuUluRRRRllldlllldddrruRldlddrruruUUdlldlluuurrrurrrrRRlllllldlllddRdddrruruuuUllllddrRlluurrruRdllllddrrRldlddrruruUlllluurrrurRRlldllllddrrrrUdlllluurrrurrrRRllllldlllddrrrruUluRRRdLulldlllddrrrruUluRdrruRldlluRR	39.7259	42	282	524	901	18020	1898	1123	1259	20	2.10655	1.17585	16.0463	524	0	0	0	0	0.0	0.0	0.0	0	0.0	0.0	0.0	0	0	0	0.0
110 - David W. Skinner - 165 [likes=11, dislikes=1, completion=0.714659685863874, like_ratio=0.916666666666667, like_rate=0.0287958115183246, tedium=13.25]	SOLVED	uuuulluurDldddlluRdrUUddrrddlUruuurrdLulDDLLrddrUlululldRuruRuulD	39.7834	15	65	1097	1545	24720	2660	874	2000	16	1.72168	1.63153	28.2838	1097	0	0	0	0	0.0	0.0	0.0	0	0.0	0.0	0.0	0	0	0	0.0
39 - David W. Skinner - 166 [likes=17, dislikes=0, completion=0.759643916913947, like_ratio=1.0, like_rate=0.0252225519287834, tedium=42.5]	SOLVED	ruuLLLuullddRluurrdDrrrddlUruLLLDDuuuullddRRddllddrrUUUURRurDldRullllluurrDullddrRRRdrUddrruL	11.658	28	93	103	158	1264	172	90	101	8	1.08861	1.19818	14.0444	103	0	0	0	0	0.0	0.0	0.0	0	0.0	0.0	0.0	0	0	0	0.0
81 - David W. Skinner - 167 [likes=14, dislikes=0, completion=0.663326653306613, like_ratio=1.0, like_rate=0.0280561122244489, tedium=15.3333333333333]	SOLVED	luuurrdLDldddrruLUUUruulldDrddlluRdrUdddlUUluR	9.93059	13	46	42	55	660	114	29	85	12	2.07273	1.36105	22.7586	42	0	0	0	0	0.0	0.0	0.0	0	0.0	0.0	0.0	0	0	0	0.0
15 - David W. Skinner - 168 [likes=23, dislikes=1, completion=0.760355029585799, like_ratio=0.958333333333333, like_rate=0.0226824457593688, tedium=18.5]	SOLVED	DrdddllUUddrruuulLLLdlluRRRRdddrruuLrddlluU	8.90103	13	43	25	35	280	44	12	22	8	1.25714	1.31454	23.3333	25	0	0	0	0	0.0	0.0	0.0	0	0.0	0.0	0.0	0	0	0	0.0
42 - David W. Skinner - 169 [likes=19, dislikes=0, completion=0.61546499477534, like_ratio=1.0, like_rate=0.0198537095088819, tedium=15.6666666666667]	SOLVED	rdddLdllluurrRUruulDDDlllddrrrUrUUddldllluurrRurDlddlUruuuurDlddddllluurRR	12.5009	16	74	134	235	2820	271	250	305	12	1.15319	1.40667	11.28	134	0	0	0	0	0.0	0.0	0.0	0	0.0	0.0	0.0	0	0	0	0.0
55 - David W. Skinner - 170 [likes=15, dislikes=0, completion=0.710097719869707, like_ratio=1.0, like_rate=0.0244299674267101, tedium=32.0]	SOLVED	drrrrddlUdrddlUruuuLLrdrddlUruullLulldRRRRurDDDlUddRuuuLdddrRluuulLLulldRRRRurDDDldR	10.353	28	84	72	141	1128	166	109	80	8	1.1773	1.19332	10.3486	72	0	0	0	0	0.0	0.0	0.0	0	0.0	0.0	0.0	0	0	0	0.0
43 - David W. Skinner - 171 [likes=18, dislikes=0, completion=0.761904761904762, like_ratio=1.0, like_rate=0.0295566502463054, tedium=20.3333333333333]	SOLVED	dddllLDLdlluurRRRldldlUluRdrrurRdrUUdllldlddrUluluRRRRurDuluurDlddlllddrUluRRR	16.2919	23	78	217	334	4008	534	434	364	12	1.5988	1.28744	9.23502	217	0	0	0	0	0.0	0.0	0.0	0	0.0	0.0	0.0	0	0	0	0.0
14 - David W. Skinner - 172 [likes=29, dislikes=0, completion=0.662640207075065, like_ratio=1.0, like_rate=0.0250215703192407, tedium=25.5]	SOLVED	uulllldddrrUlluurrrrddLLLdlUrrrruullDurrddlLdlluRRuullD	9.14632	11	55	13	15	120	16	11	21	8	1.06667	1.27914	10.9091	13	0	0	0	0	0.0	0.0	0.0	0	0.0	0.0	0.0	0	0	0	0.0
80 - David W. Skinner - 173 [likes=9, dislikes=0, completion=0.785536159600998, like_ratio=1.0, like_rate=0.0224438902743142, tedium=32.75]	SOLVED	lddrUdrruLUUUUdllluUluurDrrdRRlddllluUddrrruurRurDDulllddddddlluuRlddrruUUUUdllluuluurDrrdRRRllddddddlUruuuuurrdrUlllddllluUddrrrdddlluRdrUUUUdllluuluurDrrdRRRdddrUluullddllluUluR	72.6236	39	179	1436	2412	38592	2968	3229	3802	16	1.23051	1.22103	11.9517	1436	0	0	0	0	0.0	0.0	0.0	0	0.0	0.0	0.0	0	0	0	0.0
107 - David W. Skinner - 174 [likes=15, dislikes=0, completion=0.701631701631702, like_ratio=1.0, like_rate=0.034965034965035, tedium=3.45454545454545]	SOLVED	uuuLDlluRdrruuullDDuulllddRRdRUllluurD	28.441	11	38	218	381	16764	1140	540	2383	44	2.99213	1.71644	31.0444	218	0	0	0	0	0.0	0.0	0.0	0	0.0	0.0	0.0	0	0	0	0.0
38 - David W. Skinner - 175 [likes=22, dislikes=0, completion=0.602442333785617, like_ratio=1.0, like_rate=0.0298507462686567, tedium=12.3333333333333]	SOLVED	llluuurrrdDuurrrrddllLrrrddlllULUdLurRR	10.0917	9	39	17	17	204	30	14	28	12	1.76471	1.36999	14.5714	17	0	0	0	0	0.0	0.0	0.0	0	0.0	0.0	0.0	0	0	0	0.0
96 - David W. Skinner - 176 [likes=9, dislikes=0, completion=0.618811881188119, like_ratio=1.0, like_rate=0.0222772277227723, tedium=30.6666666666667]	SOLVED	LrRRdrruLLdrddLruuulLrdrddlLdlluRuuUUUddlLulldRRRRuuruLdddRRdrruLLLrdrddlLdlluRRRlluuUUUruulDDDDuuuulldRurDD	222.684	38	108	1071	7027	84324	7079	14897	10588	12	1.0074	1.2625	5.66047	1071	0	0	0	0	0.0	0.0	0.0	0	0.0	0.0	0.0	0	0	0	0.0
79 - David W. Skinner - 177 [likes=9, dislikes=0, completion=0.743833017077799, like_ratio=1.0, like_rate=0.0170777988614801, tedium=16.0]	SOLVED	lLLdlluRRluurDDRRRdrUlllluurrDullddrRdrruLrruulDrddlluLLrdrrruLL	9.61501	19	64	60	80	960	103	52	104	12	1.2875	1.2594	18.4615	60	0	0	0	0	0.0	0.0	0.0	0	0.0	0.0	0.0	0	0	0	0.0
59 - David W. Skinner - 178 [likes=15, dislikes=1, completion=0.647149460708783, like_ratio=0.9375, like_rate=0.0231124807395994, tedium=59.3333333333333]	SOLVED	dlllllldddlUruurrrrruullllllllddddRluuuurrrrrrrrddllllldRurrrruullllllllddddrRlluuuurrrrrrrrddlllldRurrruullllllllddddrrdrUllluuuurrrrrrrrddllllllDRurrrrruullllllllddddrRdrUUluRddllluuuurrrrrrrrddllldLrurrruullllllllddddrruurRllddrUruRRRlldllluRdrrurrdLurRldlLLrurrrurDDDrddlluRuuuuulllllllllddddrruurRRlllddrUluRdrruRdllldllluuuurrrrrrrrddrddddrUluuuuulllllllllddddrrurrrurRdlllldllluuuurrrrrrrrdrddddrUluuuulllllllllddddrruurRdrrurRldllluRdrrururDDDuulldlluRdllldllluuuurrrrrrrrddrddrdLuuurDDuuluulllllllllddddrruurrrrRRurDDD	111.506	51	527	1295	2919	35028	4774	7243	3983	12	1.63549	1.16935	4.83612	1295	0	0	0	0	0.0	0.0	0.0	0	0.0	0.0	0.0	0	0	0	0.0
18 - David W. Skinner - 179 [likes=18, dislikes=2, completion=0.748723186925434, like_ratio=0.9, like_rate=0.0183861082737487, tedium=35.5]	SOLVED	ruuuulllddrRDrUdddlUruuUdllluuurrrrdLddddlUruuuulldlddrRdrUllluuurrrdLulldddrrrUdllluuurrdLurrrdL	9.06699	14	97	28	31	248	65	25	21	8	2.09677	1.27799	9.92	28	0	0	0	0	0.0	0.0	0.0	0	0.0	0.0	0.0	0	0	0	0.0
63 - David W. Skinner - 181 [likes=17, dislikes=0, completion=0.707865168539326, like_ratio=1.0, like_rate=0.0318352059925094, tedium=50.5]	SOLVED	llllLLulLLLLLLulldRurDrrrrrrrddlUruLLLLLLLulldRRRRRRRRurDllllllddlUrurrrrrdRRlullllllLrrrrrrdrrRRlllulllllllulldRRRRRRRRdrrrrRRlllllUdrrrrrdrruLLLLLL	13.7497	51	149	220	509	4072	576	247	283	8	1.13163	1.12999	16.4858	220	0	0	0	0	0.0	0.0	0.0	0	0.0	0.0	0.0	0	0	0	0.0
22 - David W. Skinner - 183 [likes=20, dislikes=1, completion=0.725030826140567, like_ratio=0.952380952380952, like_rate=0.0246609124537608, tedium=23.5]	SOLVED	drrruulDLdlUUdrrrdLulluUluRdddrrdLuluuuRdlddrddlUUUUruLdddrruruuL	10.1039	16	65	59	79	632	109	108	163	8	1.37975	1.31402	5.85185	59	0	0	0	0	0.0	0.0	0.0	0	0.0	0.0	0.0	0	0	0	0.0
75 - David W. Skinner - 184 [likes=9, dislikes=0, completion=0.73828125, like_ratio=1.0, like_rate=0.017578125, tedium=23.0]	SOLVED	ddlluLuLLrrRllldRurrddlUruLddrrruuLrddlluluLdrdrrruulLdlllUdrrdrrUlllulUddrrruLdlluuluRRRlldddrruLdlUdrrrrruLdllullUluRdlldRRdrruLdrrruLdlllUluurRllddrUddrrruLLdlUluuRlddrU	33.1277	35	172	745	1327	21232	1995	1971	2281	16	1.50339	1.22807	10.7722	745	0	0	0	0	0.0	0.0	0.0	0	0.0	0.0	0.0	0	0	0	0.0
132 - David W. Skinner - 185 [likes=10, dislikes=0, completion=0.517751479289941, like_ratio=1.0, like_rate=0.029585798816568, tedium=38.75]	SOLVED	DrrDDllUdrruulLddrrrruLdrrruLLdlllluurrDullddrRRRuLdlllddrrUdlluurRRllluurrDrdLLrddlluUrruullulDrrrddllUdrruulLrrdrrrrddlUruLLLdllluurrDrdLLrurrrdLLLddlluUUdddrruuLrddlluU	42.1083	38	171	934	2022	32352	2328	2920	3254	16	1.15134	1.22178	11.0795	934	0	0	0	0	0.0	0.0	0.0	0	0.0	0.0	0.0	0	0	0	0.0
124 - David W. Skinner - 186 [likes=10, dislikes=1, completion=0.534954407294833, like_ratio=0.909090909090909, like_rate=0.0303951367781155, tedium=81.6666666666667]	SOLVED	urrDDuulldRullldRdddddrrrrrrrrrruuuuulllddllldlluRRRRdrruLuurrrdddddlllllllllluuuuuurrdLurrrdLddrrRdrUUdlllluuulldRurDDuulllldRdddddrrrrrrrrrruuuuuulllldRddllldlluRRluuulllddddddrrrrrrrrrruuuuuullldRurrddddddlllllllllluuuuuurrdrddrRRdrUUdlllluuullldRRurDDullldddddrrrrrrrrrruuuuuulldRullldRRlddllldlluRRRRdrUU	22.0163	40	309	327	497	5964	851	549	482	12	1.71227	1.16791	10.8634	327	0	0	0	0	0.0	0.0	0.0	0	0.0	0.0	0.0	0	0	0	0.0
60 - David W. Skinner - 187 [likes=22, dislikes=1, completion=0.684115523465704, like_ratio=0.956521739130435, like_rate=0.0397111913357401, tedium=42.25]	SOLVED	urrrrrrdddLLulldRRlDurRlldDrddlUUUddLLdlluRRlUdrRlluUluuruurrrrrrddDDDuullulldRRRllddrddlUUdllluuluuruurrrrrrddDDuuuullllllddlddrddrrruUddllluuluurDDDuuuuurrrrrrdddllulldRRRlldddlldlluRRRlluuuuuurrrrrrddDlllddrddlUUUddllluuuuuurrrrrrdddllulldRRR	26.1382	45	245	631	861	13776	1454	458	408	16	1.68873	1.16204	30.0786	631	0	0	0	0	0.0	0.0	0.0	0	0.0	0.0	0.0	0	0	0	0.0
37 - David W. Skinner - 188 [likes=21, dislikes=0, completion=0.812816188870152, like_ratio=1.0, like_rate=0.0354131534569983, tedium=23.6666666666667]	SOLVED	drruulLuLLdRulullddRluurrdrdRullullddrRurrdRlulldRululDrdrRulllldRurrdrddrruUUUddddlluuRlddrruUllullldRurrdrrUdllulldRRRlddrruU	12.9008	24	127	114	174	2088	322	196	208	12	1.85057	1.23981	10.6531	114	0	0	0	0	0.0	0.0	0.0	0	0.0	0.0	0.0	0	0	0	0.0
3 - David W. Skinner - 189 [likes=66, dislikes=1, completion=0.620515411824154, like_ratio=0.985074626865672, like_rate=0.0333501768569985, tedium=20.5]	SOLVED	ruuLLLulDrrrrddlUruLLLddllluurRDrdLuuurDD	8.87952	14	41	48	50	400	70	17	30	8	1.4	1.32238	23.5294	48	0	0	0	0	0.0	0.0	0.0	0	0.0	0.0	0.0	0	0	0	0.0
21 - David W. Skinner - 190 [likes=28, dislikes=3, completion=0.68936170212766, like_ratio=0.903225806451613, like_rate=0.0297872340425532, tedium=8.5]	SOLVED	dllUdlUluurDRddlU	8.65541	6	17	9	11	88	12	7	18	8	1.09091	1.4913	12.5714	9	0	0	0	0	0.0	0.0	0.0	0	0.0	0.0	0.0	0	0	0	0.0
76 - David W. Skinner - 191 [likes=11, dislikes=0, completion=0.721973094170404, like_ratio=1.0, like_rate=0.0246636771300448, tedium=60.3333333333333]	SOLVED	ddrdrdrrrrUUlDrdLLruuuuurrdLulDDDrddllLdlUrrrruuUdddllllUluuuuurrddddLddrrrruuuluurrdLddddllllulUUddrdrrrruulDrdLLLdlUUluuluuurrrddddLruuuulldlddrUluurrrddddldlUdrdrrruuuruulDDrdddlllluulluurUdlddrdrdrrruruulDrddlllluulUddrdrrrruulDrdLLLdlUUluuUluuRurrdddddLdlUluuuurRurDDulllddrUluRurrddDuuulldddlddrUluuurRldlddrUUluRurrDDuulldRurD	54.552	57	333	1211	2076	24912	3058	2632	1563	12	1.47303	1.1434	9.46505	1211	0	0	0	0	0.0	0.0	0.0	0	0.0	0.0	0.0	0	0	0	0.0
149 - David W. Skinner - 192 [likes=8, dislikes=1, completion=0.646090534979424, like_ratio=0.888888888888889, like_rate=0.0329218106995885, tedium=23.5]	SOLVED	RurDDDlddrdDldRuuuluurDRRRRllllDuuuurrdLulDDldRdDDuuuRRRllldddlddrUUUUluRRRddddLruuuulldddlddrUUUUluRR	28.6208	36	102	526	911	14576	1072	770	1095	16	1.17673	1.20839	18.9299	526	0	0	0	0	0.0	0.0	0.0	0	0.0	0.0	0.0	0	0	0	0.0
56 - David W. Skinner - 193 [likes=16, dislikes=0, completion=0.74453781512605, like_ratio=1.0, like_rate=0.026890756302521, tedium=11.5]	SOLVED	uulLulldRurDrddllURuulD	8.64366	7	23	8	8	64	12	6	16	8	1.5	1.3459	10.6667	8	0	0	0	0	0.0	0.0	0.0	0	0.0	0.0	0.0	0	0	0	0.0
128 - David W. Skinner - 194 [likes=8, dislikes=1, completion=0.730909090909091, like_ratio=0.888888888888889, like_rate=0.0290909090909091, tedium=22.0]	SOLVED	rrurruulllulldRRRRlllldlluRRurrddLDuruulldldRuurrdLLrrrrurrdLddlldlLuUrurRllulldRRdldddlluRdrU	25.0746	20	94	414	950	15200	1323	901	2107	16	1.39263	1.40892	16.8701	414	0	0	0	0	0.0	0.0	0.0	0	0.0	0.0	0.0	0	0	0	0.0
17 - David W. Skinner - 195 [likes=23, dislikes=1, completion=0.722413793103448, like_ratio=0.958333333333333, like_rate=0.0198275862068966, tedium=8.33333333333333]	SOLVED	dlDurrDulldRddlUdrrruLdlUrUdlUdlU	9.82431	10	33	20	32	384	61	18	59	12	1.90625	1.41421	21.3333	20	0	0	0	0	0.0	0.0	0.0	0	0.0	0.0	0.0	0	0	0	0.0
104 - David W. Skinner - 196 [likes=7, dislikes=0, completion=0.703947368421053, like_ratio=1.0, like_rate=0.0153508771929825, tedium=26.3333333333333]	SOLVED	ulLLLDlluRRRRDuurrddddllllUdrrruruuullddDDlluUluRRldddrrurruuullDurrddddlddlUruuruuulldlldddrRurDuruuulldDDrruuLrdddlLurruuullDrrdddllddrUluurruullDD	23.0526	28	149	287	507	6084	723	805	744	12	1.42604	1.24913	7.55776	287	0	0	0	0	0.0	0.0	0.0	0	0.0	0.0	0.0	0	0	0	0.0
95 - David W. Skinner - 197 [likes=7, dislikes=1, completion=0.813648293963255, like_ratio=0.875, like_rate=0.0183727034120735, tedium=3.125]	SOLVED	ddRuurrDLrrrddLUdddllUlluurDlddrruR	10.9416	9	35	57	61	1952	348	44	211	32	5.70492	1.57896	44.3636	57	0	0	0	0	0.0	0.0	0.0	0	0.0	0.0	0.0	0	0	0	0.0
94 - David W. Skinner - 198 [likes=17, dislikes=0, completion=0.603854389721627, like_ratio=1.0, like_rate=0.0364025695931477, tedium=27.6666666666667]	SOLVED	rdRRurDDulllulldRRRllDurrRurrdLdDllldlluRuurrRurrdLLrddrddlUruLLruulLLulldRRRRurDDDrddlUruL	19.3074	30	91	452	735	8820	765	501	690	12	1.04082	1.24607	17.6048	452	0	0	0	0	0.0	0.0	0.0	0	0.0	0.0	0.0	0	0	0	0.0
82 - David W. Skinner - 199 [likes=11, dislikes=0, completion=0.72108843537415, like_ratio=1.0, like_rate=0.0249433106575964, tedium=17.3333333333333]	SOLVED	drrruUlUdrruLuLLulldRDDlddrrrruuuulLrrddddlllUdrrruuuullulDrrrddlUruLL	8.8634	15	70	29	37	444	46	16	53	12	1.24324	1.27217	27.75	29	0	0	0	0	0.0	0.0	0.0	0	0.0	0.0	0.0	0	0	0	0.0
152 - David W. Skinner - 200 [likes=11, dislikes=0, completion=0.520134228187919, like_ratio=1.0, like_rate=0.0369127516778524, tedium=58.25]	SOLVED	lluuUrrdrrrrrdrdLLLLLLuurruurrrrdrdrddrruuululululllDurrrdrdrdrdddlluulululLrrdrdrddLLululllllddrrrrRRululllllulldddRRuurrrrrddrRRllulullluuuulllldDrdrdrrrrrddrrruululullLrrrdrdrddllululllllddRluuuulluurrrdrDDuuullllddrdrdddrRRRlllllluuUdddrrrrrrRRlllllluuullUddddrrrrrrruullLLrrrrddllllllluuurrDDurrrrrddllllLL	266.901	36	311	1749	6625	106000	10245	15816	9491	16	1.54642	1.27686	6.70207	1749	0	0	0	0	0.0	0.0	0.0	0	0.0	0.0	0.0	0	0	0	0.0
129 - David W. Skinner - 201 [likes=14, dislikes=0, completion=0.66015625, like_ratio=1.0, like_rate=0.0546875, tedium=19.8]	SOLVED	rdRRurDlllulldRRRRlllldlluRRurrddLDuruulldldRuurrdLLrrrrddldlLuUrurrurrddLruulldllulldRRdldddlluRdrUrrurU	89.4176	23	105	1010	3392	67840	5218	3722	9694	20	1.53833	1.42396	18.2268	1010	0	0	0	0	0.0	0.0	0.0	0	0.0	0.0	0.0	0	0	0	0.0
16 - David W. Skinner - 202 [likes=26, dislikes=2, completion=0.676923076923077, like_ratio=0.928571428571429, like_rate=0.0235294117647059, tedium=33.3333333333333]	SOLVED	lddrUdrruLLdlUUUrrDuluLLLulDrrrdrrdLuullllDurrrdrdddrruLuululllldDuurrrdrdrddlluUruullllddldRdrUluuurrrrddlUruLLLulDDDuurrrddddrUruLuullllddlddrruLuuurrrdrddlUruullllddddlUruuurrrrddlUruLLLulDDDDldR	52.8893	40	198	1113	2373	28476	3223	4332	2883	12	1.3582	1.21446	6.57341	1113	0	0	0	0	0.0	0.0	0.0	0	0.0	0.0	0.0	0	0	0	0.0
41 - David W. Skinner - 203 [likes=20, dislikes=0, completion=0.720440881763527, like_ratio=1.0, like_rate=0.0200400801603206, tedium=16.6666666666667]	SOLVED	urDurrDulldRurrdddlllUluurrdRullldRRurrDulldRllddrrURdllluuurrDurD	8.81059	14	66	24	32	384	54	33	67	12	1.6875	1.28089	11.6364	24	0	0	0	0	0.0	0.0	0.0	0	0.0	0.0	0.0	0	0	0	0.0
57 - David W. Skinner - 204 [likes=27, dislikes=0, completion=0.530510585305106, like_ratio=1.0, like_rate=0.0336239103362391, tedium=30.0]	SOLVED	dddrdrruLdlLrruLdlUUUddlldRRRuluuruulDDDDldRurrrddlUruLLLdRllluRdrrurDllluRR	13.9158	24	76	83	224	1792	227	180	170	8	1.01339	1.25293	9.95556	83	0	0	0	0	0.0	0.0	0.0	0	0.0	0.0	0.0	0	0	0	0.0
77 - David W. Skinner - 205 [likes=12, dislikes=0, completion=0.6875, like_ratio=1.0, like_rate=0.025, tedium=47.25]	SOLVED	ddddrrurrruLdrrruLdlllldlluuuurrrrrrDDrdLuuullllldldddrruLdlUUUrurrrrrdddLLuRdlLLuRdldlluuururrrrrdDldlluRdlldlluuururrrrrddrdLLruuullllldldddrruurrRlldldlluuururrrrrdDuullllldlluRRRRlldldddrruurrrdLullddlluuuurrrRllldldddrruLrurrrrrdLullllddllUrrurrdLurrrdLulldLdlluUddrruurrrdLullddlluuUluRRdldddrruLdlUUUruRRlldlluRRdlddrrurrdLLdlluuuurRldldddrruLdlUUUluRR	44.6071	56	359	1300	1913	30608	3919	2026	2434	16	2.04861	1.14446	15.1076	1300	0	0	0	0	0.0	0.0	0.0	0	0.0	0.0	0.0	0	0	0	0.0
20 - David W. Skinner - 206 [likes=25, dislikes=3, completion=0.700507614213198, like_ratio=0.892857142857143, like_rate=0.0317258883248731, tedium=25.0]	SOLVED	urDDDlddrUUrrruulLLLrrrrddlllUdrrruullulldRullldRurrdRullldRurrdRlulldRR	9.2886	17	72	54	74	592	86	49	38	8	1.16216	1.28812	12.0816	54	0	0	0	0	0.0	0.0	0.0	0	0.0	0.0	0.0	0	0	0	0.0
2 - David W. Skinner - 207 [likes=51, dislikes=4, completion=0.786103542234332, like_ratio=0.927272727272727, like_rate=0.0347411444141689, tedium=5.33333333333333]	SOLVED	rddLruulDuullddR	9.46557	4	16	3	3	36	4	2	4	12	1.33333	1.31607	18	3	0	0	0	0	0.0	0.0	0.0	0	0.0	0.0	0.0	0	0	0	0.0
61 - David W. Skinner - 208 [likes=16, dislikes=0, completion=0.610142630744849, like_ratio=1.0, like_rate=0.0253565768621236, tedium=25.0]	SOLVED	lDDlDDrrULdlUruuuruullllldddddrRRdrUUUddlluRdllluuuuurrrrrddLruullllldddddrrrrUdlllluuuuurrrrrddlLrruullllldddddrrurrUddrruLdlUdlllluuuuurrrrrddLruullllldddddrrurrU	11.3425	22	164	88	127	2032	224	98	137	16	1.76378	1.24631	20.7347	88	0	0	0	0	0.0	0.0	0.0	0	0.0	0.0	0.0	0	0	0	0.0
50 - David W. Skinner - 209 [likes=19, dislikes=0, completion=0.690121786197564, like_ratio=1.0, like_rate=0.0257104194857916, tedium=38.0]	SOLVED	llulDDulldRRurrrrrdddlllllUUluRRldddrrrrruuulldlLrrurrdddllllluUruRdllluRdrruRRldllluRRR	9.3353	18	88	29	38	304	75	46	23	8	1.97368	1.22396	6.6087	29	0	0	0	0	0.0	0.0	0.0	0	0.0	0.0	0.0	0	0	0	0.0
46 - David W. Skinner - 210 [likes=19, dislikes=0, completion=0.605222734254992, like_ratio=1.0, like_rate=0.0291858678955453, tedium=23.5]	SOLVED	dlluuRuRDrUdlllddrrUdlluururrdLddlluuluururrrDD	8.77814	9	47	13	14	112	14	13	20	8	1	1.34075	8.61538	13	0	0	0	0	0.0	0.0	0.0	0	0.0	0.0	0.0	0	0	0	0.0
11 - David W. Skinner - 211 [likes=33, dislikes=1, completion=0.734069668649108, like_ratio=0.970588235294118, like_rate=0.0280373831775701, tedium=39.0]	SOLVED	ulllddddrrrruLdllluuuurrrdDlDurrddlLrruLdlLLullddrUluRdrUdrrruulDrdLLLullddrUrrruuruullldD	9.84731	17	90	53	75	600	102	76	107	8	1.36	1.28913	7.89474	53	0	0	0	0	0.0	0.0	0.0	0	0.0	0.0	0.0	0	0	0	0.0
85 - David W. Skinner - 212 [likes=11, dislikes=0, completion=0.624497991967871, like_ratio=1.0, like_rate=0.0220883534136546, tedium=51.6666666666667]	SOLVED	luuuurrurrdRullldlluRdrRurrdLLLLrrurrrrdLLulldlluRRRRdrruulDllllllDDDDldRuuuuurrrrrdLLLulldddddRluuuuurrdLulDDDuuurrrrrrrdLLLulldllddDldRddrrrruuuulldDrrddlllluuuuuuurrrrdLulldlddddRRRlllddrrrruUllDurrUdllllddrRuurruruLddlllluuuuurrrdLLulDDDDldRRR	30.4166	52	247	638	961	11532	1801	1010	730	12	1.87409	1.1412	11.4178	638	0	0	0	0	0.0	0.0	0.0	0	0.0	0.0	0.0	0	0	0	0.0
9 - David W. Skinner - 214 [likes=45, dislikes=1, completion=0.606584362139918, like_ratio=0.978260869565217, like_rate=0.037037037037037, tedium=15.0]	SOLVED	urrDulldRdRluurDrDDlUruLdlUruL	9.43824	11	30	14	14	112	14	2	29	8	1	1.27114	56	14	0	0	0	0	0.0	0.0	0.0	0	0.0	0.0	0.0	0	0	0	0.0
102 - David W. Skinner - 215 [likes=13, dislikes=0, completion=0.635933806146572, like_ratio=1.0, like_rate=0.0307328605200946, tedium=37.25]	SOLVED	rurrurrrddddLruulDuruulDLLLdllluurrDrrrrrddlUdrddlUUruuLLrrddlUruulldLLrurrrdLddddlluRdrUruuuullldldLLdlluuurrrDrdLurrurrdLLLddlllUdrrururrrdrddlUruulllldlLrrurrrrddlUruulldllddlllluuurrrDrrurrrdLLLLddlluLdrrruLdlluUddrruUddlluuluRdddrruLdlUdlUUdrU	55.134	45	248	1227	2159	34544	4196	3603	3035	16	1.94349	1.18603	9.58757	1227	0	0	0	0	0.0	0.0	0.0	0	0.0	0.0	0.0	0	0	0	0.0
66 - David W. Skinner - 216 [likes=16, dislikes=0, completion=0.760778859527121, like_ratio=1.0, like_rate=0.0222531293463143, tedium=23.0]	SOLVED	DDDurrdrddddldLruruuuululldDlddrdDrdLuuuluuruulldlddddrdRluluuuururrddlddrdDuuUUddddDrddlluRdrUluuuuuuU	13.5632	16	103	100	127	1524	360	167	167	12	2.83465	1.35359	9.12575	100	0	0	0	0	0.0	0.0	0.0	0	0.0	0.0	0.0	0	0	0	0.0
31 - David W. Skinner - 217 [likes=22, dislikes=2, completion=0.688413948256468, like_ratio=0.916666666666667, like_rate=0.0247469066366704, tedium=5.66666666666667]	SOLVED	DuRurDDrddlluUluR	8.47636	7	17	18	23	276	66	5	38	12	2.86957	1.56507	55.2	18	0	0	0	0	0.0	0.0	0.0	0	0.0	0.0	0.0	0	0	0	0.0
5 - David W. Skinner - 218 [likes=44, dislikes=3, completion=0.805523590333717, like_ratio=0.936170212765957, like_rate=0.0168776371308017, tedium=6.25]	SOLVED	LuurrdLrrddlUluulldDrdRdllluR	8.81889	7	29	18	19	304	128	25	85	16	6.73684	1.52293	12.16	18	0	0	0	0	0.0	0.0	0.0	0	0.0	0.0	0.0	0	0	0	0.0
27 - David W. Skinner - 219 [likes=33, dislikes=0, completion=0.63183125599233, like_ratio=1.0, like_rate=0.0316395014381592, tedium=25.0]	SOLVED	dlULddlluuuurrrDulllddddrruuLrdrruLuullldDrRdrUlllDurrrU	9.96894	11	56	29	35	280	48	20	26	8	1.37143	1.38156	14	29	0	0	0	0	0.0	0.0	0.0	0	0.0	0.0	0.0	0	0	0	0.0
70 - David W. Skinner - 220 [likes=8, dislikes=1, completion=0.739030023094688, like_ratio=0.888888888888889, like_rate=0.0184757505773672, tedium=19.5]	SOLVED	drrrrddlUruLLLdRulullddRDDldRurDuluuluurDDDDDuuuurrdLurrrdLulllDDuurrrdLullddDldRuuuurrdLulDDD	10.8757	27	94	71	94	1504	204	52	184	16	2.17021	1.18326	28.9231	71	0	0	0	0	0.0	0.0	0.0	0	0.0	0.0	0.0	0	0	0	0.0
71 - David W. Skinner - 221 [likes=14, dislikes=1, completion=0.71599045346062, like_ratio=0.933333333333333, like_rate=0.0334128878281623, tedium=60.0]	SOLVED	urDDuulllddddddrrrrrrrrrruuuuulllddllldlluRuuullldRurrdddRRRdrUUdlllluuulldRurDDullldddddrrrrrrrrrruuuuullulldRRRllddllldlluRRRRdrUU	10.6638	22	132	80	91	728	129	87	77	8	1.41758	1.22757	8.36782	80	0	0	0	0	0.0	0.0	0.0	0	0.0	0.0	0.0	0	0	0	0.0
26 - David W. Skinner - 222 [likes=20, dislikes=0, completion=0.666666666666667, like_ratio=1.0, like_rate=0.0233100233100233, tedium=13.6666666666667]	SOLVED	drddlUdrddlUUlldRurrddlUruLruuulldRDuurDD	9.53598	11	41	47	58	696	76	42	84	12	1.31034	1.44648	16.5714	47	0	0	0	0	0.0	0.0	0.0	0	0.0	0.0	0.0	0	0	0	0.0
119 - David W. Skinner - 223 [likes=9, dislikes=0, completion=0.701807228915663, like_ratio=1.0, like_rate=0.0271084337349398, tedium=43.6666666666667]	SOLVED	drddrruruuuulullldDDuuurrrdrddddldlluuruuLrddlddrruruuuulullldDrDDDuuullddRluurrdDlluRuuurrrdrddddldlLLrrruruuuululllddddrDuluuuurrrdrddddldldlluRdllluRdrruuuluurDDD	14.0046	19	165	121	159	1908	354	241	283	12	2.22642	1.30576	7.91701	121	0	0	0	0	0.0	0.0	0.0	0	0.0	0.0	0.0	0	0	0	0.0
30 - David W. Skinner - 224 [likes=22, dislikes=0, completion=0.797797797797798, like_ratio=1.0, like_rate=0.022022022022022, tedium=7.0]	SOLVED	uluurDldddrrUruuLLulD	8.59093	6	21	6	8	96	23	5	10	12	2.875	1.41421	19.2	6	0	0	0	0	0.0	0.0	0.0	0	0.0	0.0	0.0	0	0	0	0.0
4 - David W. Skinner - 225 [likes=41, dislikes=3, completion=0.754407294832827, like_ratio=0.931818181818182, like_rate=0.0249240121580547, tedium=7.66666666666667]	SOLVED	ullDullddrRuLurrrdLLrrddlUruL	8.73992	8	29	12	18	216	59	23	66	12	3.27778	1.43519	9.3913	12	0	0	0	0	0.0	0.0	0.0	0	0.0	0.0	0.0	0	0	0	0.0
67 - David W. Skinner - 226 [likes=19, dislikes=1, completion=0.603149606299213, like_ratio=0.95, like_rate=0.0299212598425197, tedium=12.3333333333333]	SOLVED	uurrdDuullddRluurrdrddLruulullddrRdrrddllUlURuuullddR	9.9982	9	53	25	29	348	44	17	42	12	1.51724	1.45375	20.4706	25	0	0	0	0	0.0	0.0	0.0	0	0.0	0.0	0.0	0	0	0	0.0
135 - David W. Skinner - 228 [likes=8, dislikes=0, completion=0.634969325153374, like_ratio=1.0, like_rate=0.0245398773006135, tedium=33.75]	SOLVED	dlddRRuuluulllldddrRurrrddllUluRRRRRllluullDurrddrrrurDDulllluulldDuulldddrRurrrddllUllluuRurDDuurrddrrrddLLuuluullddRRRRlddrruUllllddRRRluulllullddrRurrrddllUluRRRRRdrU	75.5166	37	169	1368	3204	51264	4126	7011	3279	16	1.28777	1.24379	7.31194	1368	0	0	0	0	0.0	0.0	0.0	0	0.0	0.0	0.0	0	0	0	0.0
92 - David W. Skinner - 229 [likes=14, dislikes=0, completion=0.799539170506912, like_ratio=1.0, like_rate=0.032258064516129, tedium=42.0]	SOLVED	uuullllLLrrddllULURRldlLrurrRlldlldlluRRRurrrRRlllllUluurDDDrrrrrRRllllddllUdrruurrrruurrddLruulldDDDuullllddlluLLruRRRRllldlldlluRRRurrrddllUdrruurRRRllllddlluluRddrruurrrruurrddLrddlluUddrddlUUrruullllllddlluuRRRRR	74.2478	49	216	1212	2551	30612	2913	2906	1907	12	1.14191	1.17361	10.5341	1212	0	0	0	0	0.0	0.0	0.0	0	0.0	0.0	0.0	0	0	0	0.0
8 - David W. Skinner - 230 [likes=30, dislikes=1, completion=0.745454545454545, like_ratio=0.967741935483871, like_rate=0.0227272727272727, tedium=48.5]	SOLVED	llDDDDDDldddrruuLuuuuuuurrdLulDDDDDDlllddrrUdlluurRdddrruuLUUddrddlluUruuUUUUluRdddddddldlluurRdrUUUUUU	10.6415	33	103	96	118	944	155	25	42	8	1.31356	1.15554	37.76	96	0	0	0	0	0.0	0.0	0.0	0	0.0	0.0	0.0	0	0	0	0.0
103 - David W. Skinner - 231 [likes=9, dislikes=1, completion=0.67258883248731, like_ratio=0.9, like_rate=0.0228426395939086, tedium=8.75]	SOLVED	dllddlluRdrUllluurrDRlDuuuurrdLulDrDLddrUUU	17.8354	13	43	326	445	7120	927	556	920	16	2.08315	1.59853	12.8058	326	0	0	0	0	0.0	0.0	0.0	0	0.0	0.0	0.0	0	0	0	0.0
84 - David W. Skinner - 232 [likes=10, dislikes=0, completion=0.703030303030303, like_ratio=1.0, like_rate=0.0202020202020202, tedium=67.0]	SOLVED	dRluuRDrDDuulldRurruLuullllddddddrrrRRRlllllluuuuuurrrrdddDuuuullllddddddrrrrrrdrruLLLLLLdlluuuuuuurrrrddddDuuuuulllldddddddrrurRllLdlUUUUdddrrrruuulluRddrddlllluuuUddddrrrrRllllluuuuluurrrrrdDDuuulllllddrddddrrrrrRlllllluuuuluurrrrrdddDuuuulllllddrddddrrrrrrdrruLLLLLLdlluuuuuluurrrrrddddDuuuuulllllddrUluRRldddddddrruLdlUUUUUluurrRlllddrddddrrrRlllluuuuUdddddrrrrRllllluuuuuluRRlddddddrrrrrRdrruLLLLLLLdlUUUUUUluR	234.961	69	415	3311	7603	91236	8199	13687	7637	12	1.07839	1.13827	6.66589	3311	0	0	0	0	0.0	0.0	0.0	0	0.0	0.0	0.0	0	0	0	0.0
10 - David W. Skinner - 233 [likes=31, dislikes=2, completion=0.688768606224628, like_ratio=0.93939393939394, like_rate=0.0209742895805142, tedium=29.6666666666667]	SOLVED	rddrruuLLddrrrruuuuurrdddLruuullddDLLddrrUdlllluuRlddrrrruUUUddddlllluurRddlllluuRlddrrrruuRlddrruUUdddlllllluurRRRRlddrruU	10.1558	22	123	67	137	1644	181	118	143	12	1.32117	1.25062	13.9322	67	0	0	0	0	0.0	0.0	0.0	0	0.0	0.0	0.0	0	0	0	0.0
47 - David W. Skinner - 234 [likes=17, dislikes=0, completion=0.696160267111853, like_ratio=1.0, like_rate=0.0283806343906511, tedium=41.5]	SOLVED	rrruuulldRRddlllluuRRRurDDuurrdLulldlllddrrrRRllllluurrurrDllllddrrrrrRdrruLLLLLLdlluuurrrrDulllldddrrurRlldlluRR	11.066	23	113	79	126	1008	143	121	82	8	1.13492	1.23402	8.33058	79	0	0	0	0	0.0	0.0	0.0	0	0.0	0.0	0.0	0	0	0	0.0
51 - David W. Skinner - 235 [likes=16, dislikes=0, completion=0.794594594594595, like_ratio=1.0, like_rate=0.0288288288288288, tedium=17.0]	SOLVED	rddllulURuLdddrrruuLrddllululluurDrrDullldRR	8.57864	9	44	13	15	120	30	15	27	8	2	1.35107	8	13	0	0	0	0	0.0	0.0	0.0	0	0.0	0.0	0.0	0	0	0	0.0
29 - David W. Skinner - 236 [likes=6, dislikes=0, completion=0.782222222222222, like_ratio=1.0, like_rate=0.0266666666666667, tedium=17.0]	SOLVED	ruRDllluuurrrDullldddrrrrdLullluuurrrdDldRllddrUrrruuLrddlllluluuurrrdD	10.3835	10	71	27	35	420	69	52	74	12	1.97143	1.42694	8.07692	27	0	0	0	0	0.0	0.0	0.0	0	0.0	0.0	0.0	0	0	0	0.0
44 - David W. Skinner - 237 [likes=5, dislikes=0, completion=0.655502392344498, like_ratio=1.0, like_rate=0.0239234449760766, tedium=57.0]	SOLVED	lUlldddrrrrruuruuLLdLLLulDDDuurrrrurrddddlllddlllluuRuuurrrruulDrrrddddlllddlllluurRluuuurRdlldddlddrrrruurruuruulldLLullddddrRlluuuurrdrruulDlllddddrrRRlllluuuurrdLurrrdLLullDDDuuurrdLulDDuurrrrrrdddddlUllddlllluuRRllddrrrruurrruuuulldlllldDuuurrrrrrddddlllddlllluuRuuuurrrrrrddlDrdLL	52.911	37	285	641	1506	18072	2119	2947	2389	12	1.40704	1.21867	6.13234	641	0	0	0	0	0.0	0.0	0.0	0	0.0	0.0	0.0	0	0	0	0.0
52 - David W. Skinner - 238 [likes=4, dislikes=0, completion=0.78921568627451, like_ratio=1.0, like_rate=0.0196078431372549, tedium=15.3333333333333]	SOLVED	drrdLulLrrdLLuruuruulDDDDlddlluuRlddrruRldlluurRdrUllldRurrUUruulDDDD	19.0079	20	69	185	303	3636	387	320	427	12	1.27723	1.33068	11.3625	185	0	0	0	0	0.0	0.0	0.0	0	0.0	0.0	0.0	0	0	0	0.0
25 - David W. Skinner - 239 [likes=6, dislikes=0, completion=0.714285714285714, like_ratio=1.0, like_rate=0.0214285714285714, tedium=8.5]	SOLVED	ululuurDuurrdLrrddlUddllluurDRddlU	10.7583	7	34	67	93	1488	143	114	201	16	1.53763	1.91079	13.0526	67	0	0	0	0	0.0	0.0	0.0	0	0.0	0.0	0.0	0	0	0	0.0
7 - David W. Skinner - 240 [likes=7, dislikes=0, completion=0.822006472491909, like_ratio=1.0, like_rate=0.0226537216828479, tedium=23.5]	SOLVED	uuLLrrddllluUrrruullDurrddddllluuRRluurrdDlllluRdrrruullD	9.13795	10	57	18	20	160	27	18	21	8	1.35	1.34928	8.88889	18	0	0	0	0	0.0	0.0	0.0	0	0.0	0.0	0.0	0	0	0	0.0
64 - David W. Skinner - 242 [likes=4, dislikes=0, completion=0.632558139534884, like_ratio=1.0, like_rate=0.0186046511627907, tedium=15.0]	SOLVED	ullDurrdrddlllldlluuluurDrRdddlluUddrrurruLdrrruululDDldldlluuluRdddrrurRuuulDrddlldlluuuRRRurrdrddLruululldlD	27.308	16	110	475	782	12512	1861	1297	1296	16	2.3798	1.51644	9.64688	475	0	0	0	0	0.0	0.0	0.0	0	0.0	0.0	0.0	0	0	0	0.0
49 - David W. Skinner - 243 [likes=4, dislikes=0, completion=0.785714285714286, like_ratio=1.0, like_rate=0.019047619047619, tedium=7.5]	SOLVED	uluUUluRurrddDuuulldRlddddrrruulDLruuLrddlddrUruululuurD	13.2714	11	56	107	163	2608	409	128	215	16	2.5092	1.58894	20.375	107	0	0	0	0	0.0	0.0	0.0	0	0.0	0.0	0.0	0	0	0	0.0
65 - David W. Skinner - 244 [likes=5, dislikes=0, completion=0.669811320754717, like_ratio=1.0, like_rate=0.0235849056603774, tedium=10.8]	SOLVED	RUrDllddRluurrrdDuulllddrddllluuuuuuurrrDullldddddddrrruuluurrrddLUruL	13.7625	10	70	72	133	2660	313	113	377	20	2.35338	1.63074	23.5398	72	0	0	0	0	0.0	0.0	0.0	0	0.0	0.0	0.0	0	0	0	0.0
6 - David W. Skinner - 245 [likes=10, dislikes=0, completion=0.769491525423729, like_ratio=1.0, like_rate=0.0338983050847458, tedium=27.5]	SOLVED	rRRdddrdrruuLLuluurDDDrrddllUlUUruLLrdddrdrruulLdlUUruL	9.05218	17	55	32	38	304	52	22	36	8	1.36842	1.23859	13.8182	32	0	0	0	0	0.0	0.0	0.0	0	0.0	0.0	0.0	0	0	0	0.0
32 - David W. Skinner - 246 [likes=5, dislikes=0, completion=0.664233576642336, like_ratio=1.0, like_rate=0.0182481751824818, tedium=41.3333333333333]	SOLVED	lluuuurrrddLruulldldddrrrdLulluuuurrrddlDDuuLrddlluUddrrrdddlluUddrruuuluullddRdddrruuLUUdlluuruurrddLLuLrdrddlluUddrrdrddlluUruuullddRdrUUdlluurRluulDulldRRurD	20.3397	25	160	247	470	5640	571	773	847	12	1.21489	1.27904	7.29625	247	0	0	0	0	0.0	0.0	0.0	0	0.0	0.0	0.0	0	0	0	0.0
24 - David W. Skinner - 247 [likes=5, dislikes=0, completion=0.745644599303136, like_ratio=1.0, like_rate=0.0174216027874564, tedium=69.5]	SOLVED	ulldRurDRRRlllDurrruurrddLLLLLrrrrddlllLdlluRRRRRllluurrrrdDDuuullllulldRurDDurrrrddlllLrrrrdrrrdddldllluluurRdrUluulllldlluRRRRRllluurrrrdDDurrdrdddldllluluurRuRlddrU	17.7082	36	167	201	311	2488	418	368	236	8	1.34405	1.17285	6.76087	201	0	0	0	0	0.0	0.0	0.0	0	0.0	0.0	0.0	0	0	0	0.0
53 - David W. Skinner - 248 [likes=5, dislikes=0, completion=0.759183673469388, like_ratio=1.0, like_rate=0.0204081632653061, tedium=21.6666666666667]	SOLVED	ldlUruulldRdddlluRdrUrurrdLuuulDrddLLURdldlluRdrUruuulldRRddlUruLddrrruLdlU	15.0877	19	75	192	374	4488	419	726	543	12	1.12032	1.36589	6.18182	192	0	0	0	0	0.0	0.0	0.0	0	0.0	0.0	0.0	0	0	0	0.0
69 - David W. Skinner - 249 [likes=5, dislikes=0, completion=0.797101449275362, like_ratio=1.0, like_rate=0.0241545893719807, tedium=2.25]	SOLVED	RDrUllLDRurUdllUlDrrruLLddrR	11.7532	13	28	112	125	4000	618	45	362	32	4.944	1.44978	88.8889	112	0	0	0	0	0.0	0.0	0.0	0	0.0	0.0	0.0	0	0	0	0.0
28 - David W. Skinner - 250 [likes=5, dislikes=0, completion=0.666666666666667, like_ratio=1.0, like_rate=0.0168350168350168, tedium=14.0]	SOLVED	uLrddlULUlldRurRlldRurDrruLLLrrrruullllDurrrrddldlddlUU	13.3736	15	55	99	129	1548	181	178	219	12	1.4031	1.38263	8.69663	99	0	0	0	0	0.0	0.0	0.0	0	0.0	0.0	0.0	0	0	0	0.0
23 - David W. Skinner - 251 [likes=7, dislikes=0, completion=0.649056603773585, like_ratio=1.0, like_rate=0.0264150943396226, tedium=60.0]	SOLVED	RDDldRRRdrruLuuluLulDDurrdrddLLLrrruululldDllddrURRRdrUUdllluuurrdRddllllluRdrrrruululldDuurrdrRllullddldRRluuurrdrrRlllulldddrRdrUllluuurrdrrrurrddlUllllulldddrrrUdllluuurrdRRRuurrdLrddlU	11.1773	37	188	100	136	1088	200	120	170	8	1.47059	1.14199	9.06667	100	0	0	0	0	0.0	0.0	0.0	0	0.0	0.0	0.0	0	0	0	0.0
1 - David W. Skinner - 252 [likes=12, dislikes=0, completion=0.710261569416499, like_ratio=1.0, like_rate=0.0241448692152917, tedium=22.0]	SOLVED	dllUdrruLLUluurDldDuurDldRddlUrrruLdllUUrDldRuuuulDD	10.8997	17	52	40	63	504	73	69	79	8	1.15873	1.27598	7.30435	40	0	0	0	0	0.0	0.0	0.0	0	0.0	0.0	0.0	0	0	0	0.0
35 - David W. Skinner - 253 [likes=5, dislikes=0, completion=0.659663865546218, like_ratio=1.0, like_rate=0.0210084033613445, tedium=65.6666666666667]	SOLVED	rurDlllluulldddddrrrrurUdldlllluuuuurrrrurrrdrdddlLuLLLUlulldddddrrrrurUrrruuulullldLLLulDDurrdrddlUruururrrdrdddlluLdrrruuulullldlllldDDDDrddlluRdrUluRluuuuurrrddlUruLrrurrrdrdddllulLrdrrruuulullldldlddrUUluLulDDDDDDrddlluRuuuuuurrddrrrdrrruuulullldLLLrddrrrddldlLrruruulluullulDDDDDDDldR	88.0519	48	289	1262	2240	26880	3326	4411	2404	12	1.48482	1.17435	6.09386	1262	0	0	0	0	0.0	0.0	0.0	0	0.0	0.0	0.0	0	0	0	0.0
19 - David W. Skinner - 254 [likes=9, dislikes=0, completion=0.663120567375887, like_ratio=1.0, like_rate=0.0319148936170213, tedium=25.0]	SOLVED	ruulllDurrDulldRurrdddddlluluUddrdrruuuuulldRurDDDlUruulldRullldRRurrDulldldddrdrrUdlluluuurR	12.1498	16	93	65	96	1152	166	126	111	12	1.72917	1.33012	9.14286	65	0	0	0	0	0.0	0.0	0.0	0	0.0	0.0	0.0	0	0	0	0.0
58 - David W. Skinner - 255 [likes=3, dislikes=0, completion=0.783898305084746, like_ratio=1.0, like_rate=0.0127118644067797, tedium=33.0]	SOLVED	uuLLdlDDuuruLdddrUluurrrddLLrruullDlDuurrrddlLdLLdlluRuuuRRdrddlLrruulullddDrrrurruululDllldddrddrUlulldRuuuurrrrrddlldLLrrurruulllllddDuuurrdDuurDurrddlLdLLrruulDrdL	16.9556	32	166	239	335	5360	716	323	649	16	2.13731	1.19924	16.5944	239	0	0	0	0	0.0	0.0	0.0	0	0.0	0.0	0.0	0	0	0	0.0
15 - David W. Skinner - 256 [likes=8, dislikes=0, completion=0.609090909090909, like_ratio=1.0, like_rate=0.0242424242424242, tedium=13.3333333333333]	SOLVED	ulDrdLdlluURlluurDldRddrruruulDLLddrrUdlU	10.1889	12	41	46	78	936	96	50	115	12	1.23077	1.43772	18.72	46	0	0	0	0	0.0	0.0	0.0	0	0.0	0.0	0.0	0	0	0	0.0
42 - David W. Skinner - 257 [likes=5, dislikes=0, completion=0.561594202898551, like_ratio=1.0, like_rate=0.0181159420289855, tedium=35.6666666666667]	SOLVED	ldlluuurrRllldddrrurUrULLLrrddldlluuluuurrrrDDllLdddrrurUruLLruulllldDldRurDuluurrrrddlLLrrrrruLdlllldlluRuurrrrDrddldldllUdrrururuLL	13.1584	24	133	148	229	2748	291	313	373	12	1.27074	1.25408	8.77955	148	0	0	0	0	0.0	0.0	0.0	0	0.0	0.0	0.0	0	0	0	0.0
43 - David W. Skinner - 258 [likes=5, dislikes=0, completion=0.776119402985075, like_ratio=1.0, like_rate=0.0186567164179104, tedium=27.0]	SOLVED	lddddrrruuluLulDDurrdLrrddllULLLdlUrrrdrrruulullDurrdrddlluLLruurrdLdllLuLrddlluRurDrrruulDrdLLLulDlluR	16.3419	24	103	312	426	5112	762	505	679	12	1.78873	1.28694	10.1228	312	0	0	0	0	0.0	0.0	0.0	0	0.0	0.0	0.0	0	0	0	0.0
14 - David W. Skinner - 259 [likes=6, dislikes=0, completion=0.735408560311284, like_ratio=1.0, like_rate=0.0233463035019455, tedium=9.66666666666667]	SOLVED	rRlddrUrULdlluururDDrdLurruLL	10.1231	10	29	19	23	276	42	16	45	12	1.82609	1.36827	17.25	19	0	0	0	0	0.0	0.0	0.0	0	0.0	0.0	0.0	0	0	0	0.0
38 - David W. Skinner - 260 [likes=4, dislikes=0, completion=0.793577981651376, like_ratio=1.0, like_rate=0.018348623853211, tedium=26.3333333333333]	SOLVED	luluuurrrdLullddddrrruLUUdddlluuuurRRllldddRdrUUUruLuurrrddLruullldddddlluuRlddrruU	12.8891	15	83	85	133	1596	203	194	225	12	1.52632	1.38545	8.2268	85	0	0	0	0	0.0	0.0	0.0	0	0.0	0.0	0.0	0	0	0	0.0
18 - David W. Skinner - 261 [likes=7, dislikes=0, completion=0.613382899628253, like_ratio=1.0, like_rate=0.0260223048327138, tedium=23.6666666666667]	SOLVED	ullDDRdddlluRRuulDuuurrdrdLuulldddDrdrruLdlUlldRRuluuuurrddLruulldDDDrdLurrrdLulluurD	17.0562	20	85	207	384	4608	517	476	457	12	1.34635	1.34653	9.68067	207	0	0	0	0	0.0	0.0	0.0	0	0.0	0.0	0.0	0	0	0	0.0
34 - David W. Skinner - 262 [likes=6, dislikes=0, completion=0.75, like_ratio=1.0, like_rate=0.0267857142857143, tedium=38.0]	SOLVED	ullllddddddrruLdlUUUUUUrrrddldLruruulluulldRdrrrddldlDlUrruruullluurDldRRRddldllUUUruulldRurDldRlddddddrruLuururuuurDlddrruLdlldldddlUUUUUUruulldRddddrrurruulLrrddlUruL	46.8045	35	168	528	1040	12480	1520	1587	1792	12	1.46154	1.21955	7.86389	528	0	0	0	0	0.0	0.0	0.0	0	0.0	0.0	0.0	0	0	0	0.0
22 - David W. Skinner - 263 [likes=5, dislikes=0, completion=0.75107296137339, like_ratio=1.0, like_rate=0.0214592274678112, tedium=47.0]	SOLVED	uulLullDRRllDDuurrRlllddDllddrrUUUUdddrrrruuuruulDDullullldRurrdrrdDDuuullulldRRllddddrrrRlllluuuurrRlllddddrrrrurrdLLLLrruuuruulDDDDrdL	14.9172	31	136	164	258	2064	319	221	121	8	1.23643	1.19617	9.33937	164	0	0	0	0	0.0	0.0	0.0	0	0.0	0.0	0.0	0	0	0	0.0
60 - David W. Skinner - 264 [likes=4, dislikes=0, completion=0.666666666666667, like_ratio=1.0, like_rate=0.0182648401826484, tedium=93.0]	SOLVED	lllllldldRuurrrrrrrrrrrddllldlluRRRllllldlluRRRRdrrurRdrruLuulllllllllllddRRdrrurrdrrurRdrUUdllldllulldllulluurrrrrrrrrrRurrdLLLLLLLLLLulldlddrrdrrurrRRRRdrUUdllllllldllulluuurrrdrrrrrrrRurrdLLddllllllldllulluuurrrdLulldddrrdrrurrrrrrruuLLLLLLLulllldddrrRRRRRRRRdrUUdllllllllllluuurrrrdrrrrrrRurrdLLddllllllllllluuurrdRullldRurrdRullldRurrdRRRRllllulldRRRRR	4019.8	70	357	4895	144824	1737888	267703	271057	124947	12	1.84847	1.18502	6.41152	4895	0	0	0	0	0.0	0.0	0.0	0	0.0	0.0	0.0	0	0	0	0.0
37 - David W. Skinner - 265 [likes=4, dislikes=0, completion=0.60337552742616, like_ratio=1.0, like_rate=0.0168776371308017, tedium=40.6666666666667]	SOLVED	uullLrruuluulldDrrrddllUdrruuluullddldRuuurrddrddlldlUUUddrrruulLDldRRluurrdDllulluRddrrruuluullDDldRuuurrddLDldRuuruulldDrrrddDuuullddRluurrdrddlUlluulldRdrrrdrddlUruulllluurDldRR	16.7622	29	180	145	206	2472	401	267	312	12	1.9466	1.20168	9.25843	145	0	0	0	0	0.0	0.0	0.0	0	0.0	0.0	0.0	0	0	0	0.0
3 - David W. Skinner - 266 [likes=7, dislikes=0, completion=0.770949720670391, like_ratio=1.0, like_rate=0.0195530726256983, tedium=23.0]	SOLVED	urDurrdLLulldddrrUUddlluuurRlldRlddrruUrULrruulD	11.6733	12	48	20	23	184	35	21	28	8	1.52174	1.29861	8.7619	20	0	0	0	0	0.0	0.0	0.0	0	0.0	0.0	0.0	0	0	0	0.0
21 - David W. Skinner - 267 [likes=8, dislikes=0, completion=0.70995670995671, like_ratio=1.0, like_rate=0.0346320346320346, tedium=53.0]	SOLVED	ullldddDldddrruUruLdddlluuRUUUUluRRRurDllldddddlddrruUluuuuurrddrruLullldddddrruLdlUUUUluRRRurDDrddlUlUdrruLuLLLrrrddlUruL	14.2615	33	122	131	180	1440	182	134	203	8	1.01111	1.17042	10.7463	131	0	0	0	0	0.0	0.0	0.0	0	0.0	0.0	0.0	0	0	0	0.0
56 - David W. Skinner - 268 [likes=6, dislikes=0, completion=0.568376068376068, like_ratio=1.0, like_rate=0.0256410256410256, tedium=29.6666666666667]	SOLVED	ddldlluurULdddrruruuLLrruullDlDDuRdllluRdrruulDrdLuururrddLruulldlddrUllldRRurrrddldllUUluR	12.8783	19	91	70	115	1380	131	136	167	12	1.13913	1.28368	10.1471	70	0	0	0	0	0.0	0.0	0.0	0	0.0	0.0	0.0	0	0	0	0.0
40 - David W. Skinner - 269 [likes=5, dislikes=0, completion=0.681614349775785, like_ratio=1.0, like_rate=0.0224215246636771, tedium=16.3333333333333]	SOLVED	ruuLuUruLdddrddlUUUUllddRluurrruullDurrddldDlluuR	16.8261	12	49	47	68	816	120	40	152	12	1.76471	1.42138	20.4	47	0	0	0	0	0.0	0.0	0.0	0	0.0	0.0	0.0	0	0	0	0.0
17 - David W. Skinner - 270 [likes=7, dislikes=0, completion=0.855263157894737, like_ratio=1.0, like_rate=0.0307017543859649, tedium=13.3333333333333]	SOLVED	ullDDuurrddLdddlluuRlddrruLuUrruullDurrddlDuruulldDD	14.9965	11	52	20	23	276	40	13	37	12	1.73913	1.32982	21.2308	20	0	0	0	0	0.0	0.0	0.0	0	0.0	0.0	0.0	0	0	0	0.0
16 - David W. Skinner - 271 [likes=6, dislikes=0, completion=0.743150684931507, like_ratio=1.0, like_rate=0.0205479452054795, tedium=26.6666666666667]	SOLVED	ulDuruulDDrddLLLuuuRlddddlluRdrUrrruulDrdLLLUlDrrruuruulDDrddllllldRurrrruulDrdLLLulDrrruuullD	82.4917	25	94	200	440	5280	499	605	488	12	1.13409	1.27567	8.72727	200	0	0	0	0	0.0	0.0	0.0	0	0.0	0.0	0.0	0	0	0	0.0
20 - David W. Skinner - 272 [likes=6, dislikes=0, completion=0.630952380952381, like_ratio=1.0, like_rate=0.0238095238095238, tedium=15.3333333333333]	SOLVED	luRdrUUrruullDlDRuuulDDrdddlluRdrUUUluurDrrddL	16.9452	15	46	42	49	588	57	43	83	12	1.16327	1.29622	13.6744	42	0	0	0	0	0.0	0.0	0.0	0	0.0	0.0	0.0	0	0	0	0.0
36 - David W. Skinner - 273 [likes=5, dislikes=0, completion=0.664335664335664, like_ratio=1.0, like_rate=0.0174825174825175, tedium=27.6666666666667]	SOLVED	urrrDulllddrURurrdLLuruurrrdrdddldlllUdrrruruuululllddldLrRlldlluRuRRdrddrrruruuulullldDllldR	29.7593	14	93	97	148	1776	227	180	225	12	1.53378	1.42896	9.86667	97	0	0	0	0	0.0	0.0	0.0	0	0.0	0.0	0.0	0	0	0	0.0
2 - David W. Skinner - 274 [likes=5, dislikes=0, completion=0.925490196078431, like_ratio=1.0, like_rate=0.0196078431372549, tedium=13.5]	SOLVED	rdLulldddrrUUddlluuRuuurrddLDlU	11.5757	8	31	9	9	72	12	9	13	8	1.33333	1.31607	8	9	0	0	0	0	0.0	0.0	0.0	0	0.0	0.0	0.0	0	0	0	0.0
61 - David W. Skinner - 275 [likes=5, dislikes=0, completion=0.730941704035874, like_ratio=1.0, like_rate=0.0224215246636771, tedium=18.8]	SOLVED	dlllllUdrruRdllluRdlllURuulDDrdrruLdlUluurrDDrdrruLLLuullddRdRRlluluurrdDldRurrrdrruLLLLLuullddRluurrdDuulDD	135.001	29	108	385	728	14560	1015	848	1541	20	1.39423	1.25515	17.1698	385	0	0	0	0	0.0	0.0	0.0	0	0.0	0.0	0.0	0	0	0	0.0
50 - David W. Skinner - 276 [likes=4, dislikes=0, completion=0.756880733944954, like_ratio=1.0, like_rate=0.018348623853211, tedium=14.25]	SOLVED	LulDlddrrUUrRdrUruullDurrddlLLLrruurDldllddlluuRRRlluurDldlddrU	136.509	17	63	318	1113	17808	1636	970	2111	16	1.4699	1.5108	18.3588	318	0	0	0	0	0.0	0.0	0.0	0	0.0	0.0	0.0	0	0	0	0.0
46 - David W. Skinner - 277 [likes=5, dislikes=0, completion=0.617224880382775, like_ratio=1.0, like_rate=0.0239234449760766, tedium=51.3333333333333]	SOLVED	dlldlluuurrDLrRlulluullldddddrrrrrUruLdrrruLdlldlluUUrrdLulUdrdrddllllluuuuurrurrdLddDDurrdrruLdldlLrruruLddllLruuuuuLLrrddrrdLrddlluUUUddddlLdlluRRRRllluuuuluurDDDDDuuuurrurrdLLLrrdddddlldlluRRluuuuluurDDDDD	630.709	44	208	2082	12312	147744	13483	17131	11230	12	1.09511	1.23869	8.62437	2082	0	0	0	0	0.0	0.0	0.0	0	0.0	0.0	0.0	0	0	0	0.0
11 - David W. Skinner - 278 [likes=7, dislikes=0, completion=0.849557522123894, like_ratio=1.0, like_rate=0.0309734513274336, tedium=13.0]	SOLVED	drdrruLruulDLrrddllUlURddrruLLrruulDrdL	14.1775	11	39	22	25	300	28	16	36	12	1.12	1.33994	18.75	22	0	0	0	0	0.0	0.0	0.0	0	0.0	0.0	0.0	0	0	0	0.0
9 - David W. Skinner - 279 [likes=6, dislikes=0, completion=0.784172661870504, like_ratio=1.0, like_rate=0.0215827338129496, tedium=10.6666666666667]	SOLVED	ulllddrRlluurrDrDLuullddddrrUdrU	13.0116	7	32	13	16	192	25	11	26	12	1.5625	1.48599	17.4545	13	0	0	0	0	0.0	0.0	0.0	0	0.0	0.0	0.0	0	0	0	0.0
31 - David W. Skinner - 280 [likes=4, dislikes=0, completion=0.75390625, like_ratio=1.0, like_rate=0.015625, tedium=49.0]	SOLVED	drrrrrruulDrdLLLuluuuRRurrdLDuLLrrdDrddllluluuluurDDDuurrrddrddllluLrdrrUUUdddlluluuurrurrdLLLrrddddllulLdRRRdrUlluluuluurDDDuurrrddrddllllluRdllluRdrrrrrUUUdddllluuuurrurrdLLLrrddddllluuuluurDDD	99.9263	41	195	583	864	10368	1388	762	578	12	1.60648	1.17929	13.6063	583	0	0	0	0	0.0	0.0	0.0	0	0.0	0.0	0.0	0	0	0	0.0
5 - David W. Skinner - 281 [likes=7, dislikes=0, completion=0.73992673992674, like_ratio=1.0, like_rate=0.0256410256410256, tedium=30.5]	SOLVED	uulDulldRRurDDrddlUlURuLddrrruLdlluurDldRuuullldRurrddrDuluulldRurDDldR	11.6674	19	71	30	40	320	61	37	54	8	1.525	1.21428	8.64865	30	0	0	0	0	0.0	0.0	0.0	0	0.0	0.0	0.0	0	0	0	0.0
30 - David W. Skinner - 282 [likes=5, dislikes=0, completion=0.616541353383459, like_ratio=1.0, like_rate=0.018796992481203, tedium=64.6666666666667]	SOLVED	lddrrrrrrdrrruuluuruulldDrddrddlULLLLLLLLuullddRdrUUdlluurRddrrrrrrrrUUddlllllllluuRlddrrrrrrrruuLulldRRuuurrddLDDrdLLruuuruulldDldRurDDrddlluLdrrruLdlluLLLLLLuullddRdrUUdlluuurrrdLddrrrrrrdrruLLLLLLLLuuulldddRdrUUULulDrrrurrdLLuLLrrdLL	437.751	62	236	4687	10170	122040	11784	15873	10050	12	1.1587	1.16047	7.68853	4687	0	0	0	0	0.0	0.0	0.0	0	0.0	0.0	0.0	0	0	0	0.0
4 - David W. Skinner - 283 [likes=8, dislikes=0, completion=0.793733681462141, like_ratio=1.0, like_rate=0.02088772845953, tedium=30.5]	SOLVED	rddlDuruulldlddRdRdrUUdlluRuRRurrddlUruLdlllddrUluRRRdrruLulDlluR	12.6703	18	65	83	108	864	168	156	158	8	1.55556	1.29708	5.53846	83	0	0	0	0	0.0	0.0	0.0	0	0.0	0.0	0.0	0	0	0	0.0
8 - David W. Skinner - 284 [likes=8, dislikes=0, completion=0.76984126984127, like_ratio=1.0, like_rate=0.0317460317460317, tedium=13.3333333333333]	SOLVED	rdLLdddrruLUluRdddlUruuurrdLulDDuullldRR	11.7582	12	40	44	53	636	68	32	74	12	1.28302	1.39216	19.875	44	0	0	0	0	0.0	0.0	0.0	0	0.0	0.0	0.0	0	0	0	0.0
10 - David W. Skinner - 285 [likes=10, dislikes=0, completion=0.861538461538462, like_ratio=1.0, like_rate=0.021978021978022, tedium=7.66666666666667]	SOLVED	dllUdrruLuulldDuRDuurDD	13.5892	8	23	21	25	300	59	7	33	12	2.36	1.49535	42.8571	21	0	0	0	0	0.0	0.0	0.0	0	0.0	0.0	0.0	0	0	0	0.0
51 - David W. Skinner - 286 [likes=4, dislikes=0, completion=0.702380952380952, like_ratio=1.0, like_rate=0.0158730158730159, tedium=10.25]	SOLVED	urRuruuLrddldRuuulDlluRRdrddlUruLulldRRddrdrruLdlLulldRR	110.884	15	56	391	1053	16848	1873	1242	2363	16	1.77873	1.59036	13.5652	391	0	0	0	0	0.0	0.0	0.0	0	0.0	0.0	0.0	0	0	0	0.0
1 - Hirohiko Nakamiya - 287 [likes=5, dislikes=0, completion=0.848708487084871, like_ratio=1.0, like_rate=0.018450184501845, tedium=3.5]	SOLVED	LrDuRdlldRuuruLddrrUluullldDrU	36.5536	9	30	66	78	1248	596	111	91	16	7.64103	1.62268	11.2432	66	0	0	0	0	0.0	0.0	0.0	0	0.0	0.0	0.0	0	0	0	0.0
3 - Hirohiko Nakamiya - 288 [likes=8, dislikes=0, completion=0.88695652173913, like_ratio=1.0, like_rate=0.0347826086956522, tedium=3.66666666666667]	SOLVED	rDullUdlddrrRuuruulDDuulLddlddrUluururrddlUdDurDllUU	47.2043	13	52	121	135	3240	1192	84	120	24	8.82963	1.45838	38.5714	121	0	0	0	0	0.0	0.0	0.0	0	0.0	0.0	0.0	0	0	0	0.0
1 - Li Jin You - 289 [likes=7, dislikes=0, completion=0.490291262135922, like_ratio=1.0, like_rate=0.0339805825242718, tedium=38.0]	SOLVED	LLddlluuuurrrDrddLruulDlLrruullldDlddrrrUdllluuruurrrddrdLuuulllddrRlluurrrdrddlUllllddrrrUruLddllluuruurrrDrddlldllUUddrruuLrdrruLL	16.4312	20	132	74	103	1236	116	105	154	12	1.12621	1.26079	11.7714	74	0	0	0	0	0.0	0.0	0.0	0	0.0	0.0	0.0	0	0	0	0.0
6 - Iroh - 290 [likes=8, dislikes=0, completion=0.793388429752066, like_ratio=1.0, like_rate=0.0330578512396694, tedium=11.0]	SOLVED	RURRlldRuuLulldRurDrddllUdrruulDrdRullldRuuulldRddrRulluurDDldR	16.8802	18	63	76	122	1952	205	101	291	16	1.68033	1.3059	19.3267	76	0	0	0	0	0.0	0.0	0.0	0	0.0	0.0	0.0	0	0	0	0.0
1 - Iroh - 291 [likes=10, dislikes=1, completion=0.672489082969432, like_ratio=0.909090909090909, like_rate=0.0436681222707424, tedium=133.0]	SOLVED	DDurrurrdrddlllldlluRRRRRlllluurrurrdrdDDrddddllluuruRurDDDldRRRRRRRRRlllluururrrdrrrdddllUUdllllluururrrdRRlluuurrdrdDDDuulldddrRRRR	10.421	34	133	33	33	132	41	24	8	4	1.24242	1.10831	5.5	33	0	0	0	0	0.0	0.0	0.0	0	0.0	0.0	0.0	0	0	0	0.0
5 - Iroh - 292 [likes=8, dislikes=0, completion=0.710900473933649, like_ratio=1.0, like_rate=0.037914691943128, tedium=22.2]	SOLVED	lddrrruuLUUruulDrdLddrddlUUUdddlluuRlddrruLulDrrruLuUruulDDDDrddlluluRddrruLUdLurUUruulDDDDDuuuuullddRluurrdDDDrddLruLuuuuulDldRurDDD	76.069	40	133	690	1375	27500	1491	1537	2410	20	1.08436	1.198	17.892	690	0	0	0	0	0.0	0.0	0.0	0	0.0	0.0	0.0	0	0	0	0.0
8 - Iroh - 293 [likes=8, dislikes=0, completion=0.540909090909091, like_ratio=1.0, like_rate=0.0363636363636364, tedium=13.75]	SOLVED	rrrruruLddllURdllluRRdrrruulDrdLLLuRdrruululDrrddllluluRddrrruulDLruulDlDurrdrdL	14.8267	18	80	177	280	4480	366	310	568	16	1.30714	1.36758	14.4516	177	0	0	0	0	0.0	0.0	0.0	0	0.0	0.0	0.0	0	0	0	0.0
7 - Jordi Doménech - 294 [likes=8, dislikes=0, completion=0.697674418604651, like_ratio=1.0, like_rate=0.0372093023255814, tedium=11.0]	SOLVED	LulldRurDrddllUUluRdrD	9.0556	8	22	15	16	128	21	9	24	8	1.3125	1.41421	14.2222	15	0	0	0	0	0.0	0.0	0.0	0	0.0	0.0	0.0	0	0	0	0.0
33 - Jordi Doménech - 295 [likes=7, dislikes=0, completion=0.601990049751244, like_ratio=1.0, like_rate=0.0348258706467662, tedium=12.0]	SOLVED	ruRdllluRRdrrruuLDrdLLLulldRurRdrUllldRR	9.62918	14	40	37	53	636	59	50	45	12	1.11321	1.32789	12.72	37	0	0	0	0	0.0	0.0	0.0	0	0.0	0.0	0.0	0	0	0	0.0
6 - Jordi Doménech - 296 [likes=6, dislikes=0, completion=0.829166666666667, like_ratio=1.0, like_rate=0.025, tedium=10.5]	SOLVED	rUdlluRuurrdLulDDldRR	9.06415	8	21	12	14	112	15	0	15	8	1.07143	1.3908	0	12	0	0	0	0	0.0	0.0	0.0	0	0.0	0.0	0.0	0	0	0	0.0
45 - Jordi Doménech - 297 [likes=6, dislikes=0, completion=0.728971962616822, like_ratio=1.0, like_rate=0.0280373831775701, tedium=13.3333333333333]	SOLVED	dRUUdrrdLullluRdrrdLuluuRDldRdrruLLullddRUUdrrdL	10.3806	16	48	47	102	1224	106	83	148	12	1.03922	1.33517	14.747	47	0	0	0	0	0.0	0.0	0.0	0	0.0	0.0	0.0	0	0	0	0.0
12 - Jordi Doménech - 298 [likes=6, dislikes=0, completion=0.756218905472637, like_ratio=1.0, like_rate=0.0298507462686567, tedium=12.0]	SOLVED	RurDRdrruLLLulldRdRUrrdL	9.61364	11	24	25	41	328	43	23	46	8	1.04878	1.40158	14.2609	25	0	0	0	0	0.0	0.0	0.0	0	0.0	0.0	0.0	0	0	0	0.0
62 - Jordi Doménech - 299 [likes=3, dislikes=0, completion=0.793522267206478, like_ratio=1.0, like_rate=0.0121457489878543, tedium=15.0]	SOLVED	uLLulldRlddrURlluurrDLdlUrrrrddlUruLdLruLdLruulDlDurrdL	9.74005	17	55	46	62	744	106	21	73	12	1.70968	1.27478	35.4286	46	0	0	0	0	0.0	0.0	0.0	0	0.0	0.0	0.0	0	0	0	0.0
58 - Jordi Doménech - 300 [likes=3, dislikes=0, completion=0.63594470046083, like_ratio=1.0, like_rate=0.0138248847926267, tedium=15.0]	SOLVED	ulllDRddlUruullDurrddlUrurrdLulDlluRdddrUdllUruuRRllddrUruL	9.88725	15	59	52	82	984	111	91	162	12	1.35366	1.34149	10.8132	52	0	0	0	0	0.0	0.0	0.0	0	0.0	0.0	0.0	0	0	0	0.0
15 - Jordi Doménech - 301 [likes=4, dislikes=0, completion=0.809264305177112, like_ratio=1.0, like_rate=0.0108991825613079, tedium=8.33333333333333]	SOLVED	LLLUlldRurRdrruLLLLrruLdldRR	9.50112	14	28	34	37	444	45	31	69	12	1.21622	1.29424	14.3226	34	0	0	0	0	0.0	0.0	0.0	0	0.0	0.0	0.0	0	0	0	0.0
55 - Jordi Doménech - 302 [likes=6, dislikes=0, completion=0.685483870967742, like_ratio=1.0, like_rate=0.0241935483870968, tedium=11.0]	SOLVED	RlddRluurRllddrRUrrdLLurruulDrddlluLulDurRddrruLLrruulDrdL	10.8763	16	58	71	107	1712	178	78	173	16	1.66355	1.33917	21.9487	71	0	0	0	0	0.0	0.0	0.0	0	0.0	0.0	0.0	0	0	0	0.0
43 - Jordi Doménech - 303 [likes=5, dislikes=0, completion=0.705179282868526, like_ratio=1.0, like_rate=0.0199203187250996, tedium=13.3333333333333]	SOLVED	RRRurDllllddrUluRRurrdLdLrdrUllLrruulDrdLullDurrdL	9.7927	16	50	69	85	1020	121	58	140	12	1.42353	1.32004	17.5862	69	0	0	0	0	0.0	0.0	0.0	0	0.0	0.0	0.0	0	0	0	0.0
38 - Jordi Doménech - 304 [likes=5, dislikes=0, completion=0.844339622641509, like_ratio=1.0, like_rate=0.0235849056603774, tedium=12.3333333333333]	SOLVED	luRRUrrddlUllluRdrrruulDrdLLLulDurRdrruulDrdLLL	9.14112	16	47	34	37	444	62	23	83	12	1.67568	1.25318	19.3043	34	0	0	0	0	0.0	0.0	0.0	0	0.0	0.0	0.0	0	0	0	0.0
63 - Jordi Doménech - 305 [likes=3, dislikes=0, completion=0.766169154228856, like_ratio=1.0, like_rate=0.0149253731343284, tedium=9.2]	SOLVED	ulLdllURuulDrddrRlluulDrdrruLdlUluurrDullddrdrrurrdLLuLrdLuuRdrruulDrdLL	15.8021	18	72	129	246	4920	460	242	496	20	1.86992	1.35778	20.3306	129	0	0	0	0	0.0	0.0	0.0	0	0.0	0.0	0.0	0	0	0	0.0
34 - Jordi Doménech - 306 [likes=6, dislikes=0, completion=0.721393034825871, like_ratio=1.0, like_rate=0.0298507462686567, tedium=12.0]	SOLVED	uLLddlluuRlddrruRlLrrurrdLLLdllURuRRllddrU	9.79581	14	42	67	108	1296	125	69	146	12	1.15741	1.39715	18.7826	67	0	0	0	0	0.0	0.0	0.0	0	0.0	0.0	0.0	0	0	0	0.0
60 - Jordi Doménech - 307 [likes=5, dislikes=0, completion=0.825892857142857, like_ratio=1.0, like_rate=0.0223214285714286, tedium=15.0]	SOLVED	dRRUdlluRuRlddrUrrdLuruulDrdLdLLuuRDrdLurruulDD	10.3682	17	47	37	48	576	92	34	88	12	1.91667	1.25573	16.9412	37	0	0	0	0	0.0	0.0	0.0	0	0.0	0.0	0.0	0	0	0	0.0
17 - Jordi Doménech - 308 [likes=7, dislikes=0, completion=0.735408560311284, like_ratio=1.0, like_rate=0.0272373540856031, tedium=8.66666666666667]	SOLVED	rrddLUruLdddlluRdrUruulLDRddlU	8.99803	10	30	23	30	360	43	10	52	12	1.43333	1.40512	36	23	0	0	0	0	0.0	0.0	0.0	0	0.0	0.0	0.0	0	0	0	0.0
82 - Jordi Doménech - 309 [likes=3, dislikes=0, completion=0.790178571428571, like_ratio=1.0, like_rate=0.0133928571428571, tedium=10.6]	SOLVED	LLLUlluurrrrDrddllluUddrrruululLddlldRuruurrdLrrddlULLLrrrruLdllldlUrrrdLurruulDrdLLLrruulLrDrdL	30.1771	24	96	435	744	14880	1209	1526	2058	20	1.625	1.31719	9.75098	435	0	0	0	0	0.0	0.0	0.0	0	0.0	0.0	0.0	0	0	0	0.0
16 - Jordi Doménech - 310 [likes=6, dislikes=0, completion=0.798245614035088, like_ratio=1.0, like_rate=0.0263157894736842, tedium=8.66666666666667]	SOLVED	rrrruuLDLdRllluRuRlddrruLulDrrruL	10.1272	10	33	24	25	300	31	16	46	12	1.24	1.37973	18.75	24	0	0	0	0	0.0	0.0	0.0	0	0.0	0.0	0.0	0	0	0	0.0
77 - Jordi Doménech - 311 [likes=3, dislikes=0, completion=0.665178571428571, like_ratio=1.0, like_rate=0.0133928571428571, tedium=17.3333333333333]	SOLVED	rULrruulDLLLdlUrrrrrdLdlULulldRRRdrUruulDLddrUluLdrrruLL	9.55849	21	56	75	113	1356	122	103	174	12	1.07965	1.25247	13.165	75	0	0	0	0	0.0	0.0	0.0	0	0.0	0.0	0.0	0	0	0	0.0
2 - Jordi Doménech - 312 [likes=8, dislikes=0, completion=0.842857142857143, like_ratio=1.0, like_rate=0.0380952380952381, tedium=3.33333333333333]	SOLVED	LullDurrdrdLuulldR	8.30428	5	18	7	8	96	10	0	10	12	1.25	1.51572	0	7	0	0	0	0	0.0	0.0	0.0	0	0.0	0.0	0.0	0	0	0	0.0
61 - Jordi Doménech - 313 [likes=3, dislikes=0, completion=0.704119850187266, like_ratio=1.0, like_rate=0.0112359550561798, tedium=11.25]	SOLVED	ldRdRRULdlUluurrDullddrdrruruLddlluRRllluurDldRRluurDrDulldR	9.20857	17	60	66	75	1200	111	44	116	16	1.48	1.28913	27.2727	66	0	0	0	0	0.0	0.0	0.0	0	0.0	0.0	0.0	0	0	0	0.0
46 - Jordi Doménech - 314 [likes=5, dislikes=0, completion=0.68976897689769, like_ratio=1.0, like_rate=0.0165016501650165, tedium=10.0]	SOLVED	UluuRDRRurDllDulldRdRluurruLdlddrRlUluRurrdLLdlluuRRlD	12.3765	19	54	86	161	2576	173	195	273	16	1.07453	1.30662	13.2103	86	0	0	0	0	0.0	0.0	0.0	0	0.0	0.0	0.0	0	0	0	0.0
9 - Jordi Doménech - 315 [likes=5, dislikes=0, completion=0.844036697247706, like_ratio=1.0, like_rate=0.0229357798165138, tedium=11.5]	SOLVED	ruLulllddrURuLdrRdrruLLLulD	8.75929	10	27	20	21	168	27	4	14	8	1.28571	1.35588	42	20	0	0	0	0	0.0	0.0	0.0	0	0.0	0.0	0.0	0	0	0	0.0
31 - Jordi Doménech - 316 [likes=8, dislikes=0, completion=0.733532934131736, like_ratio=1.0, like_rate=0.0239520958083832, tedium=8.75]	SOLVED	uLLDurrdLdLdlluuuRRllddRURldRuuRldlluRR	11.8896	15	39	29	39	624	78	11	56	16	2	1.27665	56.7273	29	0	0	0	0	0.0	0.0	0.0	0	0.0	0.0	0.0	0	0	0	0.0
5 - Jordi Doménech - 317 [likes=7, dislikes=0, completion=0.815, like_ratio=1.0, like_rate=0.035, tedium=8.5]	SOLVED	luRRurrdLdLLuRurD	9.71515	8	17	12	17	136	21	4	15	8	1.23529	1.42497	34	12	0	0	0	0	0.0	0.0	0.0	0	0.0	0.0	0.0	0	0	0	0.0
30 - Jordi Doménech - 318 [likes=6, dislikes=0, completion=0.770161290322581, like_ratio=1.0, like_rate=0.0241935483870968, tedium=11.6666666666667]	SOLVED	ddrUdrruLdlluuurrDDrdLLruuLrddlUlUdrruulD	9.15702	11	41	30	37	444	68	13	64	12	1.83784	1.38856	34.1538	30	0	0	0	0	0.0	0.0	0.0	0	0.0	0.0	0.0	0	0	0	0.0
10 - Jordi Doménech - 319 [likes=6, dislikes=0, completion=0.822727272727273, like_ratio=1.0, like_rate=0.0272727272727273, tedium=12.0]	SOLVED	dldRdrruLdlUluurrDLdlUdrR	11.2394	8	25	12	12	96	25	6	15	8	2.08333	1.36426	16	12	0	0	0	0	0.0	0.0	0.0	0	0.0	0.0	0.0	0	0	0	0.0
47 - Jordi Doménech - 320 [likes=5, dislikes=0, completion=0.62882096069869, like_ratio=1.0, like_rate=0.0218340611353712, tedium=13.6666666666667]	SOLVED	LLullDRdRldlUruurDldlUrrrrddlUruLLulDlddrUUrrdL	9.49847	16	47	44	82	984	90	44	119	12	1.09756	1.31708	22.3636	44	0	0	0	0	0.0	0.0	0.0	0	0.0	0.0	0.0	0	0	0	0.0
51 - Jordi Doménech - 321 [likes=5, dislikes=0, completion=0.771551724137931, like_ratio=1.0, like_rate=0.021551724137931, tedium=14.3333333333333]	SOLVED	DRddlluRdrUluurrrddLUdLdlluRuRRdrUlllddrUluRR	12.4362	15	45	49	66	792	108	33	99	12	1.63636	1.32222	24	49	0	0	0	0	0.0	0.0	0.0	0	0.0	0.0	0.0	0	0	0	0.0
10 - Jordi Doménech - 322 [likes=2, dislikes=0, completion=0.263157894736842, like_ratio=1.0, like_rate=0.0080971659919028, tedium=17.75]	SOLVED	uruullllulldRRRRurrdddlllldlluRUdRRRdrruuuulldllulldRddrrrdrruLLLrrruuLDrdL	15.7262	17	75	326	436	6976	651	203	354	16	1.49312	1.42976	34.3645	326	0	0	0	0	0.0	0.0	0.0	0	0.0	0.0	0.0	0	0	0	0.0
1 - Jordi Doménech - 323 [likes=5, dislikes=0, completion=0.708333333333333, like_ratio=1.0, like_rate=0.0231481481481481, tedium=34.5]	SOLVED	LdllluuurRdDrddrrruuuullLulDDulldddrRlluuurrdDuurrrrddddlllUdrrruuuulllllldddrR	9.60144	11	79	16	19	152	37	8	10	8	1.94737	1.30692	19	16	0	0	0	0	0.0	0.0	0.0	0	0.0	0.0	0.0	0	0	0	0.0
12 - Marti Homs Caussa - 324 [likes=5, dislikes=0, completion=0.288372093023256, like_ratio=1.0, like_rate=0.0232558139534884, tedium=15.8333333333333]	SOLVED	UdrruuuullllDurrdrrdddlluUddrruLruuulllldDuurrrdDuulllddRRUdlluurRddllDurrurrdLLrrddlUdlUrruullulldddRRdrruuullDLrurruLdldldlUrrurrdLLLrrrddlUruLuuLdrddLLrruulDuuLrddrdL	130.836	33	169	1312	4210	101040	4444	10726	7860	24	1.05558	1.28774	9.4201	1312	0	0	0	0	0.0	0.0	0.0	0	0.0	0.0	0.0	0	0	0	0.0
3 - Marti Homs Caussa - 325 [likes=2, dislikes=0, completion=0.497536945812808, like_ratio=1.0, like_rate=0.0098522167487684, tedium=15.3333333333333]	SOLVED	rrdLuluurDldLdlluRdrdrUUdlluRdrrruulDrdLLLulldRurRdrruulDllldR	27.4819	16	62	92	265	3180	275	342	547	12	1.03774	1.41727	9.29825	92	0	0	0	0	0.0	0.0	0.0	0	0.0	0.0	0.0	0	0	0	0.0
90 - Alberto García - 326 [likes=2, dislikes=0, completion=0.820388349514563, like_ratio=1.0, like_rate=0.0097087378640776, tedium=3.8]	SOLVED	uuuLrdddLruLLrruulDrdLdLruuLrddlU	16.6599	10	33	29	48	960	81	28	79	20	1.6875	1.47273	34.2857	29	0	0	0	0	0.0	0.0	0.0	0	0.0	0.0	0.0	0	0	0	0.0
50 - Alberto García - 327 [likes=3, dislikes=0, completion=0.330434782608696, like_ratio=1.0, like_rate=0.0130434782608696, tedium=15.4]	SOLVED	ulDDDDuuuullddddRdRUUUddlluuRDDuuluurDDuurrdLullddddrruUddddlUruuulluurDurrdLdddddrruLL	129.546	22	87	295	693	13860	793	1205	2233	20	1.1443	1.34625	11.5021	295	0	0	0	0	0.0	0.0	0.0	0	0.0	0.0	0.0	0	0	0	0.0
7 - Alberto García - 328 [likes=3, dislikes=0, completion=0.809090909090909, like_ratio=1.0, like_rate=0.0136363636363636, tedium=16.0]	SOLVED	luuuuRDldddrruuruLdddlluuRluururDllddrUdlddrruruLruL	13.6727	9	52	14	17	204	30	16	32	12	1.76471	1.36999	12.75	14	0	0	0	0	0.0	0.0	0.0	0	0.0	0.0	0.0	0	0	0	0.0
20 - Alberto García - 329 [likes=4, dislikes=0, completion=0.870292887029289, like_ratio=1.0, like_rate=0.0167364016736402, tedium=6.0]	SOLVED	uulDurUruulDDulDrDulldR	10.5454	8	23	17	17	204	30	0	27	12	1.76471	1.42497	0	17	0	0	0	0	0.0	0.0	0.0	0	0.0	0.0	0.0	0	0	0	0.0
15 - Alberto García - 330 [likes=2, dislikes=0, completion=0.866071428571429, like_ratio=1.0, like_rate=0.0059523809523809, tedium=16.0]	SOLVED	ullddlllulldRdDlUruRRlullldRurrdrdrruulDrdLullulldRRRRddddlluLuuurrrurDD	48.0447	16	72	142	168	2016	548	278	252	12	3.2619	1.37747	7.2518	142	0	0	0	0	0.0	0.0	0.0	0	0.0	0.0	0.0	0	0	0	0.0
5 - Alberto García - 331 [likes=4, dislikes=0, completion=0.841409691629956, like_ratio=1.0, like_rate=0.0176211453744493, tedium=3.14285714285714]	SOLVED	uuuuuurrdLdlddrUdlddrUluurrUdlluRdlddrUUUdddrU	13.0781	10	46	50	56	1568	180	24	146	28	3.21429	1.49561	65.3333	50	0	0	0	0	0.0	0.0	0.0	0	0.0	0.0	0.0	0	0	0	0.0
4 - Alberto García - 332 [likes=4, dislikes=0, completion=0.786407766990291, like_ratio=1.0, like_rate=0.0194174757281553, tedium=6.4]	SOLVED	uLLdlUdLdlUURlUUluRdddrUddrrurrdLL	23.6104	14	34	97	117	2340	310	43	128	20	2.64957	1.40517	54.4186	97	0	0	0	0	0.0	0.0	0.0	0	0.0	0.0	0.0	0	0	0	0.0
13 - Alberto García - 333 [likes=2, dislikes=0, completion=0.791469194312796, like_ratio=1.0, like_rate=0.0094786729857819, tedium=17.8]	SOLVED	ldldldldlLrrurururuulDlDlDlDllDDuurrurururrdLdLdLdLrururuulDlDlDururrdLdLLrruulDldLDDuururrdLdLLrruulDrdLulDrdL	29.2905	29	111	261	280	5600	484	43	784	20	1.72857	1.21446	130.233	261	0	0	0	0	0.0	0.0	0.0	0	0.0	0.0	0.0	0	0	0	0.0
1 - Alberto García - 334 [likes=4, dislikes=0, completion=0.726072607260726, like_ratio=1.0, like_rate=0.0132013201320132, tedium=18.0]	SOLVED	uuurDurrrdrdDuuulllldDuurrrdrddrdLLruuuullllddrdrDrrrrruLLdlllululuurrrdrdDrruLddLLLululuurrrdrDrddlllulDuulldRuuurrrdrdDrdLLLrruuuulllldddR	17.1521	22	140	141	167	2672	445	88	224	16	2.66467	1.26192	30.3636	141	0	0	0	0	0.0	0.0	0.0	0	0.0	0.0	0.0	0	0	0	0.0
46 - Alberto García - 335 [likes=3, dislikes=0, completion=0.893023255813953, like_ratio=1.0, like_rate=0.013953488372093, tedium=13.5]	SOLVED	ullLLuullddRluurrRRRlllllddrRuurrddrruUllllddRluurrdD	10.3551	11	53	25	32	256	68	21	8	8	2.125	1.37035	12.1905	25	0	0	0	0	0.0	0.0	0.0	0	0.0	0.0	0.0	0	0	0	0.0
7 - Alberto García - 336 [likes=3, dislikes=0, completion=0.773504273504274, like_ratio=1.0, like_rate=0.0128205128205128, tedium=31.0]	SOLVED	ulluurrurDlllddrrdrdrrrurrurruullullLLrrrrdrrddlldlluurUruLddldddlluulllluurrrDrdddrruuuruuLrddldddlluuulDldRurDldRRRuuuruulLrrddldddlluuululuurDDDrddlluRddrrruuuruullLrrrddldddlluluurDDldRuuululuurDDDDD	51.8948	28	203	567	847	10164	1635	1601	749	12	1.93034	1.27223	6.34853	567	0	0	0	0	0.0	0.0	0.0	0	0.0	0.0	0.0	0	0	0	0.0
33 - Alberto García - 337 [likes=3, dislikes=0, completion=0.804761904761905, like_ratio=1.0, like_rate=0.0142857142857143, tedium=13.75]	SOLVED	rdrUUUUUluurDrDrDululldRdRRlluRdldddlluuRlddrruUUruulldRurD	10.8239	18	59	59	59	944	87	6	60	16	1.47458	1.25424	157.333	59	0	0	0	0	0.0	0.0	0.0	0	0.0	0.0	0.0	0	0	0	0.0
48 - Alberto García - 338 [likes=6, dislikes=0, completion=0.855721393034826, like_ratio=1.0, like_rate=0.0298507462686567, tedium=9.5]	SOLVED	ruurUdddllluulluuururrrddRddddllluRRuruuulLLdlDlddrruLuuruulDlddrdddrrrrUlllululuurrdLdddrrruR	14.3782	13	94	90	103	1648	598	127	305	16	5.80583	1.42835	12.9764	90	0	0	0	0	0.0	0.0	0.0	0	0.0	0.0	0.0	0	0	0	0.0
6 - Alberto García - 339 [likes=2, dislikes=0, completion=0.811659192825112, like_ratio=1.0, like_rate=0.0089686098654708, tedium=12.0]	SOLVED	ullldDrUluRuulDDDurRRurrdLLLLddLuruulD	11.2819	15	38	39	47	564	73	12	58	12	1.55319	1.29263	47	39	0	0	0	0	0.0	0.0	0.0	0	0.0	0.0	0.0	0	0	0	0.0
45 - Alberto García - 340 [likes=4, dislikes=0, completion=0.792828685258964, like_ratio=1.0, like_rate=0.0159362549800797, tedium=37.0]	SOLVED	rdrrrrrrruuuuLLullddrdrDululuulldlddddrrrrRRluululuLLulDDuurrrrrdLLdrdrddrdrUlllllullluurDldRdrrrrrrrUdlluuluulLLrrdrdrddrruUddllllllluurDrdrrruuluuullllDDlddrdRRRRRRdrUUdlluuluulllldDldRurDldRRRRRRdrU	1695.07	40	201	1538	39968	479616	57886	112735	80447	12	1.44831	1.3033	4.25437	1538	0	0	0	0	0.0	0.0	0.0	0	0.0	0.0	0.0	0	0	0	0.0
28 - Alberto García - 341 [likes=2, dislikes=0, completion=0.796019900497512, like_ratio=1.0, like_rate=0.0099502487562189, tedium=22.3333333333333]	SOLVED	rrrrUUUruulldRurDlddddllluurRllddrrruUddllUdrruuUUddddlluluRddrruuuuruLdddrUdlddlluuRlddrruUUrU	12.1116	18	95	129	202	2424	261	133	196	12	1.29208	1.343	18.2256	129	0	0	0	0	0.0	0.0	0.0	0	0.0	0.0	0.0	0	0	0	0.0
1 - Alberto García - 342 [likes=5, dislikes=0, completion=0.75975975975976, like_ratio=1.0, like_rate=0.015015015015015, tedium=12.0]	SOLVED	uullDDDuuullddRluurrrrddddlLLrrruuuulldLrDuurrddddlllUdrrruuuullddDlUddRuullURdrUluRR	25.8618	18	85	159	245	3920	478	234	329	16	1.95102	1.35747	16.7521	159	0	0	0	0	0.0	0.0	0.0	0	0.0	0.0	0.0	0	0	0	0.0
19 - Alberto García - 343 [likes=2, dislikes=0, completion=0.7375, like_ratio=1.0, like_rate=0.0083333333333333, tedium=36.0]	SOLVED	ldLruruulllllddrUluRRlddlddrUUluurrRRurDrddlldlLrrurruulDulllllddrUluRRRllddlddrUluuurrrRurDlllldlddrUUluRRRlldddrrruRldlluluurrurrdDrrddlULuurDululldRurD	64.7081	31	154	296	454	5448	790	549	732	12	1.74009	1.21818	9.9235	296	0	0	0	0	0.0	0.0	0.0	0	0.0	0.0	0.0	0	0	0	0.0
42 - Alberto García - 344 [likes=2, dislikes=0, completion=0.909502262443439, like_ratio=1.0, like_rate=0.0090497737556561, tedium=7.2]	SOLVED	uuuRuuRlddldRuuuurrrdDDuuulldRurDDullldddRllddrUluR	19.5669	12	51	34	42	840	113	18	35	20	2.69048	1.36543	46.6667	34	0	0	0	0	0.0	0.0	0.0	0	0.0	0.0	0.0	0	0	0	0.0
43 - Alberto García - 345 [likes=3, dislikes=0, completion=0.805825242718447, like_ratio=1.0, like_rate=0.0145631067961165, tedium=9.66666666666667]	SOLVED	uulllDurrruuulldlDldRRldldRuuuururrdL	13.4744	7	37	19	22	264	50	18	45	12	2.27273	1.55516	14.6667	19	0	0	0	0	0.0	0.0	0.0	0	0.0	0.0	0.0	0	0	0	0.0
14 - Alberto García - 346 [likes=4, dislikes=1, completion=0.839449541284404, like_ratio=0.8, like_rate=0.018348623853211, tedium=35.0]	SOLVED	rdrrrruLLLdlUrrrrrururuulDlDlDururrdLdLdLLLdlluUUluRddddrruLdlUluurrUdllddrUluuruRdllddrUluRdddrrrrruruulDlDurrdLdLLdlluluurUdldddrrruLdlluuuurrUdldldddrruLdlUUluuruRdllddrUluRdddrrrrruulDldllluuuuruRldlddddrrrurrdLLLLdlUU	75.4242	45	222	420	559	8944	1484	555	2228	16	2.65474	1.15094	16.1153	420	0	0	0	0	0.0	0.0	0.0	0	0.0	0.0	0.0	0	0	0	0.0
22 - Alberto García - 347 [likes=2, dislikes=0, completion=0.781659388646288, like_ratio=1.0, like_rate=0.0087336244541484, tedium=28.0]	SOLVED	uuurUrruulDLddldllluuuurrrDDDuurrrdLLuluRdrruulDDlddlDlddrruLdlUruuruulDDDDuuuurrrdLLdlddldRuuulDurruulDuulldldddrrDulluuuurrrddDD	91.2842	27	130	439	860	10320	1845	2217	1394	12	2.14535	1.28436	4.65494	439	0	0	0	0	0.0	0.0	0.0	0	0.0	0.0	0.0	0	0	0	0.0
3 - Alberto García - 348 [likes=3, dislikes=0, completion=0.73109243697479, like_ratio=1.0, like_rate=0.0126050420168067, tedium=29.0]	SOLVED	ldlllllluluurRllddrdrrrrruruuullldRurrddddlllllluluurrRlllddrdrrrrruruuulldRurDrddldlllllluluurrrRdDuuurrdrrddldllLuuullllddrUrurrurrdLulDDurrrrddldlllLrrrurruulllldDuurrrrddlUruLdddllLrruruuLLulDDDuulldlluRRRRurrdLulD	85.462	29	218	1110	2520	40320	3824	4492	4309	16	1.51746	1.31006	8.97596	1110	0	0	0	0	0.0	0.0	0.0	0	0.0	0.0	0.0	0	0	0	0.0
21 - Alberto García - 349 [likes=1, dislikes=0, completion=0.766990291262136, like_ratio=1.0, like_rate=0.0048543689320388, tedium=16.0]	SOLVED	urRdrUUdllluuuuuuRlddddddrrruUruLLdrddllluuuuuuurrrddDuuulldlddddddrrruurrdLulluRuuuulldRurDlllddddddrrrUU	21.8101	15	106	241	344	5504	1064	474	544	16	3.09302	1.47606	11.6118	241	0	0	0	0	0.0	0.0	0.0	0	0.0	0.0	0.0	0	0	0	0.0
16 - Alberto García - 350 [likes=3, dislikes=0, completion=0.833333333333333, like_ratio=1.0, like_rate=0.0128205128205128, tedium=11.75]	SOLVED	ddLLulDrrrrddlddlluUUUruLdddddrruLdlUUUddrruruullLdddrruUruL	14.3445	15	60	124	179	2864	568	119	80	16	3.17318	1.41316	24.0672	124	0	0	0	0	0.0	0.0	0.0	0	0.0	0.0	0.0	0	0	0	0.0
50 - Alberto García - 351 [likes=5, dislikes=0, completion=0.538745387453875, like_ratio=1.0, like_rate=0.018450184501845, tedium=11.75]	SOLVED	DrDrDrDulululldRdRdRdRlululuurDrDrDululldRRldRR	10.8475	16	47	58	71	1136	90	30	120	16	1.26761	1.30528	37.8667	58	0	0	0	0	0.0	0.0	0.0	0	0.0	0.0	0.0	0	0	0	0.0
11 - Alberto García - 352 [likes=2, dislikes=0, completion=0.81294964028777, like_ratio=1.0, like_rate=0.0071942446043165, tedium=36.5]	SOLVED	uluuuulldlDuurrrddddddlllluuRlddrrurruuuuulldldDrDDuulldddrRRlddrruUluluuluuurrrddddrdLdlllluuRurDDullddrR	15.9165	14	106	32	44	352	92	53	51	8	2.09091	1.31036	6.64151	32	0	0	0	0	0.0	0.0	0.0	0	0.0	0.0	0.0	0	0	0	0.0
5 - Alberto García - 353 [likes=3, dislikes=0, completion=0.861244019138756, like_ratio=1.0, like_rate=0.0143540669856459, tedium=13.25]	SOLVED	ldlllllUluuRRRdddrrururuulllDldddlluUluRRRlluurDlddddrrrrururuulldDrddllluuuRldddlluuuRldddrruuRlddlluuurRdrRllddrrruruuulllD	16.7614	18	125	111	155	2480	557	243	345	16	3.59355	1.32338	10.2058	111	0	0	0	0	0.0	0.0	0.0	0	0.0	0.0	0.0	0	0	0	0.0
8 - Alberto García - 354 [likes=4, dislikes=0, completion=0.854785478547855, like_ratio=1.0, like_rate=0.0132013201320132, tedium=7.33333333333333]	SOLVED	DDrddllUdrruLLruuuluurDDDDD	13.4055	11	27	43	43	516	61	4	76	12	1.4186	1.40766	129	43	0	0	0	0	0.0	0.0	0.0	0	0.0	0.0	0.0	0	0	0	0.0
7 - Alberto García - 355 [likes=6, dislikes=0, completion=0.651260504201681, like_ratio=1.0, like_rate=0.0252100840336134, tedium=21.75]	SOLVED	ulllllLdLdLdLrururuulDlDlDlDDrUrUrUdlLuRuRRdLurRRllllDurrrrRdrruLLLLLdlluRdrUdlllddrUluRR	42.8411	32	89	590	1518	24288	1874	1343	2357	16	1.23452	1.25723	18.0849	590	0	0	0	0	0.0	0.0	0.0	0	0.0	0.0	0.0	0	0	0	0.0
6 - Alberto García - 356 [likes=5, dislikes=0, completion=0.724696356275304, like_ratio=1.0, like_rate=0.0202429149797571, tedium=17.6666666666667]	SOLVED	ururruruulDLLrruullldlldddrdrrurrUruLddldllluRdrruruuLrddldlluRluUUluRR	12.4049	13	71	50	56	672	148	84	75	12	2.64286	1.36294	8	50	0	0	0	0	0.0	0.0	0.0	0	0.0	0.0	0.0	0	0	0	0.0
16 - Alberto García - 357 [likes=4, dislikes=0, completion=0.897560975609756, like_ratio=1.0, like_rate=0.0195121951219512, tedium=5.0]	SOLVED	uURuulDrdL	10.2626	5	10	6	6	48	24	3	12	8	4	1.43097	16	6	0	0	0	0	0.0	0.0	0.0	0	0.0	0.0	0.0	0	0	0	0.0
10 - Alberto García - 358 [likes=4, dislikes=0, completion=0.797235023041475, like_ratio=1.0, like_rate=0.0184331797235023, tedium=13.6666666666667]	SOLVED	RdrRuLdlddrUluUrrdLulDDuurrrrdLLLulDuluurDD	12.9005	15	43	70	92	1104	154	55	84	12	1.67391	1.35182	20.0727	70	0	0	0	0	0.0	0.0	0.0	0	0.0	0.0	0.0	0	0	0	0.0
13 - Alberto García - 359 [likes=3, dislikes=0, completion=0.73972602739726, like_ratio=1.0, like_rate=0.0136986301369863, tedium=11.25]	SOLVED	RRRdddlluRRuuRurDlllluurDldRuRDrruLLdlluurDldRR	15.5026	17	47	100	113	1808	293	72	62	16	2.59292	1.32059	25.1111	100	0	0	0	0	0.0	0.0	0.0	0	0.0	0.0	0.0	0	0	0	0.0
44 - Alberto García - 360 [likes=2, dislikes=0, completion=0.73, like_ratio=1.0, like_rate=0.01, tedium=9.0]	SOLVED	ldlDDDrDuluuururrddddLrdLDuuuruuulldldddDRllddrURlluR	13.9678	13	53	42	60	1200	133	27	70	20	2.21667	1.37019	44.4444	42	0	0	0	0	0.0	0.0	0.0	0	0.0	0.0	0.0	0	0	0	0.0
7 - Alberto García - 361 [likes=1, dislikes=0, completion=0.716049382716049, like_ratio=1.0, like_rate=0.0041152263374485, tedium=15.0]	SOLVED	lddRDuUddrdrddlluUUluurrDDldddrruuLuuulDuruulDD	16.0577	12	47	83	153	1836	332	201	285	12	2.16993	1.52075	9.13433	83	0	0	0	0	0.0	0.0	0.0	0	0.0	0.0	0.0	0	0	0	0.0
6 - Alberto García - 362 [likes=2, dislikes=0, completion=0.881773399014778, like_ratio=1.0, like_rate=0.0098522167487684, tedium=9.0]	SOLVED	ulululldllddrrRDrruuulLDrrddllDurruullDDrruLulDllluurDldRuuRurDllddR	30.8324	15	68	181	230	4600	773	225	289	20	3.36087	1.43697	20.4444	181	0	0	0	0	0.0	0.0	0.0	0	0.0	0.0	0.0	0	0	0	0.0
24 - Alberto García - 363 [likes=1, dislikes=0, completion=0.651960784313726, like_ratio=1.0, like_rate=0.0049019607843137, tedium=5.0]	SOLVED	uuulDDDDuuulldRurrddlUruL	12.3925	8	25	17	18	360	50	9	36	20	2.77778	1.43519	40	17	0	0	0	0	0.0	0.0	0.0	0	0.0	0.0	0.0	0	0	0	0.0
1 - Alberto García - 364 [likes=2, dislikes=0, completion=0.805785123966942, like_ratio=1.0, like_rate=0.0082644628099173, tedium=38.0]	SOLVED	llllDDDDuuuurrrddldLDlUUUluRRRllddddlddrUUUUUluRdddrruruUruLuullldlddrRldddrruruuuLruullldlddrrRllddddddrUluurruruUddldllddrUluuuurrrruLdddldLdlUUUluRR	22.6651	34	151	245	352	4224	802	397	363	12	2.27841	1.18822	10.6398	245	0	0	0	0	0.0	0.0	0.0	0	0.0	0.0	0.0	0	0	0	0.0
11 - Alberto García - 365 [likes=2, dislikes=0, completion=0.761467889908257, like_ratio=1.0, like_rate=0.0091743119266055, tedium=11.5]	SOLVED	uLrdrddllluuUUdrruuuuullldddRuRlluurrrdDDDuullddddddrrruuuL	13.8062	10	59	49	60	960	310	83	70	16	5.16667	1.50597	11.5663	49	0	0	0	0	0.0	0.0	0.0	0	0.0	0.0	0.0	0	0	0	0.0
9 - Alberto García - 366 [likes=1, dislikes=0, completion=0.857707509881423, like_ratio=1.0, like_rate=0.0039525691699604, tedium=6.0]	SOLVED	luuuUdrruuuLrddddLrddlluUU	11.9828	6	26	9	11	176	27	1	14	16	2.45455	1.4913	176	9	0	0	0	0	0.0	0.0	0.0	0	0.0	0.0	0.0	0	0	0	0.0
6 - Dries De Clercq - 367 [likes=5, dislikes=0, completion=0.520661157024793, like_ratio=1.0, like_rate=0.0206611570247934, tedium=19.25]	SOLVED	rUUdLruUUlldRDrddlUUUluurDrDDlUdddrUluuruLdddrUlullddRluurruulDrddrddlUUULuurDrDLddrU	13.5304	28	85	155	275	4400	286	290	421	16	1.04	1.22213	15.1724	155	0	0	0	0	0.0	0.0	0.0	0	0.0	0.0	0.0	0	0	0	0.0
1 - Dries De Clercq - 368 [likes=17, dislikes=0, completion=0.572207084468665, like_ratio=1.0, like_rate=0.0463215258855586, tedium=21.0]	SOLVED	rDDLruulDlDDlddrUrrUUUlldDldRuuurrdLulDDlddrUUUrrddLruulldlddrU	11.0237	21	63	42	48	576	48	14	53	12	1	1.20243	41.1429	42	0	0	0	0	0.0	0.0	0.0	0	0.0	0.0	0.0	0	0	0	0.0
14 - Dries De Clercq - 369 [likes=5, dislikes=0, completion=0.27536231884058, like_ratio=1.0, like_rate=0.0241545893719807, tedium=47.0]	SOLVED	drddlUdlluRRdrddllUdrruululldRddrruuruLdddlluuRlddrruruulLruulDDrrddlUUdddlluuluRRldddrruuLulDrrruLLuurDDldlluRdrUruulDDrrddlUUlldRurrddldllUdrruruulllldRurrDulldR	14.2299	32	163	110	152	1824	167	239	270	12	1.09868	1.16999	7.6318	110	0	0	0	0	0.0	0.0	0.0	0	0.0	0.0	0.0	0	0	0	0.0
2 - Dries De Clercq - 370 [likes=13, dislikes=0, completion=0.574534161490683, like_ratio=1.0, like_rate=0.0403726708074534, tedium=25.3333333333333]	SOLVED	ddlUdrddlUruulllddRRUruLruulDrddlddrUUUUlDrddllluuRRurDDulllddrrUruLLrdddrUU	12.0498	22	76	99	136	1632	142	123	154	12	1.04412	1.2502	13.2683	99	0	0	0	0	0.0	0.0	0.0	0	0.0	0.0	0.0	0	0	0	0.0
9 - Dries De Clercq - 371 [likes=3, dislikes=0, completion=0.55, like_ratio=1.0, like_rate=0.0136363636363636, tedium=33.0]	SOLVED	rDDDuLruulDDrdLLdlluRuRlddrdrrUUUdlLulDrrruLuurDDDllluRdrruulDldddrrUULulldldRuurrdLrrddllUdrruuluurDDD	15.7121	31	103	120	323	3876	339	449	629	12	1.04954	1.20488	8.63252	120	0	0	0	0	0.0	0.0	0.0	0	0.0	0.0	0.0	0	0	0	0.0
5 - Dries De Clercq - 372 [likes=10, dislikes=0, completion=0.294906166219839, like_ratio=1.0, like_rate=0.0268096514745308, tedium=35.3333333333333]	SOLVED	rDDrddllluuRRuulDrdDrruLdlUdrddlUlluuRRDrdLuuluurDDDrruLdlUdrddlUruulllddRRdrUllluurrDuluurDDllddrRlluurrDRDLL	14.7373	32	110	179	249	2988	277	223	298	12	1.11245	1.18818	13.3991	179	0	0	0	0	0.0	0.0	0.0	0	0.0	0.0	0.0	0	0	0	0.0
4 - Dries De Clercq - 373 [likes=13, dislikes=0, completion=0.349358974358974, like_ratio=1.0, like_rate=0.0416666666666667, tedium=34.3333333333333]	SOLVED	dddddrruLdlUUlluurrDrDLuuurDDldddrruLdlUUUrDuuulDllddRRUruLddddrruLUUdddlUruuluurDDDDldRuuulDlluuRlddrruruulD	13.4335	31	109	172	275	3300	295	330	431	12	1.07273	1.19864	10	172	0	0	0	0	0.0	0.0	0.0	0	0.0	0.0	0.0	0	0	0	0.0
8 - Dries De Clercq - 374 [likes=5, dislikes=0, completion=0.504385964912281, like_ratio=1.0, like_rate=0.0219298245614035, tedium=33.0]	SOLVED	RRDulldRRuurrdLLrrddddlluUURldddrruuUluulDDlluRRdrrdddlluUddrruuulLuurrDulDrDDDuuulldRurDulllldRurrdrDuullldRRurD	16.0916	30	113	181	350	4200	385	478	454	12	1.1	1.21563	8.78661	181	0	0	0	0	0.0	0.0	0.0	0	0.0	0.0	0.0	0	0	0	0.0
7 - Yoshio Murase - 375 [likes=3, dislikes=0, completion=0.787128712871287, like_ratio=1.0, like_rate=0.0148514851485149, tedium=19.0]	SOLVED	dlluluuRDDlddrruruuLrruullDlDRllddRluurrRlllddrUluurrdrdrUUddldLdlU	14.5704	15	67	61	76	912	134	88	135	12	1.76316	1.33471	10.3636	61	0	0	0	0	0.0	0.0	0.0	0	0.0	0.0	0.0	0	0	0	0.0
6 - Yoshio Murase - 376 [likes=4, dislikes=0, completion=0.615023474178404, like_ratio=1.0, like_rate=0.0187793427230047, tedium=19.6666666666667]	SOLVED	uluurrdrrrddLLrruulllulDrrrrddllUdrruulLLulldRlddrRlUUluRdddrRuuLrddlluUrrrrddL	24.5396	16	79	75	124	1488	147	88	158	12	1.18548	1.35157	16.9091	75	0	0	0	0	0.0	0.0	0.0	0	0.0	0.0	0.0	0	0	0	0.0
32 - Yoshio Murase - 377 [likes=3, dislikes=0, completion=0.569506726457399, like_ratio=1.0, like_rate=0.0134529147982063, tedium=24.6666666666667]	SOLVED	rrddlddrrUUddlllluRdrrruuluurDldlDururrdLddlLulldRRRdrUUUruLullDDDuuurrddddlLuuRluurDrDD	16.9357	23	88	201	376	4512	396	508	638	12	1.05319	1.29409	8.88189	201	0	0	0	0	0.0	0.0	0.0	0	0.0	0.0	0.0	0	0	0	0.0
1 - Yoshio Murase - 378 [likes=12, dislikes=0, completion=0.456591639871383, like_ratio=1.0, like_rate=0.0385852090032154, tedium=28.6666666666667]	SOLVED	luuluRurrrddlLrruullldlddrdrrUdlluluururrrddLddlluUddrruuLUdrddlluluuRuRDllddrUddrruuL	15.8394	13	86	51	67	804	82	49	159	12	1.22388	1.38187	16.4082	51	0	0	0	0	0.0	0.0	0.0	0	0.0	0.0	0.0	0	0	0	0.0
3 - Yoshio Murase - 379 [likes=5, dislikes=0, completion=0.687285223367698, like_ratio=1.0, like_rate=0.0171821305841924, tedium=14.6666666666667]	SOLVED	ddlldddlUruurruulDrdLuLDDulluRdrdDuuluRdddlUruulldRurDrruL	19.3138	14	58	46	65	780	96	44	104	12	1.47692	1.34739	17.7273	46	0	0	0	0	0.0	0.0	0.0	0	0.0	0.0	0.0	0	0	0	0.0
21 - Yoshio Murase - 380 [likes=3, dislikes=0, completion=0.748815165876777, like_ratio=1.0, like_rate=0.014218009478673, tedium=27.3333333333333]	SOLVED	drdLLrrddllUdrruuululldlddRUluurrrddLLrrrddllUluRdllUdrrdrruuulullDurrdrdddlluuRurDlldlluRRluurrdrdDuulullddrRurDululllD	26.913	20	120	70	93	1116	142	120	139	12	1.52688	1.25437	9.3	70	0	0	0	0	0.0	0.0	0.0	0	0.0	0.0	0.0	0	0	0	0.0
2 - Yoshio Murase - 381 [likes=4, dislikes=0, completion=0.431547619047619, like_ratio=1.0, like_rate=0.0119047619047619, tedium=32.0]	SOLVED	rddLruullllddddrUluuurrrrddldLUrruulllldddRluuurrrrddllLrrruulllldDrrUdlluurRddlddlUUrrrdLullddrUruuullDDRdrUrruuL	43.9854	19	114	115	315	3780	319	362	538	12	1.0127	1.3536	10.442	115	0	0	0	0	0.0	0.0	0.0	0	0.0	0.0	0.0	0	0	0	0.0
5 - Yoshio Murase - 382 [likes=6, dislikes=0, completion=0.568281938325991, like_ratio=1.0, like_rate=0.026431718061674, tedium=23.6666666666667]	SOLVED	dlDurrdLdLLdlluurDDurrruulDrdLLddrUllluurDrdrUllldRurrruulDrdLLLdlUrrrdLL	54.3606	21	73	209	296	3552	372	320	310	12	1.25676	1.31124	11.1	209	0	0	0	0	0.0	0.0	0.0	0	0.0	0.0	0.0	0	0	0	0.0
4 - Yoshio Murase - 383 [likes=4, dislikes=0, completion=0.781746031746032, like_ratio=1.0, like_rate=0.0158730158730159, tedium=12.6666666666667]	SOLVED	dlLruulDLDRllddrUUrurrddlUUdlllUdrruuRdrUddlllluRRdrUluRdlllU	37.8497	18	61	100	124	1488	300	96	118	12	2.41935	1.30708	15.5	100	0	0	0	0	0.0	0.0	0.0	0	0.0	0.0	0.0	0	0	0	0.0
8 - Yoshio Murase - 384 [likes=2, dislikes=0, completion=0.700892857142857, like_ratio=1.0, like_rate=0.0089285714285714, tedium=20.0]	SOLVED	lDDuurrddLrrddllULUUddrdrruuluulLLrrrddLdlUUluRRldllddRRurrrddllUluR	26.0117	19	68	57	68	816	121	53	77	12	1.77941	1.24867	15.3962	57	0	0	0	0	0.0	0.0	0.0	0	0.0	0.0	0.0	0	0	0	0.0
10 - Yoshio Murase - 385 [likes=3, dislikes=0, completion=0.47867298578199, like_ratio=1.0, like_rate=0.014218009478673, tedium=15.6666666666667]	SOLVED	UdrUlluuurrdrrddLLrruullDLDlUUddrRddlUUruurrddL	19.7856	14	47	55	75	900	102	74	104	12	1.36	1.36123	12.1622	55	0	0	0	0	0.0	0.0	0.0	0	0.0	0.0	0.0	0	0	0	0.0
2 - Yoshio Murase - 386 [likes=1, dislikes=0, completion=0.418604651162791, like_ratio=1.0, like_rate=0.0046511627906976, tedium=30.0]	SOLVED	ddLdlluRdrUllluuurrdDuulldddrdrruruuuLulDDulldddrRlluuurrdDRluulldddrdrrUrULddlluRUrrdLdlluluuurrrrD	46.543	18	100	127	292	3504	323	437	525	12	1.10616	1.37077	8.01831	127	0	0	0	0	0.0	0.0	0.0	0	0.0	0.0	0.0	0	0	0	0.0
1 - Laura Wheeler - 387 [likes=5, dislikes=0, completion=0.830188679245283, like_ratio=1.0, like_rate=0.0188679245283019, tedium=5.25]	SOLVED	LuurrdDlldlUrrDurrddlLuuUdrDldRuulllUruRRddddlL	63.9899	13	47	258	278	4448	2056	333	111	16	7.39568	1.54171	13.3574	258	0	0	0	0	0.0	0.0	0.0	0	0.0	0.0	0.0	0	0	0	0.0
4 - Laura Wheeler - 388 [likes=5, dislikes=0, completion=0.767326732673267, like_ratio=1.0, like_rate=0.0247524752475248, tedium=12.5]	SOLVED	ullddddrruRdllluuuurrrrddDllLrrruuulldRulllddDrrrruUllLrrrddlllluU	9.95231	9	66	23	24	384	86	3	25	16	3.58333	1.4235	128	23	0	0	0	0	0.0	0.0	0.0	0	0.0	0.0	0.0	0	0	0	0.0
1 - Shaggath - 389 [likes=6, dislikes=0, completion=0.633064516129032, like_ratio=1.0, like_rate=0.0241935483870968, tedium=44.5]	SOLVED	lluuRRRuurrddrUlullddRluurrdrddlUlluurrurDDulllddrrUruLLLddlllddrrUdlluurRRuurrdddrUUlullLrddRluurrdrddlUlluurrurDlllddlddlUruruurrrDulllddrrUruLLrdddrUluulLddrrrUdlllldlluRRRRluurrdrddlUlluurrurDDulllddrrUruLdddrUluuL	49.1893	41	218	693	1275	20400	1389	1358	1979	16	1.08941	1.19054	15.0221	693	0	0	0	0	0.0	0.0	0.0	0	0.0	0.0	0.0	0	0	0	0.0
7 - Eric F. Tchong - 390 [likes=3, dislikes=0, completion=0.318627450980392, like_ratio=1.0, like_rate=0.0147058823529412, tedium=5.875]	SOLVED	uuuuuLrddddLruulDuruulDrddllllluuuRlddddRuluuRlddrrrrruulDrdLLrrddlUruL	18.0548	13	71	234	317	10144	970	306	356	32	3.05994	1.55736	33.1503	234	0	0	0	0	0.0	0.0	0.0	0	0.0	0.0	0.0	0	0	0	0.0
3 - Aymeric du Peloux - 391 [likes=7, dislikes=0, completion=0.506329113924051, like_ratio=1.0, like_rate=0.029535864978903, tedium=41.0]	SOLVED	lluuurRlldddrrrrruuuululLrrdddrddllllluuurrRllldddrrrrruuuulullDurrdrddlUlLuurrDrddddllllluuuuuRldddddrrrrruuuLdrddllllluuuuurRRurDllddLruulldDDDuuuurrrrDrddlULLLruulldDDuuurrrrDrdLLLLruulldD	18.1563	30	191	150	286	3432	362	352	370	12	1.26573	1.20748	9.75	150	0	0	0	0	0.0	0.0	0.0	0	0.0	0.0	0.0	0	0	0	0.0
4 - Aymeric du Peloux - 392 [likes=5, dislikes=0, completion=0.631578947368421, like_ratio=1.0, like_rate=0.0239234449760766, tedium=26.75]	SOLVED	rrrruulDrdLLLuRdldlluuRRlldlluRRddrruLLrrrrruulDrdLLLuRdrruulDrdLullddlluuRRRRdrUllldRRulllldRRRullllldRRRR	68.9353	33	107	1024	2545	40720	2691	4855	4238	16	1.05737	1.26824	8.38723	1024	0	0	0	0	0.0	0.0	0.0	0	0.0	0.0	0.0	0	0	0	0.0
1 - Aymeric du Peloux - 393 [likes=13, dislikes=0, completion=0.392294220665499, like_ratio=1.0, like_rate=0.0227670753064799, tedium=48.0]	SOLVED	drrrrdrrddllUUruLLLulldRddrRlluuRRRdrrddllUllluurrrurDllllddrrrUdddlUrrruuLuLLLrrDDuullulldRddrRdRUUruulDlLrrDDuullulDrrrddlddrUUUrrddLruuluLddlddrUrruululLrdrrddllUdrruulullLrrrdrddlluUruLL	18.8668	43	190	273	595	7140	668	706	812	12	1.12269	1.16018	10.1133	273	0	0	0	0	0.0	0.0	0.0	0	0.0	0.0	0.0	0	0	0	0.0
3 - Aymeric du Peloux - 394 [likes=5, dislikes=0, completion=0.286764705882353, like_ratio=1.0, like_rate=0.0183823529411765, tedium=45.0]	SOLVED	dllddrrrruuuuuulllllldddRluuurrrrrrddddddlllluurruullDlluuurrrrrrddddddlllldllluurRllddrrrurrrruuuuuulllllldddrDRulluuurrrrrrddddddllllULrddlUUdrrrrruuuuuulllllldddrrDDldRuuuurrddLruulldlDDrUdddllluuRRllddrrruUluuluuurrrrrrddddddllLrrruuuuuulllllldddrddllddrrUdlluurR	40.7479	23	267	397	822	13152	924	1038	1408	16	1.12409	1.33886	12.6705	397	0	0	0	0	0.0	0.0	0.0	0	0.0	0.0	0.0	0	0	0	0.0
2 - Aymeric du Peloux - 395 [likes=11, dislikes=0, completion=0.381987577639752, like_ratio=1.0, like_rate=0.0341614906832298, tedium=73.0]	SOLVED	drdrdrdrrruuuuuullllldDrDrDrDulululldRdRdRdRRllululuurDrDrDululldRdRdRluluuuluurrrrrdddddrddlUUUUUUruLLLLLulDDDrdddrdrRlluluurDululldRdrrrDulldRulluuuurrrrrdddddrddlUUUUUUruLLLLLulDDDrDrdddRRlluurDldRuulululldRdRluurDrDululuurrrrrdddddrddlUUUUUUruLLLLLulDDDrdrdrddRluulululldRdRluuuurrrrrdddddrddlUUUUUUruLLLLLulDD	40.5683	88	314	984	1319	21104	1791	1302	3195	16	1.35785	1.08507	16.2089	984	0	0	0	0	0.0	0.0	0.0	0	0.0	0.0	0.0	0	0	0	0.0
4 - Aymeric du Peloux - 396 [likes=5, dislikes=0, completion=0.427230046948357, like_ratio=1.0, like_rate=0.0234741784037559, tedium=51.5]	SOLVED	rddrddlluluRddrruuululDDlluuuurrDDrdrdLLLrrrddllUluRddrruuululuulldddldRuuuurrddrdrdddlluuRuuluullddddRluuuurrddrdrDDuululuullddddrRRuulDuuullddddrRurrruulLddldlluuuurrDDuullddddrdrdrdrruLuULuuurrddLdlUrruulllullddddrdrdRdrUUUddllululuuuurrdrrrddLdlLLrrruruullldDRdrddlluluRurRlluurDululldddldR	204.314	41	294	1500	5849	93584	6661	14561	11034	16	1.13883	1.23561	6.42703	1500	0	0	0	0	0.0	0.0	0.0	0	0.0	0.0	0.0	0	0	0	0.0
1 - Aymeric du Peloux - 397 [likes=6, dislikes=0, completion=0.421259842519685, like_ratio=1.0, like_rate=0.0236220472440945, tedium=14.0]	SOLVED	ruruulLrrddldlluRURlddrUrUdlluRdllluRdrruuullDDldRdrrurruLdldlluRRlluuurrdDLruulldDrddrUlulldR	31.4425	20	94	434	1010	20200	1237	1771	2892	20	1.22475	1.41324	11.406	434	0	0	0	0	0.0	0.0	0.0	0	0.0	0.0	0.0	0	0	0	0.0
13 - Aymeric du Peloux - 398 [likes=5, dislikes=0, completion=0.712550607287449, like_ratio=1.0, like_rate=0.0202429149797571, tedium=40.0]	SOLVED	rruurrDDDulllluuRRddrrdrdLLLLruuuuRurDllddddldlUrruuuurrDullddddllUdrruuuurrdDDrdLLruuuulllldldRRluurrrrddddlLLrrruuuullllddrRddldlUUdrruulLuurrrrddLL	16.2442	29	150	156	271	2168	393	516	153	8	1.45018	1.2131	4.20155	156	0	0	0	0	0.0	0.0	0.0	0	0.0	0.0	0.0	0	0	0	0.0
7 - Aymeric du Peloux - 399 [likes=6, dislikes=0, completion=0.67719298245614, like_ratio=1.0, like_rate=0.0210526315789474, tedium=30.5]	SOLVED	lulluRRRlluurrDrDLuulldddrdrrUdlluluuurrddLddrruruLLuulldDldRuuurrddLDuruulldDrdLurrrddddlluU	11.176	18	93	47	92	736	143	109	77	8	1.55435	1.28558	6.75229	47	0	0	0	0	0.0	0.0	0.0	0	0.0	0.0	0.0	0	0	0	0.0
6 - Aymeric du Peloux - 400 [likes=8, dislikes=0, completion=0.610344827586207, like_ratio=1.0, like_rate=0.0275862068965517, tedium=33.0]	SOLVED	luRuUruRldlddRRdrruLLLrruuruulDDDuulldlluRRdldDuuurRldlddlddrUUUdrrdrruLLLrruuruulDlllldRdDrrruUddllllddrUUUdrrruuruL	18.8958	30	117	373	518	6216	572	363	434	12	1.10425	1.23162	17.124	373	0	0	0	0	0.0	0.0	0.0	0	0.0	0.0	0.0	0	0	0	0.0
24 - Aymeric du Peloux - 401 [likes=6, dislikes=0, completion=0.595, like_ratio=1.0, like_rate=0.03, tedium=59.0]	SOLVED	uuulldLurrrdddlllUdrrruuulllllddRUluRRRdLurRRRldddlllUUdlluurRdddrrruuururDDDuulldddllluuuRdldlUrurRldllluRddrdrrdrdrruruLddlluullluururRdddddrruuLrddllululluururrRurDDDuulllldlluRdddrrdrdrruruLddllululluuuRRldlddrrdrUllluuurrRRurDlllldlddrrdrdrruuLrddllululluuurrrrrDDDlLddrrUruLuuulldDDDuuuulldlddrRdrUllluuurrrrrdddLLLrU	179.771	53	323	1698	4691	56292	4895	13761	5942	12	1.04349	1.17292	4.09069	1698	0	0	0	0	0.0	0.0	0.0	0	0.0	0.0	0.0	0	0	0	0.0
12 - Aymeric du Peloux - 402 [likes=6, dislikes=0, completion=0.625514403292181, like_ratio=1.0, like_rate=0.0246913580246914, tedium=37.3333333333333]	SOLVED	dLULLLddrrUruLddlluuuurrrDulllddddrruuLrddlluUUdrrdrruLuullulldlddRluururrdrrdddldlluUlluurRRlllddrrUdlluururrdLddddrruruuuLrdddldlluurRdrUU	39.51	23	140	253	445	5340	672	586	518	12	1.51011	1.30361	9.11263	253	0	0	0	0	0.0	0.0	0.0	0	0.0	0.0	0.0	0	0	0	0.0
23 - Aymeric du Peloux - 403 [likes=4, dislikes=0, completion=0.701754385964912, like_ratio=1.0, like_rate=0.0175438596491228, tedium=49.5]	SOLVED	uuulldLullddrUluRdrrurrdddlllUluuRRRRdddllluUluRdddrrruuuRurDDDuulldddllluuuRRRdddddrruruLLrddllululluuurrrRurDDDuulllldlddrrdrdrruruLuuullddDDuuuurrdddLruuulllldlddrrdrUU	31.9467	30	171	96	135	1080	259	223	76	8	1.91852	1.17764	4.84305	96	0	0	0	0	0.0	0.0	0.0	0	0.0	0.0	0.0	0	0	0	0.0
1 - Aymeric du Peloux - 404 [likes=7, dislikes=0, completion=0.634883720930233, like_ratio=1.0, like_rate=0.0162790697674419, tedium=37.0]	SOLVED	uuluuRlddrrurruullDDullddrRlddrruUluR	10.1513	7	37	6	6	24	8	2	2	4	1.33333	1.29171	12	6	0	0	0	0	0.0	0.0	0.0	0	0.0	0.0	0.0	0	0	0	0.0
15 - Aymeric du Peloux - 405 [likes=7, dislikes=0, completion=0.692622950819672, like_ratio=1.0, like_rate=0.0286885245901639, tedium=41.0]	SOLVED	uuluRRRurDlldlddrrurrdLLLdlUUUrurrDulldlddrrrruLuulldlluRRRurDDDrdLLLdlUUdrrruuulllldR	16.4134	25	86	84	91	728	100	75	77	8	1.0989	1.19774	9.70667	84	0	0	0	0	0.0	0.0	0.0	0	0.0	0.0	0.0	0	0	0	0.0
3 - Aymeric du Peloux - 406 [likes=9, dislikes=0, completion=0.569920844327177, like_ratio=1.0, like_rate=0.0237467018469657, tedium=23.0]	SOLVED	rruullluuRlddrrrddllUdrruuuruullDllddRRlddrruUllluurrDullddrddrruuLuuurrddrddLruuluullddR	12.106	11	89	31	35	420	54	26	71	12	1.54286	1.38156	16.1538	31	0	0	0	0	0.0	0.0	0.0	0	0.0	0.0	0.0	0	0	0	0.0
21 - Aymeric du Peloux - 407 [likes=4, dislikes=0, completion=0.623255813953488, like_ratio=1.0, like_rate=0.0186046511627907, tedium=35.5]	SOLVED	rruUUruLdlluurDldRurDDDLdlluRRddrruLUUUruLdlluurDldRurDDDDLdRuullldRurD	24.083	27	71	124	151	1208	167	126	136	8	1.10596	1.20421	9.5873	124	0	0	0	0	0.0	0.0	0.0	0	0.0	0.0	0.0	0	0	0	0.0
17 - Aymeric du Peloux - 408 [likes=6, dislikes=0, completion=0.725738396624473, like_ratio=1.0, like_rate=0.0253164556962025, tedium=32.5]	SOLVED	ldllldlddrUrUdlluRuRlddrUrUdlluRuRRdLulDurururrddLruulldldddLulDurrrU	12.3295	16	69	26	27	216	45	21	63	8	1.66667	1.22874	10.2857	26	0	0	0	0	0.0	0.0	0.0	0	0.0	0.0	0.0	0	0	0	0.0
16 - Aymeric du Peloux - 409 [likes=4, dislikes=0, completion=0.67487684729064, like_ratio=1.0, like_rate=0.0197044334975369, tedium=38.0]	SOLVED	uuruRldlddrrurrdLLLdlluRuurururDDDldLruruulldlluRddDuuuRRldlddrrurrdLLLdLUUUrururDDulldlddrrrruLuulldlluRRRurDDDrdLLLdlUUdrrruuulllldR	25.6535	36	134	259	337	4044	357	266	300	12	1.05935	1.17547	15.203	259	0	0	0	0	0.0	0.0	0.0	0	0.0	0.0	0.0	0	0	0	0.0
2 - Aymeric du Peloux - 410 [likes=6, dislikes=0, completion=0.696703296703297, like_ratio=1.0, like_rate=0.0131868131868132, tedium=30.0]	SOLVED	rruullluuRlddrrrddllUdrruuuruullDllddRRlddrruUllluurrDullddrRuRD	9.82064	11	64	19	23	184	36	15	26	8	1.56522	1.32982	12.2667	19	0	0	0	0	0.0	0.0	0.0	0	0.0	0.0	0.0	0	0	0	0.0
11 - Aymeric du Peloux - 411 [likes=6, dislikes=0, completion=0.714912280701754, like_ratio=1.0, like_rate=0.0263157894736842, tedium=37.0]	SOLVED	dlULddlluuuurrrDulllddddrruuLrddlluUUdlluurRddrrdrruLLddlluuuuRlddddrruuLrddlluUUdlluururrdLddrrruuL	14.6918	16	100	71	97	776	140	153	102	8	1.4433	1.33099	5.0719	71	0	0	0	0	0.0	0.0	0.0	0	0.0	0.0	0.0	0	0	0	0.0
9 - Aymeric du Peloux - 412 [likes=7, dislikes=0, completion=0.684542586750789, like_ratio=1.0, like_rate=0.0220820189274448, tedium=42.5]	SOLVED	rddlluluRuullDurrddddldlluuuRuurrddddrruuLrddllldlluuuruurrdDDurrddlLuuuullddRluurrdDDullldddrrURuulD	10.9466	14	101	30	33	264	57	34	28	8	1.72727	1.28371	7.76471	30	0	0	0	0	0.0	0.0	0.0	0	0.0	0.0	0.0	0	0	0	0.0
5 - Aymeric du Peloux - 413 [likes=6, dislikes=0, completion=0.674267100977199, like_ratio=1.0, like_rate=0.0195439739413681, tedium=52.0]	SOLVED	uuUruRldlddrrruuruulDDDuulldlluRRRldlddrrdrruLLLrruuruulDDDuulldldDlddrUUUdrrdrruLLruuulllldRurrrdddlLrruuulllddDlddrUUU	17.147	27	120	122	148	1184	157	136	101	8	1.06081	1.20332	8.70588	122	0	0	0	0	0.0	0.0	0.0	0	0.0	0.0	0.0	0	0	0	0.0
27 - Aymeric du Peloux - 414 [likes=4, dislikes=0, completion=0.67156862745098, like_ratio=1.0, like_rate=0.0196078431372549, tedium=51.5]	SOLVED	urUUlulldDuurrdrruLLLulDrrdrdddldllluuRlddrrururuuulllDurrdrdddldllluurRdrruuuullldDuurrdrdddlluRdrUdldllluuRlddrrururUddldllluuruuurrrrdLullldddRRdrUUUruLLLulDD	17.4369	27	161	94	175	1400	201	231	163	8	1.14857	1.21081	6.06061	94	0	0	0	0	0.0	0.0	0.0	0	0.0	0.0	0.0	0	0	0	0.0
30 - Aymeric du Peloux - 415 [likes=7, dislikes=0, completion=0.393129770992366, like_ratio=1.0, like_rate=0.0267175572519084, tedium=56.0]	SOLVED	llUUddrruuLuuullddRDrrddllUdrruulUUdlluurRdddrddlluUruuullddlddRluuruurrdddrddllUdrruuluurruLLLulDrrdddrddllulluurRllddrrdrruulUdrddlluUruUruLLulldRRRdddldlluurRdrUUrruulDrdLuLDDuuLulldRRRddllUdrrurruulDrdLullulldRRRRurD	52.5283	46	220	597	1312	15744	1326	2030	1576	12	1.01067	1.16891	7.75567	597	0	0	0	0	0.0	0.0	0.0	0	0.0	0.0	0.0	0	0	0	0.0
4 - Aymeric du Peloux - 416 [likes=7, dislikes=0, completion=0.698245614035088, like_ratio=1.0, like_rate=0.0245614035087719, tedium=71.0]	SOLVED	uuuurRldlddrrruuruulDDDuulldlddrrdrruLLLrruuulldldDlddrUUUdrrruuulllldR	9.00509	13	71	13	13	52	15	10	7	4	1.15385	1.21811	5.2	13	0	0	0	0	0.0	0.0	0.0	0	0.0	0.0	0.0	0	0	0	0.0
8 - Aymeric du Peloux - 417 [likes=7, dislikes=0, completion=0.601694915254237, like_ratio=1.0, like_rate=0.019774011299435, tedium=31.0]	SOLVED	luurrDDllulluRRRlluurrDrDLuulldddrdrrUdlluluuurrddLddrruruLLuulldDldRuuurrddLrrddllddrrUUUruLululldDrDuluurrdrdLLdLUrrrddddlluU	16.1832	27	127	166	267	3204	360	319	391	12	1.34831	1.2299	10.0439	166	0	0	0	0	0.0	0.0	0.0	0	0.0	0.0	0.0	0	0	0	0.0
10 - Aymeric du Peloux - 418 [likes=7, dislikes=0, completion=0.475409836065574, like_ratio=1.0, like_rate=0.0229508196721311, tedium=34.0]	SOLVED	rddLLululldddrrUdlluuurrRuullDurrddddrruuLrddllldlluuuRuurrdDDuuullddRluurrdDllldddrruUddlluuuruurrddrrddlLrruullD	11.2692	15	114	78	111	1332	172	106	171	12	1.54955	1.36885	12.566	78	0	0	0	0	0.0	0.0	0.0	0	0.0	0.0	0.0	0	0	0	0.0
No. 01-01 - Aymeric du Peloux - 419 [likes=10, dislikes=0, completion=0.375, like_ratio=1.0, like_rate=0.0260416666666667, tedium=41.6666666666667]	SOLVED	uurRllddrrUrULdrrdrruuluulllDurrrddrddlluluUluRdddlUddlluuRRUruulDDDllddrrUrULuurDlddrrdrruuluuLrddrddllulluurDlddlluuRRuuurD	11.4286	24	125	103	174	2088	187	189	296	12	1.07471	1.23981	11.0476	103	0	0	0	0	0.0	0.0	0.0	0	0.0	0.0	0.0	0	0	0	0.0
No. 02-01 - Aymeric du Peloux - 420 [likes=8, dislikes=0, completion=0.587443946188341, like_ratio=1.0, like_rate=0.0358744394618834, tedium=33.6666666666667]	SOLVED	rdrdLLLrrdLulLulldRRRRlllddrrUruUdLruruulDrdrdLdlluLulDrrdrruLLrruulDrddlluRdrUUdllLulldRRRdrruuluurDldDldRldllUdrruululldRRR	21.7378	34	125	264	766	9192	827	1092	1288	12	1.07963	1.21571	8.41758	264	0	0	0	0	0.0	0.0	0.0	0	0.0	0.0	0.0	0	0	0	0.0
No. 01-02 - Aymeric du Peloux - 421 [likes=5, dislikes=0, completion=0.23030303030303, like_ratio=1.0, like_rate=0.0151515151515152, tedium=27.0]	SOLVED	urRRuulDrddLruulDrddrruuLrddlluUluurDDrrddlllUUrDullldRRuruulDrdLddRUUrrddLruulldllluRdrrurrddldlUluluR	12.7355	24	103	135	279	3348	305	331	598	12	1.09319	1.26445	10.1148	135	0	0	0	0	0.0	0.0	0.0	0	0.0	0.0	0.0	0	0	0	0.0
No. 01-03 - Aymeric du Peloux - 422 [likes=6, dislikes=0, completion=0.509708737864078, like_ratio=1.0, like_rate=0.029126213592233, tedium=52.6666666666667]	SOLVED	ddllddlluluuurRlldddrdrruurruuuululldDrDLuuurrdrddddlllUdrrruuuulullddrdDldRuuulDrddddlluluuuRRlldddrdrruulUrUddddlluluuurRuuurrdrddddLruuuululldddlldddrdrruU	10.8347	16	158	71	104	1248	120	125	141	12	1.15385	1.33679	9.984	71	0	0	0	0	0.0	0.0	0.0	0	0.0	0.0	0.0	0	0	0	0.0
19 - Buddy Casamis - 423 [likes=3, dislikes=0, completion=0.81057268722467, like_ratio=1.0, like_rate=0.013215859030837, tedium=3.0]	SOLVED	LLruRdRRRlUdlluRRlUdllUdrruLUdLdLdL	11.4444	17	35	118	132	4752	445	59	42	36	3.37121	1.33272	80.5424	118	0	0	0	0	0.0	0.0	0.0	0	0.0	0.0	0.0	0	0	0	0.0
17 - Buddy Casamis - 424 [likes=3, dislikes=0, completion=0.885245901639344, like_ratio=1.0, like_rate=0.0122950819672131, tedium=3.83333333333333]	SOLVED	LrRlluRlUdrRdRlllLrrrrRlUlUdlUddllLururrU	16.0882	14	41	60	68	1632	337	22	26	24	4.95588	1.35174	74.1818	60	0	0	0	0	0.0	0.0	0.0	0	0.0	0.0	0.0	0	0	0	0.0
5 - Buddy Casamis - 425 [likes=2, dislikes=0, completion=0.882539682539683, like_ratio=1.0, like_rate=0.0063492063492063, tedium=7.0]	SOLVED	rrruLdrdLrrUdldllUrurrruLulldLrddlUrrruL	19.0876	9	40	30	38	456	263	51	52	12	6.92105	1.49807	8.94118	30	0	0	0	0	0.0	0.0	0.0	0	0.0	0.0	0.0	0	0	0	0.0
25 - Buddy Casamis - 426 [likes=6, dislikes=0, completion=0.853982300884956, like_ratio=1.0, like_rate=0.0265486725663717, tedium=4.4]	SOLVED	lulUddrrrrUUUdlUdDrdLLLrruuullLrDDDulD	17.4622	15	38	44	50	1000	146	8	19	20	2.92	1.29797	125	44	0	0	0	0	0.0	0.0	0.0	0	0.0	0.0	0.0	0	0	0	0.0
13 - Jacques Duthen - 427 [likes=7, dislikes=0, completion=0.697142857142857, like_ratio=1.0, like_rate=0.04, tedium=12.6666666666667]	SOLVED	rrrDulldRllddrrURdllluuurrrDLddrUdrruL	10.4641	9	38	15	16	192	20	22	51	12	1.25	1.36079	8.72727	15	0	0	0	0	0.0	0.0	0.0	0	0.0	0.0	0.0	0	0	0	0.0
19 - Jacques Duthen - 428 [likes=5, dislikes=0, completion=0.68944099378882, like_ratio=1.0, like_rate=0.031055900621118, tedium=13.6666666666667]	SOLVED	DurrrdddlluUluRRldddrruuLrddlllUdrrruululDDldRuuulD	13.1757	11	51	45	75	900	80	63	142	12	1.06667	1.48068	14.2857	45	0	0	0	0	0.0	0.0	0.0	0	0.0	0.0	0.0	0	0	0	0.0
41 - Jacques Duthen - 429 [likes=5, dislikes=0, completion=0.708860759493671, like_ratio=1.0, like_rate=0.0316455696202532, tedium=15.0]	SOLVED	uulllddrRlddrURlluluurrrdDrDLLruuulllddrRddlUruR	13.547	11	48	63	77	924	116	51	60	12	1.50649	1.48422	18.1176	63	0	0	0	0	0.0	0.0	0.0	0	0.0	0.0	0.0	0	0	0	0.0
32 - Jacques Duthen - 430 [likes=4, dislikes=0, completion=0.755555555555556, like_ratio=1.0, like_rate=0.0296296296296296, tedium=11.0]	SOLVED	uLuuullddlddrRlluurRllddrrUrUdldlluurRdrrdL	9.79592	8	43	17	24	288	37	12	34	12	1.54167	1.48774	24	17	0	0	0	0	0.0	0.0	0.0	0	0.0	0.0	0.0	0	0	0	0.0
17 - Jacques Duthen - 431 [likes=5, dislikes=0, completion=0.863157894736842, like_ratio=1.0, like_rate=0.0263157894736842, tedium=13.6666666666667]	SOLVED	rDurDlDRddrruuuLrdddlluuRlddlluRuuurDldRlddrU	12.4387	11	45	39	48	576	106	31	99	12	2.20833	1.42181	18.5806	39	0	0	0	0	0.0	0.0	0.0	0	0.0	0.0	0.0	0	0	0	0.0
18 - Jacques Duthen - 432 [likes=6, dislikes=0, completion=0.786666666666667, like_ratio=1.0, like_rate=0.04, tedium=10.3333333333333]	SOLVED	LrDulullDRddrRuuLulDrrddlllUdrrruullDldRuuulD	12.6347	12	45	51	72	864	104	47	79	12	1.44444	1.42816	18.383	51	0	0	0	0	0.0	0.0	0.0	0	0.0	0.0	0.0	0	0	0	0.0
37 - Jacques Duthen - 433 [likes=8, dislikes=0, completion=0.813333333333333, like_ratio=1.0, like_rate=0.0533333333333333, tedium=13.6666666666667]	SOLVED	DlddrrruuuLrdddllluurRurDllluRdlddrUluRRluR	9.92611	10	43	25	30	360	40	28	38	12	1.33333	1.40512	12.8571	25	0	0	0	0	0.0	0.0	0.0	0	0.0	0.0	0.0	0	0	0	0.0
14 - Jacques Duthen - 434 [likes=6, dislikes=0, completion=0.912, like_ratio=1.0, like_rate=0.048, tedium=12.3333333333333]	SOLVED	lUruLuulllddddrURlluuurrdrdrddlUlUUddlluRdrUdrruL	11.0087	11	49	26	30	360	84	17	43	12	2.8	1.36233	21.1765	26	0	0	0	0	0.0	0.0	0.0	0	0.0	0.0	0.0	0	0	0	0.0
28 - Aymeric du Peloux - 435 [likes=5, dislikes=0, completion=0.587878787878788, like_ratio=1.0, like_rate=0.0303030303030303, tedium=17.6666666666667]	SOLVED	ldlluRdllluRdrruuRlddlluRdrrUrUruulDlDlDururrdLdLLuRdlLrrrUdllldlluRRRurrdLdLLuRllldR	17.2974	24	85	103	186	2232	191	199	481	12	1.02688	1.24326	11.2161	103	0	0	0	0	0.0	0.0	0.0	0	0.0	0.0	0.0	0	0	0	0.0
38 - Jacques Duthen - 436 [likes=5, dislikes=0, completion=0.6796875, like_ratio=1.0, like_rate=0.0390625, tedium=25.0]	SOLVED	drrruulullDRRRddlllUdrrruullDldRRRurruLLLullDurrdrddlluUluRdddlUUrrrdrrdLLL	17.5926	21	75	147	244	2928	267	319	263	12	1.09426	1.29923	9.17868	147	0	0	0	0	0.0	0.0	0.0	0	0.0	0.0	0.0	0	0	0	0.0
6 - Jacques Duthen - 437 [likes=6, dislikes=0, completion=0.701657458563536, like_ratio=1.0, like_rate=0.0331491712707182, tedium=18.3333333333333]	SOLVED	ddLLdllUdrrurruuLrddlldlluluururrDrrddllLrrruullDuulldldddrruRRldllluRUddrruL	13.0126	13	77	46	84	1008	129	104	105	12	1.53571	1.40612	9.69231	46	0	0	0	0	0.0	0.0	0.0	0	0.0	0.0	0.0	0	0	0	0.0
40 - Jacques Duthen - 438 [likes=5, dislikes=0, completion=0.64, like_ratio=1.0, like_rate=0.0333333333333333, tedium=25.0]	SOLVED	lddrruRldlluuurrrDrrddlULuulldlddrUluurrrddrruLdlLdlluuurrrDullldddrruRldlluRluurDDuurrddLrurrdLL	10.4875	16	97	50	68	816	71	44	122	12	1.04412	1.30176	18.5455	50	0	0	0	0	0.0	0.0	0.0	0	0.0	0.0	0.0	0	0	0	0.0
34 - Jacques Duthen - 439 [likes=4, dislikes=0, completion=0.781954887218045, like_ratio=1.0, like_rate=0.0300751879699248, tedium=22.0]	SOLVED	DRRddlUdrrruuLrddllldlluuRRluurDldlddrrurrruulLDLdRldlluuRlddrrurRlldlluurRluurDrDulldlddrruRuulldRurD	13.2063	21	102	78	119	1428	200	99	165	12	1.68067	1.25555	14.4242	78	0	0	0	0	0.0	0.0	0.0	0	0.0	0.0	0.0	0	0	0	0.0
35 - Jacques Duthen - 440 [likes=6, dislikes=0, completion=0.839285714285714, like_ratio=1.0, like_rate=0.0535714285714286, tedium=17.6666666666667]	SOLVED	dddrrUruuLrdddllluRRdrrruullulDrrrddllULuurDlddlluuuRldddrruL	10.6434	11	61	32	58	696	72	73	124	12	1.24138	1.44648	9.53425	32	0	0	0	0	0.0	0.0	0.0	0	0.0	0.0	0.0	0	0	0	0.0
39 - Jacques Duthen - 441 [likes=5, dislikes=0, completion=0.79646017699115, like_ratio=1.0, like_rate=0.0442477876106195, tedium=20.0]	SOLVED	ulLuLuulllddrRlddrURRllluluurrrdDrdLLruuulllddrRddlUrrrdrruL	9.46266	13	60	35	43	516	66	22	63	12	1.53488	1.33552	23.4545	35	0	0	0	0	0.0	0.0	0.0	0	0.0	0.0	0.0	0	0	0	0.0
46 - Jacques Duthen - 442 [likes=5, dislikes=0, completion=0.741935483870968, like_ratio=1.0, like_rate=0.0403225806451613, tedium=16.0]	SOLVED	rruUddlluuRRluurDldlddrrurruuLDLddlluuRlddrruRldlluuruRDrruL	9.2546	13	60	43	48	576	87	28	76	12	1.8125	1.34687	20.5714	43	0	0	0	0	0.0	0.0	0.0	0	0.0	0.0	0.0	0	0	0	0.0
