board_string,width,height,boxes,is_solvable,dataset_type,shell_hash
"########
#    ###
# #$ ###
# $@   #
## .#$.#
### # ##
##. ####
########",8,8,3,0,"easy_negative",8392656686389512002
"###########
#   . .####
# ##$#$$. #
# ## $$$$@#
#####.# $ #
#  ####. ##
#   . ..###
###########",11,8,8,0,"easy_negative",9159419315207670715
"########
# .    #
####$# #
#  $ $ #
#.##..##
# ##$@##
#     ##
########",8,8,4,0,"easy_negative",16506768162787370618
"########
####   #
##  $$.#
#  . . #
# ######
# ##   #
#..$$  #
## ## ##
#  $.$ #
##@## ##
########",8,11,6,0,"easy_negative",8300508821130942125
"########
#. # ###
# $# ###
#.$# . #
# $$.# #
# #$####
#.$$ # #
#@  ##.#
# #$# .#
#  .   #
########",8,11,8,0,"easy_negative",17795661937822743626
"###########
#..### # .#
#  ##  #$ #
#. ##$$#@ #
##   $$$$.#
###$## ####
##. ##  ..#
###########",11,8,8,0,"easy_negative",10673465887736803559
"########
###.  ##
###$$ ##
#. .$ ##
# . ####
###$$$ #
###.. @#
########",8,8,6,0,"easy_negative",9571142470719720346
"########
#      #
#.##$###
# ##.###
####  ##
## # ###
# $#. ##
#  $  @#
#.$$ #.#
#   ####
########",8,11,5,0,"easy_negative",11108834262262819401
"###########
#    #  ###
#.#$###$###
#  $ #    #
#  $##.#$ #
#.#@#. #  #
#      #. #
###########",11,8,5,0,"easy_negative",12081805252354803735
"########
## # ###
# $$ ###
##$#. .#
#   # ##
# #  $ #
#.  # ##
#  ##$##
#  #   #
#. ## ##
#  ##. #
#@ ##  #
#  ##  #
########",8,14,5,0,"easy_negative",4680442179147378358
"###########
#.   . ####
# ##$#. # #
#.##  $   #
### .## ###
##@$. # ###
# $$      #
#  #$ ##  #
## # #### #
###   ##  #
###########",11,11,6,0,"easy_negative",15302291095008527862
"########
# .    #
#@ $#  #
# $ ## #
##  #  #
##. ## #
## .#  #
#    $ #
# #$#  #
#  .####
########",8,11,4,1,"positive",3190272157800975519
"##############
####  #   ####
#  # .# #  # #
#  $ .#    $ #
#      .  # ##
# ## ## #    #
# ##.##   # ##
## # ##$##   #
#     #$ ### #
## #  #  @## #
##############",14,11,4,0,"easy_negative",13473608781193111733
"########
# .    #
#  $#  #
#@$ ## #
##  #  #
##. ## #
## .#  #
#    $ #
# #$#  #
#  .####
########",8,11,4,1,"positive",3190272157800975519
"########
# .    #
#  $#  #
#@  ## #
##  #  #
##. ## #
## .#  #
#  $ $ #
# #$#  #
#  .####
########",8,11,4,0,"hard_negative",3190272157800975519
"########
##  ####
## .   #
## .$$ #
# ###  #
# .##  #
#   #$ #
##@#.. #
#  $   #
##$# $ #
#   ## #
# #  # #
#.  ## #
########",8,14,6,0,"easy_negative",4614851768036080050
"########
# .    #
#  $#  #
# $ ## #
##  #  #
##. ## #
## .#  #
#    $ #
# #$#  #
#  +####
########",8,11,4,1,"positive",3190272157800975519
"########
# .    #
#  $#  #
#   ## #
## $#  #
##. ## #
## .#  #
#    $ #
# #$#  #
#  +####
########",8,11,4,0,"hard_negative",3190272157800975519
"########
# .    #
#  $#  #
# $ ## #
##  #  #
##+ ## #
## .#  #
#    $ #
# #$#  #
#  .####
########",8,11,4,1,"positive",3190272157800975519
"########
# .    #
#  $# .#
# $ ## #
##  #  #
##@ ## #
## .#  #
#    $ #
# #$#  #
#  .####
########",8,11,4,1,"positive",3190272157800975519
"##############
####   #    ##
#.# $ ###  .##
#    ### $  ##
##$#.  ## #  #
#   #### ##  #
##$#     ##  #
#  @ ## ## $ #
# #  #  ####.#
#   .##$ .## #
#   #   #    #
# ###  ### # #
# ####  #    #
##############",14,14,6,0,"easy_negative",1793311455217373636
"###########
##.#.  ## #
# .$   #  #
## #      #
#. # ###  #
#  #$ ### #
#  # $ # .#
#  # #    #
## #### ###
###  #  ###
## $ $ # ##
## $##. @ #
### ## # ##
###########",11,14,6,0,"easy_negative",6835284066915500457
"##############
### ###    ###
###  # .#  ###
#   $ $$  $  #
#. #.$#      #
# $## # # ####
#  ####.     #
# . #####    #
# ##.  #   ###
#@##       ###
##############",14,11,6,0,"easy_negative",859219594077250426
"########
# . .  #
# $  $ #
#  $####
##$ # ##
##.  .@#
##  # ##
########",8,8,4,1,"positive",6640776946411693530
"########
# .    #
# $. $ #
#  $####
##$ # ##
##.  .@#
##  # ##
########",8,8,4,1,"positive",6640776946411693530
"########
###    #
###$$..#
#@ $####
## $.###
### $ ##
## $##.#
#    # #
#### # #
# .$.# #
# ## $ #
#  # ###
# .#.###
########",8,14,8,0,"easy_negative",1805297232097333900
"########
# .    #
# $. $@#
#  $####
##$ # ##
##.  . #
##  # ##
########",8,8,4,1,"positive",6640776946411693530
"########
# .    #
# $. $@#
#  $####
##$ # ##
##.    #
##. # ##
########",8,8,4,1,"positive",6640776946411693530
"########
#      #
# $..$@#
#  $####
##$ # ##
##.    #
##. # ##
########",8,8,4,1,"positive",6640776946411693530
"########
#      #
# #$.# #
#.$ $  #
# $#$. #
# $#.  #
#.$#####
# @    #
###### #
#   ## #
###   .#
## $.###
#  . ###
########",8,14,8,0,"easy_negative",17423871053832726205
"###########
#### # @###
# #  #  ###
#    # $  #
# #  $ $ .#
######   ##
# # ## ####
#      .  #
##.  $.   #
####   ####
###########",11,11,4,0,"easy_negative",12057534178692756595
"########
#. . .##
#  $ .##
####$$##
#    . #
###$$###
###@ ###
########",8,8,5,0,"easy_negative",15068994625167423587
"###########
#    ##   #
#.#$$ #   #
# $  $ . .#
# ##.@#$###
#  ## # .##
#   #######
###########",11,8,5,0,"easy_negative",909747415668674009
"###########
## ##     #
#   # $## #
## ## @## #
#     $####
# # .#  $ #
#. $$    .#
###.    ###
###  #   ##
#    .    #
###########",11,11,5,1,"positive",8995721452903983674
"###########
## .      #
##.$ ##  .#
##@$$##   #
## #$# ## #
####$# #  #
#.   #    #
# ##  # $##
#  #. #  ##
### . #  ##
#   ## # ##
##  ##    #
###    # ##
###########",11,14,6,0,"easy_negative",10275538571853017832
"###########
## ##     #
#   # $## #
## ## @## #
# .   $####
# # .#  $ #
#. $$     #
###.    ###
###  #   ##
#    .    #
###########",11,11,5,1,"positive",8995721452903983674
"###########
##### #   #
#     $   #
# . # #####
## ## #   #
#    .    #
## ## #   #
# $$ @### #
###.$ ### #
###.  #   #
###########",11,11,4,0,"easy_negative",11302335673317003392
"###########
#.     #  #
##  ## #  #
###.## #  #
##    $  ##
##   ##  ##
##   ##$$##
#######.  #
# . $   # #
#     @   #
###########",11,11,4,1,"positive",14306895443953403388
"###########
#.     #  #
##  ## #  #
### ## #  #
##    $  ##
##   ##  ##
##   ##$$##
#######.  #
# . $   # #
# .   @   #
###########",11,11,4,1,"positive",14306895443953403388
"###########
#      #  #
##  ## #  #
### ## #  #
##    $  ##
##  .##  ##
##   ##$$##
#######.  #
# . $   # #
# .   @   #
###########",11,11,4,1,"positive",14306895443953403388
"###########
#      #  #
##  ## #  #
### ## #  #
##       ##
##  .##  ##
##   ##$$##
#######.  #
# .$$   # #
# .   @   #
###########",11,11,4,0,"hard_negative",14306895443953403388
"###########
#      #  #
##  ## #  #
### ## #  #
##   $$  ##
##  .##  ##
##   ##$$##
#######.  #
# .     # #
# .   @   #
###########",11,11,4,0,"hard_negative",14306895443953403388
"##############
##########  .#
##  #  # # # #
### ## #   $ #
# $    $ # $ #
# #$#### # # #
#      ###$  #
###..   ##   #
### ###  #   #
#      #######
#  @ ##.  #.##
#### ## #    #
# .       # ##
##############",14,14,6,0,"easy_negative",7971748227931785290
"###########
#      #  #
##  ## #  #
### ##$#  #
##    $  ##
##  .##  ##
##   ##$ ##
#######.  #
# . $   # #
# .   @   #
###########",11,11,4,1,"positive",14306895443953403388
"##############
###### ##    #
# # ## ##$ .##
#.    $    ###
###### ###   #
## ### # ##  #
#  #   #$ ## #
# $$    $ ## #
# .    # .## #
# . #####@  .#
##############",14,11,6,0,"easy_negative",7907559228139605051
"###########
#      #  #
##  ## #  #
###.##$#  #
##    $  ##
##  .##  ##
##   ##$ ##
#######.  #
# . $   # #
#     @   #
###########",11,11,4,1,"positive",14306895443953403388
"##############
# #    .     #
# #     #  # #
# #@###  $$  #
# ## ##    ###
#  #. #### ###
#     $.   $ #
#  # #     $.#
#  # #  ###  #
#. # #  #### #
##############",14,11,5,0,"easy_negative",14099166204058868308
"###########
#####  .  #
# # #@ ####
# $ # . ..#
##. $$$# ##
## #    . #
####   # ##
# ## ######
# # $##  ##
# ## $  . #
#  $$#### #
#   .#### #
####      #
###########",11,14,8,0,"easy_negative",7743500956633787733
"########
#   ## #
### ## #
### $..#
#  .#$ #
# ###@ #
# #### #
#      #
###$$ ##
###.####
########",8,11,4,0,"easy_negative",7178642953889573948
"###########
## ##     #
#   # $## #
## ## @## #
# .   $####
# # .#  $ #
#.  $     #
###.    ###
###$ #   ##
#    .    #
###########",11,11,5,1,"positive",8995721452903983674
"########
### ####
###$ # #
# $$   #
###$  ##
###  ###
#  .@ ##
#.  .$ #
#.#    #
#   ####
## #   #
#  . # #
## #   #
########",8,14,5,0,"easy_negative",18400221499574204741
"###########
## ## @   #
#   # $## #
## ##  ## #
# .   $####
# # .#  $ #
#.  $     #
###.    ###
###$ #   ##
#    .    #
###########",11,11,5,1,"positive",8995721452903983674
"##############
#  .   ##  ###
###$.###  $ ##
###. ## @   .#
###     ### ##
#  #### ######
# ##  $ $ $  #
#        #  ##
# ## #   #$ ##
# ##    ##.###
### # #  # ###
### ###  # ###
#  .     #   #
##############",14,14,6,0,"easy_negative",1720277573996885683
"###########
## ## @   #
#   # $## #
## ##  ## #
#     $####
# # .#  $ #
#.  $     #
###.    ###
###$.#   ##
#    .    #
###########",11,11,5,1,"positive",8995721452903983674
"###########
#.. .     #
#######   #
#  $. $   #
## ###### #
# . #   #.#
## #  $## #
#   .  # ##
# ## # $@ #
# ##   # ##
#  # $ $  #
## # # $###
####    ###
###########",11,14,7,0,"easy_negative",14080748815156691492
"###########
#   #######
# # #  # ##
#   $  #  #
### .     #
##   # ####
## $      #
### # #   #
### #######
#  $      #
# @. $ # ##
#  #..    #
# ###### ##
###########",11,14,4,1,"positive",1523700607004293592
"##############
# .   # ######
#### $#  # # #
# $  $#@     #
# # . $ $$ # #
####  #### # #
# #  ##   .# #
#      #     #
# ##  ## . #.#
# ## #### ####
# ##     .####
#.####$ #    #
#   ##       #
##############",14,14,7,0,"easy_negative",3775772268501705239
"###########
#   #######
# # #  # ##
#   $  #  #
### .     #
##   # ####
## $      #
### # #   #
### #######
#  $@     #
#  . $ # ##
#  #..    #
# ###### ##
###########",11,14,4,1,"positive",1523700607004293592
"###########
#   #######
# # #  # ##
#   $  #  #
### .     #
##   # ####
##        #
### # #   #
### #######
#  $@     #
#  . $ #$##
#  #..    #
# ###### ##
###########",11,14,4,0,"hard_negative",1523700607004293592
"###########
#   #######
# # #  # ##
#@  $  #  #
### .     #
##   # ####
## $      #
### # #   #
### #######
#  $      #
#  . $ # ##
#  #..    #
# ###### ##
###########",11,14,4,1,"positive",1523700607004293592
"###########
##  ##    #
##  #.    #
###.$  ####
#.##  $####
# ####    #
#   ##  $ #
# #  ## ###
# #   #$###
#.#.##.   #
# # ###$$ #
# #  #  # #
# #    @  #
###########",11,14,6,0,"easy_negative",8189796541388742333
"###########
#   #######
# # #  # ##
#@  $  #  #
### .     #
## . # ####
## $      #
### # #   #
### #######
#  $      #
#    $ # ##
#  #..    #
# ###### ##
###########",11,14,4,1,"positive",1523700607004293592
"###########
#   #######
# # #  # ##
#@  $  #  #
### .$    #
## . # ####
##        #
### # #   #
### #######
#  $      #
#    $ # ##
#  #..    #
# ###### ##
###########",11,14,4,1,"positive",1523700607004293592
"########
######.#
##  ##@#
#. $ $ #
### $$ #
##.$.#.#
####   #
########",8,8,5,0,"easy_negative",1920901862237034843
"##############
# ###   . ####
#  ## @#     #
#  ##  ##    #
#.    .    # #
#.  #  ##  # #
###### ##  #.#
# ## $    $  #
# ## #$$   $ #
#      ###   #
##############",14,11,5,0,"easy_negative",17910983170760558039
"##############
####    ##   #
# #   # #  ###
#    ## ## ###
# # #   ##  ##
##### #  #  ##
# #  ##$$  ###
#    ##  #  ##
###  .# .# $##
### $ #@ #.$##
#  .#  $.## ##
###.#   ##   #
### #    ## ##
##############",14,14,6,0,"easy_negative",4972245992095225619
"###########
##@    #. #
###$$#$#  #
##     #  #
#.. $$  .##
#    #.$.##
####     ##
###########",11,8,6,1,"positive",2984334425353426428
"###########
##     #. #
###$$#$#  #
##     # @#
#.. $$  .##
#    #.$.##
####     ##
###########",11,8,6,0,"hard_negative",2984334425353426428
"###########
##     #. #
###$$#$#  #
##   @ #  #
#.. $$  .##
#    #.$.##
####     ##
###########",11,8,6,0,"hard_negative",2984334425353426428
"###########
##.## # ###
#.  .  $###
## ##$#$  #
##  #$ .###
## ## $$.##
##### . @ #
###########",11,8,6,0,"easy_negative",11434463618174639842
"###########
##@    #. #
###$$#$#  #
##  $  #  #
#..  $  .##
#    #.$.##
####     ##
###########",11,8,6,1,"positive",2984334425353426428
"##############
####      #.##
#  @ #  #    #
#   ### $ #.##
##$## ### $  #
#    $$ #    #
##.##$### ####
#  # $.###   #
#  # . $ #. .#
#  #      .  #
##############",14,11,8,0,"easy_negative",3694525487307138283
"###########
##@    #. #
###$$# #  #
##  $  #  #
#..  $$ .##
#    #.$.##
####     ##
###########",11,8,6,1,"positive",2984334425353426428
"###########
##@    #. #
###$ # #  #
##  $ $#  #
#..  $$ .##
#    #.$.##
####     ##
###########",11,8,6,0,"hard_negative",2984334425353426428
"##############
#            #
#  $ #  #    #
####    $ ####
#   # ##.$   #
#      #$ ## #
##### ##  ## #
#   @  ##  . #
#.#  # #  ####
# .       # ##
####         #
# #  ## #   ##
#    #########
##############",14,14,4,0,"easy_negative",10759632169259593512
"###########
##@    #. #
###$$# #  #
##  $  #  #
#.. $ $ .##
#    #.$.##
####     ##
###########",11,8,6,1,"positive",2984334425353426428
"###########
##@    #. #
###$$# #  #
##  $  #  #
#.. $ $ .##
#    # $.##
####.    ##
###########",11,8,6,1,"positive",2984334425353426428
"##############
#    ### ## ##
##    #     .#
###  . #.## ##
#. $#  ##    #
# #.#$$ #  ###
# $$#  ##  ###
#  $## ### $ #
## .## #   #@#
###    .     #
##############",14,11,7,0,"easy_negative",7942738676324638125
"########
###### #
#  @ # #
# . ## #
#.# $$ #
####$#.#
#.# $$.#
# $.#$.#
#  .#$ #
#####  #
########",8,11,8,0,"easy_negative",1065842282957263937
"###########
#   # # . #
# #   $   #
# @.#$#   #
#       # #
##   #  # #
###    $# #
###. $.$  #
### .#### #
#    #### #
###########",11,11,5,1,"positive",12361189184808510041
"##############
# ##  .# ##  #
#  # #@$$ #$ #
#  #  .#.##$ #
##  #$#.## $ #
### .$$ ## # #
## .#.#   .  #
##############",14,8,8,0,"easy_negative",11120839975196730616
"###########
#   # # . #
# #   $   #
# @.#$#   #
#       # #
##   #  # #
###   $$# #
###.  .$  #
### .#### #
#    #### #
###########",11,11,5,1,"positive",12361189184808510041
"##############
#     #   ## #
#     #  .## #
####  #    . #
#@   # $ # ###
###  #  ##  ##
### .#.$ #####
#    #       #
#.# ######   #
#    #    $  #
# ##      #$##
# ## # ##  $ #
#      ## # ##
##############",14,14,5,0,"easy_negative",7889752629551316529
"###########
#   # # . #
# #   $   #
# @.#$#   #
#  .    # #
##   #  # #
###   $$# #
###   .$  #
### .#### #
#    #### #
###########",11,11,5,1,"positive",12361189184808510041
"##############
#    # .    .#
##  $# $##   #
#### #  ##   #
###.   $  # ##
## @  # .#   #
##   ## ### ##
## ###   .####
# $ # $#### ##
## #      #  #
#   ## ## ## #
# # #  ## #  #
#            #
##############",14,14,5,0,"easy_negative",6855436442463924702
"###########
#   # # . #
# #   $   #
#  .#$# @ #
#  .    # #
##   #  # #
###   $$# #
###   .$  #
### .#### #
#    #### #
###########",11,11,5,1,"positive",12361189184808510041
"###########
#   # # . #
# #   $   #
#  .#$# @ #
#  .    # #
## $ #  # #
###   $$# #
###   .   #
### .#### #
#    #### #
###########",11,11,5,1,"positive",12361189184808510041
"########
#   @  #
## ..# #
### .$ #
#### ###
##.$$ ##
### .$ #
#. $# ##
# $ $$ #
#. .# ##
########",8,11,8,0,"easy_negative",15692113274090780935
"########
#####.##
#  # $.#
# $ # ##
#  .   #
# ##$ ##
# ##$###
#  #   #
#.$## .#
# $#####
#   ##@#
#.$ ## #
#   .  #
########",8,14,7,0,"easy_negative",13051055847013465138
"########
##     #
##$@ # #
##.$####
#    .##
#  $  ##
#### .##
########",8,8,3,1,"positive",7174954752462976168
"########
##   @ #
##$  # #
##.$####
#    .##
#  $  ##
#### .##
########",8,8,3,1,"positive",7174954752462976168
"########
##    @#
##$  # #
##.$####
#    .##
#  $  ##
#### .##
########",8,8,3,1,"positive",7174954752462976168
"########
##    @#
##$  # #
##. ####
#   $.##
#  $  ##
#### .##
########",8,8,3,0,"hard_negative",7174954752462976168
"########
##    @#
##$  # #
##. ####
#   $.##
#  $  ##
#### .##
########",8,8,3,0,"hard_negative",7174954752462976168
"########
##     #
##$  # #
##.$####
#    .##
#  $  ##
#### +##
########",8,8,3,0,"hard_negative",7174954752462976168
"########
##    @#
##$  # #
##.$####
#     ##
#  *  ##
#### .##
########",8,8,3,1,"positive",7174954752462976168
"########
##     #
##$  #@#
##.$####
#     ##
#  *  ##
#### .##
########",8,8,3,1,"positive",7174954752462976168
"########
####.. #
# $$$$ #
# $ $$.#
# $@##.#
#..###.#
#.##   #
########",8,8,8,0,"easy_negative",16795524620693468397
"##############
## ##  #  ####
#.@ #  #   # #
## ##  ##  $.#
#   .  ###   #
### .#$   $# #
### $$$  $.  #
###  #### .$ #
##  .###  ####
####   #.    #
##############",14,11,8,0,"easy_negative",5619751691584139709
"########
# ##   #
# ## ###
#   $###
# #  $.#
####$. #
# # .  #
#.$ ####
# #  # #
####@  #
########",8,11,4,0,"easy_negative",11946446916317674046
"##############
# ########   #
# ##  #  # ###
#.  .##.   ###
## #$## ######
#### ##$##   #
#         $  #
###$#######  #
##    ## ##  #
##@ .    ##  #
##############",14,11,4,0,"easy_negative",1494027702346749639
"###########
#  .  @####
#####.   ##
#   ###$  #
#   .$  ###
### # $$ ##
###.## .$##
####  $$..#
# #  # ####
#         #
###########",11,11,7,0,"easy_negative",18089954687832710204
"###########
#    . #  #
### .###  #
### $#### #
#.$       #
# #  @$$  #
#### . ####
###########",11,8,4,1,"positive",2853485731722740781
"###########
#    . #  #
###  ###  #
### $#### #
#.$  .    #
# #  @$$  #
#### . ####
###########",11,8,4,1,"positive",2853485731722740781
"###########
#   .. #  #
###  ###  #
### $#### #
#.$       #
# #  @$$  #
#### . ####
###########",11,8,4,1,"positive",2853485731722740781
"###########
#   .. #  #
###  ###  #
### $#### #
#.$ @     #
# #   $$  #
#### . ####
###########",11,8,4,1,"positive",2853485731722740781
"###########
# @ .. #  #
###  ###  #
### $#### #
#.$       #
# #   $$  #
#### . ####
###########",11,8,4,1,"positive",2853485731722740781
"########
# .    #
#.#$  @#
# ..####
#.$$   #
###$ #.#
###  $ #
## $## #
## $# .#
##  ####
########",8,11,7,0,"easy_negative",15964825559522014822
"########
# #  . #
# #@####
# #$#.##
# $ $$ #
# #  # #
# $..$ #
#.#.##.#
# #$#  #
# # ####
########",8,11,7,0,"easy_negative",16363122581903154247
"##############
###.# #   .  #
## $$$$ # #  #
#@  # # ..## #
# ########   #
#  #   #.$$ ##
#  #     . ###
##############",14,8,6,0,"easy_negative",8284226085888723395
"###########
#  .      #
####. # # #
#   ### $.#
# ##    $ #
# #### #  #
# $ ## ## #
#   ###   #
# ###@ ## #
# ##.  ## #
#   # #   #
###  $. $ #
### # #   #
###########",11,14,5,0,"easy_negative",5342299025149130246
"###########
#     .####
#### #$#.##
#. $ . $$##
# @   # $.#
# # $##$  #
#     #.. #
###########",11,8,7,0,"easy_negative",77553529620260200
"##############
#### #########
#     #  # # #
#    $$   $ .#
## ##    ## ##
#   # $# #   #
##@##  #### ##
###.  . ##  ##
##  #   .#  ##
###### ### ###
##############",14,11,4,1,"positive",7950216918887043039
"##############
#### #########
#     #  # # #
#    $    $ .#
## ##    ## ##
#   # $# #   #
##@##  #### ##
###.  . ##  ##
##  #  $.#  ##
###### ### ###
##############",14,11,4,1,"positive",7950216918887043039
"##############
#### #########
#     #  # # #
#    $    $ .#
## ##    ## ##
#   #  # #   #
##@##  ####$##
###.  . ##  ##
##  #  $.#  ##
###### ### ###
##############",14,11,4,0,"hard_negative",7950216918887043039
"##############
#### #########
#     #  # # #
#    $      .#
## ##    ## ##
#   # $# # $ #
##@##  #### ##
###.  . ##  ##
##  #  $.#  ##
###### ### ###
##############",14,11,4,0,"hard_negative",7950216918887043039
"##############
#### #########
#     #  # # #
#    $    $ .#
## ##    ##@##
#   # $# #   #
## ##  #### ##
###.  . ##  ##
##  #  $.#  ##
###### ### ###
##############",14,11,4,1,"positive",7950216918887043039
"##############
#### #########
#     #  # # #
#   @$    $ .#
## ##    ## ##
#   # $# #   #
## ##  #### ##
###.  . ##  ##
##  #  $.#  ##
###### ### ###
##############",14,11,4,1,"positive",7950216918887043039
"##############
#  .# ## #####
#  #    $ # ##
# ### ## #@ ##
#   ..####$. #
# #.# # $$ ###
#   ##     ###
# $     ## ###
###  ## ## ###
###  ##      #
##############",14,11,5,0,"easy_negative",1064697725035562959
"##############
#### #########
#     #  # # #
#   @$    $ .#
## ##    ## ##
#   #$$# #   #
## ##  #### ##
###.  . ##  ##
##  #   .#  ##
###### ### ###
##############",14,11,4,1,"positive",7950216918887043039
"##############
# #  #  ###  #
#.# ###  ##@ #
# #  #    #  #
#       ###  #
#.  #  # ##  #
#  $####  #$ #
###    ##$$ .#
##   # ##  ###
####.      ###
##############",14,11,4,0,"easy_negative",1362221011591713049
"###########
##### #   #
# # $ $   #
#  $#.#.  #
##   #  # #
###@ # $# #
##  .#. # #
###########",11,8,4,0,"easy_negative",8738655289398299766
"##############
## .###  #  .#
##  #  .## # #
##   $$  #   #
#         @$.#
#    # ##$ # #
######### ####
##############",14,8,4,0,"easy_negative",6891638688780806034
"##############
###### # ###.#
##. # $ $ ## #
#   $@$#.# $.#
##$###$### # #
# . ##. #  # #
## #.      # #
##############",14,8,7,0,"easy_negative",14425385530896073622
"###########
##        #
## . ## @ #
##  .##   #
##  ##  # #
##  #  $# #
### #   # #
#.   .$$  #
# $  #    #
#   ###   #
###########",11,11,4,1,"positive",17196862053739769369
"########
#  #   #
#  #$###
# ## ###
#  $$@ #
#  #$#.#
####.  #
#.  ##.#
#.#### #
# ##   #
# $$   #
###   ##
###. ###
########",8,14,6,0,"easy_negative",14540262890084762314
"###########
##        #
## . ##   #
##  .##   #
##  ##  #@#
##  #  $# #
### #   # #
#.   .$$  #
# $  #    #
#   ###   #
###########",11,11,4,1,"positive",17196862053739769369
"##############
#       . .  #
# $  # ### ###
#   ###    ###
# ##  ## #$###
#. #  #### ###
# $$  #.  .  #
###$ #   @   #
###$###  ### #
#  . #  #### #
##############",14,11,6,0,"easy_negative",6186397792905416752
"###########
##        #
## . ##$  #
##  .##   #
##  ##  #@#
##  #  $# #
### #   # #
#.   .$   #
# $  #    #
#   ###   #
###########",11,11,4,1,"positive",17196862053739769369
"###########
#.#  ### ##
# # $ # $ #
# #. @ # ##
#  $###  ##
## $$ # .##
### $$   ##
####  # .##
#     # ###
# . ..#  ##
###########",11,11,7,0,"easy_negative",8764113180467306521
"###########
##        #
## . ##$  #
##  .##   #
##  ##  #@#
##  #  $# #
### #$  # #
#.   .    #
# $  #    #
#   ###   #
###########",11,11,4,1,"positive",17196862053739769369
"##############
# .  @ # #  .#
# ## $.$$. # #
# ##   # #   #
### # #  #####
##  $   $#   #
##  # #$ #   #
## ###  .  # #
#.  # $ #  # #
## #    .  # #
##############",14,11,7,0,"easy_negative",16267367995445061581
"###########
##        #
## . ##$  #
##  .##   #
##  ##  # #
##  #  $# #
### #$  # #
#.   .    #
# $  #    #
#@  ###   #
###########",11,11,4,1,"positive",17196862053739769369
"########
#  # ###
#.##. ##
#. #$  #
# $$.###
# # $###
####   #
## $.###
## # ###
#### $ #
#.   $ #
#@ # # #
####.  #
########",8,14,7,0,"easy_negative",16720490927467193582
"##############
###          #
## .$#.  # # #
#       ##  .#
#@  ##    $ ##
# ####   $ $##
# ##   ###$.##
#  #  . #   ##
#  # # ###  ##
# ##    #   ##
##############",14,11,5,1,"positive",1131595969239476310
"##############
##  ###      #
###       ####
## $      .  #
# ## #  ## # #
#  #### ## # #
#  # # @   # #
#     # #.. ##
# #  ## # $###
#  $  # #.  ##
##$ #    $.  #
##$$# #   ## #
##  .##.  ## #
##############",14,14,7,0,"easy_negative",4118056341207836291
"##############
###          #
## .$#.  # # #
#       ##  .#
#   ##    $ ##
# ####   $ $##
# ##   ###$.##
#  #  + #   ##
#  # # ###  ##
# ##    #   ##
##############",14,11,5,1,"positive",1131595969239476310
"########
#    ###
# #$ ###
# .$   #
# $ #$##
# # .  #
# @ # ##
#    ###
#### ###
#.    .#
########",8,11,4,0,"easy_negative",5025475014509530202
"##############
###          #
## .$#.  # # #
#       ##  .#
#   ##    $ ##
# ####   $ $##
# ## @ ###$.##
#  #  . #   ##
#  # # ###  ##
# ##    #   ##
##############",14,11,5,1,"positive",1131595969239476310
"##############
## #     .####
#   ### ## # #
## #.   ##   #
##.#  #    $ #
#  .$ #$  ## #
## # ##   ## #
##  #  ### # #
### #     $# #
## .#  $$  # #
#   ## # #   #
# @.# #      #
#     ## #   #
##############",14,14,6,0,"easy_negative",6089866498393353812
"##############
###          #
## .$#.  # # #
#       ##  .#
#   ##    $ ##
# ####   $ $##
# ##   ###$.##
#  #  . #   ##
#  # # ###  ##
# ##  @ #   ##
##############",14,11,5,1,"positive",1131595969239476310
"##############
#.       #####
# $ #    #   #
#   ##   # $@#
## $##  # $  #
##  #. $#  ###
##   ## #  ###
## # .    # ##
#    #  #  . #
## #   .  # ##
##############",14,11,5,0,"easy_negative",14778263297221707518
"##############
###          #
## .$#.  # # #
#       ##  .#
#   ##   $$ ##
# ####     $##
# ##   ###$.##
#  #  . #   ##
#  # # ###  ##
# ##  @ #   ##
##############",14,11,5,1,"positive",1131595969239476310
"##############
###### # #. ##
##  ##   $..##
### $  #.# $##
# .  $ $ # @ #
# ##$#$ ##   #
# ##..   #   #
##############",14,8,7,0,"easy_negative",17008217338366517139
"###########
### ##.  .#
## .##. # #
#    $$$  #
# .   $ . #
# #$$# ####
#    @    #
###########",11,8,6,1,"positive",498705609566559173
"###########
### ##.   #
## .##. # #
#    $$$  #
# .   $.. #
# #$$# ####
#    @    #
###########",11,8,6,1,"positive",498705609566559173
"###########
### ##.   #
## .##. # #
#    $$   #
# .  $$.. #
# #$$# ####
#    @    #
###########",11,8,6,0,"hard_negative",498705609566559173
"###########
### ##.   #
## .##  # #
#    $$$  #
#..   $.. #
# #$$# ####
#    @    #
###########",11,8,6,1,"positive",498705609566559173
"##############
#  # ##.##  ##
#  #  # ##  ##
#  #$ # $$  ##
##      ###  #
## .##   ## .#
### ##   ##  #
####    ######
#  $$@   #  ##
#  .### .    #
##############",14,11,5,0,"easy_negative",12630328217860737504
"###########
### ##.   #
## .##  # #
#    $$$  #
#..   $.  #
# #$$# ####
#  . @    #
###########",11,8,6,1,"positive",498705609566559173
"##############
#   #   #  . #
#   #   #  ###
#   ##$$#  ###
### #     $# #
##  # # #  # #
#.  ###### # #
#  #        @#
#  #### # ##.#
#  # $   .## #
#   ##      ##
#   #  ##  ###
#      ##   ##
##############",14,14,4,0,"easy_negative",13835604907590206718
"###########
### ##.   #
## .##  # #
#    $$$  #
#..@  $.  #
# #$$# ####
#  .      #
###########",11,8,6,1,"positive",498705609566559173
"##############
###.  . ######
### .# . #  ##
#@    $ $# ###
#####$#   $. #
# $.   $  $  #
# . # ########
##############",14,8,7,0,"easy_negative",15734226303773159629
"##############
#     ## # ###
####  #    ###
#.    ## # . #
###  #    #$##
###. #$##    #
# @ $#.## #$##
#. $ $$  ##.##
#  ####. #   #
# ##     ## ##
##############",14,11,7,0,"easy_negative",13383651584167229488
"########
## .   #
## #$# #
# ## $ #
# $    #
# # $# #
# .$   #
#   ## #
## @#. #
#### ..#
########",8,11,5,0,"easy_negative",727995933652480436
"########
#.  #  #
# $ #$ #
# $.#. #
# ##   #
# .#.#.#
# $$$$ #
# $. . #
# #  # #
#     @#
########",8,11,8,1,"positive",17227918925718970536
"##############
#       . ## #
#  #  ##. ## #
# #######.   #
####  $   ## #
# #.   $  #  #
# $.  .####  #
###$## ## ## #
### #  ##$## #
#   @        #
#  # #$### $ #
#. # #   #   #
# ## #  ######
##############",14,14,7,0,"easy_negative",12215234764623438333
"########
#.  #  #
# $ #$ #
# $.#  #
# ##   #
# .#.#.#
# $$$$ #
# $. . #
# #. # #
#     @#
########",8,11,8,1,"positive",17227918925718970536
"##############
# ## # ##  ###
#.# $# ##. ###
# ## #   .   #
#    $ #  # ##
## $#  # #   #
### ##  ###@##
#    ## $ $ ##
#.#  ## . $ ##
#   .  ###  ##
##############",14,11,6,0,"easy_negative",8294156887159240210
"########
#.  #  #
# $ #$ #
# $.#  #
# ##   #
# .#.#.#
# $$$$ #
# $. + #
# #. # #
#      #
########",8,11,8,1,"positive",17227918925718970536
"##############
# ##### @ # ##
#  #     $   #
#   .    .# ##
#   #####$  .#
# ###   # ## #
# ##   ## ## #
# ## $ ###  ##
#  # #    $ ##
#   .       ##
##############",14,11,4,0,"easy_negative",15708138179951955862
"########
#.  #  #
# $ #$ #
# $.# @#
# ##   #
# .#.#.#
# $$$$ #
# $. . #
# #. # #
#      #
########",8,11,8,1,"positive",17227918925718970536
"##############
#   # # ## . #
#  #    #  $ #
#.### # ##$  #
#     $.@#  ##
### ###.##  ##
###    $ # ###
### ##       #
##   # #   # #
###### ## ####
##############",14,11,4,0,"easy_negative",5895996061038738261
"########
#.  #  #
# $ #$ #
# $.# @#
# ##   #
# .#.#.#
# $$$$ #
#  * . #
# #. # #
#      #
########",8,11,8,1,"positive",17227918925718970536
"##############
# ###### #  @#
# ##  #      #
#.  $ .# #####
# ## ## . ## #
#  ## ## $ # #
#   #  ##.## #
## ##  $ $ $ #
# $ #  .#    #
## ##. #######
#   #$#    ###
# # $.  ##  ##
#  .# # ##  ##
##############",14,14,8,0,"easy_negative",3139381397628063295
"###########
##  #     #
##  #   ###
##  #   ###
##    $# ##
##  $. .. #
##  #### ##
##$ #     #
## $#  ## #
##. #  ## #
##@### # ##
#   #     #
## ##### ##
###########",11,14,4,1,"positive",16301048840147615456
"###########
##  #     #
##  #   ###
##  #   ###
##    $# ##
##  $.  ..#
##  #### ##
##$ #     #
## $#  ## #
##. #  ## #
##@### # ##
#   #     #
## ##### ##
###########",11,14,4,1,"positive",16301048840147615456
"###########
#  #      #
#  ### #. #
#  ### ## #
##$### ## #
# $  # #. #
## ###  $.#
## # ## $.#
# $  ## # #
## #    @ #
#   # #  ##
#  $ #.  ##
#  .### ###
###########",11,14,6,0,"easy_negative",14820935693649422789
"########
#     .#
## $####
###  . #
##.#@  #
#  $ $ #
## #####
########",8,8,3,0,"easy_negative",7640624871776073399
"###########
##  #     #
##  #   ###
##  #   ###
##    $# ##
##  $   ..#
##  #### ##
##$ #     #
## $#  ##.#
##. #  ## #
##@### # ##
#   #     #
## ##### ##
###########",11,14,4,0,"hard_negative",16301048840147615456
"###########
##  # @   #
##  #   ###
##  #   ###
##    $# ##
##  $.  ..#
##  #### ##
##$ #     #
## $#  ## #
##. #  ## #
## ### # ##
#   #     #
## ##### ##
###########",11,14,4,0,"hard_negative",16301048840147615456
"###########
##  #     #
##  #   ###
##. #   ###
##    $# ##
##  $.  . #
##  #### ##
##$ #     #
## $#  ## #
##. #  ## #
##@### # ##
#   #     #
## ##### ##
###########",11,14,4,1,"positive",16301048840147615456
"###########
##     #  #
## $ # #  #
## $.  #  #
##$#.#    #
#    # ####
##$# #  @ #
#   # #  ##
# #      ##
#   # #  ##
#  .# ##  #
# #.   #  #
#   # ##  #
###########",11,14,4,0,"easy_negative",7069053743146119864
"###########
##  #     #
##  #   ###
##  #   ###
##    $# ##
##  $.  . #
##  #### ##
##$ #     #
## $#  ## #
##. #  ## #
##@### # ##
#   #    .#
## ##### ##
###########",11,14,4,0,"hard_negative",16301048840147615456
"###########
##  #     #
##  #   ###
##. #   ###
##    $# ##
##  $. @. #
##  #### ##
##$ #     #
## $#  ## #
##. #  ## #
## ### # ##
#   #     #
## ##### ##
###########",11,14,4,0,"hard_negative",16301048840147615456
"###########
##  #     #
##  #   ###
##. #   ###
##    $# ##
##   .  . #
##  ####$##
##$ #     #
## $#  ## #
##. #  ## #
##@### # ##
#   #     #
## ##### ##
###########",11,14,4,0,"hard_negative",16301048840147615456
"###########
##  #     #
##  #   ###
##. #   ###
## .  $# ##
##  $   . #
##  #### ##
##$ #     #
## $#  ## #
##. #  ## #
##@### # ##
#   #     #
## ##### ##
###########",11,14,4,1,"positive",16301048840147615456
"##############
##  ### #    #
##  #  .#   ##
##  ##  # $###
# $ $   # . ##
# # # .### ###
#   ## @#   ##
# ##     $   #
#. # #  # ####
###  $       #
####     ## ##
##. ### ##   #
#        ## ##
##############",14,14,5,0,"easy_negative",3348414282384528074
"###########
##  #     #
##  #   ###
##. #   ###
## .  $# ##
##      . #
##  #### ##
##$ #     #
## $# $## #
##. #  ## #
##@### # ##
#   #     #
## ##### ##
###########",11,14,4,0,"hard_negative",16301048840147615456
"###########
##  #     #
##  #   ###
##. #   ###
## .  $# ##
##  $   . #
##  #### ##
##$ #     #
## $#  ## #
##. #  ## #
## ### # ##
#   #   @ #
## ##### ##
###########",11,14,4,0,"hard_negative",16301048840147615456
"###########
##  #     #
##  #   ###
##. #   ###
##    $# ##
##  $   . #
##  #### ##
##$.#     #
## $#  ## #
##. #  ## #
##@### # ##
#   #     #
## ##### ##
###########",11,14,4,1,"positive",16301048840147615456
"###########
# # #######
# #$.  # ##
# # $ $  ##
#  $ # #$ #
#.##$#.#. #
# ## # #. #
# ##.##   #
#  #$##$#.#
#      @. #
###########",11,11,8,0,"easy_negative",17486859173196558990
"###########
#   # ## ##
# # $   . #
#.  # ## ##
#.$#  #   #
#  #  # # #
# .#$##   #
# $$    @ #
#  $    # #
# . ###.  #
###########",11,11,6,1,"positive",4058149372797813453
"###########
###   . ###
##. ## # ##
##  ## #  #
#. $$   . #
# # #  .# #
#   ##$$$ #
##.# @ ## #
# $  #### #
## # ##   #
###   .#$.#
##  $  #  #
#   ####  #
###########",11,14,8,0,"easy_negative",13206003877708318381
"##############
#### ##### # #
# @# ##.$  # #
# . $. $   # #
# $.  #  #.  #
##  $##$ # ###
###   #.## ###
##############",14,8,6,1,"positive",8657224061019669065
"########
####   #
#  $$@.#
# .$.  #
#   ## #
# #### #
# ##   #
# $  ###
# #. ###
####$$ #
# .  . #
###    #
### ####
########",8,14,6,0,"easy_negative",5894655796384325063
"##############
#### ##### # #
# +# ##.$  # #
# . $. $   # #
# $.  #  #.  #
##  $##$ # ###
###   # ## ###
##############",14,8,6,0,"hard_negative",8657224061019669065
"##############
#### ##### # #
#  # ##.$  # #
# . $. $   # #
# $.  #  #.  #
##  $##$@# ###
###   #.## ###
##############",14,8,6,0,"hard_negative",8657224061019669065
"##############
#### ##### # #
# @# ##.$  # #
# . $.$$   # #
#  .  #  #.  #
##  $##$ # ###
###   #.## ###
##############",14,8,6,0,"hard_negative",8657224061019669065
"##############
#### ##### # #
# @# ##.$  # #
# . $.     # #
# $.  #  #.  #
## $$##$ # ###
###   #.## ###
##############",14,8,6,0,"hard_negative",8657224061019669065
"##############
#### ##### # #
# @# ##.$  # #
# . $* $   # #
# $.  #  #.  #
##  $##  # ###
###   #.## ###
##############",14,8,6,0,"hard_negative",8657224061019669065
"##############
#### ##### # #
# @# ##.$  # #
# . $. $   # #
#  .  #$ #.  #
##  $##$ # ###
###   #.## ###
##############",14,8,6,0,"hard_negative",8657224061019669065
"##############
#### ##### # #
#  # ##.$  # #
# . $. $ @ # #
# $.  #  #.  #
##  $##$ # ###
###   #.## ###
##############",14,8,6,0,"hard_negative",8657224061019669065
"###########
#   # ## ##
# # $   . #
#.  # ## ##
#.$#  #   #
#  #  # # #
# .# ##$  #
# $$    @ #
#  $    # #
# . ###.  #
###########",11,11,6,1,"positive",4058149372797813453
"##############
#### ##### # #
#  # ##.$  # #
# + $. $   # #
# $.  #  #.  #
##  $##$ # ###
###   #.## ###
##############",14,8,6,1,"positive",8657224061019669065
"##############
#### ##### # #
#  # ##.$  # #
# . $. $  @# #
# $.  #  #.  #
##  $##$ # ###
###   #.## ###
##############",14,8,6,0,"hard_negative",8657224061019669065
"##############
##  # # ###  #
## $ .   ##  #
## $# #####  #
#        .   #
# ## #$$# ## #
# ##      ## #
######     ###
# # #.# #  ###
#     #      #
# ###  ## ## #
#  ##  #  @# #
# . #     ## #
##############",14,14,4,0,"easy_negative",9444161584997803186
"###########
#   # ## ##
# # $   . #
#.  # ## ##
#.$#  #   #
#  #  # # #
# .# ##$  #
# $$      #
#  $   @# #
# . ###.  #
###########",11,11,6,1,"positive",4058149372797813453
"##############
#### ##### # #
#  # ## $  # #
# + $. $   # #
# *.  #  #.  #
##  $##$ # ###
###   #.## ###
##############",14,8,6,0,"hard_negative",8657224061019669065
"##############
#       #    #
##  .# .# #  #
###.    #$## #
#    #$      #
###  # ##### #
###  # # ### #
#   #   @ ## #
#  $# $## ## #
#   #  ## .  #
##############",14,11,4,0,"easy_negative",2011243518303707432
"########
## # ###
#.$.$###
## #$$ #
####$$ #
#.   @.#
#.$ ####
# ######
# ##  .#
# .    #
########",8,11,7,0,"easy_negative",6248278631066174363
"##############
#### ##### # #
#  # ## $  # #
# + $. $   # #
#.$.  #  #.  #
##  $##$ # ###
###   #.## ###
##############",14,8,6,0,"hard_negative",8657224061019669065
"##############
#### ##### # #
#  # ##.$  # #
# + $. $   # #
# $.  #. #   #
##  $##$ # ###
###   #.## ###
##############",14,8,6,0,"hard_negative",8657224061019669065
"##############
#### ##### # #
#  # ##.$  # #
# . $. $   # #
# $+  #  #.  #
##  $##$ # ###
###   #.## ###
##############",14,8,6,1,"positive",8657224061019669065
"##############
#### ##### # #
#  # ##.$  # #
# . $  $   # #
# $+  #  #.  #
##  *##$ # ###
###   #.## ###
##############",14,8,6,1,"positive",8657224061019669065
"##############
#### ##### # #
#  # ##.$  # #
# . $  $   # #
# $.  #  #.  #
##  *##$ # ###
### @ #.## ###
##############",14,8,6,1,"positive",8657224061019669065
"###########
#.  ##    #
##.$#  ## #
###.  $## #
#@ . $ $$ #
#    #    #
#   ### . #
###########",11,8,5,0,"easy_negative",17244140295220072868
"###########
#  ##.#   #
#. # $$ $.#
# $##.# $ #
# .$.@ #  #
# #  # ## #
####   #  #
###########",11,8,6,0,"easy_negative",4257079667592079045
"##############
#  .##   ##  #
# ###  $$##  #
# ##.@$  ### #
# $  ##   .  #
# ## ## #  # #
# ##         #
# #  # ## ####
# # ##### # ##
# # .#  $   ##
#### #     ###
#  # #  #   ##
#   .#       #
##############",14,14,5,0,"easy_negative",17297970030424140152
"###########
###  .   ##
###  ## ###
#    ##  ##
# $#      #
#@ # # ## #
#  # $ ## #
# ##  #####
#  # $#   #
###   #$  #
# .    .  #
#   #.  # #
#   ##    #
###########",11,14,4,1,"positive",5587327470709054788
"###########
###  .   ##
###  ## ###
#    ##  ##
# $#  .   #
#@ # # ## #
#  # $ ## #
# ##  #####
#  # $#   #
###   #$  #
# .       #
#   #.  # #
#   ##    #
###########",11,14,4,0,"hard_negative",5587327470709054788
"###########
###  .   ##
###  ## ###
#    ##  ##
# $#      #
#@ # # ## #
#  # $ ## #
# ##  #####
#  # $#   #
###   #$  #
# .       #
#   #.  # #
#   ##.   #
###########",11,14,4,1,"positive",5587327470709054788
"##############
# # ##       #
# # ##$ #@ #.#
# #   $ $    #
# . $  #.# # #
#    #  $  # #
####  .# #.# #
##############",14,8,5,0,"easy_negative",16927570664552194117
"###########
#   @  ####
### ###.  #
### $ $. .#
### #$## ##
###    ####
# $.# #   #
#   $ .   #
####### # #
#         #
###########",11,11,5,0,"easy_negative",11617633761940470299
"###########
###      ##
###  ## ###
#    ##  ##
# $# .    #
#@ # # ## #
#  # $ ## #
# ##  #####
#  # $#   #
###   #$  #
# .       #
#   #.  # #
#   ##.   #
###########",11,14,4,0,"hard_negative",5587327470709054788
"###########
###  .  @##
###  ## ###
#    ##  ##
# $#      #
#  # # ## #
#  # $ ## #
# ##  #####
#  # $#   #
###   #$  #
# .       #
#   #.  # #
#   ##.   #
###########",11,14,4,1,"positive",5587327470709054788
"###########
###  .   ##
###  ## ###
#    ##  ##
# $#      #
#  # # ## #
#  # $ ## #
# ##  #####
#  # $#   #
###  @#$  #
# .       #
#   #.  # #
#   ##.   #
###########",11,14,4,1,"positive",5587327470709054788
"###########
###  .   ##
###  ## ###
#    ##  ##
# $#      #
#  # # ## #
#  # $ ## #
# ##  #####
#  # $#   #
###   #$  #
# .       #
#   #.@ # #
#   ##.   #
###########",11,14,4,1,"positive",5587327470709054788
"########
#   ####
#  ... #
####.  #
### $$ #
## #  ##
#  # ###
##$#$  #
#    .##
## #$###
#  . $ #
#@     #
#   ####
########",8,14,6,0,"easy_negative",13180410283926670807
"##############
## #      ## #
# .      ##  #
## #### ###  #
#. .   ##.@  #
# #### ##$####
# ####  $$$$ #
# $ ## $ .# ##
# .   ##  ####
#    #### .  #
##############",14,11,7,0,"easy_negative",9448213117327514720
"###########
#    . ...#
# #$..#   #
# $$$######
#  #   # ##
# #### $$ #
#  ### #@##
###########",11,8,6,0,"easy_negative",8466552824491932874
"###########
#   # ## ##
# # $   . #
#.  # ## ##
#.$#  #   #
#  #  # # #
# .# ##$  #
#@$$      #
#  $    # #
# . ###.  #
###########",11,11,6,1,"positive",4058149372797813453
"########
# #  ###
#.#$$###
# #   @#
#   # ##
# #$   #
# $ # ##
# .$ ###
# ##..##
# ##.  #
#.$ ## #
# #  # #
#   ## #
########",8,14,6,0,"easy_negative",18001908927793836381
"###########
#   # ## ##
# # $   . #
#.  # ## ##
#.$#  #   #
#  #  # # #
# .#.##$  #
#@$$      #
#  $    # #
# . ###   #
###########",11,11,6,1,"positive",4058149372797813453
"########
## # . #
#.$$ #.#
## #####
##   ###
###$ ###
##  $  #
#. .$###
# #$.###
#  @   #
########",8,11,6,0,"easy_negative",8269882104479239144
"###########
#         #
# ##$#   ##
# ##   $###
#### @.   #
# #   # # #
#    ##   #
# .  .### #
# #$ ###  #
#     #####
#.##$ $ . #
# #   #   #
# ## ######
###########",11,14,5,1,"positive",17255783191721796344
"###########
#         #
# ##$#   ##
# ##   $###
#### @.   #
# # . # # #
#    ##   #
# .  .### #
# #$ ###  #
#     #####
# ##$ $ . #
# #   #   #
# ## ######
###########",11,14,5,1,"positive",17255783191721796344
"##############
#  #     #   #
#  ####$ #.#.#
#@$#     # $ #
# $   #   #  #
##..# ##  #  #
### ## ## #$.#
### ##   $   #
##  .# $#    #
#   ##.   ####
##############",14,11,7,0,"easy_negative",17996576042208546336
"###########
## # . #. #
#   $$ #..#
##$#$$.#  #
# $@ # ## #
# #.$#. #.#
#  $ # ## #
# ####### #
# ##  ### #
#         #
###########",11,11,8,0,"easy_negative",979171179405723815
"###########
#         #
# ##$#   ##
# ##   $###
#### @.   #
# # . # # #
#    ##   #
# .$ .### #
# #$ ###  #
#     #####
# ##$   . #
# #   #   #
# ## ######
###########",11,14,5,0,"hard_negative",17255783191721796344
"###########
#         #
# ##$#   ##
# ##   $###
####  .   #
# # . # # #
#    ##   #
# .  .### #
# #$ ###  #
#     #####
# ##$ $ . #
# #   #   #
#@## ######
###########",11,14,5,1,"positive",17255783191721796344
"###########
#         #
# ##$#   ##
# ##   $###
####  .   #
# # . # # #
#    ##   #
# .  .### #
# #$ ###  #
#     #####
# ##$ $ . #
# #   #  @#
# ## ######
###########",11,14,5,0,"hard_negative",17255783191721796344
"##############
#  #         #
#  ##    ### #
#  ###.##### #
# # ###   #  #
#.# # #  ##  #
# # #   ###$ #
#   ###$  .  #
# #$ #   # # #
#     ..##   #
#######  #   #
## $  $  #  ##
#     @  #####
##############",14,14,5,0,"easy_negative",18371292662526100310
"###########
#         #
# ##$#   ##
# ##   $###
####  .   #
# # . # # #
#    ## $ #
# .  .### #
# #$ ###  #
#     #####
# ##$   . #
# #   #   #
#@## ######
###########",11,14,5,0,"hard_negative",17255783191721796344
"###########
#         #
# ##$#   ##
# ##   $###
####  .   #
# # . # # #
#    ##   #
#    .### #
# #$ ###  #
#     #####
# ##* $ . #
# #   #   #
#@## ######
###########",11,14,5,1,"positive",17255783191721796344
"##############
#    ##   ##.#
#.## #  #### #
# ##$## ##  .#
#  $         #
##  #  @#    #
### ###   ####
##### ##   # #
#      # $ # #
# $ # ##   # #
# $  .   #   #
##  ## . # # #
### ##   #   #
##############",14,14,5,0,"easy_negative",15334376086509853060
"###########
## .     .#
## @### ###
##  $   ###
## $$$$.  #
### .# ## #
##  .  ## #
###########",11,8,5,1,"positive",6972572052131288339
"###########
##   . ##.#
##  ## ## #
## $## $$ #
###  ##   #
###  ##.  #
#.$  . ####
#   ##  ###
#  ###   ##
####    $##
#.$.$  @$.#
# ## ##  ##
# ## ## ###
###########",11,14,8,0,"easy_negative",9549660036445258854
"###########
## .     .#
##  ### ###
##  $ @ ###
## $$$$.  #
### .# ## #
##  .  ## #
###########",11,8,5,1,"positive",6972572052131288339
"##############
#####     ## #
##  # # #.#  #
###  ## $    #
## .##  ##   #
##  ## #  #  #
##   $ ##$## #
### #### . # #
###   ###  # #
#    ###   # #
## ###  ##$ .#
# @ ##   #   #
## #         #
##############",14,14,4,0,"easy_negative",4976008260033138435
"###########
## .     .#
## $### ###
##    @ ###
## $$$$.  #
### .# ## #
##  .  ## #
###########",11,8,5,1,"positive",6972572052131288339
"###########
## .     .#
## $### ###
##    @ ###
## $$ $.  #
### *# ## #
##  .  ## #
###########",11,8,5,1,"positive",6972572052131288339
"###########
## .      #
## $### ###
##    @ ###
##.$$ $.  #
### *# ## #
##  .  ## #
###########",11,8,5,1,"positive",6972572052131288339
"###########
#   #. ## #
# # # .## #
#  .#     #
## # ##  ##
# $$$ #  ##
## #$   $##
###    #  #
##  .###  #
#@   ###  #
#    ##   #
####  #####
#    .    #
###########",11,14,5,0,"easy_negative",8888607991481492684
"###########
## #.   ###
#    #  ###
## #.  $  #
## # ##   #
#  $.######
## #      #
#. @ $ # ##
# #$ #    #
#   #### ##
###########",11,11,4,1,"positive",2351841827717567042
"###########
# .    #.##
# #  # .  #
#  $ $ # ##
#  ### ## #
#  ### ##.#
#  #.     #
### ##$ # #
###$#  ####
#   $   # #
#    ##   #
# #   # $ #
#    @#  .#
###########",11,14,6,0,"easy_negative",3373431885296817376
"###########
## #.   ###
#    #  ###
## #.     #
##$# ##   #
#  $.######
## #      #
#. @ $ # ##
# #$ #    #
#   #### ##
###########",11,11,4,1,"positive",2351841827717567042
"###########
## #.   ###
#    #  ###
## #.     #
##$# ##   #
#  $.######
##$#      #
#. @ $ # ##
# #  #    #
#   #### ##
###########",11,11,4,0,"hard_negative",2351841827717567042
"########
#### . #
# $    #
# .$@  #
##$#####
# .$$$.#
## #.  #
##### ##
# # $. #
#  .# ##
########",8,11,7,0,"easy_negative",2402574175097869035
"########
###  . #
## $$# #
##.  @.#
###$$ ##
##.  ###
####  ##
########",8,8,4,1,"positive",6367969970048812183
"########
###  . #
## $$# #
##.   .#
###$$ ##
##+  ###
####  ##
########",8,8,4,0,"hard_negative",6367969970048812183
"########
###  . #
##@$$# #
##.   .#
###$$ ##
##.  ###
####  ##
########",8,8,4,1,"positive",6367969970048812183
"########
###    #
##@$$# #
##.   .#
###$$ ##
##.  ###
#### .##
########",8,8,4,0,"hard_negative",6367969970048812183
"########
###  . #
##@ $# #
##.   .#
###$$ ##
##. $###
####  ##
########",8,8,4,0,"hard_negative",6367969970048812183
"########
###    #
##@$$# #
##.   .#
###$$ ##
##. .###
####  ##
########",8,8,4,1,"positive",6367969970048812183
"########
###    #
## $$# #
##.   .#
###$$ ##
##. .###
####@ ##
########",8,8,4,0,"hard_negative",6367969970048812183
"########
###    #
##@$$# #
##.  . #
###$$ ##
##. .###
####  ##
########",8,8,4,1,"positive",6367969970048812183
"###########
## #.   ###
#    #  ###
## #+     #
##$# ##   #
#  $.######
## #      #
#.   $ # ##
# #$ #    #
#   #### ##
###########",11,11,4,1,"positive",2351841827717567042
"########
###@   #
## $$# #
##.  . #
###$$ ##
##. .###
####  ##
########",8,8,4,1,"positive",6367969970048812183
"###########
## #.   ###
#    #  ###
## #.     #
##$# ## @ #
#  $.######
## #      #
#.   $ # ##
# #$ #    #
#   #### ##
###########",11,11,4,1,"positive",2351841827717567042
"###########
##@#.   ###
#    #  ###
## #.     #
##$# ##   #
#  $.######
## #      #
#.   $ # ##
# #$ #    #
#   #### ##
###########",11,11,4,1,"positive",2351841827717567042
"###########
###    # ##
##   # @  #
#### $ #$##
# # #  #  #
# # #  # ##
# # #  ####
#   #$## ##
##  . $   #
### # ##$##
#######  .#
#    .   ##
#  .   .###
###########",11,14,5,0,"easy_negative",5586741157568434392
"###########
#  . ## ###
# #  ##$ ##
#  $  $ ..#
#  .###   #
# #$ # ## #
# $    ## #
#  ###$# ##
#  ##. $@.#
# ##.  # ##
###########",11,11,7,0,"easy_negative",9888795358331978221
"###########
# .@# #   #
#   $  ## #
#   #$### #
## $#  .  #
### # .## #
## .## ## #
#  #   #  #
#  # # ## #
# ## $$#  #
###       #
##   # ## #
####   ##.#
###########",11,14,5,0,"easy_negative",17961826170582956059
"########
#   .@.#
###.####
###$$  #
#.$.$$ #
# $$# .#
#  .## #
########",8,8,7,0,"easy_negative",4963442650178796118
"###########
#... # .  #
####$# $.##
# $.$#$ ###
#### $@# ##
#.# $  .$ #
#      # ##
###########",11,8,8,0,"easy_negative",6596503998235936162
"##############
###  ##      #
## $  #   ## #
####      ## #
###.$ #  ##  #
##   $# #### #
# . $ #  ##  #
## ### ###   #
#   ##.      #
##$#   $. ####
#. $ . ## ##@#
# #  #  #$## #
####   ##  ..#
##############",14,14,8,0,"easy_negative",13777639991795890304
"###########
#@##      #
# #  ##$###
#.## ## ###
# ## ##$$ #
#  # .#$#.#
#   $  $  #
# . #####.#
###  # #. #
###    #  #
###########",11,11,6,0,"easy_negative",9619923115822449466
"########
#    ###
#.#$ ###
#  @.  #
# # ####
# #.$$ #
# #  $ #
## #.#.#
#  $ # #
## # # #
#### # #
##   # #
###  # #
########",8,14,5,0,"easy_negative",4640857007658584364
"##############
### #   ### ##
###$#    # $ #
#   #     #$##
#  .   ### . #
# #.$.  #  $@#
####    .    #
##############",14,8,5,0,"easy_negative",3884495845665687402
"###########
#   ###   #
# $     ###
# $ $.  ###
# # ##### #
#@#.#.###.#
# #   #   #
# .$ # $  #
### $#  ###
### $#  ###
#### ## . #
# .   #$#.#
#         #
###########",11,14,8,0,"easy_negative",2892447744863350315
"###########
#         #
# ##$#   ##
# ##   $###
####  .   #
# # . # #.#
#    ##   #
#    .### #
# #$ ###  #
#     #####
# ##* $   #
# #   #   #
#@## ######
###########",11,14,5,0,"hard_negative",17255783191721796344
"###########
#         #
# ## #   ##
# ##   $###
#### $.   #
# # . # # #
#    ##   #
#    .### #
# #$ ###  #
#     #####
# ##* $ . #
# #   #   #
#@## ######
###########",11,14,5,1,"positive",17255783191721796344
"##############
##  ##   . . #
##  #    # ###
## .   ###$###
###  #       #
##  ###$#### #
##   # $#### #
# $ ###$# .  #
##   #  # #  #
###   @ #.####
##############",14,11,5,0,"easy_negative",4331038545934058432
"##############
#    ##      #
###   ####  ##
###    # # ###
#  # #$ ..   #
#  #@#  ##.# #
#  # #  ##$$ #
# ##$ $ .  ###
# ##. $##   ##
#      ##.  ##
##############",14,11,6,1,"positive",5847560863604032430
"###########
#.       .#
####### $ #
# $$@.$   #
####$ .#$##
##  $##.  #
# .. ### ##
###########",11,8,7,0,"easy_negative",12768370180179193307
"##############
#    ##      #
###   ####  ##
###   .# # ###
#  # #$ ..   #
#  #@#  ##.# #
#  # #  ##$$ #
# ##$ $    ###
# ##. $##   ##
#      ##.  ##
##############",14,11,6,1,"positive",5847560863604032430
"##############
#   . . ## .##
# #  # #.#$###
#      # $  ##
# ####.  # ###
#  ## #$ # ###
#  #  #$ #   #
#  #   $######
# ## ## ### ##
#  # ##  @  ##
##############",14,11,5,0,"easy_negative",11879534200038789839
"########
#@ . ###
###$  ##
###  $##
####   #
#   $  #
#   . .#
# $ ####
# #.  ##
#    ###
########",8,11,4,1,"positive",15603766823559696222
"########
#@ . ###
###   ##
###  $##
####   #
#   $  #
#   * .#
# $ ####
# #.  ##
#    ###
########",8,11,4,1,"positive",15603766823559696222
"########
#  . ###
###   ##
###  $##
####@  #
#   $  #
#   * .#
# $ ####
# #.  ##
#    ###
########",8,11,4,1,"positive",15603766823559696222
"########
#  . ###
###   ##
###  $##
####@  #
#   $  #
#   * .#
# $.####
# #   ##
#    ###
########",8,11,4,1,"positive",15603766823559696222
"########
#  . ###
###   ##
###  $##
####@  #
#   $  #
# $ . .#
# $.####
# #   ##
#    ###
########",8,11,4,1,"positive",15603766823559696222
"##############
#       #  # #
#.$$###### # #
#  $ .. #  # #
# ### $## $. #
# #### ## # @#
#   #.$ . ## #
#   ## #.## ##
# #.  # $  $ #
#### ### ## ##
##############",14,11,8,0,"easy_negative",9518038779757384782
"########
##.# ###
#   $ ##
## #####
##   . #
###$## #
##  ##.#
#   #  #
#@#.# .#
# $$## #
#   # ##
# #$.$ #
#   # ##
########",8,14,6,0,"easy_negative",9020145997836231787
"##############
#    #.  .  .#
##   #$$#$####
####$#       #
# ##   # # $.#
# ## $ $ . #.#
#      #.# @ #
##############",14,8,7,0,"easy_negative",329599678557854250
"###########
#   ###.  #
# #@$.    #
#        .#
#   ##$# ##
# #$#.    #
#      # ##
#  $ #### #
### $#### #
###  .    #
###########",11,11,5,1,"positive",8176589346888145635
"###########
#   ###.  #
# #@$. $  #
#        .#
#   ##$# ##
# #$#.    #
#      # ##
#  $ #### #
###  #### #
###  .    #
###########",11,11,5,1,"positive",8176589346888145635
"###########
### ## . ##
### #  . ##
# $$# $$ ##
#  @ ##  ##
# #. ##$ ##
####  .$###
# $. ##.  #
#.#  #  $ #
#.   ##   #
###########",11,11,8,0,"easy_negative",18279361882354276670
"###########
#    ### .#
# #   ##  #
#   ####  #
# ##    .##
# ##.##  ##
#   $## ###
# #   $ ###
# # $# @###
# #    $$ #
# ##   #  #
## . # #  #
### ####. #
###########",11,14,5,0,"easy_negative",3046934324747965801
"########
##### ##
# # $$.#
# . #$##
#### $@#
##.$  ##
#  . ###
#  . ###
#.#$$###
#     .#
########",8,11,7,0,"easy_negative",15680716449963966132
"###########
# .     # #
## .# $ #.#
###$##  # #
#     #@$.#
# ##$ ### #
# ##  ### #
###########",11,8,4,0,"easy_negative",17031644114077401666
"########
##  ####
##.. # #
##$    #
#@   $ #
#### #.#
#  $ $ #
# .$ ###
# #  .##
#      #
########",8,11,5,1,"positive",5225982108961065100
"##############
#####     ####
# # ## #  #. #
#   #  ##    #
#.  # # $$ ###
## $   #.$ ###
### # ### @ .#
##############",14,8,4,0,"easy_negative",999000377253767254
"########
##  ####
##.. # #
##$  $ #
#@     #
#### #.#
#  $ $ #
# .$ ###
# #  .##
#      #
########",8,11,5,1,"positive",5225982108961065100
"########
##  ####
##.. # #
##$  $ #
#      #
#### #.#
#  $ $ #
# .$ ###
# #  .##
#    @ #
########",8,11,5,1,"positive",5225982108961065100
"###########
# ##   ####
# ## .#  ##
#    ##@  #
## #   #.##
# $  #    #
## #   # ##
#   # # ###
# # $$   ##
# . # #   #
##### #####
#     . $ #
#   # #   #
###########",11,14,4,0,"easy_negative",10716205130885671563
"########
## ## ##
#  $$$@#
## ## ##
## ## .#
##### .#
#   #$ #
# # .$ #
#.# #  #
# # ## #
#  #  .#
#  # # #
#  #   #
########",8,14,5,0,"easy_negative",14157646808108749106
"########
##  ####
## ..# #
##$  $ #
#      #
#### #.#
#  $ $ #
# .$ ###
# #  .##
#    @ #
########",8,11,5,0,"hard_negative",5225982108961065100
"########
##  ####
##..@# #
##$  $ #
#      #
#### #.#
#  $ $ #
# .$ ###
# #  .##
#      #
########",8,11,5,1,"positive",5225982108961065100
"##############
##### ########
# .#       # #
#.  # #    $ #
##     #$ ####
###  ### $ ..#
##   ###  @  #
# $     ##  ##
# #  ## ##  ##
#    ##     ##
## #     # ###
#     # ##$ ##
## # ##  # . #
##############",14,14,5,0,"easy_negative",10847565201187260365
"########
##  ####
##..@# #
##$  $ #
#      #
#### #.#
#  $ $ #
#  $ ###
# #. .##
#      #
########",8,11,5,1,"positive",5225982108961065100
"########
# .## ##
#.## $ #
#@ ##.##
# . $ ##
# ##$###
# ##. ##
#  $$$ #
####$ .#
#   .  #
########",8,11,7,0,"easy_negative",8394566771412172852
"###########
#   ###.  #
# #@ . $  #
#        .#
#   ##$# ##
# #$#.    #
#  $   # ##
#  $ #### #
###  #### #
###  .    #
###########",11,11,5,1,"positive",8176589346888145635
"###########
#   ###.  #
# #@ . $  #
#         #
#   ##$# ##
# #$#.    #
#  *   # ##
#  $ #### #
###  #### #
###  .    #
###########",11,11,5,1,"positive",8176589346888145635
"##############
#.     ### ###
# # ###.#  ###
#      $ $   #
#    # #### ##
###  #   $ ###
###  #    # ##
# ## ##@ $   #
#.##  # ######
#    .  ##   #
#      ## # ##
# # ## ##    #
#   ##    # ##
##############",14,14,4,0,"easy_negative",10005773893545502561
"###########
#   #### .#
### #. #  #
###   .#  #
#  $  #   #
####$## $.#
#    .#   #
# $$ ##$###
#### ## ###
## #      #
##  #@### #
###  .  # #
##  # ### #
###########",11,14,6,0,"easy_negative",9338508598294291675
"###########
#   ###.  #
# #@ . $  #
#         #
#   ##$# ##
# #$#.    #
#  *   # ##
#  $ #### #
###  #### #
###   .   #
###########",11,11,5,1,"positive",8176589346888145635
"########
#@. ## #
# $$##.#
# .$$$.#
# #$$$.#
# # .# #
# #. . #
########",8,8,8,0,"easy_negative",1771689731182652995
"##############
#    ##    @ #
###   ####  ##
###   .# # ###
#  # #$ ..   #
#  # #  ##.# #
#  # #  ##$$ #
# ##$ $    ###
# ##. $##   ##
#      ##.  ##
##############",14,11,6,0,"hard_negative",5847560863604032430
"##############
#    ##      #
### @ ####  ##
###   .# # ###
#  # #$ ..   #
#  # #  ##.# #
#  # #  ##$$ #
# ##$ $    ###
# ##. $##   ##
#      ##.  ##
##############",14,11,6,1,"positive",5847560863604032430
"##############
####        ##
#.#   # #   ##
# .  #####  ##
# ####.###$ ##
#  ##  # # ###
###  $ #..$ ##
# @$   ###$. #
# #  # $   ###
#          ###
##############",14,11,6,0,"easy_negative",8727776043284573308
"##############
#    ##      #
### @ ####  ##
###   .# # ###
#  # #$ ..   #
#  # #  ##.# #
#  # #  ##$$ #
# ##$ $    ###
# ##. $##   ##
#  .   ##   ##
##############",14,11,6,1,"positive",5847560863604032430
"###########
#   ###   #
##  $ $ #.#
###   @   #
###.# ### #
## #.$ #  #
#  ##$##. #
# $ # #####
#.##      #
# ### # $ #
# ##  ### #
# ##$#### #
#  .  # . #
###########",11,14,7,0,"easy_negative",2924535157373303889
"##############
#    ##      #
### @ ####  ##
###   .# # ###
#  # #$ ..   #
#  # #  ##.# #
#  # #  ##$  #
# ##$ $    ###
# ##. $## $ ##
#  .   ##   ##
##############",14,11,6,1,"positive",5847560863604032430
"##############
####   .##   #
## # #$#  #  #
# @# $$## ## #
##.# $.     .#
# . .## ##$# #
## # ## ## $ #
#   . # #### #
#  #$##$### .#
# ##  #   #  #
##############",14,11,8,0,"easy_negative",17047169729265085172
"########
# ##  ##
# ##..##
# . $ ##
# ##$ .#
#  # # #
#     @#
# $ $  #
##  #  #
### ## #
########",8,11,4,1,"positive",14715910898564413786
"########
# ##  ##
# ##..##
# . $ ##
# ##  .#
#  # # #
#     @#
# $ $$ #
##  #  #
### ## #
########",8,11,4,1,"positive",14715910898564413786
"########
# ##  ##
# ##..##
# .   ##
# ##$ .#
#  # # #
#     @#
# $ $$ #
##  #  #
### ## #
########",8,11,4,1,"positive",14715910898564413786
"########
# ##  ##
# ##..##
# .   ##
# ##$ .#
#  # # #
# $   @#
# $  $ #
##  #  #
### ## #
########",8,11,4,1,"positive",14715910898564413786
"########
# ##  ##
# ##.*##
# .   ##
# ##  .#
#  # # #
# $   @#
# $  $ #
##  #  #
### ## #
########",8,11,4,1,"positive",14715910898564413786
"###########
#    ##  .#
#### ## ###
# . .$  ###
# $##$#$# #
#  #   .#@#
# ### # # #
# ##      #
# ###  $ ##
#   ## ####
#  #    ###
## # ## ###
#### ## . #
###########",11,14,5,0,"easy_negative",5654596154384118520
"###########
# ##  . ###
#  #  #$ ##
#  # ##$  #
#  $  .$###
# ## #  .##
#.##. $   #
##  ##    #
## $#.$## #
##   @.## #
###########",11,11,7,0,"easy_negative",5630444004566053449
"########
# .###.#
# #### #
#  #   #
#   # ##
#   $$ #
#####$##
####  ##
#  #$$##
#  $..##
#### ###
#.@$  ##
#   . .#
########",8,14,7,0,"easy_negative",9169770472844035774
"###########
### ## ## #
###$#  ## #
#@  #   $ #
#  $   #. #
### ## #$ #
### ## #  #
## #  . .##
#    #  ###
## ####  ##
#   ### ###
##   .   ##
####     ##
###########",11,14,4,0,"easy_negative",13664506569477472265
"##############
######.  #   #
#.  ##   # $ #
#     . ##   #
# ##   ## ## #
# ##$###  ## #
#  $ ###  $  #
# . # ##..# ##
##   $.# #   #
### # ##### ##
###@    $ # ##
###.# $$#    #
#   ###   # ##
##############",14,14,8,0,"easy_negative",7394300361918251724
"########
#  .# ##
#  @   #
#   # ##
## #  ##
# $ $ ##
## # ###
## #   #
#    ..#
##$#   #
# $  # #
# #  #.#
#    # #
########",8,14,4,1,"positive",17491189440709157003
"########
#  .# ##
#      #
#   # ##
## #  ##
# $ $ ##
## # ###
## #   #
#    ..#
##$#   #
# $  # #
# #  #.#
# @  # #
########",8,14,4,1,"positive",17491189440709157003
"########
#  .# ##
#      #
#  @# ##
## #  ##
# $ $ ##
## # ###
## #   #
#    ..#
##$#   #
# $  # #
# #  #.#
#    # #
########",8,14,4,1,"positive",17491189440709157003
"##############
# ####     ###
# ####  #  @##
#  $  $   ## #
## #   #  ## #
# $  $ ## ## #
##$#####     #
#   ..  # .. #
# ####$### # #
# ####. # .  #
##############",14,11,6,0,"easy_negative",11750192126944323185
"########
# ######
# ## # #
# @$   #
#  #$  #
# ##$#.#
#..# $ #
# .$$# #
#### # #
## # # #
#  .  ##
# #.$ ##
#    .##
########",8,14,7,0,"easy_negative",404312130100251238
"###########
### # # ###
### $ $ .##
#   # #   #
# .  ##   #
# ##  #####
# #### # ##
# #       #
# #  #$ #@#
# #   $$ .#
#  .## ####
#   ## # ##
#      . ##
###########",11,14,5,0,"easy_negative",13696204287507201528
"########
#   # ##
#      #
#  @# ##
## #  ##
# * $ ##
## # ###
## #   #
#    ..#
##$#   #
# $  # #
# #  #.#
#    # #
########",8,14,4,1,"positive",17491189440709157003
"########
#   # ##
#  $   #
#  @# ##
## #  ##
# *   ##
## # ###
## #   #
#    ..#
##$#   #
# $  # #
# #  #.#
#    # #
########",8,14,4,1,"positive",17491189440709157003
"##############
#######.@    #
##    # .##  #
###    $####.#
##  $  $  $  #
### ### # .# #
##     ###   #
##############",14,8,4,0,"easy_negative",7263213265263793188
"########
#    ###
#  @$ ##
####.  #
# ..$  #
#.$ ## #
# . ## #
####  .#
#  $$$ #
#      #
########",8,11,6,0,"easy_negative",2345709902172802960
"########
#   ####
# #. $ #
#. $  .#
##  ####
## $# ##
##@   ##
########",8,8,3,1,"positive",10853362005010837680
"########
#   ####
# #. $ #
#. $  .#
##  ####
##$ # ##
##@   ##
########",8,8,3,1,"positive",10853362005010837680
"########
#.  #  #
# # #  #
# @$## #
##$..  #
##    ##
###$####
#      #
# ##   #
# ##   #
### $ ##
###  ###
#.    ##
########",8,14,4,0,"easy_negative",5464542620786012936
"########
#.  ####
# #  $ #
#. $  .#
##  ####
##$ # ##
##@   ##
########",8,8,3,0,"hard_negative",10853362005010837680
"########
#   ####
# #. $ #
#  *  .#
##  ####
##$ # ##
##@   ##
########",8,8,3,1,"positive",10853362005010837680
"########
#@  ####
# #. $ #
#  *  .#
##  ####
##$ # ##
##    ##
########",8,8,3,1,"positive",10853362005010837680
"########
#@  ####
#.#. $ #
#  $  .#
##  ####
##$ # ##
##    ##
########",8,8,3,0,"hard_negative",10853362005010837680
"########
#@  ####
# #. $ #
#  *  .#
##  ####
## $# ##
##    ##
########",8,8,3,1,"positive",10853362005010837680
"###########
#@   ##.###
###$  #$###
### $$$$. #
## .### $ #
## . #.#. #
###.   ## #
###########",11,8,7,0,"easy_negative",2165352119703929135
"########
########
## #  .#
##$.$@ #
# $$## #
#.#$## #
# ..   #
########",8,8,5,0,"easy_negative",15475950913071977436
"##############
# #### #.#####
# ###.   $ # #
#. $ $ # #.$.#
# @$$##   #. #
###$$.#   # .#
### #######  #
##############",14,8,8,0,"easy_negative",1968477327759427213
"##############
######## # . #
## #..#    # #
## $ ### #  .#
##$#   # #   #
# $.@$ ### .##
## #  $ $  ###
##### ####   #
# #  $   $ ###
#  .# #.   ###
##############",14,11,8,0,"easy_negative",18258504340899771630
"##############
##  ### ##   #
##      ## ###
##      .  ###
### # ### #  #
#  #   ## ## #
#@###$#   #  #
#      # $$  #
##     #  .# #
### ####.$   #
##   ## ##   #
##   ## ####.#
##        ## #
##############",14,14,4,1,"positive",1631269986670059436
"##############
#.#     ## ###
# # ###  # ###
# #          #
# ## ## #    #
#  ## $ # $###
#   ##$ # .###
# ## @   #.$ #
# ## ### # # #
#    #### .  #
#    $ #  ## #
###  ### ##  #
###. #########
##############",14,14,5,0,"easy_negative",3148071996656712423
"##############
##  ### ##   #
##      ## ###
##      .  ###
### # ### #  #
#  #   ## ## #
#@###$#   #  #
# $    #  $  #
##     #  .# #
### ####.$   #
##   ## ##   #
##   ## ####.#
##        ## #
##############",14,14,4,0,"hard_negative",1631269986670059436
"########
#@   . #
# #  ###
# $$.###
##. $ ##
##. $ ##
###   ##
########",8,8,4,1,"positive",13220024543418738875
"########
# .  .##
# @#$$##
# ## $##
## ##$##
# $  $ #
## ## ##
####. .#
## #  .#
##. $  #
# .$## #
# #  # #
#.  ## #
########",8,14,8,0,"easy_negative",3940407859716636122
"########
#+     #
# #  ###
# $$.###
##. $ ##
##. $ ##
###   ##
########",8,8,4,1,"positive",13220024543418738875
"########
#.@    #
# #  ###
# $$.###
##. $ ##
##. $ ##
###   ##
########",8,8,4,1,"positive",13220024543418738875
"########
# @    #
#.#  ###
# $$.###
##. $ ##
##. $ ##
###   ##
########",8,8,4,0,"hard_negative",13220024543418738875
"########
#.@    #
# #  ###
# $$.###
##. $ ##
##  $ ##
###  .##
########",8,8,4,1,"positive",13220024543418738875
"########
#. @   #
# #  ###
# $$.###
##. $ ##
##  $ ##
###  .##
########",8,8,4,1,"positive",13220024543418738875
"########
## ### #
# $ ## #
##.#   #
##     #
###.####
## $$  #
#  .#$##
# #@$ .#
#####.##
########",8,11,5,0,"easy_negative",18058369906750420458
"########
### ####
###$ #.#
# $ @$.#
##$# . #
#    . #
##$#####
#.$ . ##
##.$  ##
###   ##
########",8,11,7,0,"easy_negative",464736497910171197
"###########
####     .#
#.# @$$$$ #
# . ###.. #
# ## ## $##
#  # ##  ##
####     ##
###########",11,8,5,0,"easy_negative",13211511860829433978
"###########
##    .   #
###$$##  .#
##   ######
# .$ $$$$ #
#.#.$.#.# #
#  . ##  @#
###########",11,8,8,0,"easy_negative",14535843749259485671
"##############
##  ### ##   #
##      ## ###
##      .  ###
### # ### #  #
#  #   ## ## #
#@###$#   #  #
#      # $   #
##     #  .# #
###$####.$   #
##   ## ##   #
##   ## ####.#
##        ## #
##############",14,14,4,0,"hard_negative",1631269986670059436
"##############
##  ### ##   #
##      ## ###
##         ###
### # ### #  #
#  #   ## ## #
#@###$#   #  #
#      # $$  #
##     #  .# #
### ####.$   #
##   ## ##   #
##   ## ####.#
## .      ## #
##############",14,14,4,1,"positive",1631269986670059436
"##############
##  ### ##   #
##  @   ## ###
##         ###
### # ### #  #
#  #   ## ## #
# ###$#   #  #
#      # $$  #
##     #  .# #
### ####.$   #
##   ## ##   #
##   ## ####.#
## .      ## #
##############",14,14,4,1,"positive",1631269986670059436
"###########
# ##    . #
# ## ##$#.#
# .$ ## $ #
#.# .   #@#
####$ $####
# #     # #
# $ ##    #
# # ##$ # #
#    .   .#
###########",11,11,7,0,"easy_negative",8858016812835772282
"########
#  .####
# #$ . #
#   .  #
####  ##
##   ###
# $   ##
##  $  #
###.   #
## .####
###$## #
## $## #
#     @#
########",8,14,5,0,"easy_negative",11764666329527011193
"##############
##  ### ##   #
##  @   ## ###
##   .     ###
### # ### #  #
#  #   ## ## #
# ###$#   #  #
#      # $$  #
##     #  .# #
### ####.$   #
##   ## ##   #
##   ## #### #
## .      ## #
##############",14,14,4,0,"hard_negative",1631269986670059436
"##############
##  ### ##   #
##  @   ## ###
##         ###
### # ### #  #
#  #   ## ## #
# ###$#   #  #
#      # $$  #
##     #  .# #
### ####.$   #
##   ## ##   #
##   ## #### #
## . .    ## #
##############",14,14,4,0,"hard_negative",1631269986670059436
"##############
##  ### ##   #
##      ##@###
##         ###
### # ### #  #
#  #   ## ## #
# ###$#   #  #
#      # $$  #
##     #  .# #
### ####.$   #
##   ## ##   #
##   ## ####.#
## .      ## #
##############",14,14,4,1,"positive",1631269986670059436
"##############
##  ### ##   #
##      ## ###
##      @  ###
### # ### #  #
#  #   ## ## #
# ###$#   #  #
#      # $$  #
##     #  .# #
### ####.$   #
##   ## ##   #
##   ## ####.#
## .      ## #
##############",14,14,4,1,"positive",1631269986670059436
"###########
#@     .  #
####$## # #
#. $ ##$  #
#    ##   #
# # $.# . #
#   #######
###########",11,8,4,0,"easy_negative",13091342335918140428
"########
# .    #
####$@##
#.$$.###
##$#.$ #
# $  #.#
##.#####
########",8,8,6,0,"easy_negative",16083781055152385175
"##############
##     #######
##$ $#  .  # #
##..      $  #
#   #####.$  #
#  $     #@  #
#  .    ######
##############",14,8,5,1,"positive",538938052652857478
"##############
##     #######
##$ $#  .  # #
##..      $  #
#   #####.$  #
#  $     #   #
#  . @  ######
##############",14,8,5,1,"positive",538938052652857478
"##############
##     #######
##$ $#  .  # #
##..      $  #
# @ #####.$  #
#  $     #   #
#  .    ######
##############",14,8,5,1,"positive",538938052652857478
"##############
##     #######
##$ $#  .  # #
##..      $  #
#@  #####.$  #
#  $     #   #
#  .    ######
##############",14,8,5,1,"positive",538938052652857478
"##############
##.    #######
##$ $#     # #
##..      $  #
#@  #####.$  #
#  $     #   #
#  .    ######
##############",14,8,5,1,"positive",538938052652857478
"##############
##   ##.   ###
## #  ####$###
####   $ $ . #
#  $   ##   ##
# .#   #@$ ###
####### ##$ ##
### ###      #
##   #.   # .#
##    .##### #
##############",14,11,6,0,"easy_negative",7966213098585296531
"########
##  ####
###.$$ #
## $$$.#
#  ###.#
#  ##. #
# @##. #
########",8,8,5,0,"easy_negative",2164061103738618194
"########
###   .#
##.$##.#
# $ ## #
# #$# ##
# #. $ #
# #$#$##
##.@#$##
##. $. #
## .# ##
########",8,11,8,0,"easy_negative",4508966393477708663
"########
#      #
### ##.#
### ## #
# $  #.#
##  ####
###  # #
# $$   #
#.#$ # #
#@  .  #
########",8,11,4,0,"easy_negative",3240430801132511777
"########
#      #
# $ #  #
# $ ## #
# $#   #
# .# ###
# ## ###
## #  @#
#  $   #
##.#.. #
########",8,11,4,0,"easy_negative",10792101244076268759
"###########
# ##      #
# ## #$.# #
#.   $    #
# $$##.  ##
#   #   ###
####  @ .##
###########",11,8,4,1,"positive",5072558584836726996
"###########
# ##      #
# ## #$.# #
#.   $    #
# $$##.@ ##
#   #   ###
####    .##
###########",11,8,4,1,"positive",5072558584836726996
"##############
#    #      .#
# # ### #### #
#    # .#### #
##$## .    # #
#.  ## .$ ####
## ##  ### # #
#          $ #
# #  #$ .# ###
#      ### ###
#####.# $$  ##
#      @#$$###
#   # #   . ##
##############",14,14,8,0,"easy_negative",1274311289974011009
"###########
# ##      #
# ## # .# #
#.   $ $  #
# $$##.@ ##
#   #   ###
####    .##
###########",11,8,4,1,"positive",5072558584836726996
"##############
###      .   #
##   #$.# $  #
#  . $$###@  #
#   # . ## .##
#  ## $ ### ##
# ###     ####
##############",14,8,5,0,"easy_negative",17223908644557136660
"###########
# ## .    #
# ## # .# #
#.   $ $  #
# $$## @ ##
#   #   ###
####    .##
###########",11,8,4,1,"positive",5072558584836726996
"###########
### .# ## #
## #.#$ # #
# $# # ## #
#  @   .  #
# $      .#
####   ####
#   ##.$  #
# # ##$## #
#      ## #
###########",11,11,5,0,"easy_negative",5985023322624053887
"###########
# ## .  . #
# ## # .# #
#.   $ $  #
# $$## @ ##
#   #   ###
####     ##
###########",11,8,4,1,"positive",5072558584836726996
"########
#   @  #
# # .# #
#..$$$ #
# .  $ #
#  #$# #
#### . #
########",8,8,5,0,"easy_negative",14366546521186776332
"##############
#   ### # #  #
### ..# # #  #
###     #.#  #
##    # $ #$##
##  # ##     #
###$##### # ##
### ##   @####
### ## ##$. ##
#    $ ##. ###
#     #      #
###  ## # #  #
###   #   ####
##############",14,14,5,0,"easy_negative",13228922853868150586
"########
##. #  #
##  #$ #
## .#  #
# $$$..#
#   @###
#### ###
########",8,8,4,1,"positive",13719340840684672013
"########
##. #  #
##  #$ #
## .#  #
# $ $..#
# $ @###
#### ###
########",8,8,4,0,"hard_negative",13719340840684672013
"########
##. #  #
##  #$ #
## .#  #
# $$$..#
#  @ ###
#### ###
########",8,8,4,1,"positive",13719340840684672013
"########
##. #  #
##  #$ #
## .#  #
# $$$..#
#   @###
#### ###
########",8,8,4,1,"positive",13719340840684672013
"########
##. #  #
##  #$ #
## .#  #
# $$ *.#
#   @###
#### ###
########",8,8,4,1,"positive",13719340840684672013
"########
##. #  #
##  #$ #
## .#  #
# $$ $.#
#   @###
####.###
########",8,8,4,0,"hard_negative",13719340840684672013
"########
##  #  #
##  #$ #
## .#  #
# *$ *.#
#   @###
#### ###
########",8,8,4,1,"positive",13719340840684672013
"###########
###.###   #
## $  #$# #
#   .##$ .#
#### $$$  #
##@#### #.#
##   . .  #
###########",11,8,6,0,"easy_negative",2488642954613275237
"##############
###  #    # ##
###  #$ # $  #
#.   # #### ##
#.       .####
##  $ #$##   #
###  ## ##   #
#  ## #  ##  #
#  #.   $### #
#  ##@#  ##  #
# $   #      #
##  . # ##.# #
#### ## ######
##############",14,14,6,0,"easy_negative",9668498456248353204
"###########
#    . ####
###$### #.#
### .$.$  #
###  $ .$ #
###$###$###
# ..  @ ###
###########",11,8,7,0,"easy_negative",1092455489048622746
"########
##.#.  #
# .$ #@#
##$# $ #
##$##$ #
#.$ # .#
##.### #
########",8,8,6,0,"easy_negative",10793694693078200501
"##############
## #   ##  ###
#   ## ## $ ##
## ###$  $$ .#
## .   .  # ##
##$$.#. #    #
##.@   #### ##
##############",14,8,6,0,"easy_negative",7751467514870178481
"###########
# ##      #
# #  #@$# #
# ##      #
#     $ # #
#   #  $# #
# $ ### # #
#. # .    #
# ###    ##
# .###  ###
#         #
#  # #.   #
# ##   ####
###########",11,14,4,1,"positive",15238341741584554999
"###########
#    ######
# #  ###  #
#      ## #
###  ##.  #
##   ## # #
# $       #
#..# #.####
#  # #$$@ #
#  # #  $ #
#   ##### #
#     $ .##
#       ###
###########",11,14,5,0,"easy_negative",27380195609130108
"########
#.   . #
# # $  #
# $ ####
# $ .$ #
#. #   #
#@##   #
########",8,8,4,1,"positive",9631933956257457002
"########
#.   . #
# #    #
# $ ####
# $ .$ #
#. #$  #
#@##   #
########",8,8,4,0,"hard_negative",9631933956257457002
"########
#.   . #
# # $  #
# $ ####
#@$ .$ #
#. #   #
# ##   #
########",8,8,4,1,"positive",9631933956257457002
"########
#.   . #
# # $  #
# $ ####
#@$..$ #
#  #   #
# ##   #
########",8,8,4,0,"hard_negative",9631933956257457002
"########
#.   . #
# # $  #
# $ ####
#@$ .  #
#. #$  #
# ##   #
########",8,8,4,1,"positive",9631933956257457002
"########
#   .. #
# # $  #
# $ ####
#@$ .  #
#. #$  #
# ##   #
########",8,8,4,1,"positive",9631933956257457002
"########
#   .. #
# # $$ #
# $ ####
#@  .  #
#. #$  #
# ##   #
########",8,8,4,0,"hard_negative",9631933956257457002
"##############
### ## ## #  #
### #  ## #  #
#   .    $#  #
#       $    #
# #####$#  ###
# ##.  $$  ###
#     .   #@##
# #   # $    #
#    ###### ##
# ##   # $   #
#.##  .#    ##
# .    # .####
##############",14,14,7,0,"easy_negative",5067748195508715386
"########
#   .. #
# # $  #
#   ####
#@$ *  #
#. #$  #
# ##   #
########",8,8,4,0,"hard_negative",9631933956257457002
"########
#   +. #
# # $  #
# $ ####
# $ .  #
#. #$  #
# ##   #
########",8,8,4,1,"positive",9631933956257457002
"###########
##.##. ## #
# $.#$$## #
##.##$$  @#
#. $ $.####
###$.#  # #
###.###   #
###########",11,8,8,0,"easy_negative",6930304327211747096
"###########
# ##.     #
# ##$.$## #
# $.$..##.#
# #$ #. $ #
# #$###@# #
# #  #    #
###########",11,8,7,0,"easy_negative",11101099652328121777
"########
# @ .  #
### #  #
### ## #
#  .$. #
# #$####
# $ $$.#
### ####
###.#  #
#   ## #
# ##.$ #
# ## $ #
# .    #
########",8,14,7,0,"easy_negative",3159847562626436119
"##############
##  #######  #
##   #    #  #
## $# #   #  #
##  $ ##  #  #
## #$ ### #  #
#### $##  ## #
#  ##.      .#
# ###  ### # #
#  ##     $. #
## @$  .#$  .#
###$### # #  #
##  ... # ## #
##############",14,14,8,0,"easy_negative",9473015596970286939
"###########
# ##      #
# #  # $# #
# ##      #
#     $ # #
#   #  $# #
#@$ ### # #
#. # .    #
# ###    ##
# .###  ###
#         #
#  # #.   #
# ##   ####
###########",11,14,4,1,"positive",15238341741584554999
"########
##.#####
#  $.# #
##$#$@ #
#  $  ##
# #$  ##
# $.. ##
# .$# ##
# #.####
# .    #
# $.   #
#### ###
#    ###
########",8,14,8,0,"easy_negative",17058491705193876291
"###########
# ##      #
# #  # $# #
# ##  .   #
#     $ # #
#   #  $# #
#@$ ### # #
#  # .    #
# ###    ##
# .###  ###
#         #
#  # #.   #
# ##   ####
###########",11,14,4,1,"positive",15238341741584554999
"###########
# ##      #
# #  # *# #
# ##  .   #
#     $ # #
#   #  $# #
#@$ ### # #
#  # .    #
# ###    ##
#  ###  ###
#         #
#  # #.   #
# ##   ####
###########",11,14,4,1,"positive",15238341741584554999
"##############
#     . ##  .#
###$ #  .### #
### ###$$ ## #
# ##    #  $ #
#.## #$###$$ #
#@.     #. . #
##############",14,8,7,0,"easy_negative",8449488544674494271
"########
##.#   #
# .$$###
##$#.###
# $$@ .#
####$###
#  . ###
# ##.$ #
# .# # #
#  #   #
########",8,11,7,0,"easy_negative",5407386115957139257
"###########
# ##      #
# #  # *# #
# ##  .   #
#     $ # #
#  @#  $# #
# $ ### # #
#  # .    #
# ###    ##
#  ###  ###
#         #
#  # #.   #
# ##   ####
###########",11,14,4,1,"positive",15238341741584554999
"########
########
#     ##
# $. ###
# ###  #
#.#### #
#   #. #
##$##. #
#   #..#
##$### #
##$$$..#
##@$$ ##
### ####
########",8,14,8,0,"easy_negative",827629777517014310
"########
##     #
###.####
## $$..#
#.$@####
# $  $ #
# .    #
########",8,8,5,1,"positive",10553927261044667250
"########
##     #
###.####
## $$..#
#.$ ####
# $  $ #
# .   @#
########",8,8,5,1,"positive",10553927261044667250
"########
##     #
###.####
## $$..#
#.$$####
#    $ #
# .   @#
########",8,8,5,0,"hard_negative",10553927261044667250
"########
##     #
###.####
## $$..#
#.$ ####
# $  $.#
#     @#
########",8,8,5,1,"positive",10553927261044667250
"########
##     #
###.####
## $*..#
# $ ####
# $  $.#
#     @#
########",8,8,5,1,"positive",10553927261044667250
"########
##     #
###.####
## $$..#
# $ ####
# *  $.#
#     @#
########",8,8,5,1,"positive",10553927261044667250
"##############
##   #  #    #
##.  #$### # #
##   #  #    #
## # .    # ##
####    #    #
# .@### $ #$##
#      $## . #
# #  # $## ###
#         .###
##############",14,11,5,0,"easy_negative",16157566677726375268
"###########
# .  #.####
# #$ #  # #
# $$ # @  #
# . ####$##
## $      #
###  . #.##
###########",11,8,5,0,"easy_negative",12594140203484375345
"########
#    ###
### $###
###   .#
### ####
##..$ ##
#.$  ###
## #  ##
#  $  ##
##@#  ##
########",8,11,4,0,"easy_negative",6751465110241892231
"###########
####      #
#  .@#  .##
#     . ###
#  $#  $  #
# # #  ## #
#   #$ ## #
# .  $  ###
# #      ##
###########
###########",11,11,4,0,"easy_negative",14146858381579473962
"###########
## #  . ###
#    #   ##
## #    @##
#   $$.#. #
# $ $ ### #
####$###  #
#### ##  ##
# # .#   ##
#    ## .##
#   $##   #
# #  ##   #
# .    ####
###########",11,14,6,0,"easy_negative",11923311032360107075
"###########
####@     #
##   .$$..#
#   ###   #
#      $# #
#.#$### # #
#       # #
###########",11,8,4,1,"positive",9295770119294474071
"###########
####@     #
## $ . $..#
#   ###   #
#      $# #
#.#$### # #
#       # #
###########",11,8,4,1,"positive",9295770119294474071
"###########
####@     #
## $ . $..#
#   ###   #
# $    $# #
#.# ### # #
#       # #
###########",11,8,4,1,"positive",9295770119294474071
"###########
####@     #
## $   $..#
#   ###.  #
# $    $# #
#.# ### # #
#       # #
###########",11,8,4,1,"positive",9295770119294474071
"###########
####@     #
## $   *. #
#   ###.  #
# $    $# #
#.# ### # #
#       # #
###########",11,8,4,1,"positive",9295770119294474071
"##############
####      #  #
#  #### ###  #
#     . #### #
# ## $$$  #  #
# ## ###  #  #
#.$ .######. #
#   # #   #  #
# #  $  #.# @#
#   # #   #  #
#######      #
#     #  # ###
#       ## ###
##############",14,14,5,0,"easy_negative",6172508090579094834
"###########
### # #   #
###  $   ##
#   #.#####
# ##      #
# #  # ####
# #####   #
#.## ###$##
#  #.##@  #
#. #$  #$##
#. .$$$$  #
#   ###.#.#
####      #
###########",11,14,8,0,"easy_negative",4358542256817081679
"########
#.  #.##
## $$$ #
### # ##
###.$@ #
### $ ##
#. .####
########",8,8,5,0,"easy_negative",1779249133013601837
"########
###   ##
#  #$###
# ##..##
#   #$##
#  $$$ #
#####.##
# ..   #
# # $# #
#@    .#
########",8,11,6,0,"easy_negative",12011138533954099380
"########
##### ##
## @   #
###$# ##
#.  ####
# $$  .#
#  .   #
########",8,8,3,0,"easy_negative",13956254065985835496
"########
#.     #
# #.$ ##
#   $###
# $ $ .#
# #@####
#    . #
########",8,8,4,1,"positive",13869419120604517408
"########
#.     #
# #.$ ##
#  $$###
#   $ .#
# #@####
#    . #
########",8,8,4,1,"positive",13869419120604517408
"########
#.     #
# #.$ ##
#  $$###
#   $ .#
# # ####
#  @ . #
########",8,8,4,1,"positive",13869419120604517408
"########
#.     #
# #.$ ##
#  *$###
#   $ .#
# # ####
#  @   #
########",8,8,4,1,"positive",13869419120604517408
"########
#.     #
#@#.$ ##
#  *$###
#   $ .#
# # ####
#      #
########",8,8,4,1,"positive",13869419120604517408
"###########
#  .    ###
# # .#   ##
#@    . $ #
#      $ ##
# #. ## ###
# $ $##  ##
#    ##   #
# ##  ### #
# ####### #
###########",11,11,4,0,"easy_negative",12081671940260720851
"##############
####  .    ###
# # $ $#   ###
# $.   ##$$  #
#.### ### # ##
# ######@..$.#
#      #  # ##
##############",14,8,6,0,"easy_negative",6160689958992823006
"##############
#   # ####   #
# # .$  #  # #
##### #   ####
# .# $  #  # #
# ##   ### # #
#. #    #  # #
## ## ### .  #
#  $   ## #  #
## ##$#.@ ## #
#   # $ ##   #
# ###$$#.  ###
#.###  ##  ###
##############",14,14,7,0,"easy_negative",16964225232991093595
"###########
#####.#.  #
#@#    .# #
#   #.#   #
#  #####  #
# $#   #$ #
#  #   #  #
##$###    #
# $.#  #  #
## # #### #
# $  #### #
#    ###  #
####      #
###########",11,14,5,0,"easy_negative",15180664937581819686
"##############
## ##  .     #
# . # $###   #
## ## $ . ####
##.  # #     #
##$ ##### ####
##$ .# #     #
#.  ## ##    #
###$ # #  .# #
###$##       #
##    $$   # #
##      ##.# #
### ### ##@# #
##############",14,14,8,0,"easy_negative",15936277714978816220
"##############
#   # # #### #
#  .   .####@#
##### #    $ #
#  $     # $ #
#.$ #    #  ##
#   ## .######
##############",14,8,4,1,"positive",3774849345057566691
"##############
#   # # #### #
#      .####@#
##### #    $ #
#  $     # * #
#.$ #    #  ##
#   ## .######
##############",14,8,4,1,"positive",3774849345057566691
"##############
#   # # #### #
#      .####@#
#####.#    $ #
#  $     # $ #
#.$ #    #  ##
#   ## .######
##############",14,8,4,1,"positive",3774849345057566691
"##############
#   # # #### #
#      .####@#
#####.#      #
#  $     # $ #
#.$$#    #  ##
#   ## .######
##############",14,8,4,0,"hard_negative",3774849345057566691
"###########
#       ###
#  .### .##
#.     ####
# ##      #
#.##### # #
#   # #   #
# #.# .#.##
#####  $$ #
# # ## #.##
#    $$ $ #
#  $##$$# #
#@  ##    #
###########",11,14,8,0,"easy_negative",10694496914427674198
"##############
#   # # #### #
#      .####@#
#####.#    $ #
#  $    $#   #
#.$ #    #  ##
#   ## .######
##############",14,8,4,0,"hard_negative",3774849345057566691
"##############
#   # # #### #
#      .#### #
#####.#    $ #
#  $     # $ #
#.$ #    #  ##
# @ ## .######
##############",14,8,4,0,"hard_negative",3774849345057566691
"##############
#   #.# #### #
#       ####@#
#####.#    $ #
#  $     # $ #
#.$ #    #  ##
#   ## .######
##############",14,8,4,1,"positive",3774849345057566691
"##############
#   #.# #### #
#       #### #
#####.#    $ #
#  $     # $ #
#.$ # @  #  ##
#   ## .######
##############",14,8,4,0,"hard_negative",3774849345057566691
"##############
#   #.# #### #
#       ####@#
#####.#    $.#
#  $     # $ #
#.$ #    #  ##
#   ##  ######
##############",14,8,4,1,"positive",3774849345057566691
"##############
#      ####  #
# ##$##   ## #
# ## ##   #  #
#. #  .##  $ #
# ####  @#  ##
#  ###  ##.###
# ## ##  .   #
#  #$##$##$# #
###     ## . #
##############",14,11,5,0,"easy_negative",1903797202814110647
"##############
#            #
#   #####  # #
####   ##$   #
### ##$    # #
##  ##$  # # #
##    .@## # #
# .   # $    #
##   ## .  # #
#### .#   ####
##############",14,11,4,0,"easy_negative",12102860561927076313
"########
#    ###
###$..##
###$ ..#
## $####
###.  ##
##    @#
####$ ##
##  $ ##
#    ###
########",8,11,5,0,"easy_negative",847515604847664544
"########
#  #   #
#  #. ##
#  # ###
# ## ###
#.## ###
#.$$   #
#.##$$ #
#  #@# #
#      #
########",8,11,4,0,"easy_negative",17072016200149700170
"###########
#. .###   #
# #  # @# #
# .$    $ #
#   # # $ #
# #   $  .#
##### #####
###########",11,8,4,1,"positive",9671390421022065574
"###########
#.  ###   #
# #  # @# #
# .$    $ #
#   # # $ #
# #   $. .#
##### #####
###########",11,8,4,1,"positive",9671390421022065574
"###########
#.  ###   #
# #  # @# #
# .$   $$ #
#   # #   #
# #   $. .#
##### #####
###########",11,8,4,1,"positive",9671390421022065574
"###########
#.  ###   #
# #  # @# #
# .$   $$ #
#   # #   #
# #  .$.  #
##### #####
###########",11,8,4,1,"positive",9671390421022065574
"###########
#.  ###   #
# #  # @# #
# .$   $$ #
#   # #   #
# #   $.. #
##### #####
###########",11,8,4,1,"positive",9671390421022065574
"##############
# @#### .   ##
#  # # $$ #.##
# ##      ####
#   .#  #.   #
# #$######## #
#    #  # ## #
# $$ ##   ####
##   ##    .##
###          #
##############",14,11,5,0,"easy_negative",15522559057649659988
"##############
##  #  ##### #
##  #  $  ## #
### #     $  #
##   #  ##   #
##  ### #  . #
##   #  ######
#   $## # #  #
#. # ##$# #  #
# ## .  # #  #
### . #  $   #
### @$#   .# #
#     ####.  #
##############",14,14,6,0,"easy_negative",16022635781298943806
"########
#. @   #
# #.$# #
#  $$$ #
#.##$. #
# ##$ ##
#    ###
###.#.##
## $.$ #
#####.##
########",8,11,8,0,"easy_negative",7758277699632296751
"##############
#######    ###
##.#  #### @##
#  # ##      #
# .  ## $ $ ##
# #   # #$ ###
#   ##      ##
#       ######
# # ##   #  .#
#  .##       #
###  ### ## ##
###  #     $ #
#    ### ## ##
##############",14,14,4,0,"easy_negative",3506605695392893849
"##############
#   ## # #.  #
## $##   .. ##
###    # # ###
## $ # # # $ #
## # #  #    #
#### # ###.  #
###   $ #  # #
##   @ ### # #
####    #  # #
##############",14,11,4,0,"easy_negative",17419614138600624605
"###########
##   # ####
###  #   .#
## .$#    #
#    @ $# #
# $  #  # #
#   ###.# #
# ##  .   #
#  # $ ####
#  #      #
###########",11,11,4,1,"positive",13528768048142272468
"###########
##   # ####
###  #   .#
## .$#    #
#      $# #
# $  #  # #
#   ###+# #
# ##  .   #
#  # $ ####
#  #      #
###########",11,11,4,1,"positive",13528768048142272468
"###########
##   # ####
###  #   .#
## .$#    #
#      $# #
# $  #  # #
#   ###.# #
# ##  .   #
#  # $ ####
#  #@     #
###########",11,11,4,1,"positive",13528768048142272468
"###########
##   # ####
###  #   .#
## .$#    #
#      $# #
# $  #  #@#
#   ###.# #
# ##  .   #
#  # $ ####
#  #      #
###########",11,11,4,1,"positive",13528768048142272468
"###########
##   # ####
###  #   .#
## .$#    #
#      $# #
# $  #  # #
#   ###.# #
# ##  .   #
#  # $ ####
#  #   @  #
###########",11,11,4,1,"positive",13528768048142272468
"##############
### ###    . #
## $ .  #  # #
####  @      #
# $ $#  ###$##
# #  # . #   #
####.# #### ##
##############",14,8,4,0,"easy_negative",6950414038435304556
"###########
#   .   . #
# # ###  ##
#       ###
#  . #    #
# #####   #
# ## # $  #
###   $ ###
##   #$ ###
# $.   @  #
##.$# #####
###.   $ ##
##  # #   #
###########",11,14,6,0,"easy_negative",5053646902061716647
"########
#.. .  #
#@#$$###
# .$$###
##.#$$ #
#   $# #
##.#  .#
########",8,8,7,0,"easy_negative",11676220047884459879
"###########
## #    ###
#  $. # ###
## # ##   #
##$ #### ##
##. $     #
## $   # ##
#  # . ##.#
#. #####  #
#@ # $ $  #
#   # # # #
##  $   # #
#####.# #.#
###########",11,14,7,0,"easy_negative",17838371361754698490
"##############
## ### # # @ #
#   # $.  #  #
##$#.$.# ### #
#  .  ###.   #
####$#### ####
#  $. #  $   #
####.##    ###
## $$## ## .##
#       ##  ##
##############",14,11,8,0,"easy_negative",4679978222771783709
"###########
## ## #   #
#         #
## ## #   #
####   #  #
#  # # ## #
#      #  #
#.##  #   #
# ## ##.# #
# $   # $ #
#    @# $ #
# #$ ###. #
#    .### #
###########",11,14,4,1,"positive",12010479352467702013
"###########
## ## #   #
#         #
## ## #   #
####   #  #
#  # # ## #
#      #  #
#.##  #   #
# ## ## # #
# $.  # $ #
#    @# $ #
# #$ ###. #
#    .### #
###########",11,14,4,0,"hard_negative",12010479352467702013
"###########
## ## #   #
#      $  #
## ## #   #
####   #  #
#  # # ## #
#      #  #
#.##  #   #
# ## ##.# #
# $   # $ #
#    @# $ #
# #  ###. #
#    .### #
###########",11,14,4,0,"hard_negative",12010479352467702013
"###########
#.. ##   ##
# ####  ###
# ##    .##
#.$ $     #
# ## #@$###
# ##### ###
# ### #$$ #
# # $ .$# #
#.###$#   #
#   # .# ##
# ### #   #
#.###### ##
###########",11,14,8,0,"easy_negative",3767583238144291921
"###########
## ## #   #
#         #
## ## #   #
####   #  #
# .# # ## #
#      #  #
#.##  #   #
# ## ##.# #
# $   # $ #
#    @# $ #
# #$ ###. #
#     ### #
###########",11,14,4,0,"hard_negative",12010479352467702013
"###########
## ## #   #
#         #
## ## #   #
####   #  #
#  # # ## #
#      #  #
#.##  #   #
# ## ##.# #
# $   # $ #
#     # $ #
#@#$ ###. #
#    .### #
###########",11,14,4,1,"positive",12010479352467702013
"##############
##### #   #  #
#      ## ##@#
#   # ### #  #
##  # #     ##
###  $.##   ##
##  #$### ..##
#  ## .$  ####
# ###   #  # #
#  ##  $$ .$ #
#   ##.## $# #
#  .## #   # #
####   ### # #
##############",14,14,7,0,"easy_negative",10600203072389772512
"###########
## ## #   #
#         #
## ## #   #
####   #  #
#  # # ## #
#      #  #
#.##  #   #
# ## ##.# #
# $   #   #
#     # $ #
#@#$$###. #
#    .### #
###########",11,14,4,0,"hard_negative",12010479352467702013
"###########
## ## #   #
#         #
## ## # $ #
####   #  #
#  # # ## #
#      #  #
#.##  #   #
# ## ##.# #
# $   #   #
#     # $ #
#@#$ ###. #
#    .### #
###########",11,14,4,0,"hard_negative",12010479352467702013
"###########
## ## #   #
#         #
## ## #   #
####   #  #
#  # # ## #
#      #  #
#.##  #   #
# ## ##+# #
# $   # $ #
#     # $ #
# #$ ###. #
#    .### #
###########",11,14,4,1,"positive",12010479352467702013
"###########
## ## #   #
#         #
## ## #   #
####   #  #
#. # # ## #
#      #  #
# ##  #   #
# ## ##+# #
# $   # $ #
#     # $ #
# #$ ###. #
#    .### #
###########",11,14,4,1,"positive",12010479352467702013
"###########
## ## #   #
#         #
## ## #   #
####   #  #
#. # # ## #
#      #  #
# ##  #   #
# ## ##+# #
# $   # $.#
#     # $ #
# #$ ###  #
#    .### #
###########",11,14,4,1,"positive",12010479352467702013
"##############
##  # #   # ##
##        $  #
##  # # @.#.##
##.#   ##$   #
#. $ $ ## ####
## ####      #
##############",14,8,4,0,"easy_negative",2969385631654727729
"##############
###    ###.  #
### ###.$  # #
# $. $ $ .   #
# ## #  ## # #
## $ #$ #@ # #
###  # .##.# #
##############",14,8,6,0,"easy_negative",8269561852837026656
"###########
###   # ###
## #  #  ##
#  #  #.  #
#   $.#$# #
# #   # # #
# $  ## # #
#  #.#  ###
# ## # $ ##
#  # # @  #
#  #  .   #
#  ###  ###
# ####  ###
###########",11,14,4,0,"easy_negative",17562870326205395437
"##############
#    .  #    #
# # . #$#$#  #
#    ## # ## #
#### $  @    #
#.$  .  # $  #
#      ###  .#
##############",14,8,5,1,"positive",7113681503447695003
"###########
###    .###
## $$$ . ##
#  @#######
##  ##  ###
##  #. $ ##
##.     .##
#  $$$ .###
# ## #$.###
# ##    . #
###########",11,11,8,0,"easy_negative",1792073508143937562
"##############
#    .  #    #
# # . #$#$#  #
#    ## # ## #
#### $  @    #
#.   .$ # $  #
#      ###  .#
##############",14,8,5,1,"positive",7113681503447695003
"###########
#####.### #
## #  .# @#
##  # ## .#
#  $ $ $ ##
#. $ ##$.##
#### ##  ##
###########",11,8,5,0,"easy_negative",8796858138987383083
"##############
#    .  #    #
# # . #$#*#  #
#    ## # ## #
#### $  @    #
#.    $ # $  #
#      ###  .#
##############",14,8,5,1,"positive",7113681503447695003
"##############
#    .  #    #
# # . #$#*#  #
#    ##$# ## #
#### $  @    #
#.    $ #    #
#      ###  .#
##############",14,8,5,0,"hard_negative",7113681503447695003
"########
# #    #
# #. ###
# #$.###
#   $$ #
##.$## #
###$##.#
# .$## #
# #$.#@#
#   ##.#
########",8,11,7,0,"easy_negative",5650152389651431670
"##############
#    .  #  @ #
# # . #$#*#  #
#    ## # ## #
#### $       #
#.    $ # $  #
#      ###  .#
##############",14,8,5,1,"positive",7113681503447695003
"##############
#### #.  # . #
#  # #  ## #.#
#    #.$ #   #
### # # $ $  #
## @    #$## #
#   # #   ## #
##############",14,8,4,0,"easy_negative",5579840583565445060
"##############
#    .  #  @ #
# # . #$#*#  #
#   $## # ## #
#### $       #
#.    $ #    #
#      ###  .#
##############",14,8,5,1,"positive",7113681503447695003
"########
# ..   #
# #@$.##
####$###
####$ ##
## #$ ##
##  .###
########",8,8,4,0,"easy_negative",4115399420417430758
"########
#   # ##
# #    #
#   #$##
#  $  ##
# # $@##
# $ .$##
## # ..#
#. . $ #
## #.  #
########",8,11,6,1,"positive",821230812968097934
"##############
## ## ## # ###
# .   $ $  ###
## ## ## # . #
#   ..$ $$ ..#
#    .#  # # #
####$## ##   #
###  ##@######
###   ## # # #
# $    #  $  #
##  ##    ## #
##  #    ##  #
##  #  .######
##############",14,14,8,0,"easy_negative",16032194245331130443
"###########
#  @    . #
# # $ #   #
# $  ######
###   $   #
### ### $ #
#. .    . #
###########",11,8,4,1,"positive",7043091582701427292
"########
# ###  #
#..##$ #
#  .#  #
#  $  .#
# #$$ ##
# $ ####
#.#  $ #
#@# $#.#
# #   .#
########",8,11,7,0,"easy_negative",15176419559503266674
"###########
#  @    . #
# # $ #  .#
# $  ######
###   $   #
### ### $ #
#. .      #
###########",11,8,4,0,"hard_negative",7043091582701427292
"###########
#  @    . #
# # $ #   #
# $  ######
###   $ $ #
### ###   #
#. .    . #
###########",11,8,4,0,"hard_negative",7043091582701427292
"###########
#  @.   . #
# # $ #   #
# $  ######
###   $   #
### ### $ #
#  .    . #
###########",11,8,4,1,"positive",7043091582701427292
"###########
#   .   . #
# # $ #   #
# $  ######
###@  $   #
### ### $ #
#  .    . #
###########",11,8,4,1,"positive",7043091582701427292
"###########
#   .     #
# # $ #   #
# $  ######
###@  *   #
### ### $ #
#  .    . #
###########",11,8,4,1,"positive",7043091582701427292
"###########
#   .     #
# # $ #   #
# $$ ######
###@  *   #
### ###   #
#  .    . #
###########",11,8,4,0,"hard_negative",7043091582701427292
"###########
#   .     #
# # $ #   #
# $  ######
###@ $*   #
### ###   #
#  .    . #
###########",11,8,4,0,"hard_negative",7043091582701427292
"###########
#         #
# # $ #   #
# *  ######
###@  *   #
### ### $ #
#  .    . #
###########",11,8,4,1,"positive",7043091582701427292
"##############
#  .  .# #   #
#          # #
######## #$  #
### ### ##  ##
## $#.# ##  ##
# $.$ #  $  ##
#  # ## ## ###
# ## ## ## ###
#  #  .  .$  #
# ####   $ . #
#  ##   #@## #
#####  ##### #
##############",14,14,7,0,"easy_negative",13803084949327653864
"###########
##.####. ##
# $.# # ###
##$##.   ##
# $.##$# ##
#. @# $$$ #
#      #.##
###########",11,8,7,0,"easy_negative",7463008524858135894
"########
#      #
# $   ##
#### ###
#      #
#  ###.#
#@#### #
#### $ #
## # # #
## . . #
#.  $  #
####$###
#    ###
########",8,14,4,0,"easy_negative",11241726758335634126
"########
########
# .@.# #
# $$   #
##$### #
#  . # #
## ### #
########",8,8,3,0,"easy_negative",14024557304641874212
"########
#@  # ##
# #    #
#   #$##
#  $  ##
# # $ ##
# $ .$##
## # ..#
#. . $ #
## #.  #
########",8,11,6,1,"positive",821230812968097934
"##############
#.    .  @  ##
#   ### #  ###
##### #  $$ ##
####    $..$ #
#     .### # #
#  $ .$  .   #
# # #$ # #####
#.# # #  $ # #
# # #### #   #
##############",14,11,8,0,"easy_negative",6189236959319837596
"########
#    . #
# #  # #
#  $$$ #
##.#.$##
#.$.. ##
## # ###
# @$  ##
####$ ##
#.    ##
########",8,11,7,1,"positive",3448929338785396941
"##############
####      #. #
# #  #  # ## #
# $ #######  #
#. $ # #.#   #
# #  #  $ $###
#    # # #$###
####  @###   #
#  .###     .#
#         ####
##############",14,11,5,0,"easy_negative",8410518673607350890
"########
#    . #
#@#  # #
#  $$$ #
##.#.$##
#.$.. ##
## # ###
#  $  ##
####$ ##
#.    ##
########",8,11,7,0,"hard_negative",3448929338785396941
"########
#@  # ##
# #    #
#   #$##
#  $  ##
# # $ ##
#   *$##
## # ..#
#. . $ #
## #.  #
########",8,11,6,1,"positive",821230812968097934
"########
#    . #
# #  # #
#  $$$@#
##.#.$##
#.$.. ##
## # ###
#  $  ##
####$ ##
#.    ##
########",8,11,7,0,"hard_negative",3448929338785396941
"########
# ######
# ##  ##
# .$ . #
# $ $$ #
# #### #
# #### #
# ##   #
#. ### #
### ## #
# @    #
##  ####
###.   #
########",8,14,4,0,"easy_negative",14282792094627204107
"########
#@  # ##
# #    #
#.  #$##
#  $  ##
# # $ ##
#   *$##
## # ..#
#  . $ #
## #.  #
########",8,11,6,1,"positive",821230812968097934
"########
# .  . #
# #  # #
#  $$$ #
##.# $##
#.$.. ##
## # ###
# @$  ##
####$ ##
#.    ##
########",8,11,7,1,"positive",3448929338785396941
"########
#@  # ##
# #    #
#.  #$##
#  $  ##
# # $ ##
#   *$##
## #...#
#    $ #
## #.  #
########",8,11,6,1,"positive",821230812968097934
"##############
# .  #.      #
#  $###### # #
#    #   .   #
## #  # $#   #
####$### # ###
#  .  ### @###
##$## # ##$$ #
#       ## # #
## ##.#   .  #
##############",14,11,6,0,"easy_negative",8515156891861370877
"##############
#  .   ##    #
#.#$## ##@## #
#   ##    ##.#
# ## $    #  #
#  #  #  ## .#
#  . ######$ #
# ## $ $ #   #
# ##     #  ##
#   ###  # ###
##############",14,11,5,0,"easy_negative",6856287718785369313
"###########
####   ## #
## $   #  #
# . $  #  #
#@ #$ ### #
#. #$ ### #
# ## .#   #
# $$ ##   #
#.##$## #.#
#.##  .   #
###########",11,11,7,0,"easy_negative",13497973057536754282
"########
# .  . #
# #  # #
#  $$$ #
##.#@$##
#.$.. ##
## # ###
#  $  ##
####$ ##
#.    ##
########",8,11,7,1,"positive",3448929338785396941
"########
# .    #
# #  # #
#  $$$ #
##.#@$##
#.$.. ##
## # ###
#  $  ##
####$ ##
#. .  ##
########",8,11,7,1,"positive",3448929338785396941
"########
# .    #
# #  # #
#   $$ #
##.#@$##
#.$.. ##
## #$###
#  $  ##
####$ ##
#. .  ##
########",8,11,7,0,"hard_negative",3448929338785396941
"##############
### ## .  ####
##  ## ##    #
#      ##    #
##$# #  . ####
#    # #### ##
## # #     @##
#       # $###
#   ## ###. ##
#   ##  # $  #
# # $    #.###
# # ##   # ###
# # ##  ##   #
##############",14,14,4,0,"easy_negative",2876995340202624546
"##############
##  ## ##.# ##
##  ## #  .  #
##        # ##
# ###.####  ##
#  #    #   ##
#  ##$#     ##
# $#  # $ # ##
#@ #  ###.####
#  #  ###  $ #
#   # ###    #
##  #####   ##
###        ###
##############",14,14,4,0,"easy_negative",18276733792618586407
"########
# .    #
# #  # #
#  $$$ #
##.# $##
#.$.. ##
## # ###
#@ $  ##
####$ ##
#. .  ##
########",8,11,7,1,"positive",3448929338785396941
"###########
#       ..#
#.$  $ .###
# @ ### ###
## $$    ##
###  #   ##
## .###$###
##### # $ #
# $     #.#
#  .# #   #
###########",11,11,7,0,"easy_negative",11484414210119726616
"########
# . .###
# #$ .##
# .   ##
#  $$ ##
### $###
### @ ##
########",8,8,4,1,"positive",132536790849629372
"########
# . .###
# #$ .##
# .   ##
#   $ ##
###$$###
### @ ##
########",8,8,4,1,"positive",132536790849629372
"###########
##   #  .##
##  ###  ##
##   #  .##
##..# # $ #
##      # #
### # # $ #
# ##  @ . #
#  # ##   #
# $$ ######
# $$# #####
# # $     #
#  .# # . #
###########",11,14,7,0,"easy_negative",15576734257359731497
"########
# . .###
# #$ .##
# .@  ##
#   $ ##
###$$###
###   ##
########",8,8,4,0,"hard_negative",132536790849629372
"########
# . .###
# #$ .##
# .   ##
#  $$ ##
### $###
### @ ##
########",8,8,4,1,"positive",132536790849629372
"########
# . .###
# #$ +##
# .   ##
#  $$ ##
### $###
###   ##
########",8,8,4,0,"hard_negative",132536790849629372
"########
#   .###
# #$ .##
# .   ##
#  $$.##
### $###
### @ ##
########",8,8,4,1,"positive",132536790849629372
"########
#   .###
# #$ .##
# .   ##
# @$$.##
### $###
###   ##
########",8,8,4,0,"hard_negative",132536790849629372
"########
#   .###
# #$@.##
# .   ##
#  $$.##
### $###
###   ##
########",8,8,4,0,"hard_negative",132536790849629372
"########
#   .###
# #$ .##
# . @ ##
#  $$.##
### $###
###   ##
########",8,8,4,0,"hard_negative",132536790849629372
"########
#   .###
# #$ .##
# .   ##
#@ $$.##
### $###
###   ##
########",8,8,4,0,"hard_negative",132536790849629372
"########
#   .###
# #$ .##
# . @ ##
#  $$.##
### $###
###   ##
########",8,8,4,0,"hard_negative",132536790849629372
"########
#   .###
# #$ .##
# .   ##
# $$$.##
###  ###
### @ ##
########",8,8,4,1,"positive",132536790849629372
"##############
#   # #   #  #
# ##. $@ ##$ #
# ###.#####  #
#     $$     #
###$ #. #$.# #
###.###  .   #
##############",14,8,6,0,"easy_negative",7074406628534029419
"##############
##### #...   #
##.  $$$$.   #
### # ########
#   #$#   # ##
#@  . $  $ . #
#   # #   # ##
##############",14,8,7,0,"easy_negative",13775065908012397821
"##############
#    #   .#  #
# #$#####.#  #
#  $ # ##.#$ #
# ##  $     .#
##    # $ $#.#
### .#####   #
#  $ ## #### #
# ## @# ###. #
# ####       #
##############",14,11,7,0,"easy_negative",4575391265455872746
"########
#.  ####
###.  ##
###  ###
####. ##
#.#   ##
#  $$ ##
# ## ###
# ##$ ##
# $$  @#
# $ $  #
# #.# .#
#.  ## #
########",8,14,7,0,"easy_negative",3896651793966251490
"########
#    ###
# # $ ##
# @$ $##
# #$ . #
#.#  # #
#.#.####
########",8,8,4,1,"positive",6053357667268305572
"########
#    ###
# # $ ##
#  $ $##
# #$ . #
#.# @# #
#.#.####
########",8,8,4,1,"positive",6053357667268305572
"########
#    ###
# # $ ##
#  $@$##
# #$ . #
#.#  # #
#.#.####
########",8,8,4,1,"positive",6053357667268305572
"########
#    ###
# #@$ ##
#  $ $##
# #$ . #
#.#  # #
#.#.####
########",8,8,4,1,"positive",6053357667268305572
"########
#    ###
# #@$ ##
#  $.$##
# #$ . #
# #  # #
#.#.####
########",8,8,4,1,"positive",6053357667268305572
"###########
# ##### . #
# ##.     #
#   .$   @#
#. $# #####
##  $$  # #
### # #   #
###########",11,8,4,0,"easy_negative",8731610966279450000
"###########
# ..#.# # #
##  $   # #
###$#$# # #
### # ### #
##  ##### #
# $     @ #
###  .$ .##
##   ##  ##
#### ##  ##
###########",11,11,5,0,"easy_negative",16683225386032091189
"###########
# #  ##  ##
# # # $  ##
# # ##   ##
# $ $  .. #
###  #.$# #
### @   . #
###########",11,8,4,0,"easy_negative",17011084525048232467
"########
### . ##
##..$ ##
####$###
####$ .#
##@$$$.#
# .    #
########",8,8,6,0,"easy_negative",8300368388341915566
"########
#. .####
#.#$ #.#
# .$$$ #
#.$.$$ #
# #$@# #
#.  ####
########",8,8,8,0,"easy_negative",18323727183729648474
"###########
#   .  ####
###@ #$.  #
###    $  #
###   # $ #
## $ ####.#
##  . ### #
###########",11,8,4,1,"positive",9498118987882991549
"###########
#   .  ####
###@ #$.  #
### $     #
###   # $ #
## $ ####.#
##  . ### #
###########",11,8,4,1,"positive",9498118987882991549
"###########
#   .  ####
###@ #$.  #
### $     #
###$  #   #
## $ ####.#
##  . ### #
###########",11,8,4,1,"positive",9498118987882991549
"###########
#   .  ####
###@ #$.  #
### $  .  #
###$  #   #
## $ #### #
##  . ### #
###########",11,8,4,1,"positive",9498118987882991549
"###########
#   .  ####
###@ # .  #
### $ $.  #
###$  #   #
## $ #### #
##  . ### #
###########",11,8,4,0,"hard_negative",9498118987882991549
"###########
#   .  ####
###@ #$.  #
###$   .  #
###$  #   #
## $ #### #
##  . ### #
###########",11,8,4,0,"hard_negative",9498118987882991549
"###########
#   .  ####
###@ #$.  #
### $  .. #
###$  #   #
## $ #### #
##    ### #
###########",11,8,4,1,"positive",9498118987882991549
"##############
#  .##  ###.##
### #  . # $ #
###   $####$##
#   ##$##    #
# ####$#  ## #
#@##  .  .## #
##############",14,8,5,0,"easy_negative",7112612664917407582
"###########
## #     .#
# @$ #$ # #
##.#$     #
###    #  #
###  #.#$ #
#   ####. #
###########",11,8,4,0,"easy_negative",5681986538363908642
"##############
#   ##### ####
# # #  #.    #
# $.$        #
##     $##$###
## #### ## ###
####@ $ $    #
#   #$###.$###
#    . ##  ###
#   # #      #
###.### # # ##
###  #. #    #
#  .    # #.##
##############",14,14,8,0,"easy_negative",8301570974274272022
"########
###   .#
### # .#
#   ## #
## # ###
# . $###
## #   #
###.$@##
## $$###
#     ##
########",8,11,4,0,"easy_negative",4099564126144429993
"##############
## .#   ##   #
##  #$  ##.@ #
##  #   .    #
#     $##$ ###
###  #  #$  ##
### $  ##$   #
#   ##  # # ##
#   ## ###.  #
####  . # #.##
###         .#
##  ##$ # ## #
#   ## ##### #
##############",14,14,7,0,"easy_negative",13155822017709765177
"##############
# ## ##     ##
#  # ##### ###
#  $.   $  @##
#  $   # #  ##
#..##     $.##
######## #  ##
##############",14,8,4,1,"positive",1417884124130898635
"##############
# ## ##     ##
#  # ##### ###
#  $.   $  @##
#  $.  # #  ##
# .##     $.##
######## #  ##
##############",14,8,4,0,"hard_negative",1417884124130898635
"##############
# ## ##   @ ##
#  # ##### ###
#  $.   $   ##
#  $   # #  ##
#..##     $.##
######## #  ##
##############",14,8,4,1,"positive",1417884124130898635
"##############
# ## ##   + ##
#  # ##### ###
#  $    $   ##
#  $   # #  ##
#..##     $.##
######## #  ##
##############",14,8,4,1,"positive",1417884124130898635
"##############
# ## ##   + ##
#  # ##### ###
#  $    $ . ##
#  $   # #  ##
#..##     $ ##
######## #  ##
##############",14,8,4,1,"positive",1417884124130898635
"##############
# ## ##   . ##
#  # ##### ###
#  $    $ . ##
#  $   # # @##
#..##     $ ##
######## #  ##
##############",14,8,4,1,"positive",1417884124130898635
"##############
# ##.#####   #
# ##  # #.   #
#   $ #$$ ####
#### $   $## #
# #  ##.# ## #
#    ##   $  #
#. #@  ## ## #
## #   #.### #
### .    #   #
##############",14,11,6,0,"easy_negative",18227629662017220789
"########
#  ##  #
# ###  #
# .##  #
## # $ #
#   @# #
## # $ #
###    #
###$ # #
#     .#
#. $   #
## . # #
### ####
########",8,14,4,0,"easy_negative",16836335767054776447
"########
#### ###
## # ###
#  #$..#
# $ $$.#
#   @ .#
########
########",8,8,4,0,"easy_negative",16885594400150715596
"########
#.  #.##
# #$ $ #
# $$#.##
#.$@ ###
# ##  ##
#.######
########",8,8,5,0,"easy_negative",8650207043844610231
"###########
##.    ####
### #  # ##
## $##  $##
# $@ ##.$ #
##.   # ###
####$$. ###
#    ## $ #
# #$.##.# #
#  .  .####
###########",11,11,8,0,"easy_negative",8146934966208971858
"########
#   .  #
##. $###
###$ ###
##@ $..#
## $  ##
###  ###
########",8,8,4,1,"positive",16651569089348963430
"########
#   .  #
##.  ###
###$$###
##@ $..#
## $  ##
###  ###
########",8,8,4,1,"positive",16651569089348963430
"########
# . .  #
##.  ###
###$$###
##@ $ .#
## $  ##
###  ###
########",8,8,4,1,"positive",16651569089348963430
"########
# . . @#
##.  ###
###$$###
##  $ .#
## $  ##
###  ###
########",8,8,4,0,"hard_negative",16651569089348963430
"########
# .@.  #
##.  ###
###$$###
##  $ .#
## $  ##
###  ###
########",8,8,4,0,"hard_negative",16651569089348963430
"########
# . .  #
##.  ###
###$$###
##  $@.#
## $  ##
###  ###
########",8,8,4,0,"hard_negative",16651569089348963430
"########
# . .  #
##. $###
###$ ###
##@ $ .#
## $  ##
###  ###
########",8,8,4,0,"hard_negative",16651569089348963430
"########
# . .  #
##. $###
###$ ###
##@ $ .#
## $  ##
###  ###
########",8,8,4,0,"hard_negative",16651569089348963430
"########
# . .  #
##.  ###
###$$###
##@ $. #
## $  ##
###  ###
########",8,8,4,1,"positive",16651569089348963430
"########
#   .  #
##. .###
###$$###
##@ $. #
## $  ##
###  ###
########",8,8,4,1,"positive",16651569089348963430
"########
###  . #
##  @# #
##  ####
###$# ##
## $$ .#
## .# ##
#  $#.##
#.#  $ #
#   # ##
########",8,11,5,0,"easy_negative",7772203023160229265
"##############
#    .    # ##
#   $#  #. $.#
#### $ ####@##
# .$$####   .#
###.$###  ####
###          #
##############",14,8,6,0,"easy_negative",2202623277130427454
"##############
#.  ####    ##
#@## #.##  ###
# ##$ $#.   ##
# $ $  ### ###
### # .  # ###
### ###      #
##############",14,8,4,0,"easy_negative",16940184077797486636
"###########
##### .####
# # #   # #
#.  #     #
##        #
##$ .#   ##
##      ###
#  $# #$$ #
#  $      #
#  .#.#  @#
###########",11,11,5,1,"positive",8006612296829611752
"###########
##### .####
# # #   # #
#.  #     #
##        #
##$ .#   ##
##      ###
#  $# #$$ #
#  $      #
#  .#.# @ #
###########",11,11,5,1,"positive",8006612296829611752
"##############
#     #. .#  #
###.  # # ## #
###  $#   #  #
####   $$    #
#   ###$#  # #
# $    .    .#
#@   # #  ####
# ## #$## #  #
# ## # #     #
#  .  $###   #
# # $#.   ## #
# .       ## #
##############",14,14,8,0,"easy_negative",13821439852508247679
"##############
# .  # .     #
# #  # # $   #
#@   # ##$####
# $# . ## $ ##
#  # #  # $.##
# ##.  ##   ##
##############",14,8,5,0,"easy_negative",17025355844293029410
"###########
#@  ##   .#
##. #  ## #
###$##### #
##      $ #
###$  # # #
## .$## . #
#    $    #
#.   # ####
####      #
###########",11,11,5,0,"easy_negative",16751305620092598786
"###########
##### .####
# # #   # #
#.  #     #
##        #
##$ .#   ##
##@     ###
#  $# #$$ #
#  $      #
#  .#.#   #
###########",11,11,5,1,"positive",8006612296829611752
"###########
##### .####
# # #   # #
#.  #     #
##        #
##$ .#   ##
##      ###
#  $# #$$ #
#  $@     #
#  .#.#   #
###########",11,11,5,1,"positive",8006612296829611752
"###########
#   #  #  #
# # #  #  #
#   #$ #. #
#    $#   #
####  #   #
#     #$$ #
###    .# #
## .$#  # #
# @.    # #
#  .### ###
# #$ . $###
#     .   #
###########",11,14,7,0,"easy_negative",11843202784357092046
"###########
##### .####
# # #   # #
#.  #     #
##        #
##$ .#   ##
##      ###
#  $# #$$ #
#  $      #
#  .#+#   #
###########",11,11,5,1,"positive",8006612296829611752
"###########
#    #### #
# #.$###  #
#    .    #
# $###  # #
#  ##  ####
# ###.  # #
#  #.## . #
#  # ##@# #
# ## .  $ #
## ####$  #
# $    $###
## #    ###
###########",11,14,6,0,"easy_negative",10090874234707111826
"###########
# ##   # ##
# ##  . $.#
# $ .  #$##
#@# #$#   #
# # $  ## #
# # # ### #
#.#$## #  #
# #$# .#  #
# #.   ##.#
###########",11,11,7,0,"easy_negative",5556345333507497625
"##############
#.           #
# $$  # ##   #
#   ###.######
## ###    # ##
#   #  ##    #
##.#.$ ## #$##
#      ##    #
#   #  ##  # #
#   ##    @  #
##############",14,11,4,0,"easy_negative",11881234872517810930
"###########
###########
##    #   #
###  $ $  #
#. $   . ##
# $ ###@ ##
#    . .###
###########",11,8,4,1,"positive",6699922300412982038
"###########
###########
##    #   #
###  $ $$ #
#.     . ##
# $ ###@ ##
#    . .###
###########",11,8,4,0,"hard_negative",6699922300412982038
"###########
#   ##   ##
### #  # ##
###  $ ## #
###. ##   #
##  $ ### #
#     ### #
####      #
#    #  # #
#  $###   #
#.   @   ##
# #$ #.  ##
#   .    ##
###########",11,14,4,0,"easy_negative",3726632377545564206
"###########
###########
##    #   #
###  $$$  #
#.     . ##
# $ ###@ ##
#    . .###
###########",11,8,4,1,"positive",6699922300412982038
"###########
###########
##    #   #
###  $$$  #
#.    $. ##
#   ###@ ##
#    . .###
###########",11,8,4,1,"positive",6699922300412982038
"###########
###########
##    #   #
###$ $$   #
#.    $. ##
#   ###@ ##
#    . .###
###########",11,8,4,1,"positive",6699922300412982038
"###########
###########
##    #   #
###  $$$  #
#.    $. ##
#   ###@ ##
#    . .###
###########",11,8,4,1,"positive",6699922300412982038
"##############
## # #    .###
#    # $## ###
##@# #  ##   #
##.#   ### $.#
#   ## # #  ##
## ### # $ ###
## #### ## ###
#     $$.#  ##
## #   . #   #
##############",14,11,5,0,"easy_negative",6402337071770677173
"##############
# #       #  #
# #.$##   #  #
# #  ####### #
#     #  # # #
# # $##  # # #
####  #$ # #.#
## #  $      #
#.   # #   # #
##.#   ###@  #
##############",14,11,4,0,"easy_negative",1261066525555938023
"##############
#  ## ########
# $#  $   # ##
#  ## #     ##
## ##### # $.#
#.    ####$ ##
## #    .@ ###
# $.#  ### $ #
#   # ##.# # #
######## .   #
###    $  #  #
###  ##   #  #
#    ## . #  #
##############",14,14,7,0,"easy_negative",15503705169009808934
"###########
##  ##  .##
## $# $ ###
##  ..   ##
#  ### #  #
# ### $#  #
#  # $$#  #
# $#  @$ ##
#  # #.# ##
#. ###### #
# . # #. .#
# $       #
#   # #   #
###########",11,14,8,0,"easy_negative",2149922408162669303
"########
#   ####
# ###.##
# ##@$##
#   $$.#
#  $ . #
####  .#
########",8,8,4,1,"positive",18076333172211217302
"########
#   ####
# ###.##
# ## $##
#   $$.#
#  $ . #
####@ .#
########",8,8,4,0,"hard_negative",18076333172211217302
"########
#   ####
# ###.##
# ##@$##
#   *$.#
#  $ . #
####   #
########",8,8,4,1,"positive",18076333172211217302
"########
#   ####
# ###.##
# ##@$##
#  $*$.#
#    . #
####   #
########",8,8,4,1,"positive",18076333172211217302
"########
#   ####
# ###.##
# ## $##
#  $*$.#
#    . #
####@  #
########",8,8,4,0,"hard_negative",18076333172211217302
"########
#   ####
#.### ##
# ##@$##
#  $*$.#
#    . #
####   #
########",8,8,4,0,"hard_negative",18076333172211217302
"########
#   ####
# ###+##
# ## $##
#  $*$.#
#    . #
####   #
########",8,8,4,0,"hard_negative",18076333172211217302
"########
#   ####
# ###.##
#@## $##
#  $*$.#
#    . #
####   #
########",8,8,4,0,"hard_negative",18076333172211217302
"########
#   ####
# ###.##
# ## $##
# @$*$.#
#    . #
####   #
########",8,8,4,0,"hard_negative",18076333172211217302
"########
#   ####
# ###.##
# ## $##
#@ $*$.#
#    . #
####   #
########",8,8,4,0,"hard_negative",18076333172211217302
"########
#   ####
# ###.##
#.##@$##
#  $*$ #
#    . #
####   #
########",8,8,4,1,"positive",18076333172211217302
"########
#   ####
# ###.##
#.## $##
# @$*$ #
#    . #
####   #
########",8,8,4,0,"hard_negative",18076333172211217302
"########
#   ####
# ###.##
#.##@$##
#  $*$ #
#  .   #
####   #
########",8,8,4,1,"positive",18076333172211217302
"##############
#           .#
##      ## # #
####### ##   #
#    ##   ####
# ## ####    #
# ##.$ ##    #
# @$ $   ##$##
#    #.  #   #
####   $ ## ##
# ##. ##  $$ #
# ##. ##   #.#
# .   ##     #
##############",14,14,7,0,"easy_negative",16892694039034068045
"###########
# .    ####
###$$# . ##
###  @ $. #
# ##   $  #
# ## # ## #
#      ##.#
###########",11,8,4,1,"positive",5645021727464306222
"###########
# .    ####
###$$#$. ##
###  @ $. #
# ##      #
# ## # ## #
#      ##.#
###########",11,8,4,0,"hard_negative",5645021727464306222
"###########
# .    ####
### $# . ##
###  @ $* #
# ##   $  #
# ## # ## #
#      ##.#
###########",11,8,4,1,"positive",5645021727464306222
"###########
# .    ####
###@$# . ##
###    $* #
# ##   $  #
# ## # ## #
#      ##.#
###########",11,8,4,1,"positive",5645021727464306222
"###########
# .    ####
### $# . ##
###    $* #
# ##   $  #
#@## # ## #
#      ##.#
###########",11,8,4,1,"positive",5645021727464306222
"###########
#      ####
###.$# . ##
###    $* #
# ##   $  #
#@## # ## #
#      ##.#
###########",11,8,4,0,"hard_negative",5645021727464306222
"###########
# .    ####
###@$# . ##
###    $* #
# ##   $  #
# ## # ## #
#      ##.#
###########",11,8,4,1,"positive",5645021727464306222
"########
### ## #
###$#. #
#.$$.$ #
##.### #
# . #  #
##$#####
# .@ $ #
##   # #
###    #
########",8,11,6,0,"easy_negative",8268713479524264867
"##############
# ##   #######
# ## #$..    #
#     .$$    #
#  # #####$  #
# ##@##    ###
#. #       ###
##############",14,8,4,0,"easy_negative",5069034757707015053
"########
# ## .@#
# ##$  #
#  $$$ #
##$### #
# $$ # #
##.###.#
#  . # #
###..#.#
###  # #
########",8,11,7,0,"easy_negative",8622015936270262978
"########
###    #
## .$###
# ##$###
#  ..  #
## $# .#
###$####
### $$ #
##. ## #
#.####.#
#    $ #
#@# $ ##
#.   ###
########",8,14,8,0,"easy_negative",15838603551855341121
"########
#   ##.#
###$##.#
###$$  #
### ####
###  #.#
# $  @ #
###.## #
#  ## .#
# ###  #
#.$$.  #
#    $ #
#   ####
########",8,14,7,0,"easy_negative",11920520490411400463
"###########
# ..    # #
# ##  # # #
# ## ## # #
#### ##   #
#   # # #.#
# $$#. $  #
#  $  #@$ #
###$. # #.#
###  ##   #
###########",11,11,6,0,"easy_negative",18389852467812052462
"##############
#       ##   #
# #  #$$##   #
#           .#
## $  # #### #
##  # #  ### #
##$ ###  #.  #
#    ## #### #
#.   ##  ## .#
####   ###  @#
##############",14,11,4,0,"easy_negative",12879378215436508407
"##############
#######.  .  #
##    #    # #
###$ $ ### . #
#    $.##   ##
# # ## ## $###
#   ##  @   ##
# . ###$#    #
#  #  . # $# #
####    #    #
##############",14,11,6,0,"easy_negative",10845549495908697659
"########
#   ####
# #$$  #
# $$$$.#
# . # .#
# #$## #
#   # .#
# ### ##
# ## @ #
#  .# ##
## $## #
### # .#
##  .. #
########",8,14,8,0,"easy_negative",6153469376061560510
"###########
## #      #
#    #  # #
## # $    #
##  ## #$##
### # . . #
## $$ .# ##
# $    .  #
#@#   #   #
#  . ######
###########",11,11,5,1,"positive",15008792896687019404
"###########
## #      #
#    #  # #
## # $    #
##  ## #$##
### # . . #
## $$ .# ##
# $    .  #
#@#   #  .#
#    ######
###########",11,11,5,1,"positive",15008792896687019404
"###########
## #      #
#    #  # #
## # $    #
##  ## #$##
### # . . #
##  $ .# ##
# $   $.  #
#@#   #  .#
#    ######
###########",11,11,5,1,"positive",15008792896687019404
"###########
###       #
##  ##  # #
#   ##$####
#.## . $  #
#  # $$####
#    $.$ @#
####  # ###
#     #  ##
#   ..#.  #
###########",11,11,6,0,"easy_negative",101609860768146774
"###########
#   .#    #
# ###### .#
# ## # ## #
# $$$.$$$ #
# #@#####.#
#     .##.#
###########",11,8,6,0,"easy_negative",11051225505398628937
"##############
#.  .#  ## . #
## $###  #  @#
###  #    $  #
###    ####$ #
##  # $ #.#  #
######    ## #
##############",14,8,4,0,"easy_negative",17033540040472263285
"###########
#      ## #
##  $#.## #
###  $ $. #
#@  #     #
# $ #. ## #
# . ## ## #
###########",11,8,4,1,"positive",8236225067171071106
"###########
#      ## #
##  $#.## #
###    $. #
#@  #   $ #
# $ #. ## #
# . ## ## #
###########",11,8,4,0,"hard_negative",8236225067171071106
"###########
#      ## #
##  $#.## #
###. $ $. #
#@  #     #
# $ #  ## #
# . ## ## #
###########",11,8,4,1,"positive",8236225067171071106
"###########
#      ## #
##  $#.## #
###. $ $. #
#@  #   $ #
#   #  ## #
# . ## ## #
###########",11,8,4,0,"hard_negative",8236225067171071106
"###########
#      ## #
##  $#.## #
###*   $. #
#@  #     #
# $ #  ## #
# . ## ## #
###########",11,8,4,1,"positive",8236225067171071106
"###########
#      ## #
##  $#.## #
###*   $. #
#@  # $   #
#   #  ## #
# . ## ## #
###########",11,8,4,0,"hard_negative",8236225067171071106
"###########
#      ## #
##  $# ## #
###*   $. #
#@  #     #
# $.#  ## #
# . ## ## #
###########",11,8,4,1,"positive",8236225067171071106
"###########
#      ## #
##  $# ## #
###*    . #
#@  #$    #
# $.#  ## #
# . ## ## #
###########",11,8,4,1,"positive",8236225067171071106
"##############
#   ### @ # ##
#    # ##    #
####.  ## # ##
#   # # $ $  #
###$ .   #   #
### # # ######
# $  .       #
# #  # ## .  #
#      ## ####
##############",14,11,4,0,"easy_negative",4256646576270145486
"########
# ##   #
#  #. ##
#. #$###
#.##$ @#
# ##$###
#.$$$###
# ##$###
# .#$###
###..  #
###### #
# # ## #
#  .   #
########",8,14,8,0,"easy_negative",15323533530108053857
"########
#.   ###
#### ###
#. $ . #
# @# . #
# ## # #
#  #$  #
#  $$###
#  # ###
####   #
########",8,11,4,0,"easy_negative",14682259913181625266
"###########
##### #  .#
#  # $   ##
# $ # #@###
#    #  $ #
# .# #  # #
# ## #$   #
#      #  #
##  ## #  #
### ## #  #
#   #. # ##
# # #     #
#  .#  # ##
###########",11,14,4,0,"easy_negative",14296550928257979005
"##############
# #  .# ##   #
# #.# # ## .##
# #.###$   ###
#    #  ######
#  # #   #  ##
# ## #    $$ #
#  #  $   ##.#
#  # ##@ ## ##
#. # ## ##  ##
#  ### $  # ##
## ## $ #    #
###       # ##
##############",14,14,6,0,"easy_negative",4518152923654475727
"###########
## #      #
#    #  # #
##.# $    #
##  ## #$##
### # . . #
##  $  # ##
# $   $.  #
#@#   #  .#
#    ######
###########",11,11,5,0,"hard_negative",15008792896687019404
"###########
## #      #
#    #  # #
## # $    #
##@ ## #$##
### # . . #
##  $ .# ##
# $   $.  #
# #   #  .#
#    ######
###########",11,11,5,1,"positive",15008792896687019404
"###########
## #      #
#    #  # #
## # $    #
##@ ##.#$##
### # . . #
##  $  # ##
# $   $.  #
# #   #  .#
#    ######
###########",11,11,5,1,"positive",15008792896687019404
"###########
### ##  . #
###$#  ####
# $   $.  #
#  .## #$##
# ####$   #
# ##.  #.##
### @##   #
## $ ## # #
# .    ####
###########",11,11,6,0,"easy_negative",5023489671913049689
"########
#..    #
# # $# #
#  .   #
# $ ####
#     .#
####   #
# .$$$ #
#.# $# #
####   #
### #$##
###.  @#
#   # ##
########",8,14,7,0,"easy_negative",11265661618376255524
"##############
#### ##  ### #
#    ##  ### #
#        #   #
## #         #
# $ ##$ #  ###
## ### $.  ###
##.#.$ #     #
# . ## ## ####
## ###@#     #
#     #   ## #
# # # ###### #
#######      #
##############",14,14,4,1,"positive",642237035260396861
"##############
#### ##  ### #
#    ##  ### #
#    @   #   #
## #         #
# $ ##$ #  ###
## ### $.  ###
##.#.$ #     #
# . ## ## ####
## ### #     #
#     #   ## #
# # # ###### #
#######      #
##############",14,14,4,0,"hard_negative",642237035260396861
"##############
#   #####.## #
# #.   ## ## #
#            #
#  @###    ###
# #$# ####  ##
#     ## #. ##
###  ##   ##.#
###   #  $## #
# $   #      #
## #  $ #    #
#    #  #  # #
## #    #    #
##############",14,14,4,0,"easy_negative",14335183467758516601
"##############
#### ##  ### #
#    ##  ### #
#        #   #
## #         #
# $ ##$ #  ###
## ### $.  ###
##.#.$ #     #
#   ## ## ####
## ###@#     #
#.    #   ## #
# # # ###### #
#######      #
##############",14,14,4,0,"hard_negative",642237035260396861
"##############
#### ##  ### #
#    ##  ### #
#        #   #
## #         #
# $ ##$ #  ###
## ### $.  ###
##.#.$ #     #
# . ## ## ####
## ### #     #
#@    #   ## #
# # # ###### #
#######      #
##############",14,14,4,0,"hard_negative",642237035260396861
"##############
####@##  ### #
#    ##  ### #
#        #   #
## #         #
# $ ##$ #  ###
## ### $.  ###
##.#.$ #     #
# . ## ## ####
## ### #     #
#     #   ## #
# # # ###### #
#######      #
##############",14,14,4,0,"hard_negative",642237035260396861
"##############
#### ##  ### #
#    ##  ### #
#        #   #
## #         #
#   ##$ #  ###
## ### $.  ###
##.#.$ #     #
# . ##$## ####
## ###@#     #
#     #   ## #
# # # ###### #
#######      #
##############",14,14,4,0,"hard_negative",642237035260396861
"##############
#### ##  ### #
#    ##  ### #
#        #   #
## #         #
#   ##$ #  ###
## ### $.  ###
##.#.$ #  $  #
# . ## ## ####
## ###@#     #
#     #   ## #
# # # ###### #
#######      #
##############",14,14,4,0,"hard_negative",642237035260396861
"##############
#### ##  ### #
#    ##  ### #
#        #   #
## #    .    #
# $ ##$ #  ###
## ### $.  ###
## #.$ #     #
# . ## ## ####
## ###@#     #
#     #   ## #
# # # ###### #
#######      #
##############",14,14,4,1,"positive",642237035260396861
"##############
#### ##  ### #
#    ##  ### #
#        #   #
## #    .    #
# $ ##$ #  ###
## ### $.  ###
## #.$ #     #
# . ## ## ####
## ### #     #
#     #  @## #
# # # ###### #
#######      #
##############",14,14,4,0,"hard_negative",642237035260396861
"##############
#    # # .  .#
# # $#$##$ # #
#### # #.$####
####   .$    #
#@ #$#$.#$.###
#  .  .    ###
##############",14,8,8,0,"easy_negative",9427922674593263265
"##############
#### ##  ### #
# .  ##  ### #
#        #   #
## #    .    #
# $ ##$ #  ###
## ### $.  ###
## #.$ #     #
#   ## ## ####
## ###@#     #
#     #   ## #
# # # ###### #
#######      #
##############",14,14,4,0,"hard_negative",642237035260396861
"##############
#### ##  ### #
#    ##  ### #
#        #   #
## #    .  @ #
# $ ##$ #  ###
## ### $.  ###
## #.$ #     #
# . ## ## ####
## ### #     #
#     #   ## #
# # # ###### #
#######      #
##############",14,14,4,0,"hard_negative",642237035260396861
"###########
#   ##  . #
# # ## $@##
#   $.$ ###
#   .#   ##
#######  ##
#    #   ##
###  ## ###
###  ##$ ##
#.        #
###########",11,11,4,1,"positive",10203365850154996530
"###########
#   ##  . #
# # ##$ @##
#   $.$ ###
#   .#   ##
#######  ##
#    #   ##
###  ## ###
###  ##$ ##
#.        #
###########",11,11,4,0,"hard_negative",10203365850154996530
"###########
#   ##  . #
# # ## $@##
#   $.$ ###
#    #.  ##
#######  ##
#    #   ##
###  ## ###
###  ##$ ##
#.        #
###########",11,11,4,1,"positive",10203365850154996530
"##############
#### ##  ### #
#    ##  ### #
#        #   #
## #    .    #
# $ ##$ #  ###
## ### $.  ###
## #.$ #     #
#   ## ## ####
## ###@#     #
#     #   ## #
# # # ###### #
#######.     #
##############",14,14,4,0,"hard_negative",642237035260396861
"###########
#   ##  . #
# # ## $@##
#    .$ ###
#    #.  ##
#######  ##
#    #   ##
### $## ###
###  ##$ ##
#.        #
###########",11,11,4,0,"hard_negative",10203365850154996530
"###########
#   ##    #
# # ## $@##
#.  $.$ ###
#    #.  ##
#######  ##
#    #   ##
###  ## ###
###  ##$ ##
#.        #
###########",11,11,4,1,"positive",10203365850154996530
"###########
#   ##    #
# # ##  @##
#. $$.$ ###
#    #.  ##
#######  ##
#    #   ##
###  ## ###
###  ##$ ##
#.        #
###########",11,11,4,0,"hard_negative",10203365850154996530
"###########
#   ##    #
# # ## $@##
#.  $.$ ###
#    #.  ##
#######  ##
#    #   ##
###$ ## ###
###  ##  ##
#.        #
###########",11,11,4,1,"positive",10203365850154996530
"###########
#   ##    #
# #$## $@##
#.  $.$ ###
#    #.  ##
#######  ##
#    #   ##
###  ## ###
###  ##  ##
#.        #
###########",11,11,4,1,"positive",10203365850154996530
"##############
#### ##  ### #
#    ##  ### #
#        #   #
## #    .    #
# $ ##$ #  ###
## ### $   ###
## #.$ #     #
# . ## ## ####
## ###@#     #
#   . #   ## #
# # # ###### #
#######      #
##############",14,14,4,0,"hard_negative",642237035260396861
"##############
#### ##  ### #
#    ##  ### #
#        #   #
## #    .    #
#   ##$ #  ###
## ### $. $###
## #.$ #     #
# . ## ## ####
## ###@#     #
#     #   ## #
# # # ###### #
#######      #
##############",14,14,4,1,"positive",642237035260396861
"##############
#### ##  ### #
#    ##  ### #
#        #   #
## #         #
# . ##$ #  ###
## ### $. $###
## #.$ #     #
# . ## ## ####
## ###@#     #
#     #   ## #
# # # ###### #
#######      #
##############",14,14,4,1,"positive",642237035260396861
"##############
#### ##  ###@#
#    ##  ### #
#        #   #
## #         #
# . ##$ #  ###
## ### $. $###
## #.$ #     #
# . ## ## ####
## ### #     #
#     #   ## #
# # # ###### #
#######      #
##############",14,14,4,0,"hard_negative",642237035260396861
"##############
#### ##  ### #
#    ##  ### #
#        #   #
## #         #
# . ##$ # .###
## ### $. $###
## # $ #     #
# . ## ## ####
## ###@#     #
#     #   ## #
# # # ###### #
#######      #
##############",14,14,4,0,"hard_negative",642237035260396861
"##############
#### ##  ### #
#    ##  ### #
#        #   #
## #         #
# . ##$ #  ###
## ### $. $###
## #.$ #     #
# . ## ## ####
## ### #     #
#     #   ## #
# # # ###### #
#######  @   #
##############",14,14,4,0,"hard_negative",642237035260396861
"##############
#### ##  ### #
#    ##  ### #
#        #   #
## #         #
# . ##  #  ###
## ### $. $###
## #.$ #     #
# * ## ## ####
## ###@#     #
#     #   ## #
# # # ###### #
#######      #
##############",14,14,4,1,"positive",642237035260396861
"########
#  .   #
# #$#  #
# $ ## #
#.$   ##
##  $ ##
####.###
#  .  @#
#. $#  #
#   ## #
########",8,11,5,0,"easy_negative",2092678820436729392
"###########
### #     #
##  #. ####
# $ ##.   #
#      #  #
##  #@ ## #
######$# .#
##  $ .   #
###  #$#  #
##     ####
###########",11,11,4,0,"easy_negative",9590832047820989918
"##############
####  ###@   #
# $$$ ###$  ##
#  $  #    ###
## #.   .#####
#   ##   #. ##
##$### . # . #
#    ##  $ # #
####  #  # # #
# .  . ### # #
##############",14,11,7,0,"easy_negative",13181909780334938265
"###########
## .## ####
###  # # ##
##..##   ##
## # $  ###
# $$  . ###
##$####$$ #
# . # . # #
#  ## $####
# ###   # #
# @ . #   #
#  $ ##.  #
####  #####
###########",11,14,8,0,"easy_negative",16926187411273844603
"########
#   ####
# #    #
#  $$  #
#  .#.##
## @ ###
###$# ##
# $    #
### .  #
###$####
# .    #
#### # #
# .    #
########",8,14,5,0,"easy_negative",4469448570331783259
"########
#.######
#.#  ..#
# ##$$ #
#.$@$$ #
# #$$#.#
# .    #
########",8,8,7,0,"easy_negative",1842525877660828752
"##############
# #     ##   #
# # ### ## # #
# # .    $.$ #
#       ## $ #
#    # # # # #
########     #
# #    # ## ##
# #  # ### @ #
# #       # ##
# .    # #   #
# # $ #     ##
#### ###.# ###
##############",14,14,4,0,"easy_negative",13799894644965683069
"########
##.##.##
# $@$$ #
##$## ##
#. ..###
####$###
#      #
########",8,8,5,0,"easy_negative",9080620926428880723
"##############
#.      #   .#
#### #$##### #
#       # ## #
# @ $ $  $   #
## .$#    .# #
### .  ###   #
##############",14,8,5,1,"positive",13568557901385532005
"###########
# ##   ####
#.##   $  #
#         #
#   #$# ###
# ##     ##
# ### #####
#      # ##
##  .#    #
###$  .# ##
### .###  #
###   ##$ #
#@    ##  #
###########",11,14,4,0,"easy_negative",5202603003238874095
"##############
#.      #   .#
#### #$##### #
#       # ## #
# @ $ $      #
## .$# $  .# #
### .  ###   #
##############",14,8,5,1,"positive",13568557901385532005
"###########
#    ##   #
# #  ##$  #
#  .  $  .#
###.#$  #@#
##  #   # #
# $ ##  # #
# #$### # #
# #    ####
# #  .  #.#
# ### #$  #
##    .   #
### # #####
###########",11,14,6,0,"easy_negative",17432224402005876755
"##############
#.      #   .#
#### # ##### #
# $     # ## #
# @ $ $      #
## .$# $  .# #
### .  ###   #
##############",14,8,5,1,"positive",13568557901385532005
"###########
####   ####
## #     ##
##  ###@$ #
#   #.#.  #
### $    ##
### # # ###
# $  $  $ #
#    ### .#
#### #### #
# $. $ #  #
# .$.# #  #
#### . # .#
###########",11,14,8,0,"easy_negative",3114040375292605537
"##############
#       #   .#
#### # ##### #
# $     # ## #
# @ $ $      #
## .$#.$  .# #
### .  ###   #
##############",14,8,5,1,"positive",13568557901385532005
"##############
## #   # #   #
#  @ # $ $ # #
##$#  .# #   #
# $.$## $ ####
# #   # .  # #
#     #### $ #
#   .   . #$ #
#.#  #. # # ##
#        .####
##############",14,11,8,0,"easy_negative",1277127332947562012
"##############
#       #   .#
####$# ##### #
#       # ## #
# @ $ $      #
## .$#.$  .# #
### .  ###   #
##############",14,8,5,1,"positive",13568557901385532005
"###########
###   .##@#
## ### ## #
#  ###  . #
##        #
##.  # ####
## $      #
#   ##$ $ #
# # ##$####
#### .    #
###########",11,11,4,0,"easy_negative",13720253926918216631
"########
# ##  ##
# ##  ##
# $ $ ##
#  @   #
#.#. $ #
#. $####
#      #
#  #   #
# ##   #
#.  ## #
# #   ##
#    ###
########",8,14,4,1,"positive",4595424250402928966
"########
##   .##
## ..###
###$$.##
# $$$@.#
###$.# #
### ####
########",8,8,6,0,"easy_negative",6364501472456316183
"########
# ##  ##
# ##  ##
# $ $ ##
#  @   #
# #..$ #
#. $####
#      #
#  #   #
# ##   #
#.  ## #
# #   ##
#    ###
########",8,14,4,1,"positive",4595424250402928966
"###########
## ##     #
#   # $## #
##$### ##.#
##.#### $.#
# $$  #$#@#
##.# ..   #
###########",11,8,6,0,"easy_negative",4231382292587697795
"########
# ##  ##
# ##  ##
# $ $ ##
#  @   #
# #..  #
#.$$####
#      #
#  #   #
# ##   #
#.  ## #
# #   ##
#    ###
########",8,14,4,1,"positive",4595424250402928966
"########
# ##  ##
# ##  ##
# $ $ ##
#  @   #
# #..  #
#.$*####
#      #
#  #   #
# ##   #
#   ## #
# #   ##
#    ###
########",8,14,4,1,"positive",4595424250402928966
"########
# ##  ##
# ##  ##
# $ $ ##
# @    #
# #..  #
#.$*####
#      #
#  #   #
# ##   #
#   ## #
# #   ##
#    ###
########",8,14,4,1,"positive",4595424250402928966
"###########
#   ## # ##
# #.#     #
#. .####$##
# $ ##  $##
##@ ##$. ##
### $  .$##
#####.#  ##
#. $    $##
#   #.#  ##
###########",11,11,8,0,"easy_negative",2383169752654945996
"########
## #   #
#.  #  #
##$###@#
##$#   #
# . .###
## # ###
#      #
#.$$ # #
####   #
########",8,11,4,0,"easy_negative",704749721735643334
"###########
# . . ## ##
###$$ # $ #
###  .## ##
#  $ #    #
# #.### ###
#.  @#  ###
#  #      #
#  ### $  #
#  ### ####
#   ##    #
#  ##   # #
# #########
###########",11,14,5,0,"easy_negative",9886539810448765906
"###########
# @ #..   #
# #.# #$# #
# $. ## $.#
##$  $    #
##  $   ###
### ###.###
###########",11,8,6,1,"positive",1353216314741667827
"########
#.  #.##
##.$$$ #
###$# ##
###  $.#
###$####
#      #
#  #@$ #
#  #.# #
#.## . #
########",8,11,7,0,"easy_negative",5746808629948208980
"###########
# @ #..   #
# #.# #$# #
# $. ## $.#
##$  $  $ #
##      ###
### ###.###
###########",11,8,6,0,"hard_negative",1353216314741667827
"########
##     #
## $## #
## .##@#
##  .  #
## $$ ##
##  .###
########",8,8,3,1,"positive",114437424798378434
"########
##     #
## $## #
## .##@#
##  .$ #
##  $ ##
##  .###
########",8,8,3,1,"positive",114437424798378434
"########
####@  #
# #..# #
#.   $.#
#. $$$##
####$ ##
#    ###
########",8,8,5,0,"easy_negative",12277034368754365307
"########
##     #
## $## #
## .## #
##  .$ #
##@ $ ##
##  .###
########",8,8,3,1,"positive",114437424798378434
"########
##     #
## $## #
## .## #
##  +$ #
##  $ ##
##  .###
########",8,8,3,1,"positive",114437424798378434
"########
##     #
## $## #
##  ## #
##  +* #
##  $ ##
##  .###
########",8,8,3,1,"positive",114437424798378434
"##############
## ### .## # #
# $.#@$..# #.#
## #   ##  # #
#   #$####   #
# #  .$$$  ###
##### #    ###
##############",14,8,6,0,"easy_negative",17335066438671711357
"###########
#   ###  .#
#  $$@  # #
#    $$ $ #
#  ####$$.#
#..##   #.#
# ##.   . #
###########",11,8,7,0,"easy_negative",16213648710903952844
"###########
###  ######
##. # #.# #
# . #$.   #
#  $    ###
# #.###. ##
####  $  ##
####$  #  #
#   $ ##  #
# $$ ###. #
##  # #  ##
##    .$ ##
## @# #  ##
###########",11,14,8,0,"easy_negative",5055162044238591875
"##############
#.  # # ##   #
# $ $ $$ #$ .#
##### #.$ .. #
#    . ####$##
# #@##   # $ #
#.  ##  . # ##
##############",14,8,8,0,"easy_negative",6471422455876412960
"###########
# @ #..   #
# # # #$# #
# $. ## $.#
##$  $    #
##  $  .###
### ###.###
###########",11,8,6,1,"positive",1353216314741667827
"###########
###### .###
# # ## # ##
#. .   #  #
#  $##$ . #
# #$#   $ #
#@  #  ####
###########",11,8,4,0,"easy_negative",8920447727704094758
"###########
#   #..   #
# # # #$# #
#@$. ## $.#
##$  $    #
##  $  .###
### ###.###
###########",11,8,6,1,"positive",1353216314741667827
"###########
#   #..   #
# # # #*# #
#@$. ## $ #
##$  $    #
##  $  .###
### ###.###
###########",11,8,6,1,"positive",1353216314741667827
"###########
#   #..@  #
# # # #*# #
# $. ## $ #
##$  $    #
##  $  .###
### ###.###
###########",11,8,6,0,"hard_negative",1353216314741667827
"###########
#   #..   #
# # # #*# #
# $. ## $ #
##$  $@   #
##  $  .###
### ###.###
###########",11,8,6,0,"hard_negative",1353216314741667827
"##############
# ## ####### #
# ## ##   #  #
# $ $.       #
#    ##$ $## #
# ###   #.#  #
# #### ####  #
#   ### ##   #
##       # # #
###$.  ##.   #
#  @###   ####
##.  #  .$ # #
####         #
##############",14,14,6,0,"easy_negative",15081013619268703051
"##############
# @ # #      #
###  $ ## ####
### # ###    #
##      . $###
##  $. ##   ##
##. #####  . #
# #  ### #   #
# #  ##   ####
# #    # #   #
#         ## #
#### #$ # ## #
#            #
##############",14,14,4,0,"easy_negative",9292989987788726158
"###########
#@  #..   #
# # # #*# #
# $. ## $ #
##$  $    #
##  $  .###
### ###.###
###########",11,8,6,1,"positive",1353216314741667827
"##############
###  .    # ##
###$ ## $$   #
#. . ## $ # ##
### ####$## ##
##  # $  . . #
#   ## # ## ##
##@# $ # #   #
#  .##    .  #
## ### # #   #
##############",14,11,7,0,"easy_negative",2208225119890651376
"###########
#      ## #
###  ### @#
### .## $ #
##.$$ $   #
##   # ####
##.   .   #
###########",11,8,4,1,"positive",4147831855173519728
"###########
# @    ## #
###  ###  #
### .## $ #
##.$$ $   #
##   # ####
##.   .   #
###########",11,8,4,0,"hard_negative",4147831855173519728
"##############
#   ###    . #
# #  # ### # #
#.      @. $ #
#  ## #    # #
# .######  # #
#  #   ## .# #
# #       $  #
# #.###### ###
# #$    $  ###
#  $# #   ####
# $ ###      #
#      ###   #
##############",14,14,6,0,"easy_negative",14419762861914090174
"###########
#      ## #
###@ ###  #
### .## $ #
##.$$ $   #
##   # ####
##.   .   #
###########",11,8,4,0,"hard_negative",4147831855173519728
"###########
# .    ## #
###  ### @#
### .## $ #
##.$$ $   #
##   # ####
##.       #
###########",11,8,4,1,"positive",4147831855173519728
"###########
# .    ## #
### $### @#
### .## $ #
##.$  $   #
##   # ####
##.       #
###########",11,8,4,1,"positive",4147831855173519728
"###########
# .    ## #
### $###  #
### .## $ #
##.$  $   #
##   # ####
##.    @  #
###########",11,8,4,0,"hard_negative",4147831855173519728
"###########
# .    ## #
### $### @#
###  ## $ #
##.$  $   #
##   # ####
##.      .#
###########",11,8,4,1,"positive",4147831855173519728
"###########
# .    ## #
### $###  #
###  ## $ #
##.$  $   #
##   # ####
##. @    .#
###########",11,8,4,0,"hard_negative",4147831855173519728
"###########
# .    ## #
###$$### @#
###  ##   #
##.$  $   #
##   # ####
##.      .#
###########",11,8,4,0,"hard_negative",4147831855173519728
"###########
# .    ## #
### $### @#
###  ## $ #
## $  $   #
##   #.####
##.      .#
###########",11,8,4,0,"hard_negative",4147831855173519728
"###########
# .    ## #
###  ### @#
###  ## $ #
##.$ $$   #
##   # ####
##.      .#
###########",11,8,4,0,"hard_negative",4147831855173519728
"###########
# .    ## #
###@$###  #
###  ## $ #
##.$  $   #
##   # ####
##.      .#
###########",11,8,4,0,"hard_negative",4147831855173519728
"###########
# .    ## #
### $###  #
###  ## $ #
##.$@ $   #
##   # ####
##.      .#
###########",11,8,4,0,"hard_negative",4147831855173519728
"###########
# .    ## #
### $### @#
###  ## $ #
##.$. $   #
##   # ####
##.       #
###########",11,8,4,1,"positive",4147831855173519728
"########
## # ###
# $$  ##
##$#$  #
# $ @###
# .#  ##
#.######
# $.####
# ## #.#
# ##   #
# $$.  #
#.## # #
# ##.. #
########",8,14,8,0,"easy_negative",15759843081721655676
"########
########
# #.#  #
#  $ . #
####   #
# #  # #
#      #
## #@$##
#   $.##
## #$ ##
####.###
##  $ ##
###.  ##
########",8,14,5,0,"easy_negative",15912527187852360886
"########
# . .###
# #   ##
# @    #
#   ## #
# # ## #
# . $  #
# # $# #
# #$ # #
# # $# #
## #   #
#    #.#
## #   #
########",8,14,4,0,"easy_negative",8653630167734099895
"########
# ##   #
# ##$###
#.   ###
#.$$$ ##
#.# $.##
# $.  ##
### #  #
###.#  #
#@  # .#
####   #
##  $# #
###    #
########",8,14,7,0,"easy_negative",13547715198404875018
"##############
#   ## ###   #
#   ##.  # $ #
#    $       #
# ## # $#### #
# @# #. ####.#
###  #   .$  #
#       ### ##
#   $ #.#    #
#   ### ### ##
##############",14,11,5,1,"positive",10329849723461663653
"##############
#   ## ###   #
#   ##   # $ #
#    $  .    #
# ## # $#### #
# @# #. ####.#
###  #   .$  #
#       ### ##
#   $ #.#    #
#   ### ### ##
##############",14,11,5,1,"positive",10329849723461663653
"##############
# ..##  .  ###
#  $##$ ###  #
# $  $  #### #
##$##### #.$.#
#..  #.$$  # #
## #   #@#   #
##############",14,8,8,0,"easy_negative",7063936879078821164
"##############
#    #      @#
#.# ### # ####
#    # $ $  .#
# $###### ## #
# .##    ##  #
# ####$ ##   #
# $$  $ $    #
# #.### #. # #
#    .   ..  #
##############",14,11,8,0,"easy_negative",7425477014638535001
"###########
#  ##  .. #
# ###   # #
#  ## $   #
#   # # $.#
# #      ##
#   #$# ###
###$$@  # #
###  ## # #
#   .## # #
#     #   #
# ### #.###
# ####  ###
###########",11,14,5,1,"positive",13116862773496324600
"##############
#. #.       ##
# ## #$$##$###
#  #    ##  ##
# $ # #   # ##
#       #    #
#   # #   #.##
##$##$ # #...#
#@$ #  .   # #
## ##  # #   #
##############",14,11,7,0,"easy_negative",16954917808497408120
"###########
#  ##  .. #
# ###   # #
#@ ## $   #
#   # # $.#
# #      ##
#   #$# ###
###$$   # #
###  ## # #
#   .## # #
#     #   #
# ### #.###
# ####  ###
###########",11,14,5,1,"positive",13116862773496324600
"##############
##  #   ##  .#
##  #   ##$#@#
##  # $$$ . .#
### ###   ## #
##  #  #  ## #
## $   ##   .#
## ###.  $$  #
#####  # .# .#
#      ##### #
##############",14,11,7,0,"easy_negative",11890209172567615580
"###########
###.   ## #
##  ## ## #
#  .##$   #
#    $@$$##
##  ###. ##
###     .##
###########",11,8,4,1,"positive",9056875926764033358
"###########
###.   ## #
##  ## ## #
#  .##*   #
#    $@$$##
##  ###. ##
###      ##
###########",11,8,4,0,"hard_negative",9056875926764033358
"###########
###.   ## #
##  ## ## #
#  .##$   #
#   $$@ $##
##  ###. ##
###     .##
###########",11,8,4,0,"hard_negative",9056875926764033358
"###########
## #.     #
#    #  $ #
## #...####
#     $   #
# ##  #$###
# ##### ###
#   ##    #
#@#   # # #
#    ##   #
####### # #
# $  . $# #
#       # #
###########",11,14,5,0,"easy_negative",903807313655402745
"###########
###    ## #
##  ## ## #
#  .##$   #
#    $@$$##
##  ###. ##
###  .  .##
###########",11,8,4,1,"positive",9056875926764033358
"###########
###    ## #
##  ## ##@#
#  .##$   #
#    $ $$##
##  ###. ##
###  .  .##
###########",11,8,4,1,"positive",9056875926764033358
"###########
###    ## #
##  ## ##@#
#   ##$   #
#    $.$$##
##  ###. ##
###  .  .##
###########",11,8,4,1,"positive",9056875926764033358
"###########
###    ## #
##  ## ##@#
#  $##$   #
#     .$$##
##  ###. ##
###  .  .##
###########",11,8,4,1,"positive",9056875926764033358
"###########
##### #.  #
# #  $$$$ #
#   #.# $@#
##     #..#
##  $# #  #
###. . #  #
###########",11,8,6,0,"easy_negative",2216509776662707170
"###########
#  ##  .. #
# ###   # #
#  ## $   #
#   # # $.#
# #      ##
#   #$# ###
###$$   # #
###  ## # #
#   .## # #
#@    #   #
# ### #.###
# ####  ###
###########",11,14,5,1,"positive",13116862773496324600
"########
####@  #
## ### #
# $### #
# $.$$.#
# ###. #
#.######
########",8,8,4,0,"easy_negative",10321385351909564199
"##############
## #. #  #   #
#   $ #$##  ##
## # ##$ # ###
#  #.$$    $ #
#  #     #$ ##
#  ####### ###
# #####     ##
# ### # ##. ##
#.  . #@##..##
##############",14,11,7,0,"easy_negative",18401597334153179070
"########
### ####
###$ # #
# .   .#
# ######
# ##  ##
#.$$$$ #
# $$.# #
#@#.$# #
#..  #.#
########",8,11,8,0,"easy_negative",8683615990994624704
"########
###.   #
###  # #
# $ ####
##$ ####
##  #  #
##  $@ #
#  #   #
#  # # #
# $#. .#
#  # $.#
#. ##  #
#  ### #
########",8,14,5,0,"easy_negative",924437514709183442
"###########
#  ##  .. #
# ###   # #
#  ## $   #
#   # # $.#
# #      ##
#   #$# ###
###$$   # #
###  ##.# #
#    ## # #
#@    #   #
# ### #.###
# ####  ###
###########",11,14,5,1,"positive",13116862773496324600
"##############
### #      # #
##  ##  #  # #
##  #  .   # #
# $   .# # $ #
# $  #. ##   #
#@  #### #####
# #.# ## #   #
# #$     $ # #
# # # ## #.  #
##############",14,11,5,0,"easy_negative",1785985680993298250
"##############
#   ## ###   #
#   ##   # $ #
#    $  .    #
# ## #  #### #
# @# #. ####.#
###  #   .$  #
#       ### ##
#  $$ #.#    #
#   ### ### ##
##############",14,11,5,1,"positive",10329849723461663653
"###########
#@ ##  .. #
# ###   # #
#  ## $   #
#   # # $.#
# #      ##
#   #$# ###
###$$   # #
###  ##.# #
#    ## # #
#     #   #
# ### #.###
# ####  ###
###########",11,14,5,1,"positive",13116862773496324600
"########
#   ####
# #$@$ #
# .$$  #
#   ##.#
#  ##  #
# ## ###
# ##.###
# ## ###
#     .#
########",8,11,4,0,"easy_negative",4364682240130698363
"##############
####      ## #
#    ## #### #
# $  ## ##   #
#  .#. .$ $###
# #### ###  ##
# ###..  $$  #
#   #  ## @###
#  ### # #  ##
# ###    #####
##############",14,11,5,0,"easy_negative",6881076513275289090
"##############
#   ## ###   #
#   ##   # $.#
#    $  .    #
# ## #  #### #
# @# #. #### #
###  #   .$  #
#       ### ##
#  $$ #.#    #
#   ### ### ##
##############",14,11,5,1,"positive",10329849723461663653
"###########
###       #
## ### .# #
#  ###  $ #
# ##  .  @#
#  #   ## #
#  $  $## #
#.$ .# .  #
### ### # #
### .#  $ #
#       $ #
# ##    ###
# ##### ###
###########",11,14,6,1,"positive",7271835164001884622
"###########
###       #
## ### .# #
#  ###  $ #
# ##  .  @#
#  #   ## #
#  $  $## #
#.*  # .  #
### ### # #
### .#  $ #
#       $ #
# ##    ###
# ##### ###
###########",11,14,6,1,"positive",7271835164001884622
"###########
###       #
## ### .# #
#  ###  $ #
# ##  .   #
#  #   ## #
#  $  $## #
#.*  # .  #
### ### # #
### .#  $ #
#       $@#
# ##    ###
# ##### ###
###########",11,14,6,1,"positive",7271835164001884622
"###########
##. .##   #
## $.##  ##
##  @$ .###
####  $ $ #
# #   # # #
#    ######
###########",11,8,4,0,"easy_negative",9275396953662958301
"########
##  .###
##.$ ###
##.  ..#
##@#   #
# $ ## #
## ### #
# $  . #
# #$$$ #
#   ####
########",8,11,6,0,"easy_negative",18275420860254292846
"###########
#.   .@   #
###$ #$#  #
###   $## #
#.  ##$. ##
##  ## $###
####   . ##
###########",11,8,5,0,"easy_negative",5068668500284489390
"###########
###       #
## ###  # #
#  ###  $ #
# ##  .   #
#  #   ##.#
#  $  $## #
#.*  # .  #
### ### # #
### .#  $ #
#       $@#
# ##    ###
# ##### ###
###########",11,14,6,1,"positive",7271835164001884622
"###########
###       #
## ###  # #
#  ###  $ #
# ##  .   #
#  #   ##.#
#  $  $## #
#.*  # . @#
### ### # #
### .#  $ #
#       $ #
# ##    ###
# ##### ###
###########",11,14,6,1,"positive",7271835164001884622
"###########
#    ##. .#
# #.$## # #
# $ $.    #
# $$$..#. #
# # $ ##@ #
#    ###  #
###########",11,8,7,0,"easy_negative",6968902969833112796
"########
#  # # #
# .#$# #
#  # #.#
# $$@. #
#.$$#  #
#  .####
########",8,8,5,0,"easy_negative",1275816895645370597
"########
###. . #
### @# #
#.  ####
##$#.  #
#   $  #
## #$$ #
#### ###
# $$$ ##
# ..  .#
########",8,11,7,0,"easy_negative",15912212745442983384
"##############
#   ## ###   #
#   ##   # $.#
#    $  .    #
# ## #  #### #
#  # #. #### #
###  #   .$  #
#@      ### ##
#  $$ #.#    #
#   ### ### ##
##############",14,11,5,1,"positive",10329849723461663653
"########
# #.   #
# #$##.#
# #$## #
#  $ ###
#@ $. ##
# . ####
########",8,8,4,0,"easy_negative",6688846847514136796
"###########
##   @   ##
##  ###$ ##
## . $   ##
### $##  ##
## $ #  .##
# .  ##  ##
####.  #  #
#    # #  #
#   ####  #
##.  $   ##
###   #  ##
##   ## ###
###########",11,14,5,1,"positive",5877100561582477291
"###########
##   @   ##
##  ###$ ##
## . $   ##
### $##  ##
## $ #  .##
# .  ##  ##
####.  #  #
# .  # #  #
#   ####  #
##   $   ##
###   #  ##
##   ## ###
###########",11,14,5,1,"positive",5877100561582477291
"##############
## #     .   #
#   .# #######
## #         #
#   #  ## #  #
### # $#  #  #
### ##    #  #
#.  ##  .  ###
# @ ##  #  ###
#     $ $    #
##### #### ###
#  $   #    ##
#   # #   ####
##############",14,14,4,0,"easy_negative",13770650546597864718
"##############
# ##  .  ###@#
#  # #   ### #
# $$  .. #   #
#  $  #$## . #
## $ ## ## #.#
####  #      #
##############",14,8,5,0,"easy_negative",7505485788299391003
"###########
### ##  ###
### #  $ ##
#   $   . #
#   ### $ #
# #  # .#.#
#       $ #
#  #### ###
#.##     ##
#  #@     #
# ## #### #
# ##$ ##  #
#    . ####
###########",11,14,5,1,"positive",16370381844177997619
"##############
#      ###  ##
#  #.      ###
# ##     .$ ##
### ## # ## ##
## .# $  $ . #
##@  $$# ## ##
##.#   #  ## #
#   #. #  ## #
## ### #$ $$ #
###       .. #
### ###   ## #
#      ##### #
##############",14,14,8,0,"easy_negative",8889399701744512642
"###########
######  @ #
#   ##$$# #
#    $    #
# .    ## #
# #.$# #  #
# ..   #  #
###########",11,8,4,1,"positive",8116071354286054387
"###########
######    #
#   ##$$# #
#    $    #
# .    ## #
# #+$# #  #
# ..   #  #
###########",11,8,4,1,"positive",8116071354286054387
"###########
######    #
#   ##$$# #
#    $    #
# .    ## #
# #.$# #  #
# ..@  #  #
###########",11,8,4,1,"positive",8116071354286054387
"###########
######   @#
#   ##$$# #
#    $    #
# .    ## #
# #.$# #  #
# ..   #  #
###########",11,8,4,1,"positive",8116071354286054387
"###########
######   @#
#   ##$$# #
#    $    #
# .    ## #
# #.*# #  #
# .    #  #
###########",11,8,4,1,"positive",8116071354286054387
"##############
## .   @ ### #
###$.#   ###.#
##.$  $ ##   #
##$###.# #$ ##
#   ##   $ $##
## #. .# #  ##
##############",14,8,7,0,"easy_negative",6396649832463666305
"########
## #   #
# $  #.#
## # . #
##$# $##
# $ # ##
##$#####
#     .#
#.#  .##
#   @###
########",8,11,5,0,"easy_negative",11269918103642032206
"##############
###    #     #
### ## # # # #
# . ##  ##   #
## #      @###
# .  ##    ###
##$#$#####   #
#   $.  ###  #
#### #  ###  #
## ####   #  #
#    . # ##  #
#    #  $ #  #
######## ##  #
##############",14,14,4,0,"easy_negative",3803865908953153444
"########
#   #  #
### #  #
### ## #
#  $$  #
#  $####
# @   .#
## $ # #
## # #.#
#### # #
## .##.#
## $## #
##    .#
########",8,14,5,0,"easy_negative",12240566771533012734
"########
### ## #
###$#..#
# $    #
# ###  #
## ## .#
##  #  #
#  # $ #
#  # #@#
#  #   #
##  # ##
## $$  #
##. #.##
########",8,14,5,0,"easy_negative",15555033468350164223
"###########
##   @   ##
##  ###$ ##
## . $   ##
### $##  ##
## $ #  .##
# .  ##  ##
####.  #  #
#   .# #  #
#   ####  #
##   $   ##
###   #  ##
##   ## ###
###########",11,14,5,1,"positive",5877100561582477291
"##############
# . #####  ###
# ##  .#  .###
# ##$      . #
# .$$  #  # ##
# # ####   $ #
#   .  #@ #$##
##### # .    #
# .$$ $ #### #
#   # # #### #
##############",14,11,8,0,"easy_negative",14173558105591683822
"###########
##       ##
##  ###$ ##
## . $   ##
### $##  ##
## $ #  .##
# .  ##  ##
####.  #  #
# @ .# #  #
#   ####  #
##   $   ##
###   #  ##
##   ## ###
###########",11,14,5,1,"positive",5877100561582477291
"###########
##       ##
##  ###$ ##
## . $   ##
### $## @##
## $ #  .##
# .  ##  ##
####.  #  #
#   .# #  #
#   ####  #
##   $   ##
###   #  ##
##   ## ###
###########",11,14,5,1,"positive",5877100561582477291
"########
# ..####
# #$@ ##
# $$$###
####   #
#  .$  #
#..    #
########",8,8,5,0,"easy_negative",15783041531987704067
"###########
####   . .#
#  . # ## #
#    $ ## #
### ##$#  #
## $## #  #
#  .$  # @#
#  $##.####
# # #     #
#    ##   #
###########",11,11,5,1,"positive",4456217564993062145
"###########
####   .@.#
#  . # ## #
#    $ ## #
### ##$#  #
## $## #  #
#  .$  #  #
#  $##.####
# # #     #
#    ##   #
###########",11,11,5,1,"positive",4456217564993062145
"##############
#      ###   #
#  ###  #  $ #
# ####  $ $  #
####### . #  #
##     ##### #
# .. $ .  #  #
# ## ## $@ . #
# #   #      #
# ##   ###   #
##############",14,11,5,0,"easy_negative",3349739776121555788
"###########
####   .@ #
#  . # ## #
#    $ ## #
### ##$# .#
## $## #  #
#  .$  #  #
#  $##.####
# # #     #
#    ##   #
###########",11,11,5,0,"hard_negative",4456217564993062145
"###########
###  ## ..#
##   ## # #
####$ .@  #
# $  # # ##
# ## # ####
# ## #  $ #
#   .  ## #
# ## $$#  #
# ##    ###
###. ##  ##
##   ##  ##
##      ###
###########",11,14,5,0,"easy_negative",15325103910838911398
"###########
####   .@.#
#  . # ## #
#  $ $ ## #
### ## #  #
## $## #  #
#  .$  #  #
#  $##.####
# # #     #
#    ##   #
###########",11,11,5,1,"positive",4456217564993062145
"###########
####   . .#
#  . # ## #
#  $ $ ## #
### ## #  #
## $## #  #
#  .$  #  #
# @$##.####
# # #     #
#    ##   #
###########",11,11,5,0,"hard_negative",4456217564993062145
"###########
####   .@.#
#  . # ## #
#  $   ## #
### ## #  #
## $## #  #
#  .$  #  #
# $$##.####
# # #     #
#    ##   #
###########",11,11,5,0,"hard_negative",4456217564993062145
"###########
####   . .#
#  . # ## #
#  $ $ ## #
### ## # @#
## $## #  #
#  .$  #  #
#  $##.####
# # #     #
#    ##   #
###########",11,11,5,1,"positive",4456217564993062145
"###########
####   . .#
# $. # ## #
#  $ $ ## #
### ## # @#
## $## #  #
#  .   #  #
#  $##.####
# # #     #
#    ##   #
###########",11,11,5,0,"hard_negative",4456217564993062145
"########
#. . .##
# #$ .##
# $$$ ##
####$  #
##    ##
#.@  ###
########",8,8,5,0,"easy_negative",16873227750133731970
"########
### #. #
###$#$ #
#.  #  #
## . $ #
##$ @###
##$ .###
##.$#.##
##$$ ..#
##  # ##
########",8,11,8,0,"easy_negative",11580521687524066871
"##############
###.  ##   # #
##  #.##   # #
#   ## # $ # #
##   .$ ##   #
### ### .##  #
##      $ ## #
#   # ##.# $ #
#    $.$   @ #
#   # ## #####
##############",14,11,6,0,"easy_negative",9526475715549412464
"###########
####   . .#
#  . # ## #
#  $ $ ## #
### ## # @#
## $## #  #
#  .$  #  #
#  $## ####
#.# #     #
#    ##   #
###########",11,11,5,0,"hard_negative",4456217564993062145
"###########
####   . .#
#  . # ## #
#  $ $ ## #
### ## # @#
## $## #  #
#  *$  #  #
#   ##.####
# # #     #
#    ##   #
###########",11,11,5,0,"hard_negative",4456217564993062145
"###########
####     .#
#  . # ## #
# .$ $ ## #
### ## # @#
## $## #  #
#  .$  #  #
#  $##.####
# # #     #
#    ##   #
###########",11,11,5,1,"positive",4456217564993062145
"########
# ######
#  ##  #
#  $$  #
# . # ##
# #$ . #
#.$ # ##
###    #
#  # # #
#.## $ #
#. $.  #
#   ## #
#  @## #
########",8,14,6,0,"easy_negative",18157745901901159935
"###########
### ##  ###
### #  $ ##
#   $   . #
#   ### $ #
# #  # .# #
#       $ #
#. #### ###
#.##     ##
#  #@     #
# ## #### #
# ##$ ##  #
#    . ####
###########",11,14,5,1,"positive",16370381844177997619
"########
#   . ##
### $ ##
###$  ##
### ## #
##  #. #
## $  .#
###  # #
### ####
#    #.#
#  $$@ #
#  #.###
#### ###
########",8,14,5,0,"easy_negative",17402346650550020330
"###########
### ##  ###
### #  $ ##
#   $   . #
#   ### $ #
# #  # .# #
#       $ #
#. #### ###
#.##    @##
#  #      #
# ## #### #
# ##$ ##  #
#    . ####
###########",11,14,5,1,"positive",16370381844177997619
"##############
#     #### ###
#.# # #    ###
# $ ##  $    #
# $   .$  ## #
### #   .### #
###$##  ##   #
# .  #   $$  #
#### # #######
#.   #.  .@  #
##############",14,11,7,0,"easy_negative",685157815687637595
"###########
### ##  ###
### #  $ ##
#   $   . #
#   ### $@#
# #  # .# #
#       $ #
#. #### ###
#.##     ##
#  #      #
# ## #### #
# ##$ ##  #
#    . ####
###########",11,14,5,1,"positive",16370381844177997619
"###########
#   .### ##
# #@ ## $.#
#### $ #$##
# .. #.   #
#  # # ####
# ## #$ $ #
# ## $. $ #
#  # . ## #
#  ###### #
###########",11,11,7,0,"easy_negative",1555269036991351
"###########
### ##  ###
### #  $ ##
#   $   . #
#   ### $ #
#@#  # .# #
#       $ #
#. #### ###
#.##     ##
#  #      #
# ## #### #
# ##$ ##  #
#    . ####
###########",11,14,5,1,"positive",16370381844177997619
"##############
#   # #  .#  #
# # $.$ # #$.#
# .$#.#   #  #
#   .#####.  #
# $ . #  # @##
####  #    ###
#   #$#  $####
# # $   # #  #
#   # #      #
##############",14,11,8,0,"easy_negative",16145808471509655424
"##############
#      #   @ #
# #### # #  ##
# ####  ## ###
#      ### # #
####       # #
#   ###  $ # #
#   ###.##   #
#  .    ##   #
####   $ $   #
####   #   ###
# $  # #    ##
#  .  .##    #
##############",14,14,4,1,"positive",16013242316368105658
"##############
#      #   @ #
# #### # #  ##
# ####  ## ###
#      ### # #
####       # #
#   ###  $ # #
#   ###.##   #
#  .    ##   #
####.  $ $   #
####   #   ###
# $  # #    ##
#  .   ##    #
##############",14,14,4,1,"positive",16013242316368105658
"##############
#      #   @ #
# #### # #  ##
# ####  ## ###
#      ### # #
####       # #
#   ###  $ # #
#   ###.##   #
#  .    ##   #
####.  $     #
####   #   ###
# $$ # #    ##
#  .   ##    #
##############",14,14,4,0,"hard_negative",16013242316368105658
"##############
#      #     #
# #### # #  ##
# ####  ## ###
#      ### # #
####       # #
#   ###  $ # #
#   ###.##   #
#  .    ##   #
####.  $ $   #
####   #   ###
# $  # #    ##
#  .  @##    #
##############",14,14,4,1,"positive",16013242316368105658
"##############
## #   #######
# $  # #.    #
##$#      $  #
#    #   $#  #
# ## #  # ## #
# ## #  @ #  #
# # ## ###   #
# # # $ . .$ #
# # #.       #
# # ##  #  # #
# # ## ### # #
# #    .#. # #
##############",14,14,6,0,"easy_negative",1663125717348409222
"###########
####   # ##
##   @  $.#
#   $ $# ##
##  ##$.  #
##  ##. ###
##    . ###
###########",11,8,4,0,"easy_negative",1960485181319350565
"##############
####  ##  #  #
#  #  ## .#  #
# ## .##$$#  #
#  # ## $ #$ #
#.##.###  #$ #
#  #   ## #  #
#      .     #
# ## .  # $$ #
# ########. @#
##############",14,11,7,0,"easy_negative",4747437044703108607
"##############
#      #     #
# #### # #  ##
# ####  ## ###
#      ### # #
####       # #
#   ###  $ # #
#   ###.##   #
#@ .    ##   #
####.  $ $   #
####   #   ###
# $  # #    ##
#  .   ##    #
##############",14,14,4,1,"positive",16013242316368105658
"###########
## ##@### #
#      ## #
## ## #   #
##    $   #
##.  $  # #
## $#######
#   # .####
#   #   # #
# .$#.  $ #
### .## ###
###  ## ###
#         #
###########",11,14,5,0,"easy_negative",11266543106969788551
"##############
#      #     #
# #### # #  ##
# ####  ## ###
#      ### # #
####    $  # #
#   ###  $ # #
#   ###.##   #
#@ .    ##   #
####.  $     #
####   #   ###
# $  # #    ##
#  .   ##    #
##############",14,14,4,0,"hard_negative",16013242316368105658
"##############
#      #     #
# #### # #  ##
# ####  ## ###
#      ### # #
####       # #
#   ###  $ # #
#   ###.##   #
#@ .    ##   #
####.  $  $  #
####   #   ###
# $  # #    ##
#  .   ##    #
##############",14,14,4,1,"positive",16013242316368105658
"########
##   .@#
###  # #
##..####
##$## ##
# $  $ #
## ## ##
########",8,8,3,0,"easy_negative",13051504777847123325
"##############
###    ##.   #
##   #$## $# #
# ##   .     #
# . .$ ### $##
#  ##  # # @##
# #### # $ .##
# #####   ####
# ##  $ # # ##
#    .      ##
##############",14,11,6,1,"positive",12704090195716237485
"###########
####  .   #
# # ## ####
#   ##   @#
###    ## #
###$ #$#  #
# .   . ###
# ######  #
# ##  ### #
#   $###  #
##   $    #
## $.#  # #
### ### . #
###########",11,14,5,0,"easy_negative",3707324710365686866
"##############
###    ##.   #
##   #$## $# #
# ##   *     #
# . .$ ###  ##
#  ##  # # @##
# #### # $ .##
# #####   ####
# ##  $ # # ##
#    .      ##
##############",14,11,6,0,"hard_negative",12704090195716237485
"##############
###    ##.   #
##   #$##  # #
# ##   .   $ #
# . .$ ### $##
#  ##  # # @##
# #### # $ .##
# #####   ####
# ##  $ # # ##
#    .      ##
##############",14,11,6,1,"positive",12704090195716237485
"###########
#   . ##.##
# #   #@  #
####  ## ##
## # # #$ #
# . $#$#$ #
## # #$#$ #
#         #
# #  ## # #
#### ##   #
###    ####
## ..    ##
## .###   #
###########",11,14,6,0,"easy_negative",12145353127574881315
"##############
###    ##.   #
##   #$##  # #
# ##   .   $ #
# . .$ ### $##
#  ## @# #  ##
# #### # $ .##
# #####   ####
# ##  $ # # ##
#    .      ##
##############",14,11,6,1,"positive",12704090195716237485
"##############
###    ##.   #
##   #$##  # #
# ##   .   $ #
# . .$ ###  ##
#  ## @# #  ##
# #### # $$.##
# #####   ####
# ##  $ # # ##
#    .      ##
##############",14,11,6,0,"hard_negative",12704090195716237485
"##############
###  .   # ###
### . # @# ###
#    ##.##   #
# ####     ###
# .## $ #   ##
#   #        #
####   # #  ##
#    $$ $  ###
#   #### #  ##
##############",14,11,4,0,"easy_negative",17580855345466780445
"##############
###    ##+   #
##   #$##  # #
# ##   .   $ #
# . .$ ### $##
#  ##  # #  ##
# #### # $ .##
# #####   ####
# ##  $ # # ##
#    .      ##
##############",14,11,6,1,"positive",12704090195716237485
"########
#   ## #
###$##.#
###@$$ #
#.$$.$.#
#. # # #
#.######
########",8,8,6,0,"easy_negative",6462041865595469038
"########
#      #
# ##$  #
# ##   #
#   $# #
# # .#.#
# $ .# #
#    $ #
####   #
#   $  #
# $###.#
#@ ###.#
# ##  .#
########",8,14,6,1,"positive",12196256607742613516
"########
#   .  #
# ##$  #
# ##   #
#   $# #
# # .#.#
# $ .# #
#    $ #
####   #
#   $  #
# $###.#
#@ ###.#
# ##   #
########",8,14,6,1,"positive",12196256607742613516
"###########
##     # ##
## $###   #
##     # ##
#  ..  #.##
# #  # $$ #
# $    # ##
#. $      #
# # ##    #
#@  ##.####
###########",11,11,5,1,"positive",5062900145110778233
"###########
##     # ##
## $###   #
##     # ##
#  ..  #.##
# #  # $$ #
# $@   # ##
#. $      #
# # ##    #
#   ##.####
###########",11,11,5,1,"positive",5062900145110778233
"###########
###    ####
##. #### ##
##  @  . ##
#   $$# . #
#   # #.# #
#  .###$  #
## # #    #
#    # ####
## # #$   #
##. ## #$##
##  # $   #
##     # ##
###########",11,14,6,0,"easy_negative",8554812556930904355
"###########
##     # ##
## $###   #
##     # ##
# $..  #.##
# #  # $$ #
# $@   # ##
#.        #
# # ##    #
#   ##.####
###########",11,11,5,1,"positive",5062900145110778233
"###########
##     # ##
## $###   #
##     # ##
# $..  #.##
# #  # $$ #
# $    # ##
#.   @    #
# # ##    #
#   ##.####
###########",11,11,5,1,"positive",5062900145110778233
"###########
##     # ##
## $###   #
##     # ##
#  ..  #.##
# #  # $$ #
# $ $  # ##
#.   @    #
# # ##    #
#   ##.####
###########",11,11,5,1,"positive",5062900145110778233
"##############
#    #   ##  #
# #####$###  #
# ## #   ###@#
#   $  # ### #
# #$   .. ##.#
#  $#### #   #
#.#. $.    ###
# # ### # $ ##
# #          #
##############",14,11,6,0,"easy_negative",2594039966010864523
"##############
#   ####  ## #
# $$ #.# @# .#
#  $ $ #..$  #
####    ##$  #
## #### ##  ##
##  .   .  ###
##############",14,8,6,0,"easy_negative",11048983419545977135
"##############
#  #        ##
#  # #. #. ###
#. ####  @  ##
#   #.  #$ $ #
# #$# $$# $ ##
#   #   #  ###
##  ## ## ####
###$#   #  . #
##     ## $  #
#.. ##  .## ##
#   #  # #   #
#   #  #### ##
##############",14,14,8,0,"easy_negative",475240732738274344
"########
# # # ##
# # $. #
# # # ##
# ##   #
# ##   #
# $. $ #
#.#$# @#
# # ## #
# # #  #
##  # .#
### #  #
##  #  #
########",8,14,4,0,"easy_negative",4721962632750935774
"###########
##  ## ####
## .##$#  #
## @.$   .#
###$# .# ##
###$# $   #
#.  ## # ##
###########",11,8,5,0,"easy_negative",7629488920400556861
"###########
#     @   #
#  #  # # #
# #########
#  #    . #
# $### .# #
#  ###.$$ #
#.$ $$ $..#
# #  #.$# #
#######  .#
###########",11,11,8,0,"easy_negative",6733837661987789139
"##############
###    ##+   #
##   #$##  # #
# ##   .   $ #
# .. $ ### $##
#  ##  # #  ##
# #### # $ .##
# #####   ####
# ##  $ # # ##
#    .      ##
##############",14,11,6,1,"positive",12704090195716237485
"########
## ## ##
#      #
##$## ##
# @    #
#.#.## #
#  $##.#
#  $#  #
# # ## #
#   #  #
##. $  #
## #   #
####   #
########",8,14,4,0,"easy_negative",1055192927583022137
"###########
#         #
# #  #  # #
# $  ..   #
#  # ##$# #
## #  # # #
####$$  # #
#  $  .## #
# ##@#   ##
# ##.   ###
#   ##.$.##
#   ##   ##
#        ##
###########",11,14,6,1,"positive",9020999686807777575
"##############
###    .#### #
##  ##   ##. #
######     $.#
#### # # #@# #
# #. # $. ####
#   $#$#.# # #
#      ###   #
#### #  $ $# #
#            #
##############",14,11,6,0,"easy_negative",6564311131166132952
"###########
#         #
# #  #  # #
# $  ..   #
#  # ##$#@#
## #  # # #
####$$  # #
#  $  .## #
# ## #   ##
# ##.   ###
#   ##.$.##
#   ##   ##
#        ##
###########",11,14,6,1,"positive",9020999686807777575
"##############
### # #   ####
### $$..# $. #
#  .# #. .$  #
# $ ####  #  #
# ##  ###$#.##
# ## $ #  ####
#       ##   #
# # ### ##$# #
# .        @ #
##############",14,11,8,0,"easy_negative",12645588390488620361
"###########
#         #
# #  #  # #
# $  ..   #
#  # ##$#@#
## #  # # #
####$$  # #
#  $ ..## #
# ## #   ##
# ##    ###
#   ##.$.##
#   ##   ##
#        ##
###########",11,14,6,1,"positive",9020999686807777575
"###########
###  ..   #
## ####.$ #
# .# $@   #
##$#   # ##
# .  # $  #
## #   # ##
## ###$ $ #
#    #  # #
## ###   .#
###########",11,11,6,0,"easy_negative",14400758812045786920
"########
#   .  #
# ##$  #
# ##   #
#   $# #
# # .#.#
# $ .# #
#    $ #
#### @ #
#   $  #
# $###.#
#  ###.#
# ##   #
########",8,14,6,0,"hard_negative",12196256607742613516
"########
#.  .  #
# ##$  #
# ##   #
#   $# #
# #  #.#
# $ .# #
#    $ #
####   #
#   $  #
# $###.#
#@ ###.#
# ##   #
########",8,14,6,1,"positive",12196256607742613516
"##############
#       @    #
# # $# .# ####
# .$.  $$. . #
### ## #.##$##
### #   $  $ #
#      # ##.##
##############",14,8,7,0,"easy_negative",10239181618714444344
"###########
## #    # #
#  $ ## # #
## # ## # #
## #. $@# #
#  $ ## # #
## # ## #.#
#  .# #   #
#    . $  #
#   # #   #
###########",11,11,4,1,"positive",9295341352131158690
"###########
## #    # #
#  $ ## # #
## # ## # #
## #. $@# #
#    ## # #
##$# ## #.#
#  .# #   #
#    . $  #
#   # #   #
###########",11,11,4,1,"positive",9295341352131158690
"###########
#   #    .#
### # #$###
###  ## ###
# ##    $ #
# ##.##$.##
#.   ##@###
###$#    .#
##  ##  ###
# ###  $###
#  $  . $ #
### ###   #
###.   ####
###########",11,14,7,0,"easy_negative",2809286751405304023
"###########
## #  @ # #
#  $ ## # #
## # ## # #
## #. $ # #
#    ## # #
##$# ## #.#
#  .# #   #
#    . $  #
#   # #   #
###########",11,11,4,1,"positive",9295341352131158690
"###########
## #  @ # #
# $$ ## # #
## # ## # #
## #.   # #
#    ## # #
##$# ## #.#
#  .# #   #
#    . $  #
#   # #   #
###########",11,11,4,0,"hard_negative",9295341352131158690
"##############
###### ##    #
##.  # # ### #
#  $##   ### #
# #   $   ##.#
######  #. # #
# # ##    ## #
# #$ $ # #   #
# #.#  ##  # #
# # ## # #   #
#. $##      ##
#  @ #  #   ##
#   ##      ##
##############",14,14,5,0,"easy_negative",11764174253023264430
"##############
### ##    # ##
###  # ###  .#
#  $##    # ##
###    ###  ##
##   #     .##
# @    .   ###
## #####  ## #
#     ##  #  #
## # ###     #
#     #  $$ ##
# $  ##.#   ##
####  #### ###
##############",14,14,4,0,"easy_negative",2485436240938035939
"###########
## #   @# #
#  $ ## # #
## # ## # #
## #. $ # #
#    ## # #
##$# ## #.#
#  .# #   #
#    . $  #
#   # #   #
###########",11,11,4,1,"positive",9295341352131158690
"###########
## #    # #
#  $ ## #@#
## # ## # #
## #. $ # #
#    ## # #
##$# ## #.#
#  .# #   #
#    . $  #
#   # #   #
###########",11,11,4,1,"positive",9295341352131158690
"###########
## ## # ###
#     $ ###
## ## #   #
#   ##.## #
#  ## $ # #
#####. ##.#
#@  # # . #
#   .   ###
# . #$# ###
# ###$$   #
# ###$  ###
#   #   ###
###########",11,14,6,0,"easy_negative",17313181651741782767
"##############
# ### #    ###
#.##    $   ##
#   # ####$  #
###  $$@  .###
###  ## # .###
#  . #####   #
##############",14,8,4,0,"easy_negative",7464590005281758310
"########
#.  .  #
# ##$  #
# ##   #
#    # #
# #  #.#
# $ .# #
#    $ #
####   #
#   $$ #
# $###.#
#@ ###.#
# ##   #
########",8,14,6,0,"hard_negative",12196256607742613516
"###########
#         #
# #  #  # #
# $   . . #
#  # ##$#@#
## #  # # #
####$$  # #
#  $ ..## #
# ## #   ##
# ##    ###
#   ##.$.##
#   ##   ##
#        ##
###########",11,14,6,1,"positive",9020999686807777575
"##############
####   # ### #
## @ $.   #  #
#   #### ##  #
#.##  ###### #
#  #$$#  .#  #
# ..  #$  $$ #
# $       .  #
# # ### # ## #
#  .   ##### #
##############",14,11,7,0,"easy_negative",17570753753541092413
"########
# ######
# ##   #
#.  $  #
#   @ ##
#  #  ##
# ##  ##
# $   .#
# #  # #
#. .   #
# $$.$ #
#  # ###
# ## ###
########",8,14,5,1,"positive",11647165701997103856
"##############
# . # #   ## #
## $   $  ## #
### # #$  .  #
####  #$# ####
#  # ## # # ##
#  @  # #.  ##
###. ######  #
##   ##  ##  #
##        #  #
##############",14,11,4,0,"easy_negative",10894670040864796468
"########
# ######
# ##   #
#.  $  #
#     ##
#  #  ##
# ##  ##
# $   .#
# #  # #
#. .   #
# $$+$ #
#  # ###
# ## ###
########",8,14,5,1,"positive",11647165701997103856
"########
# ######
# ##   #
#.  $  #
#     ##
#  #  ##
# ##  ##
# $   .#
# #$ # #
#. .   #
# $ +$ #
#  # ###
# ## ###
########",8,14,5,1,"positive",11647165701997103856
"########
# ######
# ##   #
#   $  #
#.    ##
#  #  ##
# ##  ##
# $   .#
# #$ # #
#. .   #
# $ +$ #
#  # ###
# ## ###
########",8,14,5,1,"positive",11647165701997103856
"##############
## #  # .    #
# $$ ## #. ###
##$# @#.$  ###
## .######.$ #
###.#    #$###
##         ###
##############",14,8,6,0,"easy_negative",10990429186988372494
"########
# ######
# ##   #
#   $  #
#.    ##
#  #  ##
# ##  ##
# $  @.#
# #$ # #
#. .   #
# $ .$ #
#  # ###
# ## ###
########",8,14,5,1,"positive",11647165701997103856
"###########
###########
#@#   .#  #
#    $$$. #
# ###$. $ #
# ### #  ##
#.  ###$###
## #      #
#  . . ## #
## #   ## #
###########",11,11,6,0,"easy_negative",5207242479380657983
"###########
# .    .###
# .# #  ###
# ## .$$  #
####$$    #
#  $ ###  #
#. @ ######
###########",11,8,5,0,"easy_negative",1377395277299474962
"###########
#         #
# #  #  # #
# $   . . #
#  # ##$# #
## #  # # #
####$$  # #
#  $ ..## #
# ## #   ##
# ##    ###
#   ##.$.##
#   ##  @##
#        ##
###########",11,14,6,1,"positive",9020999686807777575
"###########
#       . #
###$ # @.##
###$### ###
#    $ # ##
#.$.##  $.#
#   ## # ##
###########",11,8,5,0,"easy_negative",17274319728036103228
"########
#     ##
#   $.##
####.@##
#  $ ###
# #$  ##
#.  ####
########",8,8,3,0,"easy_negative",879499318120473028
"########
#.  .  #
# ##$  #
# ##   #
#   $# #
# #  #.#
# $ .# #
#    $ #
####   #
#   $ @#
# $###.#
#  ###.#
# ##   #
########",8,14,6,0,"hard_negative",12196256607742613516
"########
#.  .  #
# ##$  #
# ##   #
#   $# #
# # $#.#
# $ .# #
#    $ #
####   #
#      #
# $###.#
#@ ###.#
# ##   #
########",8,14,6,0,"hard_negative",12196256607742613516
"########
#   .  #
# ##$  #
# ##   #
#   $# #
# #  #.#
# $ .# #
#    $ #
####   #
#  .$  #
# $###.#
#@ ###.#
# ##   #
########",8,14,6,1,"positive",12196256607742613516
"##############
##   #  ##   #
##. ### ## # #
##$  # $.  $ #
#   $   $    #
#  # # ##  ###
#### @ ##  ###
#   . ## #####
###. ## .   ##
###   ## #.  #
#     $   ## #
# ##    # ## #
# #####      #
##############",14,14,6,0,"easy_negative",13775384688775783071
"########
#   .  #
# ##$  #
# ##   #
#   $# #
# #  #.#
# $ .# #
#    $ #
####   #
#@ .$  #
# $###.#
#  ###.#
# ##   #
########",8,14,6,1,"positive",12196256607742613516
"##############
###  ..   # ##
##   #  #@.  #
##  #######$##
###  ####    #
###  ###  ## #
# $ $  .$ ##.#
# $$  $ ###  #
# #.#.$  ##  #
# . ##   ### #
##############",14,11,8,0,"easy_negative",16007347921959795409
"###########
## #    @ #
#    #$ # #
## #. $.$ #
### ###$  #
## .   .# #
#     .   #
#  $#$ ## #
##. # $#  #
### # .#  #
###########",11,11,7,1,"positive",10095879964469612615
"###########
# #  ##  .#
# # #.#@ ##
# # #$  ###
#   $ #   #
#  #  ##  #
#### .#####
# ###$#   #
# ## $ $  #
#   # # $ #
##   ## # #
##    #.# #
##.     #.#
###########",11,14,6,0,"easy_negative",1786829962779070919
"###########
## #    @ #
#    #$ # #
## #. $.$ #
### ###$  #
## .   .# #
#     .   #
#  $#  ## #
##. #$$#  #
### # .#  #
###########",11,11,7,0,"hard_negative",10095879964469612615
"##############
###  .#   ## #
##  $ ### #  #
#. $ ####    #
#  $  $. .   #
#@# ### #$ ###
#.         ###
##############",14,8,5,1,"positive",14038089849247396463
"##############
###  .#   ## #
##  $ ### #  #
#. $ ####    #
#  $   . *   #
#@# ### #$ ###
#.         ###
##############",14,8,5,1,"positive",14038089849247396463
"########
#.     #
# #$## #
#.  ## #
## #. .#
####.# #
# $.$$ #
# ##$$##
# #@$ ##
# ##. ##
########",8,11,7,0,"easy_negative",7522223270139905825
"##############
#   ## # #.# #
##   #     # #
### ## #$# # #
#     ## #  .#
# # $ # $$$.##
# @ . ##$#####
### #.$   ## #
##  # ### #  #
##  .####.   #
##############",14,11,7,0,"easy_negative",936438389098021051
"###########
## #      #
#    #$ # #
##@#. $.$ #
### ###$  #
## .   .# #
#     .   #
#  $#$ ## #
##. # $#  #
### # .#  #
###########",11,11,7,1,"positive",10095879964469612615
"###########
## #      #
#    #$ # #
##@#. $.$ #
### ###$  #
##     .# #
#     .   #
#  $#$ ## #
##. # $#  #
### #..#  #
###########",11,11,7,1,"positive",10095879964469612615
"###########
# .       #
#.#$$  ## #
#   ##### #
####   #  #
#  # # #  #
#   . $## #
## $    $ #
### #  #. #
##  ## ## #
### # ##  #
###@   #  #
#   #.##  #
###########",11,14,5,0,"easy_negative",5132293622502569730
"###########
#         #
# ###  ## #
# ####### #
##        #
###.##$$###
## @##..###
# ##. $####
# ##$#  $ #
#.        #
###########",11,11,5,0,"easy_negative",16066650241827838501
"##############
###  .#   ## #
##  $ ### #  #
#. $ ####$   #
#      . *   #
#@# ### #$ ###
#.         ###
##############",14,8,5,0,"hard_negative",14038089849247396463
"##############
###  .#   ## #
##  $ ### #  #
#.   ####    #
#  $ $ . *   #
#@# ### #$ ###
#.         ###
##############",14,8,5,1,"positive",14038089849247396463
"##############
###   #   ## #
##  $ ### #  #
#.   ####    #
#  $ $ . *   #
#@# ### #* ###
#.         ###
##############",14,8,5,1,"positive",14038089849247396463
"##############
### . #   ## #
##  $ ### #  #
#.   ####    #
#  $ $ . *   #
#@# ### #* ###
#          ###
##############",14,8,5,1,"positive",14038089849247396463
"###########
## . ## . #
##@# #   ##
####$## ###
##  .$ $. #
### # $ # #
## .##$ . #
# $ .   $ #
# ##   $###
# #####.###
###########",11,11,8,0,"easy_negative",5235686827897182863
"###########
#      ## #
#  #$$  # #
# ## . ## #
#  ####   #
# ## #   ##
# @#.. ####
##.  #  ###
##   #. ###
###$ #  . #
## $# ##  #
## $$  #$ #
### # ##. #
###########",11,14,7,0,"easy_negative",9639497673237764065
"##############
#. ###  ##   #
# ###.$$####.#
#. # $ .$ ##@#
#  $  ## #  .#
#    $#  $ # #
####. ## #   #
##############",14,8,7,0,"easy_negative",10767528063877727649
"###########
## #      #
#    #$ # #
##@#. $.$ #
### ###$  #
##      # #
#   . .   #
#  $#$ ## #
##. # $#  #
### #..#  #
###########",11,11,7,1,"positive",10095879964469612615
"##############
### .     ## #
## .####  ## #
##     ##  $ #
#    .#   $$ #
####$#####$###
#   . # $  ###
## $. @ ##   #
### ##. #  # #
## .##  ######
##############",14,11,7,0,"easy_negative",17154385628546338160
"###########
## #      #
#    #$ # #
##@#. $.$ #
### ###$  #
##  .   # #
#   . .   #
#  $#$ ## #
##. # $#  #
### # .#  #
###########",11,11,7,1,"positive",10095879964469612615
"##############
#      # # ###
#  # #$   @.##
#.##$$ # #  .#
###   .    # #
###   # $  # #
#    ##### # #
##############",14,8,4,0,"easy_negative",14034969478088125310
"##############
##  ## #######
##  #. .     #
##   $     $ #
#      # # @##
#  # $     .##
######## #  ##
#      ###   #
# # # . $ $  #
######     . #
##############",14,11,5,1,"positive",9674612959982941191
"########
# . # ##
# $$ @.#
##### ##
#  # $##
#..#  ##
#  # $##
#.##   #
# ## # #
#   $$ #
#. ### #
## ### #
####   #
########",8,14,6,0,"easy_negative",8378506501223139893
"##############
##  ## #######
##  #. .     #
##   $     $ #
#      # #  ##
#  # $     .##
######## #  ##
#      ###   #
# #@# . $ $  #
######     . #
##############",14,11,5,1,"positive",9674612959982941191
"##############
##  ## #######
##  #.@.     #
##   $     $ #
#      # #  ##
#  # $     .##
######## #  ##
#      ###   #
# # # . $ $  #
######     . #
##############",14,11,5,1,"positive",9674612959982941191
"##############
##  ## #######
##  #.@.     #
##   $     $ #
#      # #  ##
#  # $     .##
######## #  ##
#      ###   #
# # #   $ *  #
######     . #
##############",14,11,5,1,"positive",9674612959982941191
"##############
##  ## #######
##  #. .     #
##   $     $ #
#      # #  ##
#  # $   @ .##
######## #  ##
#      ###   #
# # #   $ *  #
######     . #
##############",14,11,5,1,"positive",9674612959982941191
"########
# .  ###
#.#.. ##
# $$$@ #
# .##$##
#.$# $ #
#  ## ##
########",8,8,6,0,"easy_negative",5741853881905109923
"########
# @ ####
# ## . #
# ##   #
# $ $$ #
###  ###
###$.###
#.  ####
###. # #
###$  .#
#.$$####
# #    #
#### . #
########",8,14,7,0,"easy_negative",7712344328307595429
"###########
# #       #
# #@  #. .#
# #$$######
#    ##..##
## $ ## .##
###  $   ##
## # $.#  #
# $  #### #
## # ###  #
###########",11,11,6,0,"easy_negative",16121304200178843588
"###########
#     @   #
# $$$$ $# #
#######$$.#
#   ### . #
# ##    . #
# ##  $####
# . ##  ###
# # ##   ##
# . .     #
######### #
# # #. ## #
#.        #
###########",11,14,8,0,"easy_negative",16787727033119585047
"###########
##@. . ####
##  ### . #
##.$$ $   #
# $ $    ##
#   ###  ##
#   .    ##
###########",11,8,5,1,"positive",16866782704025625063
"###########
## . . ####
##  ### .@#
##.$$ $   #
# $ $    ##
#   ###  ##
#   .    ##
###########",11,8,5,1,"positive",16866782704025625063
"###########
## ####  .#
# $$ # #  #
## #$$ ## #
#  $      #
#.#  #  # #
# @. . .$.#
#.# ##    #
#####   # #
# # $     #
# $ # ##  #
# ##   ## #
# ### ## .#
###########",11,14,8,0,"easy_negative",14821450109268843683
"##############
#      ###. ##
#   ####  $###
#   .   $$  ##
###$ #  ##@.##
### ### ### ##
#   .#    ####
##############",14,8,4,0,"easy_negative",1400959819844593365
"###########
## . . ####
##  ### .@#
##.$  $   #
# $ $  $ ##
#   ###  ##
#   .    ##
###########",11,8,5,1,"positive",16866782704025625063
"###########
### #.    #
##  # $####
#  @#$   .#
# ## $  ###
#.## #$$ ##
#..    ####
###########",11,8,5,0,"easy_negative",8346887134923778151
"###########
## . . ####
##  ### . #
##.$  $ @ #
# $ $  $ ##
#   ###  ##
#   .    ##
###########",11,8,5,1,"positive",16866782704025625063
"###########
## . . ####
##  ### . #
##.$  $   #
# $ $  $ ##
#   ###  ##
#   .   @##
###########",11,8,5,1,"positive",16866782704025625063
"##############
###     ##  ##
###  #  ## @##
# .$$   $  .##
#    $ ##    #
#.#. ####$## #
#    ## . ## #
##############",14,8,5,0,"easy_negative",7434998963679943536
"##############
# #   #. # ###
# # # #. #$ ##
# # ##   #   #
# $ ####  $  #
#   # ### ##.#
#   . ##  ## #
# ## $   @####
# ## #  #   ##
#          ###
##############",14,11,4,0,"easy_negative",2645375320532370771
"##############
#######  #   #
# .  #.  # ###
#   $ .$ # ###
# $# #     $ #
#  #### # ## #
#  # #   $## #
#    #.@ . $ #
# #  # .#  # #
#    #       #
##############",14,11,6,1,"positive",5432320030468933743
"##############
# ##.      ###
#.## ##  ## ##
#   .## ###$ #
## $###  # . #
###$#    #.  #
##   $  ## $ #
# $ #      ###
#  ##  ## # ##
#####  ## #  #
#   . $   ## #
# #  ###  ## #
#  @ ####   .#
##############",14,14,7,0,"easy_negative",16682297819851491112
"##############
#######  #   #
# .  #+  # ###
#   $ .$ # ###
# $# #     $ #
#  #### # ## #
#  # #   $## #
#    #.  . $ #
# #  # .#  # #
#    #       #
##############",14,11,6,1,"positive",5432320030468933743
"##############
#######  #   #
# .  #+  # ###
#   $ .$ # ###
# $# #       #
#  #### # ## #
#  # #  $$## #
#    #.  . $ #
# #  # .#  # #
#    #       #
##############",14,11,6,1,"positive",5432320030468933743
"##############
# #        # #
# #  #   $ #.#
# #    ### # #
#  #######   #
#  ##      # #
# .#   $     #
# ## #  ## . #
# ## # $ ##. #
#. $ #  $ ## #
# # # #$$.   #
# #. @$ #   ##
#.# # #### ###
##############",14,14,8,0,"easy_negative",5761876974324889851
"###########
#   . .#. #
# #$##### #
# $ # ##. #
# $   $$@ #
### .##$# #
###. ##   #
###########",11,8,6,0,"easy_negative",1498075878709723412
"##############
#######  #   #
# .  #.  # ###
#   $ +$ # ###
# $# #       #
#  #### # ## #
#  # #  $$## #
#    #.  . $ #
# #  # .#  # #
#    #       #
##############",14,11,6,1,"positive",5432320030468933743
"##############
## ## ## #  .#
#    $$    ###
## ## ##$# ###
###  @   #.$ #
### ##$  # # #
#   ##. ##   #
# #####  #   #
#. #     #  ##
####   . #####
##############",14,11,5,0,"easy_negative",3947084119019302403
"##############
#######@ #   #
# .  #.  # ###
#   $ .$ # ###
# $# #       #
#  #### # ## #
#  # #  $$## #
#    #.  . $ #
# #  # .#  # #
#    #       #
##############",14,11,6,1,"positive",5432320030468933743
"########
## #####
#. ..# #
## # . #
# $ # ##
#. # $ #
# ###$##
# . #$##
# .$$$ #
#  @# ##
########",8,11,7,0,"easy_negative",16662071855364426574
"########
###    #
##   ###
#@   ###
#.$   ##
# .#$$##
# ##  ##
#.  $  #
#  #.  #
####   #
########",8,11,4,1,"positive",7863295977683695686
"########
### @  #
##   ###
#    ###
#.$   ##
# .#$$##
# ##  ##
#.  $  #
#  #.  #
####   #
########",8,11,4,1,"positive",7863295977683695686
"########
###.@  #
##   ###
#    ###
#.$   ##
# .#$$##
# ##  ##
#   $  #
#  #.  #
####   #
########",8,11,4,1,"positive",7863295977683695686
"########
###.@  #
##   ###
#    ###
#.$ . ##
#  #$$##
# ##  ##
#   $  #
#  #.  #
####   #
########",8,11,4,1,"positive",7863295977683695686
"##############
#  #      ####
# ##   ###. ##
#  #    $$   #
## .## #####.#
##  #   #  # #
###  ##$$ ## #
# ##    . ####
# ## # ##   ##
#  @#####    #
##  # #   #  #
##    $ #### #
## .# # ###  #
##############",14,14,5,0,"easy_negative",15647973108688070122
"########
###.   #
##   ###
#    ###
#.$ . ##
#  #$$##
# ##@ ##
#   $  #
#  #.  #
####   #
########",8,11,4,1,"positive",7863295977683695686
"###########
#  .    ###
### $$ # ##
### ####  #
#.    $@. #
#  # ##$ .#
#### ##   #
###########",11,8,4,0,"easy_negative",2003821759135420011
"##############
#   ##    ## #
#.$ ## ## #  #
#  $$$ ## #$@#
# ## ### $ $.#
#  #. ###..###
####.. #   ###
##############",14,8,7,0,"easy_negative",5648939304214945231
"##############
######     ###
# @ #   #   ##
#  .$  $  ####
#.$    ## ## #
# #  #### ## #
#    ##  .   #
# $ ## $     #
#  ### ## .#.#
####   ## ####
##############",14,11,5,0,"easy_negative",2357822354292758135
"###########
# #### .  #
#.###  #  #
# $ .$.## #
#  $ #   ##
#.#$###$ ##
#    #  @##
###########",11,8,5,0,"easy_negative",1542362579127199812
"###########
####.  ## #
# .  # ## #
#  $      #
## #    . #
#   ### # #
##$## #   #
# .    $  #
#@## # $  #
# ##   ####
###########",11,11,4,1,"positive",2799436114471180524
"##############
#        @.  #
##  ##$  $   #
###.##$#######
#### .  $    #
# #   $   ##.#
#  .###   ## #
##############",14,8,5,0,"easy_negative",2650611572229552395
"###########
####.  ## #
# . $# ## #
#  $      #
## #    . #
#   ### # #
##$## #   #
# .    $  #
#@## #    #
# ##   ####
###########",11,11,4,1,"positive",2799436114471180524
"###########
###  . #.##
### ###   #
#    . # ##
# $   $$  #
#### #### #
#   $#### #
#     .@###
# ####   ##
# ####   ##
###########",11,11,4,0,"easy_negative",11510439383935060824
"###########
####.  ## #
# . $# ## #
#  $      #
## #   $. #
#   ### # #
##$## #   #
# .       #
#@## #    #
# ##   ####
###########",11,11,4,1,"positive",2799436114471180524
"###########
####.  ## #
#   $# ## #
#  $      #
## #   $. #
#   ### # #
##$## #   #
# .       #
#@## #.   #
# ##   ####
###########",11,11,4,1,"positive",2799436114471180524
"###########
####.  ## #
#   $# ## #
#  $ @    #
## #   $. #
#   ### # #
##$## #   #
# .       #
# ## #.   #
# ##   ####
###########",11,11,4,1,"positive",2799436114471180524
"##############
#   ########.#
# .## # # # .#
# ###$$$ .$$ #
#.. $   ##$###
# # ##   # ###
######.###  @#
##############",14,8,7,0,"easy_negative",16065334442545935338
"########
###  ###
###   ##
#@  ## #
#.##   #
#  # # #
# $$ $.#
# .$.###
# # $ ##
#### .##
########",8,11,5,0,"easy_negative",7227423843745905143
"###########
#.  ###   #
#@#$.#  . #
# $$ $ ####
# $.$#### #
# ##$ ###.#
# ##   .. #
###########",11,8,7,0,"easy_negative",16957553436276746895
"###########
####  .## #
##  ## #  #
# $ ##  @ #
# .  $ ## #
### $#.## #
### . . $ #
#      # ##
# #$.#    #
#    $ # ##
#   ##   ##
##   #   ##
######   ##
###########",11,14,6,1,"positive",15147088048984043205
"##############
##  ###     ##
### $$  ### ##
##   @  ######
#   # ## #####
#   ###    $ #
#      #.#   #
## #$   .##  #
#        ### #
## ####$###  #
#    ##   ## #
# # # #.  #  #
#. .#     ####
##############",14,14,5,0,"easy_negative",2826009320595606455
"###########
####  .## #
##  ## #  #
# * ##  @ #
# .  $ ## #
### $#.## #
### . . $ #
#      # ##
# #$ #    #
#    $ # ##
#   ##   ##
##   #   ##
######   ##
###########",11,14,6,1,"positive",15147088048984043205
"###########
## #. . #.#
# $ # $@# #
## ###  # #
#     .  .#
# $$$# ## #
####$$ ## #
#.   # ####
# # ### # #
#    #  $ #
# # ## ## #
# # ## #  #
#.#   . ###
###########",11,14,8,0,"easy_negative",18308575728801170335
"########
#   ##.#
#@# ## #
# $$$ .#
#.$ $$.#
#.#   ##
# .  ###
########",8,8,6,1,"positive",1387416168916846303
"########
#   ##.#
# # ##@#
# $$$ .#
#.$ $$.#
#.#   ##
# .  ###
########",8,8,6,0,"hard_negative",1387416168916846303
"########
#   ##.#
#@# ## #
# $$$$.#
#.$ $ .#
#.#   ##
# .  ###
########",8,8,6,0,"hard_negative",1387416168916846303
"########
#   ##.#
# # ## #
# $$$ .#
#.$@$$.#
#.#   ##
# .  ###
########",8,8,6,1,"positive",1387416168916846303
"########
#   ##.#
# # ## #
# $$*  #
#.$@$$.#
#.#   ##
# .  ###
########",8,8,6,1,"positive",1387416168916846303
"########
#   ##.#
# # ## #
# $$*  #
#.$ $$.#
#.#   ##
#@.  ###
########",8,8,6,1,"positive",1387416168916846303
"########
#   ##.#
# # ## #
# $$*$ #
#.$ $ .#
#.#   ##
#@.  ###
########",8,8,6,0,"hard_negative",1387416168916846303
"########
#   ##.#
# # ## #
#  $*$ #
#.$ $$.#
#.#   ##
#@.  ###
########",8,8,6,0,"hard_negative",1387416168916846303
"##############
# ##. ### ##.#
#  #@ ##. #  #
#     # $$   #
## ####.##   #
#. .$ $ ##$#.#
## # $    .  #
#  # ##$     #
# ### #$##   #
#  ##   ######
##############",14,11,8,0,"easy_negative",8424813681874364853
"########
#  @##.#
# # ## #
# $$*  #
#.$ $$.#
#.#   ##
# .  ###
########",8,8,6,1,"positive",1387416168916846303
"###########
#.       @#
###  #  # #
###$      #
# $$### $##
# #  # . ##
####..   ##
###########",11,8,4,0,"easy_negative",15914848021118548537
"##############
## .    ###  #
##  .#   ##  #
## $ $    ## #
### .### #   #
##  # ###    #
#   #  # #   #
#  ## ## #  ##
#  #  .. $ ###
#  ## ## #  ##
#  $ #####  ##
#   @## $   ##
####        ##
##############",14,14,5,0,"easy_negative",4353799988024066512
"########
#     ##
# ##  ##
# ##$$##
####$@.#
# #. ###
#.   ###
########",8,8,3,0,"easy_negative",66621280309403962
"########
##### ##
# @$...#
# $ # ##
# $#.  #
#.$###.#
#.$### #
#   # ##
# .$$$ #
#   # ##
########",8,11,8,0,"easy_negative",310675059351303582
"###########
####  .## #
##  ## #  #
# * ##    #
# .  $ ## #
### $#.## #
### . . $ #
#      # ##
# #$ #    #
#    $ # ##
# @ ##   ##
##   #   ##
######   ##
###########",11,14,6,1,"positive",15147088048984043205
"###########
# #####   #
# .# $$$###
#  #  .$###
# $.##  ###
#   # .. ##
#@     ####
###########",11,8,5,0,"easy_negative",649990696977337963
"###########
####  .## #
##  ## #  #
# * ##    #
# .  $ ## #
### $#.## #
### . . $ #
#      # ##
# #$ #    #
#    $ # ##
#   ##   ##
##   #   ##
######@  ##
###########",11,14,6,1,"positive",15147088048984043205
"##############
# # ###  #  ##
# #   .  # ###
# #   .$ #  ##
#.   ## $#  ##
####.#   # ###
#    ##  #  ##
# #$##    . ##
# #$## @# # ##
# #$   $. ####
#   #       ##
# # #  #   ###
#   ## ##   ##
##############",14,14,6,0,"easy_negative",9449420393127756807
"###########
####  .## #
##  ## #  #
# * ##    #
# .  $ ## #
### $#.## #
### . . $ #
#      # ##
# # $#    #
#    $ # ##
#   ##   ##
##   #   ##
######@  ##
###########",11,14,6,1,"positive",15147088048984043205
"##############
##    ###   ##
## #  ##   ###
# ## ##### @##
#    $ #  $###
# ######   ###
# ## . ##$   #
# .  $       #
#     .### ###
#######  . ###
##############",14,11,4,0,"easy_negative",2056624026445508999
"###########
#        ##
#  #  # .##
#######  ##
#   $   $ #
# #  #  . #
# .    ####
# $@###   #
###.# # . #
### $ #   #
#        ##
#    # $ ##
####    ###
###########",11,14,5,1,"positive",3260920524640528967
"##############
# #  #    ####
#.#  # #    .#
# #  # ###   #
# $  #  $    #
### ###  # # #
### .# $##@. #
##  ##       #
##  # $ .#$ ##
##      ## ###
##############",14,11,5,0,"easy_negative",11527753952560225685
"##############
#  # ####  .##
# .#  ###$ ###
# $#        ##
#     $.. $  #
### #@ ### ###
### ##     ###
##############",14,8,4,1,"positive",3882321408817504808
"##############
#  # ####  .##
# .#  ###$ ###
# $#        ##
#     $.*    #
### #@ ### ###
### ##     ###
##############",14,8,4,1,"positive",3882321408817504808
"##############
#  # ####  .##
# .#  ###$.###
# $#        ##
#     $.$    #
### #@ ### ###
### ##     ###
##############",14,8,4,1,"positive",3882321408817504808
"##############
#  # #### ..##
# .#  ###$ ###
# $#        ##
#     $.$    #
### #@ ### ###
### ##     ###
##############",14,8,4,1,"positive",3882321408817504808
"##############
#  # #### ..##
# .#  ###$ ###
# $#   .    ##
#     $ $    #
### #@ ### ###
### ##     ###
##############",14,8,4,1,"positive",3882321408817504808
"##############
#    #     ###
#    # ###  ##
####$#  $  ..#
#  $     #  ##
### ##   #. ##
###$##  ##  ##
#@    # .#   #
##   ### #   #
###   ####   #
##############",14,11,4,0,"easy_negative",7170438687401279975
"###########
###       #
## ####  .#
#  # .$ $ #
##$#   #$##
# $$  #...#
##.##### ##
##   ##   #
###   #@  #
##    #   #
###########",11,11,6,0,"easy_negative",6741018746129610260
"##############
## # #      .#
# $  # ### . #
## #@# # #   #
####   $  ## #
#    ###  #. #
#    ####    #
### #  $   # #
### # ## $ # #
#   .####  # #
##############",14,11,4,0,"easy_negative",15024719293275717481
"########
#### .##
#  #.###
#. $$ ##
###.$$ #
##.$  @#
####   #
########",8,8,5,0,"easy_negative",13019854775328030481
"##############
## # # # #  .#
# $  #   .   #
## # #$# #####
##    $#$  ###
###  # # $ ###
##  .  # @$  #
#         ## #
##  #######  #
###  . .    .#
##############",14,11,6,0,"easy_negative",16451287397420848975
"###########
#        ##
#  #  # .##
#######  ##
#   $   $ #
# #  #  . #
# .    ####
# $@###   #
### # # . #
### $ #   #
#        ##
#  . # $ ##
####    ###
###########",11,14,5,1,"positive",3260920524640528967
"##############
## #  . ##   #
#   ### #  ###
## #   $## ###
#  .  . ##   #
## $### #  # #
###     ## . #
#  $ # $  ## #
##   #  # ## #
###  #      @#
##############",14,11,4,0,"easy_negative",5845814444112698990
"###########
#        ##
#  #  # .##
#######  ##
#   $   $ #
# #  #  . #
# .    ####
# $ ###   #
### # # . #
### $ #   #
#      @ ##
#  . # $ ##
####    ###
###########",11,14,5,1,"positive",3260920524640528967
"##############
##  ## # #   #
### ##$      #
##  $ .# #.  #
# .    #  ## #
#  # # #   # #
# ## $ ##.## #
#  ###$ . ## #
#  ###$###  ##
#  #   @   ###
##############",14,11,5,0,"easy_negative",13475056218673639056
"###########
#        ##
#  #  # .##
#######  ##
#   $   $ #
# #  #  . #
# .    ####
# $ ###   #
### # # * #
###   #   #
#      @ ##
#  . # $ ##
####    ###
###########",11,14,5,1,"positive",3260920524640528967
"##############
####        ##
#      #    ##
#   .  ##   ##
##.## #    # #
#     $  $ #@#
##$## #### # #
# $# ##      #
#. # ##.  ####
#  #         #
##############",14,11,4,0,"easy_negative",4900621734167010791
"##############
####  .###   #
##      $.@  #
# $$   .$ $ .#
# . # ## # ###
# ##  $   $ ##
# ###.## #. ##
##############",14,8,7,1,"positive",14953369653263265363
"##############
####  .###   #
##      $.   #
# $$@  .$ $ .#
# . # ## # ###
# ##  $   $ ##
# ###.## #. ##
##############",14,8,7,1,"positive",14953369653263265363
"##############
#### ##.    .#
#    ## ##  ##
#  .   .######
#### .    # ##
#    # $##   #
#  $ $ .### ##
####  #  $  ##
# #  ## #@# ##
#   $.#  $####
# $    ##$  ##
# ###  #    ##
# ########. ##
##############",14,14,8,0,"easy_negative",506627232033680296
"##############
#. . # # ## ##
#.$ .#@   $. #
####$#$# ## ##
### $ . .  $ #
###  # #  $###
#   #####  ###
##############",14,8,7,0,"easy_negative",3487043719757743841
"##############
####  .###   #
##      $.   #
# $$   .$ $ .#
# . # ## # ###
#@##  $   $ ##
# ###.## #. ##
##############",14,8,7,1,"positive",14953369653263265363
"##############
#     #      #
####  ####$# #
#  .  #   .  #
# . #  # ## ##
#@ ###  $  ###
# ###  # ## ##
#   ######   #
# # $.   #   #
#    $ $ $   #
#.  $ #$### ##
# #  ## ######
#  .. #.     #
##############",14,14,8,0,"easy_negative",17073712181553724958
"##############
####  .###   #
##      $.   #
# $$   .$ $  #
# . # ## # ###
#@##  $.  $ ##
# ###.## #. ##
##############",14,8,7,1,"positive",14953369653263265363
"##############
###  . #######
###$ ## #    #
# .  ## $   .#
#  @### ###.##
# #  # $##   #
#        .# ##
## # $ ## $  #
#   #  ##  # #
## ####      #
##############",14,11,5,0,"easy_negative",15062278509905233375
"###########
#        ##
#  #  # .##
#######  ##
#   $   $ #
# #  #  . #
# .    ####
# $ ###   #
### # # * #
###   #   #
#  .   @ ##
#    # $ ##
####    ###
###########",11,14,5,1,"positive",3260920524640528967
"########
###   ##
###.$ ##
# $  .##
#.  $# #
####@# #
#    # #
#    $ #
# # ####
# .$   #
# .$ # #
# #. # #
#    # #
########",8,14,6,0,"easy_negative",16669368400625016548
"##############
####  .###   #
##      $.   #
#  $   .$ $  #
# . # ## #$###
#@##  $.  $ ##
# ###.## #. ##
##############",14,8,7,0,"hard_negative",14953369653263265363
"##############
####  .###   #
##      $.   #
#  $   .$ $  #
# . # ## # ###
#@##  $. $$ ##
# ###.## #. ##
##############",14,8,7,1,"positive",14953369653263265363
"########
########
#    # #
#.. $  #
## ##$@#
#   #$.#
## ##  #
########",8,8,3,0,"easy_negative",1092858748367883607
"########
#   ##.#
# # ## #
#  $   #
#.##   #
# ######
#    $ #
# #  $ #
# # ## #
# # ## #
# $   .#
# # @# #
#    . #
########",8,14,4,1,"positive",5540304372908789023
"##############
#  ##  .    ##
#  ##  #### ##
#  ##.   @####
## ####... ###
# $$.  #  # ##
## #$  ## #  #
####   $$$$  #
# # ###   #  #
#        .## #
##############",14,11,7,0,"easy_negative",16978935480356500473
"########
#   ##.#
# # ## #
#  $   #
#.## . #
# ######
#    $ #
# #  $ #
# # ## #
# # ## #
# $    #
# # @# #
#    . #
########",8,14,4,0,"hard_negative",5540304372908789023
"########
##     #
##  #  #
##  ## #
#.$ ##.#
#  ##  #
# ## $.#
# .    #
# # #  #
#   ## #
# $  $ #
##   ###
### @###
########",8,14,4,1,"positive",18403331425533690673
"########
#   ##.#
# # ## #
#  $   #
#.##   #
# ######
#    $ #
# #  $ #
# # ## #
# # ## #
# $@  .#
# #  # #
#    . #
########",8,14,4,1,"positive",5540304372908789023
"########
####  ##
#  $.###
# .$$ ##
###$####
###.$. #
# @  $.#
#  $#  #
#.# #  #
#.$ ## #
### ##.#
##  #  #
########
########",8,14,8,0,"easy_negative",17266324039290776561
"########
# .# ###
#  #$###
# ##.$ #
# ##$ ##
# #  $##
# ##  ##
# @ $###
###. .##
###.####
########",8,11,5,0,"easy_negative",9416473621562120794
"########
##     #
##  #  #
##  ## #
#.$ ##.#
#  ##  #
# ##  .#
# .    #
# # #  #
#   ## #
# $  $ #
## $ ###
### @###
########",8,14,4,1,"positive",18403331425533690673
"###########
# #.  . ###
#.# $##  ##
# # $#### #
# .  # $  #
#  ####$# #
# ## #  . #
# $$@  #$##
# ##. . $ #
# ## . # ##
###########",11,11,8,0,"easy_negative",9664257112556886309
"########
##     #
##  #  #
##  ## #
#.$ ##.#
# @##  #
# ##  .#
# .    #
# # #  #
#   ## #
# $  $ #
## $ ###
###  ###
########",8,14,4,1,"positive",18403331425533690673
"##############
#           .#
#### .   $ . #
#      ###   #
## $ # .#  #.#
### ### #  # #
## . #  # $# #
#    ##.#    #
# #  #####$# #
#### $  #@$  #
#     # ## $ #
#  #  #  #$# #
# ##  #.     #
##############",14,14,8,0,"easy_negative",10760907147778829933
"########
##     #
##  #  #
##  ## #
#+$ ##.#
#  ##  #
# ##  .#
# .    #
# # #  #
#   ## #
# $  $ #
## $ ###
###  ###
########",8,14,4,1,"positive",18403331425533690673
"########
##     #
##  #  #
##  ## #
#.$ ##.#
#  ##  #
# ##  .#
# .    #
# # #  #
#   ## #
# $  $ #
## $ ###
###@ ###
########",8,14,4,1,"positive",18403331425533690673
"########
#    # #
# #$$# #
# $ .# #
### $  #
###$. @#
# . ####
# #### #
#  ##  #
#   . .#
########",8,11,5,0,"easy_negative",10024037407626073004
"########
####   #
## $ .##
### $###
#   $  #
# # ####
#  .@  #
## #####
#.  $ ##
## #.  #
###    #
##.$####
#      #
########",8,14,5,0,"easy_negative",3696080784129321075
"########
#  .##.#
# # ## #
#  $   #
#.##   #
# ######
#    $ #
# #  $ #
# # ## #
# # ## #
# $@   #
# #  # #
#    . #
########",8,14,4,0,"hard_negative",5540304372908789023
"########
#   ##.#
# # ## #
#  $$  #
#.##   #
# ######
#    $ #
# #    #
# # ## #
# # ## #
# $@  .#
# #  # #
#    . #
########",8,14,4,0,"hard_negative",5540304372908789023
"########
#   ##.#
# # ## #
#  $ $ #
#.##   #
# ######
#    $ #
# #    #
# # ## #
# # ## #
# $@  .#
# #  # #
#    . #
########",8,14,4,0,"hard_negative",5540304372908789023
"########
#   ## #
#.# ## #
#  $   #
#.##   #
# ######
#    $ #
# #  $ #
# # ## #
# # ## #
# $@  .#
# #  # #
#    . #
########",8,14,4,1,"positive",5540304372908789023
"##############
#   ###   ## #
#.# .# $#.#  #
#  $# #   $ .#
## .   $  # ##
###$ # ###   #
##       @# ##
## #    # # ##
#   #  ###   #
## ###  # #$##
####      $$ #
#  #  #  .   #
#.   #####.  #
##############",14,14,8,0,"easy_negative",17947609639616731205
"########
#   ## #
# # ## #
#  $   #
#.##   #
# ######
#    $ #
# #  $ #
# # ## #
# # ## #
# $@  .#
# #  # #
#  . . #
########",8,14,4,0,"hard_negative",5540304372908789023
"########
#   ## #
#.# ## #
#      #
#.##   #
# ######
#    $ #
# #  $ #
# # ## #
# # ## #
# $@ $.#
# #  # #
#    . #
########",8,14,4,1,"positive",5540304372908789023
"########
#   ## #
#.# ## #
#      #
# ##   #
# ######
#    $ #
# #  $ #
# # ## #
# # ## #
# $@ $.#
#.#  # #
#    . #
########",8,14,4,1,"positive",5540304372908789023
"###########
# ##  # ###
#  #$ #.###
# $.$@#$$.#
### # . $ #
###$# .$###
#.  # ..###
###########",11,8,8,0,"easy_negative",12889164011195196117
"##############
#    ##    ..#
#   $##. #   #
####    ######
# $ $      ###
###  #@## $ ##
###.   ##   ##
##############",14,8,4,0,"easy_negative",8573619331323214123
"########
#  # ###
# ##  ##
#  #   #
# # $$ #
#@#  # #
#.#  . #
# $.$  #
# # ####
#     .#
########",8,11,4,1,"positive",18071390178588871194
"##############
#  #     #.  #
#  ##   ###  #
#. ####$ ### #
# .$@  $#### #
###$$#  #### #
### .  .     #
##############",14,8,5,0,"easy_negative",8521389152293501510
"########
#  # ###
# ##  ##
#  #   #
# # $$ #
#@#  # #
#.#  . #
# $ $  #
# # ####
#.    .#
########",8,11,4,0,"hard_negative",18071390178588871194
"########
#  # ###
# ##  ##
#  #   #
# # $$ #
# #  # #
#.# @. #
# $.$  #
# # ####
#     .#
########",8,11,4,1,"positive",18071390178588871194
"########
#  # ###
# ##  ##
#  #   #
# # $  #
# #  # #
#.# @. #
# $.$  #
# #$####
#     .#
########",8,11,4,0,"hard_negative",18071390178588871194
"########
#### . #
# .#$# #
# $.   #
#  #   #
# ## #.#
#. #.  #
####.$##
#@$  $##
#   $ ##
#  ##  #
# $### #
#  ##  #
########",8,14,7,0,"easy_negative",14431634834462338674
"########
#  # ###
# ##  ##
#  # @ #
# # $$ #
# #  # #
#.#  . #
# $.$  #
# # ####
#     .#
########",8,11,4,1,"positive",18071390178588871194
"########
#  # ###
# ##  ##
#  # @ #
# # $$ #
# #  # #
# #. . #
# $.$  #
# # ####
#     .#
########",8,11,4,1,"positive",18071390178588871194
"###########
#@##### # #
#  #  # # #
#       # #
##### #$  #
##   $  ###
### # # ###
####.  .  #
# $ $#.## #
#      ##.#
###########",11,11,4,0,"easy_negative",18052306341219660834
"########
#  # ###
# ## @##
#  #   #
# # $$ #
# #  # #
# #. . #
# $.$  #
# # ####
#     .#
########",8,11,4,1,"positive",18071390178588871194
"###########
# #####  .#
#  # .$@###
#..     ###
###$ #    #
### $#$ # #
#    # ####
###########",11,8,4,0,"easy_negative",6547542795111737404
"###########
# ## @ ####
# ## #. . #
# $  .    #
# #.$##   #
####$######
# #   $ $ #
#     #$  #
# #  ##.###
#    .# ###
###########",11,11,6,0,"easy_negative",1665036130082333712
"###########
###   ..###
## #$# $ ##
#. #@    ##
#     $   #
#  $### ###
#      .###
###########",11,8,4,1,"positive",13217274922491111526
"###########
###   ..###
## #$# $ ##
#. #@  $ ##
#     $   #
#   ### ###
#      .###
###########",11,8,4,1,"positive",13217274922491111526
"###########
###   ..###
## #$# $ ##
#.$#@    ##
#     $   #
#   ### ###
#      .###
###########",11,8,4,0,"hard_negative",13217274922491111526
"##############
#  #   @ ...##
#..#### # $$##
# $## ####  ##
#      # ## ##
#  #$ $      #
# ##   # ## ##
##############",14,8,5,0,"easy_negative",14986472123810093645
"###########
###   . ###
## #$# $ ##
#. #@  $ ##
#     $   #
#   ### ###
#     ..###
###########",11,8,4,1,"positive",13217274922491111526
"###########
###   . ###
## # # $ ##
#. #@  $ ##
#     $$  #
#   ### ###
#     ..###
###########",11,8,4,0,"hard_negative",13217274922491111526
"###########
#   ##    #
# ###. ####
# ##   $  #
# ##  $ $ #
# ##  # # #
#.   ######
# #      ##
#### $   ##
# # ### $##
#     @   #
# # ## .# #
# . ##.   #
###########",11,14,5,0,"easy_negative",13854022027250271822
"########
# .  ###
# @$$ ##
####$ ##
#. .$ ##
##  # ##
###.####
########",8,8,4,0,"easy_negative",13613720278725104495
"###########
###   . ###
## #$# $ ##
#. #   $ ##
#     $ @ #
#   ### ###
#     ..###
###########",11,8,4,1,"positive",13217274922491111526
"###########
###   . ###
## # # $ ##
#. #   $$##
#     $ @ #
#   ### ###
#     ..###
###########",11,8,4,0,"hard_negative",13217274922491111526
"########
# . ####
# ### .#
# ##.$ #
# .@ . #
# # $ ##
#### ###
#### $ #
# $$$# #
#.     #
########",8,11,6,0,"easy_negative",2384399405232165501
"###########
###     ###
## #$# $ ##
#. #   $ ##
#     $ @ #
#  .### ###
#     ..###
###########",11,8,4,1,"positive",13217274922491111526
"###########
#. ..     #
# #   # $ #
#   .## $ #
#@.#  .## #
# $#$$ $ ##
#  #    ###
###########",11,8,6,0,"easy_negative",12799429688458065613
"##############
#    ## #    #
###  ## #.$#.#
###     #@$  #
###          #
## .$ #  $ #.#
##   #####   #
##############",14,8,4,1,"positive",10140907931252181093
"##############
#    ## #    #
###  ## #.$#.#
###     # $  #
###  @       #
## .$ #  $ #.#
##   #####   #
##############",14,8,4,1,"positive",10140907931252181093
"##############
#    ## #    #
###  ## #.$#.#
###     # $  #
###          #
## +$ #  $ #.#
##   #####   #
##############",14,8,4,1,"positive",10140907931252181093
"##############
#    ## #    #
###  ## #. #.#
###     # $  #
###  $       #
## +$ #  $ #.#
##   #####   #
##############",14,8,4,1,"positive",10140907931252181093
"###########
####   ####
#.   #  # #
#     .   #
####   #  #
# # .# #  #
#  $  $#  #
# ##   @ ##
# #  ##$ ##
# ## ##$ ##
# ## #    #
# #####  ##
#   .#  ###
###########",11,14,4,0,"easy_negative",1236820723011090548
"##############
#    ## #    #
###$ ## #. #.#
###     # $  #
###  $       #
## +  #  $ #.#
##   #####   #
##############",14,8,4,1,"positive",10140907931252181093
"###########
# # ## ####
# # ##.#  #
# #    ## #
#   ## ## #
#  ### ## #
# ##  $ . #
###  # ####
###  #$   #
#  $ # . @#
# # ###$  #
# #    . ##
# #     ###
###########",11,14,4,0,"easy_negative",16342722212470648371
"##############
##########   #
##         # #
###.$$  $@$$ #
### #. ## ####
## $# ###  #.#
# . ###  ..  #
##############",14,8,6,0,"easy_negative",1070229007281688376
"###########
#   #### ##
##        #
####.$$# ##
#..  # # ##
#  # #$####
#.## #  . #
## # ##  ##
#   $##$ ##
## # $.  ##
# $####  ##
## ##  .###
######  @##
###########",11,14,7,0,"easy_negative",4719511648010242498
"##############
#@##      .  #
# ## #$ # $###
#      .$  ###
##$ ### .#  .#
##       # # #
##       #   #
##############",14,8,4,0,"easy_negative",5335621838355766877
"###########
#    ##   #
####  #   #
# $   #   #
#      . ##
# ##### ###
# ##     ##
# #####  ##
# ## .#$@##
# $ . . ###
#   $    ##
#  #$#  .##
# ##     ##
###########",11,14,5,1,"positive",10074874252901250345
"###########
#    ##   #
####  #   #
# $   #   #
#      . ##
# ##### ###
# ##     ##
# #####  ##
# ## .#$ ##
# $ . . ###
# @ $    ##
#  #$#  .##
# ##     ##
###########",11,14,5,1,"positive",10074874252901250345
"##############
# ###  .   ###
#  ##  $#   ##
#   #   . ####
#  ##### #.  #
# ###   $   ##
#  # $$#.# ###
#    @ ## ## #
# #$ #$##.## #
#         .  #
##############",14,11,6,0,"easy_negative",6544173221974694970
"###########
#    ##   #
####  #   #
# $   #   #
#      . ##
# ##### ###
# ##     ##
# #####  ##
# ## .#$ ##
#.$ .   ###
# @ $    ##
#  #$#  .##
# ##     ##
###########",11,14,5,1,"positive",10074874252901250345
"###########
#    ##   #
####  #   #
# $   #   #
#      . ##
# ##### ###
# ##     ##
# #####  ##
# ## .#$ ##
#.$ .   ###
#   $@   ##
#  #$#  .##
# ##     ##
###########",11,14,5,1,"positive",10074874252901250345
"###########
#    ##   #
####  #   #
#.$   #   #
#      . ##
# ##### ###
# ##     ##
# #####  ##
# ##  #$ ##
#.$ .   ###
#   $@   ##
#  #$#  .##
# ##     ##
###########",11,14,5,1,"positive",10074874252901250345
"##############
#.  ##       #
# #$#   #  $.#
# $$$     ####
## #### $.   #
# .  #.$##@# #
## ## # ##   #
#     .#  $# #
#.#### #   #.#
# #### #   # #
##############",14,11,8,0,"easy_negative",18064457990997865803
"########
#. .  @#
##..$#.#
###  . #
## # $ #
#   $#.#
## #   #
#   #$##
# $ $$ #
##### ##
########",8,11,7,0,"easy_negative",1827920985495798743
"###########
#### ### ##
## #.##   #
##..   # ##
###$##  $ #
###.# $####
#    .  . #
## ####$$ #
####@ $$.##
#       ###
###########",11,11,7,0,"easy_negative",17447221878531508106
"########
###   .#
##   # #
#  $  .#
# #$   #
# # ## #
# # ##.#
### # ##
###$@$ #
#  .# ##
########",8,11,4,0,"easy_negative",271527320175565158
"########
####@  #
# .$$# #
#.   $ #
#.$### #
#  ###.#
#  #   #
##    ##
### # ##
##  ####
########",8,11,4,1,"positive",2301065888291274962
"########
####@  #
# .$$#.#
#.   $ #
#.$### #
#  ### #
#  #   #
##    ##
### # ##
##  ####
########",8,11,4,1,"positive",2301065888291274962
"########
####   #
# .$$#.#
#.   $ #
#.$### #
#  ### #
#  #@  #
##    ##
### # ##
##  ####
########",8,11,4,1,"positive",2301065888291274962
"########
####   #
#@.$$#.#
#.   $ #
#.$### #
#  ### #
#  #   #
##    ##
### # ##
##  ####
########",8,11,4,1,"positive",2301065888291274962
"########
####   #
# .$$#.#
#.   $ #
#.$### #
#  ### #
#  #   #
##    ##
### # ##
## @####
########",8,11,4,1,"positive",2301065888291274962
"########
##.#   #
# $$.. #
##$#####
# . ####
#@$$$$ #
#.. .  #
########",8,8,7,0,"easy_negative",15653875466828577149
"##############
#      # # .##
###  #$  $  ##
###   $# # .##
#   ##   . ###
## .##  #$ ###
####      $  #
#    .  #    #
##   #  #$$###
### . @ #. ###
##############",14,11,7,0,"easy_negative",8088763470308610850
"########
## .####
###   .#
##.$ $ #
#  #$ ##
# $#.###
# $# .##
#@  ####
#     ##
####   #
########",8,11,5,0,"easy_negative",12912605862539657187
"##############
# . #####  ###
#    # . # ###
#       ##   #
## ###  ###  #
#  $$ #  ##. #
## # ## $##. #
#    $       #
#  ### ## #  #
# #### ##@####
##############",14,11,4,0,"easy_negative",1612384908207429692
"###########
#.# ##  ###
# # ##. ###
# #$ @.$  #
# $  $ .$.#
# $ ###   #
#    . ####
###########",11,8,6,0,"easy_negative",14894352209390689955
"##############
#  # ##    ###
#  #.## #   ##
#  #       $##
# #  ##  #   #
# # $### #   #
# #  $ ##  . #
#      ## $.##
# # ####@## ##
#      . #####
##############",14,11,4,1,"positive",11550870427518521197
"##############
#  # ##    ###
#  #.## #   ##
#  #       $##
#.#  ##  #   #
# # $### #   #
# #  $ ##  . #
#      ## $.##
# # ####@## ##
#        #####
##############",14,11,4,1,"positive",11550870427518521197
"##############
#  # ##    ###
#  #.## #   ##
#  #       $##
#.#  ##  # $ #
# # $### #   #
# #    ##  . #
#      ## $.##
# # ####@## ##
#        #####
##############",14,11,4,0,"hard_negative",11550870427518521197
"##############
#  # ##    ###
#  #.## #   ##
#  #     $ $##
#.#  ##  #   #
# # $### #   #
# #  $ ##  . #
#      ##  .##
# # ####@## ##
#        #####
##############",14,11,4,1,"positive",11550870427518521197
"##############
#  # ##   .###
#  #.## #   ##
#  #     $ $##
# #  ##  #   #
# # $### #   #
# #  $ ##  . #
#      ##  .##
# # ####@## ##
#        #####
##############",14,11,4,0,"hard_negative",11550870427518521197
"##############
# .##     ####
#  ##   #$   #
#  ##  @     #
#  #  .# ### #
#  #   ##### #
# $# $   $   #
#   # #    # #
###    ## ####
### #.###  # #
#   #    # . #
#   ##   # # #
#   #    #####
##############",14,14,4,0,"easy_negative",15936262772215285960
"########
#.   . #
# #$$  #
# $ ####
# ## ###
#.##@###
#      #
### ## #
###$## #
#    . #
########",8,11,4,0,"easy_negative",129865162984045613
"########
#    . #
##  $  #
### ####
#@  ## #
#. ##  #
# ##.. #
#. $$. #
####  ##
#  $$###
#  # ###
## #$###
####   #
########",8,14,6,0,"easy_negative",10399111272210340674
"##############
#  # ##    ###
#  #.## #$  ##
#  #     $ $##
#.#  ##  #   #
# #  ### #   #
# #  $ ##  . #
#      ##  .##
# # ####@## ##
#        #####
##############",14,11,4,0,"hard_negative",11550870427518521197
"##############
#  # ##    ###
#  #+## #   ##
#  #     $ $##
#.#  ##  #   #
# # $### #   #
# #  $ ##  . #
#      ##  .##
# # #### ## ##
#        #####
##############",14,11,4,1,"positive",11550870427518521197
"##############
#  # ##    ###
#  #.## #   ##
#  #     $@$##
#.#  ##  #   #
# # $### #   #
# #  $ ##  . #
#      ##  .##
# # #### ## ##
#        #####
##############",14,11,4,1,"positive",11550870427518521197
"###########
# ### #.###
# ##    ###
#   # #   #
### ##@$  #
###.# # # #
# $   #.$ #
#    $$   #
# # ###.# #
#   .     #
###########",11,11,5,0,"easy_negative",17613888568965390193
"###########
#    ######
# #   #  ##
#  $      #
# ##   # ##
##  ##.   #
### ##.# ##
## $ $    #
##@## $ ###
####### ###
## ####   #
#    #    #
## #  ..  #
###########",11,14,4,0,"easy_negative",699438659413267285
"##############
## .######  ##
###$ #      ##
##       . $##
#     .# # $ #
###$ #  @  # #
###.   # #   #
##############",14,8,4,1,"positive",1862092415148793290
"##############
## .######  ##
###$ #      ##
##       *  ##
#     .# # $ #
###$ #  @  # #
###.   # #   #
##############",14,8,4,1,"positive",1862092415148793290
"##############
## .######  ##
###$ #      ##
##       *  ##
#   .  # # $ #
###$ #  @  # #
###.   # #   #
##############",14,8,4,1,"positive",1862092415148793290
"##############
#    .  #  ###
#  #   ###  ##
# ##@.  #    #
###  # $     #
###$###$#$ # #
#    # ..    #
## ### $ .   #
#. $ # ####  #
## ###    ## #
##############",14,11,6,0,"easy_negative",4367868138478447669
"########
##.@   #
## $$###
##  $###
###$ . #
### .###
#   .###
########",8,8,4,0,"easy_negative",366696952743796659
"##############
##    .      #
## . #  #.####
## $  .#### ##
#   # #. #.  #
####. $  #$###
## ## #  #$###
#   $    #  ##
##    ## #  ##
### .#####$ ##
##  ## $ $@###
### ## ### ###
##           #
##############",14,14,8,0,"easy_negative",17247880702436252718
"##############
## .######  ##
###  #  $   ##
##       *  ##
#   .  # # $ #
###$ #  @  # #
###.   # #   #
##############",14,8,4,1,"positive",1862092415148793290
"###########
####   ####
##       ##
###$ $    #
#  $  #  .#
#### @#.# #
#    $#   #
#### .#####
#  $  #   #
#.   ##   #
## #   ## #
#    # #  #
##.#      #
###########",11,14,5,0,"easy_negative",2410960344479906823
"##############
## .######  ##
###  #  $   ##
##       *  ##
#   .  # # $ #
###$ #     # #
###.@  # #   #
##############",14,8,4,1,"positive",1862092415148793290
"###########
#..  ##  ##
# #$# $$###
# . ##. .##
###$$ .####
## $##  $ #
##. ##@   #
###########",11,8,7,0,"easy_negative",13534794209878482914
"########
####  ##
#    .##
#  $.$##
#.#$$  #
# #  #@#
# #.####
########",8,8,4,1,"positive",10763788642870996078
"########
####  ##
#    .##
#  $.$##
#.#$$  #
# # @# #
# #.####
########",8,8,4,0,"hard_negative",10763788642870996078
"########
####  ##
#    .##
#  $ $##
#.#$$  #
#.#  #@#
# #.####
########",8,8,4,1,"positive",10763788642870996078
"########
####  ##
#     ##
#  $ $##
#.#$$ .#
#.#  #@#
# #.####
########",8,8,4,1,"positive",10763788642870996078
"########
####  ##
# .   ##
#  $ $##
# #$$ .#
#.#  #@#
# #.####
########",8,8,4,1,"positive",10763788642870996078
"########
####  ##
#     ##
#  $ *##
# #$$ .#
#.#  #@#
# #.####
########",8,8,4,1,"positive",10763788642870996078
"###########
#   #.# ###
# ## $$$@##
# ###$#.  #
# .$$$.## #
##  ..$#. #
#### .    #
###########",11,8,8,0,"easy_negative",5879581624562041838
"##############
### #  @     #
##  # $ #  ###
#   # $    ###
# ####  .  ###
#  ### ##  ###
#  .   ## $ .#
# $     # #  #
# # ##  # # .#
#  .##  # #  #
###$### ###  #
###$  # ### ##
#.   ##    ###
##############",14,14,6,0,"easy_negative",6608958324140389828
"########
## ### #
# $ #  #
## #   #
##. #  #
##@$#  #
##  ## #
# . $$ #
##.  # #
### .  #
########",8,11,4,0,"easy_negative",796258218833843837
"###########
# @ ### . #
#   # # # #
# .   #   #
### # ### #
##  ####. #
#  . $ $$ #
# ## $### #
# #   ##  #
# ##  #   #
###########",11,11,4,0,"easy_negative",14120071654924619531
"##############
# ##   #  # ##
# ## @ #     #
#  $   #  # ##
#   #. ## .###
# ### $#   ###
# ### $      #
# #  $# # ####
# #   # # #. #
# #   # #   .#
##############",14,11,4,0,"easy_negative",17390957431231960463
"########
# . ## #
#  $#  #
# .$.  #
##$#$  #
#  . @##
##$#.###
#.$  $ #
#  $ . #
#  .####
########",8,11,8,1,"positive",5805329593924625071
"##############
# ## #.  # # #
#  # #  ## # #
#    #   # #.#
# ..@# $$$.  #
# # ###  #$  #
#    #  ##  .#
## ## ###  # #
#  $   # # # #
##$## # .# # #
# . # ##$#   #
# ##    $    #
# ### ## #####
##############",14,14,8,0,"easy_negative",14202301051621808005
"########
# . ## #
#  $#  #
# .$.  #
##$#$  #
#  .  ##
##$#.###
#.$  $ #
#  $@. #
#  .####
########",8,11,8,1,"positive",5805329593924625071
"########
#      #
##  ## #
###### #
## # $ #
#   $#.#
## #$$ #
# $@ ###
# #.$###
#.$.   #
# ####.#
#  ### #
#.  .  #
########",8,14,7,0,"easy_negative",3937724098511074335
"########
# + ## #
#  $#  #
# .$.  #
##$#$  #
#  .  ##
##$#.###
#.$  $ #
#  $ . #
#  .####
########",8,11,8,0,"hard_negative",5805329593924625071
"########
# . ## #
#  $#  #
#@.$.  #
##$#$  #
#  .  ##
##$#.###
#.$  $ #
#  $ . #
#  .####
########",8,11,8,0,"hard_negative",5805329593924625071
"########
# . ## #
#  $#  #
# .$.  #
##$#$  #
#  .  ##
##$#.###
#.$  $ #
#  $ .@#
#  .####
########",8,11,8,1,"positive",5805329593924625071
"########
##.    #
## $$# #
###..  #
### #  #
##  #  #
#   # .#
#  $# ##
#  $   #
#####@##
########",8,11,4,0,"easy_negative",11775189636434788879
"########
# . ## #
#  $# .#
# .$.  #
##$#$  #
#  .  ##
##$# ###
#.$  $ #
#  $ .@#
#  .####
########",8,11,8,1,"positive",5805329593924625071
"###########
#    #   ##
# #  #   ##
#  $$#.. ##
#    @#  ##
#.#  ##  ##
#    .#  ##
## $  $   #
###. #$ # #
##        #
###########",11,11,5,1,"positive",3306371948023806517
"###########
#   ## ####
##..##  # #
### $$ $$ #
## #$$. ###
# . @##.###
## # ## . #
###########",11,8,6,0,"easy_negative",10254857853505522701
"###########
#  . .  . #
# #   #@###
####$## ###
####  $$$ #
#.# ###  ##
#       ###
###########",11,8,4,0,"easy_negative",1529017456425728523
"###########
#    #   ##
# #  #   ##
# .$$#.. ##
#    @#  ##
# #  ##  ##
#    .#  ##
## $  $   #
###. #$ # #
##        #
###########",11,11,5,1,"positive",3306371948023806517
"##############
##### #   ## #
#  # $ ##$## #
#.  #.###  . #
# #  .    ## #
# #$ ####  # #
# #  ####$## #
# #$$ ###  ###
# #@  ##    ##
# #  ###  ## #
###.##### ## #
###$#.### ## #
#  .  #      #
##############",14,14,7,0,"easy_negative",9978592197986476828
"###########
#    #   ##
# #  #   ##
#@.$$#.. ##
#     #  ##
# #  ##  ##
#    .#  ##
## $  $   #
###. #$ # #
##        #
###########",11,11,5,1,"positive",3306371948023806517
"###########
#    #   ##
# #  #   ##
#@.$$# . ##
#     #  ##
# #  ##  ##
#    .#  ##
## $  $   #
###. #$ # #
##   .    #
###########",11,11,5,1,"positive",3306371948023806517
"###########
#    #   ##
# #  # $ ##
#@.$$# . ##
#     #  ##
# #  ##  ##
#    .#  ##
## $      #
###. #$ # #
##   .    #
###########",11,11,5,1,"positive",3306371948023806517
"##############
## #   # # . #
#      $$$ . #
## ##### # . #
##      ##. ##
## # $  ## .##
#######    $##
## # ## ##  ##
#    ## .#  ##
## #     .  ##
#   #  $#  ###
#  ###$ # @###
#####   #    #
##############",14,14,7,0,"easy_negative",13841154731249399048
"########
#  .   #
#  .#@ #
# $.## #
# .## ##
# .# $ #
# $##.##
# $$$. #
# #$$###
# .  ###
########",8,11,8,0,"easy_negative",17510832462371275584
"##############
##           #
##   ###  .###
##.$ ####  ###
### ##      ##
#  ## $ #   ##
# ##        ##
#   # #    ###
#  $ $@## .###
#.  # ###    #
##############",14,11,4,0,"easy_negative",18091612053831817465
"########
# . ## #
#  $#@.#
# .$.  #
##$#$  #
#  .  ##
##$# ###
#.$  $ #
#  $ . #
#  .####
########",8,11,8,1,"positive",5805329593924625071
"##############
#         ####
####@# $### ##
# .$ .$.###  #
# #$$$$##### #
#.# .#    ## #
# #   .  .   #
##############",14,8,7,0,"easy_negative",12391020289124685917
"###########
#   ##    #
# #### #  #
# ##. .## #
#    $$   #
#### # ####
## #  @   #
#.  ##  # #
#   ##$ # #
#    .$ # #
#  #$ #   #
## #. # # #
####  #####
###########",11,14,5,1,"positive",14508756694748296580
"###########
#  . ## ###
#.    # ###
####  #   #
##   ## ###
##  . # ###
###     $ #
#    ## # #
# #   #####
#  $  # # #
##$#   .  #
# $@###$  #
## #  .   #
###########",11,14,5,0,"easy_negative",1705957760794969760
"###########
#   ##    #
# #### #  #
# ##  .## #
#    $$   #
#### # ####
## #  @   #
#.  ##  # #
#   ##$ # #
#    .$.# #
#  #$ #   #
## #. # # #
####  #####
###########",11,14,5,1,"positive",14508756694748296580
"########
#### ###
# #  ###
#     .#
######@#
#   # .#
#. .   #
#   $  #
## $ # #
### $  #
# $  ###
# # $###
####.  #
########",8,14,5,0,"easy_negative",12817718733519703036
"###########
#  ###    #
# $## $. ##
#. #@   ###
#     $$###
# # .# . ##
#   #######
###########",11,8,4,1,"positive",11915183720506817508
"###########
#  ###    #
#  ## $. ##
#. #@$  ###
#     $$###
# # .# . ##
#   #######
###########",11,8,4,1,"positive",11915183720506817508
"###########
#  ###    #
#  ## $. ##
#. # $  ###
#     $$###
# # .# + ##
#   #######
###########",11,8,4,1,"positive",11915183720506817508
"###########
#  ###    #
#  ## $. ##
#.@# $  ###
#     $$###
# # .# . ##
#   #######
###########",11,8,4,1,"positive",11915183720506817508
"###########
#  ###    #
#  ## $. ##
#. # $  ###
#     $$###
# # .# . ##
# @ #######
###########",11,8,4,1,"positive",11915183720506817508
"##############
####.   #   ##
#  $ $ ### ###
#  $ .  #   ##
##  # # $   .#
##$  #  #### #
##  ### #### #
# #    ### ###
# # #### #  ##
# # # #  # . #
#  $ $   . . #
## $### # @# #
###  ..   ####
##############",14,14,8,0,"easy_negative",11569430748553435621
"##############
#  ##  ##  .##
#  ## $#@ #.##
#  ##     ####
#.  ## ###   #
# # #    # ###
#     $  $.###
#.  # ###  $ #
# # $  ##  # #
##### #      #
##############",14,11,5,0,"easy_negative",380834754463272727
"##############
######  #   ##
#   #  $#$  ##
#       #  ###
#        .$  #
#### ## #  # #
# @  ## . ####
##  # ########
### $ ..$. $ #
##  # #    . #
#   ##    #  #
# # #   # ## #
#      ####  #
##############",14,14,6,0,"easy_negative",8222338376417857116
"###########
#   ##    #
# #### #  #
# ##   ## #
#    $$   #
#### # ####
## #  @   #
#.  ##  # #
#   ##$ # #
#    .$.# #
# .#$ #   #
## #. # # #
####  #####
###########",11,14,5,1,"positive",14508756694748296580
"########
# # ## #
# #$## #
# #    #
#@$ $###
# #   ##
#   .$ #
# $### #
##.### #
### .  #
#  .#$##
## . $ #
###.#.##
########",8,14,7,0,"easy_negative",16284061951700656566
"##############
##   #       #
## $ #$ #$#  #
###  #  $ ##.#
## #  .$  .  #
#   @## #$## #
## # ##$  ## #
####### #  ###
#  ..#  #$ ###
#      .#.  .#
##############",14,11,8,0,"easy_negative",15564691075182963649
"###########
# ##    ###
#  # ### ##
# $ .###  #
##. ## $ ##
##  ## #.##
##. $  ####
#   $## ###
####  #  ##
#   $ #  ##
#  #     ##
#  ##    ##
# @###  .##
###########",11,14,5,0,"easy_negative",2380668301316409260
"###########
#   ##   @#
# #### #  #
# ##   ## #
#    $$   #
#### # ####
## #      #
#.  ##  # #
#   ##$ # #
#    .$.# #
# .#$ #   #
## #. # # #
####  #####
###########",11,14,5,1,"positive",14508756694748296580
"###########
#   ##   @#
# #### #  #
# ##   ## #
#    $$   #
#### # ####
## #      #
#.  ##  # #
#   ##$ # #
#    . .# #
# .#$ #   #
## #* # # #
####  #####
###########",11,14,5,0,"hard_negative",14508756694748296580
"########
#  .## #
# $@##.#
# $ $. #
##$## ##
#     .#
## ## ##
########",8,8,4,0,"easy_negative",17450056340936945218
"###########
#   ##@   #
# #### #  #
# ##   ## #
#    $$   #
#### # ####
## #      #
#.  ##  # #
#   ##$ # #
#    .$.# #
# .#$ #   #
## #. # # #
####  #####
###########",11,14,5,1,"positive",14508756694748296580
"##############
#       ##  .#
##@ $#   # # #
#### $ $     #
## $ . . #   #
## # ## ## # #
#### ## .#####
##############",14,8,4,0,"easy_negative",8929213309671856168
"########
##     #
##   # #
###.   #
#### $ #
#  $ # #
#  $ . #
#.#    #
# # $###
#@#. ###
########",8,11,4,1,"positive",17930398930345700656
"########
##     #
##   # #
###. . #
#### $ #
#  $ # #
#  $   #
#.#    #
# # $###
#@#. ###
########",8,11,4,0,"hard_negative",17930398930345700656
"########
##     #
##   # #
###.$  #
#### $ #
#  $ # #
#  $ . #
#.#    #
# #  ###
#@#. ###
########",8,11,4,1,"positive",17930398930345700656
"########
##     #
##   # #
###.$  #
#### $ #
#  $ # #
#    . #
#.# $  #
# #  ###
#@#. ###
########",8,11,4,1,"positive",17930398930345700656
"########
##     #
##   # #
###.$  #
#### $ #
#  $ # #
#  @ . #
#.# $  #
# #  ###
# #. ###
########",8,11,4,1,"positive",17930398930345700656
"##############
####   .###.##
##   #   # $ #
###    . ## ##
# # ## # @  .#
# #$ # ##$ # #
# #$##$#. ####
#   #.$ $  ###
### #   ##  ##
###.#   ##   #
##############",14,11,7,0,"easy_negative",11648822364676428307
"########
##     #
##   # #
###.$  #
#### $ #
#  $ # #
#    . #
#.# $  #
# #  ###
# #+ ###
########",8,11,4,1,"positive",17930398930345700656
"########
#  ## ##
# $# $.#
# @##.##
#.$$..##
# #$$$##
#. .  ##
########",8,8,7,0,"easy_negative",16664406329594991466
"##############
#    ##   ## #
###$  #$# ## #
###  ...    @#
## .## #$ #$ #
##   #$#  #  #
##  ## ## #  #
###  $.## ##.#
## $$ .#  ##.#
####    ##   #
##############",14,11,8,0,"easy_negative",14509357677134367975
"########
#    ###
# #.$ ##
# $ ####
#..$ ###
## $.###
#### @ #
########",8,8,4,0,"easy_negative",8183437485834845050
"########
#.  ## #
#.# #  #
#.  $. #
# $#.# #
# $#####
# .# #.#
# $$$$ #
#@ # ###
# ## ###
########",8,11,7,0,"easy_negative",11512416433033720715
"##############
#  .###### ###
# #.#    # ###
# $$@     .  #
#    $$# # # #
# #  #     # #
#    . # # # #
##############",14,8,4,1,"positive",6539047548992848356
"##############
#  .###### ###
# #.#    # ###
# $$@ .      #
#    $$# # # #
# #  #     # #
#    . # # # #
##############",14,8,4,1,"positive",6539047548992848356
"##############
#  .###### ###
# #.#    # ###
# $$@ *      #
#    $ # # # #
# #  #     # #
#    . # # # #
##############",14,8,4,1,"positive",6539047548992848356
"##############
#  .###### ###
# #.#    # ###
# $$  * @    #
#    $ # # # #
# #  #     # #
#    . # # # #
##############",14,8,4,1,"positive",6539047548992848356
"##############
#. .###### ###
# # #    # ###
# $$  * @    #
#    $ # # # #
# #  #     # #
#    . # # # #
##############",14,8,4,1,"positive",6539047548992848356
"###########
#      ####
#    #  $ #
####      #
#  .# # ###
#  @   $###
#   # # $ #
# ####  $ #
# #### ## #
#    . ## #
###$# #####
##    . .##
#   #.# ###
###########",11,14,5,0,"easy_negative",3672709361829390173
"##############
#         #  #
####.# $####.#
# @ .  $###  #
## #  # ##   #
#     # ## $.#
## #  #  $ $ #
# . # #$.$####
### ### # # ##
###        .##
##############",14,11,7,0,"easy_negative",11468425603574717813
"##############
#.# # #      #
# #  .  #$## #
# # #.#  $## #
#   ###   ####
### .$@#  $  #
###    ##    #
##############",14,8,4,0,"easy_negative",6167935516740470552
"########
#@######
#.###  #
# $ ##.#
#. $$  #
#  # # #
########
########",8,8,3,0,"easy_negative",2702390624826305051
"###########
##@    .  #
##  ## ## #
##  ## ## #
# ####$# ##
#  ###$$  #
#.  .  # ##
###  ## $.#
###  ##   #
#         #
###########",11,11,4,0,"easy_negative",8075428869549409583
"###########
#### ##  ##
#.$   # $##
#   . $. ##
####$  # ##
## # #$   #
## .@  #.##
###########",11,8,5,1,"positive",602061589712423755
"###########
##.########
# $  #   .#
## #  $ $ #
#  .## $# #
#.  ## $# #
####@.  # #
###########",11,8,5,0,"easy_negative",9499082269354931131
"###########
#### ##  ##
# $   # $##
#   . $..##
####$  # ##
## # #$   #
## .@  #.##
###########",11,8,5,0,"hard_negative",602061589712423755
"###########
#### ##  ##
#.$   # $##
#  $. $. ##
####$  # ##
## # #    #
## .@  #.##
###########",11,8,5,1,"positive",602061589712423755
"###########
#### ##  ##
#.$   # $##
#   .$$. ##
####$  # ##
## # #    #
## .@  #.##
###########",11,8,5,0,"hard_negative",602061589712423755
"###########
#### ##  ##
#.$$  # $##
#  $. $. ##
####   # ##
## # #    #
## .@  #.##
###########",11,8,5,0,"hard_negative",602061589712423755
"###########
#### ##  ##
#.$   # $##
#  *. $. ##
####$  # ##
## # #    #
## .@  # ##
###########",11,8,5,0,"hard_negative",602061589712423755
"###########
#### ##  ##
#.$   # $##
#  $. $. ##
####$  #@##
## # #    #
## .   #.##
###########",11,8,5,1,"positive",602061589712423755
"###########
#### ##  ##
#.$   # $##
#  $. $. ##
####$  # ##
## # #    #
## .  @#.##
###########",11,8,5,1,"positive",602061589712423755
"###########
#### ##  ##
#.$  @# $##
#  $. $. ##
####$  # ##
## # #    #
## .   #.##
###########",11,8,5,1,"positive",602061589712423755
"##############
#   ###   # ##
#     ##  $  #
#  . #### # ##
## $ $  #    #
### #  ###$###
##  ### #. ###
## #   .##$ ##
# $.  #  # $##
##.#.##### $##
#. .         #
# #   # #   ##
#   ### @  ###
##############",14,14,8,0,"easy_negative",9277307053518809123
"###########
#.##    ###
# ## ## ###
# . $##.  #
##. $$  ###
## #  $@###
#######   #
###########",11,8,4,0,"easy_negative",6486157744111136098
"##############
##      ######
### .#$  # # #
##       #   #
## # ##      #
#   # # #  # #
## ##      . #
## .   ####  #
##    #   #  #
###  ##   #  #
##@  $.  $ $ #
### ##  #  # #
##  ## #######
##############",14,14,4,0,"easy_negative",193045907547180994
"###########
#      # ##
#  .  @   #
#.$ ####$##
##  $   $ #
## #### #.#
# ##    . #
# $  $ $###
# #.$ #. ##
# . .##   #
###########",11,11,8,0,"easy_negative",5420213433262243656
"###########
#  ..    ##
# # ### $##
#   $   .##
##$# ##$  #
#.   ##   #
## #      #
#@ ### # ##
#  ##     #
# ###  # ##
###########",11,11,4,1,"positive",14058003933077196587
"###########
#  ..    ##
# # ### $##
#  @$   .##
##$# ##$  #
#.   ##   #
## #      #
#  ### # ##
#  ##     #
# ###  # ##
###########",11,11,4,1,"positive",14058003933077196587
"###########
#  ..@   ##
# # ### $##
#   $   .##
##$# ##$  #
#.   ##   #
## #      #
#  ### # ##
#  ##     #
# ###  # ##
###########",11,11,4,1,"positive",14058003933077196587
"###########
#    . ## #
#.##   #  #
# ######$ #
# $ ##    #
# ###  ## #
# ###  ## #
#  $ ##   #
# ## .# ###
# ##  $ ###
#. #     .#
#  ####$  #
#  #    @ #
###########",11,14,5,0,"easy_negative",12059770176440642893
"###########
#  ..@  .##
# # ### $##
#   $   .##
##$# ##$  #
#    ##   #
## #      #
#  ### # ##
#  ##     #
# ###  # ##
###########",11,11,4,1,"positive",14058003933077196587
"##############
#    @ ## # ##
#   ## ## $$ #
###### $$.# ##
#  . . # .   #
#.# #####$## #
# $ # ##  ## #
#  ## #   ## #
#  #    # # ##
# ### #   . ##
##############",14,11,6,0,"easy_negative",337678992258833797
"##############
###  ##.  # ##
###   #.#    #
#   $. $  # ##
##.##  # # ###
# $ ## $$$$.##
## ##  #@#.  #
## #    ##   #
# $ ### ####.#
## #   .  ## #
##############",14,11,8,0,"easy_negative",15640106912058930955
"##############
#  #       .##
#  #  $     ##
# $#   ###  ##
# $$ #####   #
###@. ## $   #
### ...      #
##############",14,8,5,0,"easy_negative",6658919594244101347
"###########
#  ..@  .##
# # ### $##
#   $   .##
##$# ##   #
#   $##   #
## #      #
#  ### # ##
#  ##     #
# ###  # ##
###########",11,11,4,1,"positive",14058003933077196587
"########
###.## #
###.#. #
#@.$.$ #
# $$$$ #
# #$# .#
#  .####
########",8,8,7,0,"easy_negative",14269160858868718086
"########
#   #  #
# # # .#
# $$#$.#
#   .$ #
# #  # #
#   @ .#
########",8,8,4,1,"positive",12492882249960108507
"########
#   #  #
# # # .#
# $ #$.#
#   *$ #
# #  # #
#   @ .#
########",8,8,4,0,"hard_negative",12492882249960108507
"##############
#   # #.  # ##
###      #.$ #
###$# # ### ##
#  $$  .     #
###.## ##$#  #
###.##@## ## #
##############",14,8,5,0,"easy_negative",2694518116033003279
"########
#   #  #
# # # +#
# $$#$.#
#   .$ #
# #  # #
#     .#
########",8,8,4,1,"positive",12492882249960108507
"########
#   #  #
# # # +#
# $ #$.#
# $ .$ #
# #  # #
#     .#
########",8,8,4,1,"positive",12492882249960108507
"########
#   #  #
# # # .#
# $ #$+#
# $ .$ #
# #  # #
#     .#
########",8,8,4,1,"positive",12492882249960108507
"########
#   #  #
# # # .#
# $.#$+#
# $  $ #
# #  # #
#     .#
########",8,8,4,1,"positive",12492882249960108507
"###########
#### #. ###
## #$# . ##
#.$#$# $$ #
#@$$$. # .#
# # ##.# ##
#  .##.####
###########",11,8,8,0,"easy_negative",3121179672606141092
"###########
#    .   ##
#@## ##$###
# ## ##$ ##
# $.## . ##
#.#$$.#$ ##
#.   ## ###
###########",11,8,6,0,"easy_negative",11767847072639171568
"########
# ..# ##
# $$ $ #
# $ #$##
# ###.##
#  # $.#
### # ##
#  .  .#
#  #$# #
####   #
###### #
## ### #
## .  @#
########",8,14,7,0,"easy_negative",8166564963850584989
"###########
##### #.  #
#.  $.$ ###
#  .# # ###
#.$# $ $ ##
#  # @ # ##
# #########
###########",11,8,5,0,"easy_negative",3824324775326384381
"###########
#        ##
# $.#### ##
#. $   ####
#  #  @   #
#  # #$ # #
# $#.     #
#     # $##
# #.  #  ##
#.    # ###
###########",11,11,5,1,"positive",1620062743244300161
"###########
# .   .# ##
# # $#    #
#      # ##
#    ## $ #
###. #  $ #
###  ##   #
# $   ##$ #
# ##  ##  #
# ##  ##$ #
# ##@## . #
# #  .#   #
# ##. #   #
###########",11,14,6,0,"easy_negative",379557901162505619
"###########
#        ##
# $.#### ##
#. $   ####
#  #      #
#  # #$ # #
# $#.     #
#     # $##
# #.  #  ##
#.  @ # ###
###########",11,11,5,1,"positive",1620062743244300161
"##############
#.   ##  .  .#
# #  ## #   ##
#    $  .$.###
# .### # #   #
## ##      # #
###    # #   #
#      #### ##
####### @    #
#   $ $ $ # ##
# . ##$  $#  #
### ##  # # ##
###    #######
##############",14,14,7,0,"easy_negative",4747445240221414039
"###########
#        ##
# $ #### ##
#. $   ####
# .#      #
#  # #$ # #
# $#.     #
#     # $##
# #.  #  ##
#.  @ # ###
###########",11,11,5,1,"positive",1620062743244300161
"###########
#        ##
#   #### ##
#. $   ####
# .#      #
#  # #$ # #
# $#.     #
# $   # $##
# #.  #  ##
#.  @ # ###
###########",11,11,5,1,"positive",1620062743244300161
"###########
#        ##
#   #### ##
#. $   ####
# .#      #
#  # #$ # #
# $#      #
# $   # $##
# #.  #. ##
#.  @ # ###
###########",11,11,5,1,"positive",1620062743244300161
"########
#. . . #
# #$ # #
#. $####
#.$  $ #
#  ## @#
###### #
#.  $. #
# $$$ .#
#   ####
########",8,11,8,0,"easy_negative",15863979779675185107
"###########
### ###   #
##   # $  #
##. $. $. #
#  .@ $$ ##
####### ###
#   # #  ##
# # $   . #
# #  #   .#
# # #######
###########",11,11,6,0,"easy_negative",16788030281862529100
"###########
#  # ..@ .#
# .###$$#.#
# ####$ $ #
# $  $$ #.#
# . ###$# #
####.   # #
###########",11,8,8,0,"easy_negative",2940931058327856824
"########
# .    #
# #$ # #
#    $ #
# $  $.#
####$# #
#.  .@ #
#  .$  #
### ## #
### ##.#
########",8,11,6,1,"positive",5224330356645421197
"###########
#  .   .###
#@. ##   ##
#   ## ####
# # ##$$  #
# # ## ####
# #$ $    #
# $ # $$  #
# # # .####
#  .# .  .#
###########",11,11,7,0,"easy_negative",6173749881575459999
"########
# .    #
# #$ # #
#      #
# $$ $.#
####$# #
#.  .@ #
#  .$  #
### ## #
### ##.#
########",8,11,6,0,"hard_negative",5224330356645421197
"##############
#    .   .   #
# # ##.$# ####
#   ##    # ##
# $ $  ##.  ##
### $#@  # ###
###     ##  ##
##############",14,8,4,1,"positive",10368491185634222268
"###########
###       #
### $#.####
# $  $  $ #
# $#.     #
#  #$# ####
#  #@..   #
#.  ####$ #
# #  . #  #
####  .#  #
###########",11,11,7,0,"easy_negative",228233890967247549
"##############
#    .       #
# # ##.$# ####
#   ##    # ##
# $ $  ##.  ##
### $#@  # ###
###     ## .##
##############",14,8,4,0,"hard_negative",10368491185634222268
"##############
#    .   .   #
# # ##.$# ####
#   ##    # ##
# $ $  ##.  ##
### $#   # ###
###   @ ##  ##
##############",14,8,4,1,"positive",10368491185634222268
"###########
####..   .#
#@. $ $## #
#  $$  ## #
##$####   #
#    .# ###
##.# ## ###
#    #    #
### ###$  #
###  #    #
###########",11,11,6,0,"easy_negative",10013140829407394828
"##############
#    .   .   #
# # ##.$#$####
#   ##    # ##
#   $  ##.  ##
### $#   # ###
###   @ ##  ##
##############",14,8,4,1,"positive",10368491185634222268
"##############
#    .   .   #
# # ## $#$####
#   ##    # ##
#   *  ##.  ##
### $#   # ###
###   @ ##  ##
##############",14,8,4,1,"positive",10368491185634222268
"##############
## ##### # . #
#     $    # #
## #   # #   #
# $ # #   # ##
##  .# $     #
### ###   # ##
# ### # # ####
#  #    # # ##
#  ## # # # @#
#    .  $   .#
#   ##   # # #
#   ##  ##   #
##############",14,14,4,0,"easy_negative",16238170535108238734
"########
# .    #
# #$ # #
#    $ #
# $  $.#
####$# #
#.$ .@ #
#  .   #
### ## #
### ##.#
########",8,11,6,1,"positive",5224330356645421197
"########
###    #
###$  ##
#   .###
###$####
## $.# #
#     .#
##@   .#
##$ ## #
##  ## #
########",8,11,4,0,"easy_negative",15744289863179022763
"##############
#    .   .   #
# # ## $#$####
#   ##    # ##
#   *  ##   ##
### *#   # ###
###   @ ##  ##
##############",14,8,4,0,"hard_negative",10368491185634222268
"###########
#####  ## #
#   #  ## #
#..$#. .$.#
# . # $   #
# # ##$ ###
# $ #@  ###
#   # ## ##
# .$ $  $.#
##### ## ##
###########",11,11,8,0,"easy_negative",13794982617839155942
"##############
#   ..   .   #
# # ## $#$####
#   ##    # ##
#   *  ##   ##
### $#   # ###
###   @ ##  ##
##############",14,8,4,0,"hard_negative",10368491185634222268
"##############
#    .   .   #
# # ## $#$####
#.  ##    # ##
#   $  ##.  ##
### $#   # ###
###   @ ##  ##
##############",14,8,4,0,"hard_negative",10368491185634222268
"##############
#    .   .   #
# # ##$ #$####
#   ##    # ##
#   *  ##.  ##
### $#   # ###
###   @ ##  ##
##############",14,8,4,1,"positive",10368491185634222268
"###########
####    # #
# $  #  # #
#  .    # #
#  #$## $ #
# ##$#### #
#. #   ##@#
#   ##.   #
##  ## $###
#### . .###
###########",11,11,5,0,"easy_negative",7852364284040523129
"########
# . @  #
# #$ # #
#    $ #
# $  $.#
####$# #
#.$ .  #
#  .   #
### ## #
### ##.#
########",8,11,6,1,"positive",5224330356645421197
"##############
#@   # ..  ###
#   ### ## ###
#  . #  ## $ #
### ###.##   #
##     #   # #
# $$$ $## ####
#.## $     ###
# # $ # #  .##
# ## ##    .##
##############",14,11,7,0,"easy_negative",2260974652614946697
"########
# . @  #
# #$ # #
#    $ #
# $  $.#
#### # #
#.$$.  #
#  .   #
### ## #
### ##.#
########",8,11,6,0,"hard_negative",5224330356645421197
"########
# .    #
# #$ # #
#    $ #
# $  $.#
####$# #
#.$ .  #
#  . @ #
### ## #
### ##.#
########",8,11,6,1,"positive",5224330356645421197
"########
## ##.##
# $. $ #
##.## ##
##$## ##
#  . . #
##$##.##
##@.####
##$ #  #
##  $  #
#  $   #
###$## #
###.## #
########",8,14,8,0,"easy_negative",1164616724375119908
"########
# . @  #
# #$ # #
#    $ #
# $  $.#
####$# #
#.$ .  #
#  .   #
### ## #
### ##.#
########",8,11,6,1,"positive",5224330356645421197
"##############
#     #   ##.#
###.  #  ### #
###   #$##   #
###$ #     ###
### ### #$  ##
#    #    .$.#
###  $     # #
#  #### ######
# ## .  ## # #
#  $ ####@   #
# ## #### ## #
# ##   .  ## #
##############",14,14,6,0,"easy_negative",4487058155428782974
"###########
#   ### ###
###   # ###
###  ##   #
####     ##
## #  #$ ##
##   ##  ##
#### ##$  #
#    ##.# #
#. $      #
## .# $## #
### ##   ##
## .# @ ###
###########",11,14,4,1,"positive",5875218725631668887
"###########
#   ### ###
###   # ###
###  ##   #
####     ##
## #  #$ ##
##   ##  ##
#### ##$  #
#    ##.# #
#. $      #
## .# $## #
###.##   ##
##  # @ ###
###########",11,14,4,1,"positive",5875218725631668887
"###########
#   ### ###
###   # ###
###  ##   #
#### .   ##
## #  #$ ##
##   ##  ##
#### ##$  #
#    ## # #
#. $      #
## .# $## #
###.##   ##
##  # @ ###
###########",11,14,4,1,"positive",5875218725631668887
"###########
#   ### ###
###   # ###
###  ##   #
#### .   ##
## #  #$$##
##   ##  ##
#### ##$  #
#    ## # #
#. $      #
## .#  ## #
###.##   ##
##  # @ ###
###########",11,14,4,1,"positive",5875218725631668887
"###########
#   ### ###
###   # ###
###  ## . #
#### .   ##
## #  #$$##
##   ##  ##
#### ##$  #
#    ## # #
#. $      #
##  #  ## #
###.##   ##
##  # @ ###
###########",11,14,4,1,"positive",5875218725631668887
"###########
#   # #   #
# # .    .#
#.  # #####
# $$   # ##
# #$  #.  #
# $  ### ##
###@  .   #
##  ##  # #
#   ##    #
#    # $  #
# ## #  ###
# ## #  ###
###########",11,14,5,0,"easy_negative",5264972704868900870
"###########
#   .  #  #
#   ####$ #
# $ #.##  #
###    @ ##
###$  # $##
#  $ ##. ##
#       $ #
##.   .## #
####   ## #
##.## ##  #
#.$ .$ #  #
## ## ##  #
###########",11,14,8,0,"easy_negative",6565203128876910020
"##############
##  ###   ####
###.# ###  # #
##    ###    #
#    $  #### #
# #  ## ###  #
#### ## @    #
#  $$ ### # ##
####  ###$   #
#   . # . #.##
##############",14,11,4,0,"easy_negative",17246802532242235201
"###########
###### #@##
#  ###    #
#  $.  # ##
#     ## ##
####  # $ #
#    ### ##
#  .$ # . #
##  $ #.  #
###   #####
###########",11,11,4,0,"easy_negative",3536081940515279343
"########
#      #
# ######
# ##   #
#@  . .#
###$## #
###$##.#
###.$ ##
###$  ##
# $$$ ##
#.  ####
# #$# ##
#...  ##
########",8,14,8,0,"easy_negative",8572456445601612787
"########
#### ###
# #  ###
#@     #
###$##.#
## $.# #
## $## #
##.    #
## # $ #
####  .#
########",8,11,4,1,"positive",17449451151342875243
"########
#### ###
# #  ###
#@$    #
###$##.#
## $.# #
##  ## #
##.    #
## # $ #
####  .#
########",8,11,4,0,"hard_negative",17449451151342875243
"########
#### ###
# #  ###
#@  $  #
###$##.#
## $.# #
## $## #
##.    #
## #   #
####  .#
########",8,11,4,0,"hard_negative",17449451151342875243
"########
#### ###
# #  ###
#@   $ #
###$##.#
##  .# #
## $## #
##.    #
## # $ #
####  .#
########",8,11,4,0,"hard_negative",17449451151342875243
"########
#### ###
# #  ###
#@     #
###$##.#
## $.# #
##  ## #
##.  $ #
## # $ #
####  .#
########",8,11,4,1,"positive",17449451151342875243
"########
#### ###
#.#  ###
#@     #
###$##.#
## $ # #
##  ## #
##.  $ #
## # $ #
####  .#
########",8,11,4,0,"hard_negative",17449451151342875243
"########
#### ###
# #  ###
#   @  #
###$##.#
## $.# #
##  ## #
##.  $ #
## # $ #
####  .#
########",8,11,4,1,"positive",17449451151342875243
"########
#### ###
# #  ###
#      #
###$##.#
## $.# #
##  ## #
##.  $ #
## # $ #
####  +#
########",8,11,4,1,"positive",17449451151342875243
"########
#### ###
# # $###
#      #
### ##.#
## $.# #
##  ## #
##.  $ #
## # $ #
####  +#
########",8,11,4,0,"hard_negative",17449451151342875243
"########
#### ###
# # .###
#      #
###$## #
## $.# #
##  ## #
##.  $ #
## # $ #
####  +#
########",8,11,4,0,"hard_negative",17449451151342875243
"########
#### ###
# #  ###
#      #
###$##.#
## $.# #
##  ## #
##.. $ #
## # $ #
####  @#
########",8,11,4,1,"positive",17449451151342875243
"###########
# .   @####
# ..###.# #
#       $ #
#  #$ ##$ #
## # ###  #
####. ### #
####  ###.#
## #  ### #
## $  # . #
###$ # $  #
###$###$# #
#  . #    #
###########",11,14,8,0,"easy_negative",2583090570459673363
"##############
### #.  . ## #
### # . # #. #
#   #     #  #
##.#### $ $  #
#      $#$#  #
##$#   .  ## #
#    #   $ $ #
##  ####  ####
### .# ##  @ #
##  ##  #    #
###$##  # ####
##      # .  #
##############",14,14,8,0,"easy_negative",4466547597459710736
"###########
###  ##.###
###  ## ###
#   .  $@ #
# $ ### ###
###.$  $###
###  .    #
###########",11,8,4,0,"easy_negative",10436971815098301632
"########
###  ###
## $.###
####.  #
#  @#$##
### $. #
### #.##
#   ####
# ## # #
# ##$$ #
#    . #
# # #  #
########
########",8,14,5,0,"easy_negative",4512656663807141720
"###########
# #########
#  # #.  .#
#.$.$$    #
##$ #@ ####
##  #.$ $ #
##. ##    #
###########",11,8,6,0,"easy_negative",10751162453978498635
"########
###..###
###$ ###
# @.$  #
#   .###
### $###
###  . #
# $ $$ #
# #  ###
#  . ###
########",8,11,6,1,"positive",9326709430514887976
"###########
##      ###
###$ ##  ##
##   ## @ #
##  #  $. #
### #.  # #
## $## $  #
#   #  ## #
# # #  ## #
#   #  .  #
###  ##   #
###.$## ###
#  .    ###
###########",11,14,5,0,"easy_negative",664525002813970041
"########
###..###
###$ ###
# @ $  #
#   .###
### $###
###  . #
# $ $$ #
# #  ###
#. . ###
########",8,11,6,1,"positive",9326709430514887976
"########
# . ####
# #   ##
# $ .  #
#.# ## #
# #  # #
#.# ## #
#@$ # .#
# ###  #
# #### #
## $$$ #
##   # #
##     #
########",8,14,5,0,"easy_negative",13415090490819409702
"########
###..###
###$ ###
# @ $  #
#   .###
### $###
###  . #
# $ $$.#
# #  ###
#.   ###
########",8,11,6,1,"positive",9326709430514887976
"##############
### #  @.    #
### ##$ ##$$ #
#   #   ##.$.#
#.##   $  #$##
#  #. #  # $.#
# .  ###### ##
##############",14,8,7,0,"easy_negative",17640426776355020238
"########
###..###
###$ ###
#  @$  #
#   .###
### $###
###  . #
# $ $$.#
# #  ###
#.   ###
########",8,11,6,1,"positive",9326709430514887976
"########
###..###
###$ ###
#  @*  #
#   .###
### $###
###  . #
# $ $$ #
# #  ###
#.   ###
########",8,11,6,1,"positive",9326709430514887976
"########
##     #
##$ ####
## .#.##
# $. $ #
#@# ## #
#   ## #
########",8,8,3,0,"easy_negative",3893625331123313372
"##############
#    ##   ## #
# # .##$#.## #
# $   @. $ $ #
# $ ##. ##$ ##
##..##$  # .##
####   ##   ##
##############",14,8,7,0,"easy_negative",7823297048563954408
"########
####  .#
# #@ $ #
#   $  #
# ##$# #
##.  #.#
###  # #
#  $ $ #
#  ..  #
########
########",8,11,5,1,"positive",10858096336893364591
"###########
##  .. ####
###  $$ # #
##. ###   #
#. $#### ##
#. $      #
#### $$# ##
# $ .  ## #
# #.@#$## #
####  .   #
###########",11,11,8,0,"easy_negative",12982210010674639243
"########
####  .#
# #@ $ #
#   *  #
# ##$# #
##.  #.#
###  # #
#  $ $ #
#  .   #
########
########",8,11,5,1,"positive",10858096336893364591
"########
####  .#
# #@ $ #
#   .  #
# ##$# #
##.$ #.#
###  # #
#  $ $ #
#  .   #
########
########",8,11,5,1,"positive",10858096336893364591
"########
####  .#
# #@ $ #
#   .  #
# ##$# #
##.$$#.#
###  # #
#    $ #
#  .   #
########
########",8,11,5,0,"hard_negative",10858096336893364591
"########
####  .#
# #  $ #
#   .  #
# ##$# #
##.$ #.#
###  # #
# @$ $ #
#  .   #
########
########",8,11,5,1,"positive",10858096336893364591
"########
####  .#
# #  * #
#   .  #
# ##$# #
##.$ # #
###  # #
# @$ $ #
#  .   #
########
########",8,11,5,1,"positive",10858096336893364591
"###########
# .  . ##@#
#### #  # #
## #$  ## #
# $. ##.$ #
# # $ # $ #
#      .  #
###########",11,8,5,0,"easy_negative",5294841698960839294
"###########
## ## #   #
#      #..#
##$##.###.#
#.        #
# #$##$$###
#   ##$ ###
#.##.$$   #
#  # # @# #
####      #
###########",11,11,7,0,"easy_negative",4423392290036937302
"##############
#####.# ### ##
#  #.$$ # $ .#
# ### # ### ##
#   # ## #@ .#
#.  $ $. $ # #
##### ## #   #
##############",14,8,6,0,"easy_negative",17220282640468217721
"##############
## # ##     ##
# $   ###   ##
## # $ ##  ###
#    ###  ## #
###  ### $## #
###    #  .  #
## # ##### ###
# $  ##    .##
##@#   . .####
##############",14,11,4,0,"easy_negative",1290893583477325528
"########
###   @#
##.$####
# $ .  #
##   # #
### ####
##  .# #
##  # .#
##  #  #
### #$ #
#  .   #
# $$#  #
#   ## #
########",8,14,5,1,"positive",16455923924973553914
"##############
#         ## #
#.#$  #    # #
#.$ $##   ## #
###  ####@   #
###$# ##.$## #
#.  #    .## #
##############",14,8,5,0,"easy_negative",1398499749875791795
"########
###   @#
##. ####
# $ .  #
##   # #
### ####
##  .# #
##  # .#
##  #  #
### #$ #
#  .$  #
# $$#  #
#   ## #
########",8,14,5,1,"positive",16455923924973553914
"##############
#  ##@   .####
#  ## #  $   #
# #####.$.$$ #
#  $.  $##$###
#### ## ##.###
#    ##   .. #
##############",14,8,7,0,"easy_negative",3127888358857060356
"########
###   @#
##. ####
# $ .  #
##   # #
### ####
##   # #
## .# .#
##  #  #
### #$ #
#  .$  #
# $$#  #
#   ## #
########",8,14,5,1,"positive",16455923924973553914
"########
###   @#
##. ####
# $ .  #
##   # #
### ####
##   # #
## .# .#
##  #  #
###$#  #
#  .$  #
# $$#  #
#   ## #
########",8,14,5,0,"hard_negative",16455923924973553914
"########
###   @#
##. ####
# $    #
##   # #
### ####
##   # #
## .# .#
##  #  #
###.#$ #
#  .$  #
# $$#  #
#   ## #
########",8,14,5,1,"positive",16455923924973553914
"########
###   @#
##. ####
# $    #
## $ # #
### ####
##   # #
## .# .#
##  #  #
###.#$ #
#  .$  #
# $ #  #
#   ## #
########",8,14,5,1,"positive",16455923924973553914
"########
# ..####
# ### ##
# ## $##
# .$$$ #
# $$## #
#   ## #
# ###  #
# ###  #
#.@.#  #
##  ## #
###  #.#
##  ## #
########",8,14,6,0,"easy_negative",6067098637772975170
"##############
## # ## .#   #
# . .## ##   #
##$#     #. @#
#  .#### $  ##
###. # # #$ ##
### $   ##$###
# $ $  #.#  ##
# #. #$   # ##
#      # #####
##############",14,11,8,0,"easy_negative",7069966962757374316
"###########
# ##   # ##
#  # ##   #
#  #$### ##
# $ @## .##
###. ## ###
###  $.  ##
#   ##  ###
#  $ #  .##
#   ## ####
###########",11,11,4,0,"easy_negative",1415894812059978593
"###########
###@   ## #
## # # #  #
# .# $  $ #
##$ $  ## #
## $   ## #
##  ###   #
#   .. .  #
# #.####  #
#      ####
###########",11,11,5,1,"positive",10842435322415577685
"###########
# .    @###
### ###  ##
###$     ##
#    ##   #
####  ##  #
# . ##### #
# $       #
# ####.####
# ####    #
#  #    ###
#  #.#$$ ##
#  #     ##
###########",11,14,4,0,"easy_negative",11514859272503499150
"###########
###    ## #
## # # #  #
# .# $  $ #
##$ $  ## #
## $  @## #
##  ###   #
#   .. .  #
# #.####  #
#      ####
###########",11,11,5,1,"positive",10842435322415577685
"##############
#.## ##      #
# ##  # #$####
#    . $  .  #
## #$ ####$ ##
#    ##     ##
## #  #@  . ##
##############",14,8,4,0,"easy_negative",5415574313590868736
"###########
###    ## #
## # # #  #
# .# $  $ #
##$ $  ## #
## $   ## #
##  ###   #
#   ..@.  #
# #.####  #
#      ####
###########",11,11,5,1,"positive",10842435322415577685
"##############
#  ###.# #####
#  ### .  $$ #
# ##   # #   #
#      $  ## #
#  # #    ## #
####.  ### $ #
# ## #    ## #
#  ####  .#  #
#    #   @ ###
### ######   #
###        # #
#            #
##############",14,14,4,0,"easy_negative",12527361195309286426
"###########
###    ## #
## # #$#  #
# .# $  $ #
##$    ## #
## $   ## #
##  ###   #
#   ..@.  #
# #.####  #
#      ####
###########",11,11,5,1,"positive",10842435322415577685
"###########
# .####   #
# ### # # #
# @#  #   #
#  $ $. $ #
###  #### #
### .#### #
## # $$   #
#. $..    #
## #   ####
##  ##  ###
## $## $###
##   . .  #
###########",11,14,8,0,"easy_negative",300190631098976057
"###########
###    ## #
## # #$#  #
# *# $  $ #
##     ## #
## $   ## #
##  ###   #
#   ..@.  #
# #.####  #
#      ####
###########",11,11,5,1,"positive",10842435322415577685
"########
###. ###
### .###
#.$ $  #
##  ## #
##$$## #
## $ . #
###  . #
##   ###
#@   ###
########",8,11,5,0,"easy_negative",13398485679546064803
"###########
## ## # ###
#      . ##
## ##$#####
#       ###
###$# $.###
### ###   #
#      ## #
##   . ## #
####  $ . #
#   ##    #
### ##  ###
###  @  ###
###########",11,14,4,1,"positive",12030974179033754025
"###########
## ## # ###
#   @  . ##
## ##$#####
#       ###
###$# $.###
### ###   #
#      ## #
##   . ## #
####  $ . #
#   ##    #
### ##  ###
###     ###
###########",11,14,4,1,"positive",12030974179033754025
"###########
## ## # ###
#      . ##
## ##$#####
#       ###
###$# $.###
###@###   #
#      ## #
##   . ## #
####  $ . #
#   ##    #
### ##  ###
###     ###
###########",11,14,4,1,"positive",12030974179033754025
"###########
## ## # ###
#    $ . ##
## ##$#####
#       ###
###$#  .###
###@###   #
#      ## #
##   . ## #
####  $ . #
#   ##    #
### ##  ###
###     ###
###########",11,14,4,0,"hard_negative",12030974179033754025
"###########
## ## # ###
#      ..##
## ##$#####
#       ###
###$# $ ###
###@###   #
#      ## #
##   . ## #
####  $ . #
#   ##    #
### ##  ###
###     ###
###########",11,14,4,0,"hard_negative",12030974179033754025
"###########
## ## # ###
#      . ##
## ##$#####
#       ###
### # $.###
###@###   #
#      ## #
##   * ## #
####  $ . #
#   ##    #
### ##  ###
###     ###
###########",11,14,4,1,"positive",12030974179033754025
"###########
## ## # ###
#.       ##
## ##$#####
#       ###
### # $.###
###@###   #
#      ## #
##   * ## #
####  $ . #
#   ##    #
### ##  ###
###     ###
###########",11,14,4,0,"hard_negative",12030974179033754025
"##############
#    ##    ###
#.#  ## @  .##
# $    ###   #
### $#   $$  #
## # # #######
#  # #$ .    #
## .## ### . #
## $##   #.  #
##      ######
##############",14,11,6,0,"easy_negative",15738420452285699189
"###########
## ## # ###
#      . ##
## ##$#####
#       ###
### # $.###
### ###   #
#      ## #
##   * ##@#
####  $ . #
#   ##    #
### ##  ###
###     ###
###########",11,14,4,1,"positive",12030974179033754025
"###########
##  ## # .#
##@.# $# .#
##$$   # .#
#   .     #
# ## #. # #
# ##. $$  #
#.$ ### ###
# $   $ ###
####      #
###########",11,11,8,0,"easy_negative",16259316505083288860
"###########
##    #   #
##   #### #
##  $ ### #
####      #
## #    # #
##$ ###.  #
#  ## ### #
# .#   #. #
# .## #  .#
#  @$ $ $ #
#  $#   # #
#  .##    #
###########",11,14,6,0,"easy_negative",16148009207605711415
"########
### ## #
##  #. #
## $$  #
#    # #
#  $####
#   @#.#
# ##$  #
##   #.#
### .  #
########",8,11,4,0,"easy_negative",4899130965792036831
"##############
###    # .# ##
### ##$#   . #
# . ##$## #.##
## # $ # ##  #
####$#$$  ## #
#   $. # ##  #
# ##@  $   . #
#  #      #. #
#  .######## #
##############",14,11,8,0,"easy_negative",2789606538164637045
"##############
# # .##  .   #
# # $## #    #
# #      $####
#   #   #  @ #
# ###  ##### #
# ####  # ## #
#    #### ## #
# #   ### #  #
#          . #
#   $ .###   #
# # ## $     #
#   ##    ####
##############",14,14,4,1,"positive",12833898724828466157
"##############
# # .##  .   #
# # $## #    #
# #      $####
#   #   #    #
# ###  ##### #
# ####  # ## #
#    #### ## #
# #   ### #  #
#          . #
#   $ .###   #
# # ## $     #
#  @##    ####
##############",14,14,4,1,"positive",12833898724828466157
"##############
# # .##  .   #
# # $## #    #
# #      $####
#   #   #    #
# ###  ##### #
# ####  # ## #
#    #### ## #
# #   ### #  #
#          . #
#   $ .###   #
# # ## $     #
#   ##  @ ####
##############",14,14,4,1,"positive",12833898724828466157
"##############
# # .##  .   #
# # $## #    #
# #      $####
#   #   #    #
# ###  ##### #
# ####  # ## #
#    #### ## #
# #   ### #  #
#          . #
#   $ .###  @#
# # ## $     #
#   ##    ####
##############",14,14,4,1,"positive",12833898724828466157
"##############
####    # .. #
# #  # ###   #
# $  $  #  . #
# $.  $   ##@#
# #  #$.# ## #
#      ###   #
##############",14,8,5,0,"easy_negative",13101677229460747043
"##############
# # .##      #
# # $## #    #
# #  .   $####
#   #   #    #
# ###  ##### #
# ####  # ## #
#    #### ## #
# #   ### #  #
#          . #
#   $ .###  @#
# # ## $     #
#   ##    ####
##############",14,14,4,0,"hard_negative",12833898724828466157
"##############
# # .##  .   #
# # $## #    #
# #      $####
#@  #   #    #
# ###  ##### #
# ####  # ## #
#    #### ## #
# #   ### #  #
#          . #
#   $ .###   #
# # ## $     #
#   ##    ####
##############",14,14,4,1,"positive",12833898724828466157
"###########
#@ # ######
#.$# .# # #
# $# $$$$ #
#.$. ###. #
# .# ###$.#
####   # .#
###########",11,8,8,0,"easy_negative",2253019520410506003
"##############
## ###    #. #
#   ##  # #  #
## #  $  .#@ #
## # ## # $  #
#. $  ####$# #
## #    #  . #
##############",14,8,4,0,"easy_negative",7763602572971698941
"###########
# # ..  . #
# #  #  $ #
#.# ### $ #
#  .## #$##
#@#  # $  #
# $ ## #$##
# #. ## $ #
# # $ ##. #
#.#   #####
###########",11,11,8,0,"easy_negative",11325923833782103295
"##############
##### #     ##
#   @   ##$###
#. .# # ##  ##
# $  ##   $  #
###$#    .# .#
### ##    ####
##############",14,8,4,0,"easy_negative",12196663609620188077
"########
####   #
##  @  #
###  $ #
## .## #
### ## #
##  $..#
# $    #
# #$  ##
#   ####
# #    #
# #.$# #
# #   .#
########",8,14,5,1,"positive",363171181757135777
"########
####   #
##     #
###  $ #
## .## #
### ## #
##  $..#
# $   @#
# #$  ##
#   ####
# #    #
# #.$# #
# #   .#
########",8,14,5,1,"positive",363171181757135777
"########
####   #
##     #
### @$ #
## .## #
### ## #
##  $..#
# $    #
# #$  ##
#   ####
# #    #
# #.$# #
# #   .#
########",8,14,5,1,"positive",363171181757135777
"###########
###       #
###  # ####
#     $   #
####   #  #
# #@.# #  #
#  $   ## #
##$## $####
#   #   # #
## ###.   #
## #. #   #
#     # .##
## #  # ###
###########",11,14,4,0,"easy_negative",16943872555063664798
"########
####   #
##  .###
###.$###
###   ##
###$# ##
#   ## #
#. $   #
#@.  $ #
####   #
########",8,11,4,1,"positive",14196543001293295226
"########
####   #
## $.###
###.$###
###   ##
###$# ##
#   ## #
#. $   #
#@.    #
####   #
########",8,11,4,0,"hard_negative",14196543001293295226
"########
####   #
##   ###
###.$###
###.  ##
###$# ##
#   ## #
#. $   #
#@.  $ #
####   #
########",8,11,4,0,"hard_negative",14196543001293295226
"###########
#      ####
#.    # # #
#  $###   #
###     $.#
##  ## ####
##  ##    #
####  $## #
# #    #  #
#  $  .####
### #     #
## .#$  # #
# . #    @#
###########",11,14,5,0,"easy_negative",2261572425236867889
"########
####.  #
##  .###
###.$###
###   ##
###$# ##
#   ## #
#. $   #
#@   $ #
####   #
########",8,11,4,0,"hard_negative",14196543001293295226
"########
####   #
##   ###
###.$###
###   ##
###$# ##
#   ## #
#..$   #
#@.  $ #
####   #
########",8,11,4,0,"hard_negative",14196543001293295226
"########
####   #
##  .###
###.$###
###   ##
###$# ##
#   ## #
#. *   #
#@   $ #
####   #
########",8,11,4,1,"positive",14196543001293295226
"########
####   #
##  .###
###.$###
###   ##
###$# ##
#   ## #
#. * $ #
#@     #
####   #
########",8,11,4,1,"positive",14196543001293295226
"########
####   #
##  .###
###.$###
###   ##
###$# ##
#   ## #
#. * $ #
#      #
####  @#
########",8,11,4,1,"positive",14196543001293295226
"########
####   #
##  .###
###.$###
###   ##
###$# ##
#   ## #
#.@* $ #
#      #
####   #
########",8,11,4,1,"positive",14196543001293295226
"########
####   #
##     #
###  $ #
## .## #
### ## #
## @$..#
# $    #
# #$  ##
#   ####
# #    #
# #.$# #
# #   .#
########",8,14,5,1,"positive",363171181757135777
"##############
#####@# ######
## .    ## # #
###$# #   $$ #
#  $ ## ##   #
#  .  ##   # #
#  $## ##    #
## .##  # #  #
##..##  # #$ #
###     # # .#
##############",14,11,6,0,"easy_negative",6851144585993472981
"########
####   #
##     #
### $$ #
## .## #
### ## #
## @ ..#
# $    #
# #$  ##
#   ####
# #    #
# #.$# #
# #   .#
########",8,14,5,0,"hard_negative",363171181757135777
"###########
# ### # ###
# #  .   ##
# ### #.  #
#   $    ##
###  # # ##
###    ####
#  @#### ##
###   $   #
###  . # ##
#   $##   #
###  .# $ #
###       #
###########",11,14,4,0,"easy_negative",11780247344763408859
"########
####   #
##   $ #
###  $ #
## .## #
### ## #
## @$..#
# $    #
# #   ##
#   ####
# #    #
# #.$# #
# #   .#
########",8,14,5,1,"positive",363171181757135777
"##############
######  ##.# #
#   ## # $ # #
#   $  ##  # #
# #  .  #    #
######. #  # #
# # ##  #$   #
#  . $$  .$@.#
# # # $$  ##.#
#  .## ##### #
##############",14,11,8,0,"easy_negative",13433761528572310398
"##############
#    #..#### #
###$###$#### #
###$ #  ..   #
#  $ $.##$# ##
# #.#### $ @ #
#.     #### ##
##############",14,8,7,0,"easy_negative",344052597625436149
"###########
## #. . . #
#  $ .#   #
##$####$ .#
##$###  # #
#  @ # ####
## ###  # #
#  # $$  .#
# ##  #$  #
#  # ## . #
###########",11,11,7,0,"easy_negative",13527729534642738736
"##############
###          #
## $   ## #  #
##  #####.####
##.####      #
#   .#     ###
##.#$  ###@###
# ##$  ##    #
#  # #$## ##.#
#         ## #
# $  ### #   #
## $. #    # #
####  ## #####
##############",14,14,6,0,"easy_negative",3770157536677007105
"##############
#@### #  ##  #
# #    $ ##  #
# ### #  ##  #
#     $ .  # #
# .# # ### # #
# ## .  .  # #
#   #    $   #
### ##$##  # #
### #  ##    #
##############",14,11,4,0,"easy_negative",15017247645007252296
"###########
####    @ #
#.#  ##$  #
#.  .## $ #
# $.$.# ###
# #$# # ###
#   ###   #
###########",11,8,5,0,"easy_negative",12431295647377160691
"########
#..  ###
# # $###
# $..  #
#  $@  #
# #$## #
#   ## #
########",8,8,4,1,"positive",4483470192967890895
"########
#..  ###
# # $###
# $..  #
# $ @  #
# #$## #
#   ## #
########",8,8,4,1,"positive",4483470192967890895
"########
#..  ###
# # $###
# $..  #
# $    #
# #$## #
#@  ## #
########",8,8,4,1,"positive",4483470192967890895
"########
#..  ###
# # $###
# $.   #
#.$    #
# #$## #
#@  ## #
########",8,8,4,1,"positive",4483470192967890895
"########
#..  ###
# #$$###
# $.   #
#.     #
# #$## #
#@  ## #
########",8,8,4,1,"positive",4483470192967890895
"##############
## #.      . #
# $ ###@#$ ###
## #.$ $ . ###
## $$   ## .##
## $$ # .##.##
###. ##  #####
##############",14,8,8,0,"easy_negative",7374644177871259729
"##############
#   ..# #    #
###$$ # #   ##
###  $# #  ###
## #$.. $  . #
#    @    #  #
## #   #######
##############",14,8,5,0,"easy_negative",15182275072990660675
"########
#  .  .#
# #$#.@#
#.$ ## #
# ## .##
# ##$.##
# $$$ ##
###.$  #
###.$###
#    ###
########",8,11,8,0,"easy_negative",10317071952410552597
"###########
#.#### ##.#
#  ### ## #
#@  $  $  #
# #  #. $ #
# # ###$###
# #. #  ###
###########",11,8,4,0,"easy_negative",3693698977100316192
"###########
#     . ###
# # $# # ##
#     $#. #
##.##$$# ##
##### $   #
#   #  #.##
## $ # $ @#
###.### . #
##   #    #
## # $   ##
#.    #.###
## # ##  ##
###########",11,14,8,0,"easy_negative",2826060153970049344
"##############
#  @##  ######
# # ##$ ##   #
#        $   #
#     .##    #
#### # ## . ##
## #.   $  ###
#  .$   #    #
#    # ### # #
####    #    #
##############",14,11,4,1,"positive",1996486383006607899
"##############
#  @##  ######
# # ##$ ##   #
#            #
#     .##    #
#### # ## . ##
## #.   $$ ###
#  .$   #    #
#    # ### # #
####    #    #
##############",14,11,4,1,"positive",1996486383006607899
"##############
#   ##  ######
# # ##$ ##   #
#    @       #
#     .##    #
#### # ## . ##
## #.   $$ ###
#  .$   #    #
#    # ### # #
####    #    #
##############",14,11,4,1,"positive",1996486383006607899
"##############
#   ##  ######
# # ##$ ##   #
#    @       #
#     .##    #
#### # ## . ##
## #    $$.###
#  .$   #    #
#    # ### # #
####    #    #
##############",14,11,4,1,"positive",1996486383006607899
"##############
#   ##  ######
# # ##$ ##   #
#      @     #
#     .##    #
#### # ## . ##
## #    $$.###
#  .$   #    #
#    # ### # #
####    #    #
##############",14,11,4,1,"positive",1996486383006607899
"##############
#   ###  .####
# #     #  $ #
#### .   $   #
## #  #$##$$##
# .@. #  #$ ##
## #  # . . ##
##############",14,8,6,0,"easy_negative",17249652838936795104
"########
#### ###
# $$ ###
#.$..$ #
# $ #..#
# #### #
# ###@ #
########",8,8,5,0,"easy_negative",8444258933152235074
"###########
###    ## #
###.## ## #
#  .##    #
#  #      #
# ##.# ## #
#  #$  ## #
# ##  ## ##
##    # $ #
### @$##$##
## $# #.  #
##    ..$ #
##  # #####
###########",11,14,6,0,"easy_negative",2927085649390303910
"##############
######## ## ##
#    #    $ .#
#   #.## ## ##
#@$$     $ $ #
#.#. #$ ##  .#
####   .##   #
##############",14,8,6,0,"easy_negative",17009859901674269822
"###########
#  #   . ##
# .###$ .##
#  ### $ ##
##$  .$#  #
##  #.$#  #
##  ## #  #
# @$$ .## #
# #. ###  #
#    ######
###########",11,11,7,0,"easy_negative",17179369117565910845
"###########
# #####   #
# ##. ### #
# $@   ## #
# ## ..$  #
# ##$#.$# #
#         #
###########",11,8,4,1,"positive",386342600432713035
"###########
# ##### @ #
# ##. ### #
# $    ## #
# ## ..$  #
# ##$#.$# #
#         #
###########",11,8,4,1,"positive",386342600432713035
"###########
# ##### @ #
# ##. ### #
#.$    ## #
# ##  .$  #
# ##$#.$# #
#         #
###########",11,8,4,1,"positive",386342600432713035
"###########
# ##### @ #
# ##. ### #
#.$    ## #
# ##   $  #
# ##$#.$# #
#  .      #
###########",11,8,4,1,"positive",386342600432713035
"###########
# #####   #
# ##+ ### #
#.$    ## #
# ##   $  #
# ##$#.$# #
#  .      #
###########",11,8,4,1,"positive",386342600432713035
"##############
## . .   #####
## $ #   #   #
##  ### ## $ #
# . $$       #
#   ## ##$ # #
# . ## ##@  .#
##############",14,8,5,0,"easy_negative",6779665750764765287
"########
#      #
### .# #
###.####
##   ###
##.$$@##
##  $ .#
##### ##
## # $ #
##  # ##
##$#   #
# $. # #
##.#####
########",8,14,6,0,"easy_negative",13640889543193008638
"########
###..  #
##   # #
#### $ #
#### $##
#. # $##
# ##@ ##
# .    #
###$####
###$$..#
# $  # #
#  #.# #
# ## # #
########",8,14,7,0,"easy_negative",16876516803568549869
"########
#@   . #
#### # #
## #$$.#
#.$ .$ #
#  .#  #
#   ## #
# ## $ #
#  ### #
# $ ## #
#   # ##
#  $.. #
##### ##
########",8,14,7,0,"easy_negative",13311412406813581444
"########
# . ####
#   . ##
####  @#
# $$  .#
###$ #.#
###  . #
#####$##
## $   #
#   # ##
########",8,11,5,0,"easy_negative",4848315687569913739
"###########
####    .##
##    #.$##
###  ## @##
# .  ##$$ #
###$ ## # #
###   .   #
###########",11,8,4,1,"positive",10795306387602908066
"###########
####    +##
##    #.$##
###  ##  ##
# .  ##$$ #
###$ ## # #
###   .   #
###########",11,8,4,1,"positive",10795306387602908066
"###########
####    +##
##    #.$##
### $##  ##
# .  ## $ #
###$ ## # #
###   .   #
###########",11,8,4,1,"positive",10795306387602908066
"###########
####    +##
## $  #.$##
### $##  ##
# .  ##   #
###$ ## # #
###   .   #
###########",11,8,4,0,"hard_negative",10795306387602908066
"###########
####    .##
##    #.$##
### $##  ##
# .  ## $ #
###$ ## # #
###   .@  #
###########",11,8,4,1,"positive",10795306387602908066
"###########
####    .##
##  @ #.$##
### $##  ##
# .  ## $ #
###$ ## # #
###   .   #
###########",11,8,4,1,"positive",10795306387602908066
"##############
# .#      ## #
#  #.## #$#  #
# $# ##  $#  #
##.#        ##
#    $ ###$ ##
## ####    .##
## # #    ##.#
#### #  #$ # #
#    #   $## #
# # ##  . .  #
# # #   # @# #
# #          #
##############",14,14,7,0,"easy_negative",8428222980598032529
"###########
#     .# ##
####$ $ $.#
## # $ #$##
#    # $.@#
### ###$  #
###  # $  #
######### #
# ..   ## #
#  .  ..  #
###########",11,11,8,0,"easy_negative",11659953484200640780
"##############
#.   #    ####
###$### $@$ .#
###  #   $.  #
## #    ##   #
#  $.$$#.#  ##
## #.  #  .###
##############",14,8,7,0,"easy_negative",1898365098988478037
"###########
#  ## #   #
#.## .$$@ #
#  ## #$. #
# $$ .$$###
####  #..##
#    ##.  #
###########",11,8,7,0,"easy_negative",5885130018527735437
"########
#@######
#  #. .#
# $$$. #
## # $ #
#. $.###
## # ###
########",8,8,5,0,"easy_negative",5188020669330629288
"########
# .@####
#  $$.##
#..$   #
# $#$  #
# .#.# #
#  # $ #
# $   .#
# #    #
#   ####
########",8,11,7,1,"positive",17873669995941469327
"########
# .@####
#  $$.##
#. *   #
# $#$  #
# .#.# #
#  # $ #
# $   .#
# #    #
#   ####
########",8,11,7,1,"positive",17873669995941469327
"########
# . ####
#  $$.##
#. *   #
# $#$  #
# .#.# #
#  # $ #
# $  @.#
# #    #
#   ####
########",8,11,7,1,"positive",17873669995941469327
"########
# . ####
#  $$.##
#. $   #
# $#$  #
#..#.# #
#  # $ #
# $  @.#
# #    #
#   ####
########",8,11,7,1,"positive",17873669995941469327
"########
####.  #
#  #$$.#
#   $@ #
# $ $# #
##. $#.#
####.#.#
########",8,8,6,0,"easy_negative",16734576512484404182
"###########
### ##  .##
###.##$$###
# @  . $.##
#.  #.$$  #
#  ##$$## #
#.###  ## #
###########",11,8,7,0,"easy_negative",18343208023652060667
"##############
##.#         #
# $   ####   #
## ####   .@ #
#  . #    $###
#  $ # #  .###
#### #$###$  #
#      ###   #
# #  # . ##  #
####      ## #
##############",14,11,5,0,"easy_negative",11175055695683285386
"##############
## #.##   ####
# $  .#    .##
## # . $ $ $ #
##  #   # @ ##
##  # #### ###
## . ## #   ##
## # $ . $## #
# $       #  #
## ####   .  #
##############",14,11,7,0,"easy_negative",859936933935708898
"########
# . ####
#  $$.##
#. $   #
# $#$@ #
#..#.# #
#  # $ #
# $   .#
# #    #
#   ####
########",8,11,7,1,"positive",17873669995941469327
"###########
#   # #   #
#  $ .$$# #
#.$ # #   #
## ###.. ##
#####   $##
#  .#   $##
### $ .#  #
## @.# ## #
#      #  #
###########",11,11,7,0,"easy_negative",6948376117798105836
"##############
# ## # # #  ##
# ## #     $##
#    # # #  ##
###  ##     .#
##   ## ## # #
##  .  .##   #
#  $ ## #   ##
# #$  ####  ##
#   ##  #  ###
#@##     $####
# ###  #  .  #
#   ## ##    #
##############",14,14,4,1,"positive",9398794773671277097
"##############
# ## # # #  ##
# ## #     $##
#    # # #  ##
###  ##     .#
##   ## ## # #
##  .   ##   #
#  $ ## #   ##
#.#$  ####  ##
#   ##  #  ###
#@##     $####
# ###  #  .  #
#   ## ##    #
##############",14,14,4,0,"hard_negative",9398794773671277097
"##############
# ## # # #  ##
# ## #     $##
#    # # #  ##
###  ##     .#
##   ## ## # #
##  .   ##   #
#  $ ## #  .##
# #$  ####  ##
#   ##  #  ###
#@##     $####
# ###  #  .  #
#   ## ##    #
##############",14,14,4,0,"hard_negative",9398794773671277097
"##############
# ## # # #  ##
# ## #     $##
#    # # #  ##
###  ##     .#
##   ## ## # #
##     .##   #
#  $ ## #   ##
# #$  ####  ##
#   ##  #  ###
#@##     $####
# ###  #  .  #
#   ##.##    #
##############",14,14,4,0,"hard_negative",9398794773671277097
"##############
# ## # # #  ##
# ## #     $##
#    # # #  ##
###  ##     .#
##   ## ## # #
##  .$ .##   #
#  $ ## #   ##
# #   ####  ##
#   ##  #  ###
#@##     $####
# ###  #  .  #
#   ## ##    #
##############",14,14,4,0,"hard_negative",9398794773671277097
"##############
##  #####   @#
##. # ## #  ##
##    #  # ###
#  #    #   ##
# ## #####  ##
#  # ## #  .##
##  ##  . ####
### ##$ # #  #
##       $$  #
### ## #$#   #
##  ##    ## #
#      #.### #
##############",14,14,4,0,"easy_negative",6741173471131200898
"##############
# ## # # #  ##
# ## #     $##
#    # # #  ##
###  ##     .#
##   ## ## # #
##     .##   #
#  $ ## #   ##
# #$  ####  ##
#   ##  #  ###
#@##     $####
# ###  #  .  #
#   ## ##.   #
##############",14,14,4,0,"hard_negative",9398794773671277097
"##############
# ## # # #  ##
# ## #      ##
#    # #$#  ##
###  ##     .#
##   ## ## # #
##  .  .##   #
#  $ ## #   ##
# #$  ####  ##
#   ##  #  ###
#@##     $####
# ###  #  .  #
#   ## ##    #
##############",14,14,4,0,"hard_negative",9398794773671277097
"##############
# ## # # #  ##
# ## #     $##
#    # # #  ##
###  ##     .#
##   ## ## # #
##     .##   #
#  $ ##.#   ##
# #$  ####  ##
#   ##  #  ###
#@##     $####
# ###  #  .  #
#   ## ##    #
##############",14,14,4,0,"hard_negative",9398794773671277097
"##############
# ## # # #  ##
# ## #     $##
#    # #$#  ##
###  ##     .#
##   ## ## # #
##  .  .##   #
#  $ ## #   ##
# #$  ####  ##
#   ##  #  ###
#@##      ####
# ###  #  .  #
#   ## ##    #
##############",14,14,4,0,"hard_negative",9398794773671277097
"##############
# ## # # #  ##
# ## #     $##
#    # # #  ##
###  ## .    #
##   ## ## # #
##  .  .##   #
#  $ ## #   ##
# #$  ####  ##
#   ##  #  ###
#@##     $####
# ###  #  .  #
#   ## ##    #
##############",14,14,4,0,"hard_negative",9398794773671277097
"##############
# ## # # #  ##
# ## #     $##
#    # # #  ##
###  ##     .#
##   ## ## # #
##  .  .##   #
#  $ ## #   ##
# #$  #### .##
#   ##  #  ###
#@##     $####
# ###  #     #
#   ## ##    #
##############",14,14,4,0,"hard_negative",9398794773671277097
"##############
# ## # # #  ##
# ## #     $##
#    # # #  ##
###  ##     .#
##   ## ## # #
##  .  .##   #
#  $ ## #   ##
# #$  ####  ##
#   ##  #  ###
# ##     $####
# ###  #  +  #
#   ## ##    #
##############",14,14,4,0,"hard_negative",9398794773671277097
"##############
# ## # # #  ##
# ## #     $##
#    # # # $##
###  ##     .#
##   ## ## # #
##  .  .##   #
#  $ ## #   ##
# #$  ####  ##
#   ##  #  ###
#@##      ####
# ###  #  .  #
#   ## ##    #
##############",14,14,4,0,"hard_negative",9398794773671277097
"##############
# ## # # #  ##
# ## #     $##
#    # # #  ##
###  ##      #
##   ## ## # #
##  .  .##   #
#  $ ## #   ##
# #$  ####  ##
#   ##  # .###
#@##     $####
# ###  #  .  #
#   ## ##    #
##############",14,14,4,1,"positive",9398794773671277097
"##############
# ## # # #@ ##
# ## #     $##
#    # # #  ##
###  ##      #
##   ## ## # #
##  .  .##   #
#  $ ## #   ##
# #$  ####  ##
#   ##  # .###
# ##     $####
# ###  #  .  #
#   ## ##    #
##############",14,14,4,1,"positive",9398794773671277097
"##############
# ## # # #  ##
# ## #     $##
#    # # #  ##
###  ##      #
##   ##@## # #
##  .  .##   #
#  $ ## #   ##
# #$  ####  ##
#   ##  # .###
# ##     $####
# ###  #  .  #
#   ## ##    #
##############",14,14,4,1,"positive",9398794773671277097
"##############
# ## # # #  ##
# ## #     $##
#    # # #  ##
###  ##      #
##   ##@## # #
##  .   ##   #
#  $ ## #   ##
# #$  ####  ##
#   ##  # .###
# ##     $####
# ###  #  .  #
#   ## ## .  #
##############",14,14,4,0,"hard_negative",9398794773671277097
"##############
# ## # # #  ##
# ## #      ##
#    # # #  ##
###  ##      #
##   ##@## # #
##  .  .##   #
#  $ ## #   ##
# #$  ####  ##
#   ##  # .###
# ##  $  $####
# ###  #  .  #
#   ## ##    #
##############",14,14,4,0,"hard_negative",9398794773671277097
"##############
# ## # # #  ##
# ## #     $##
#  @ # # #  ##
###  ##      #
##   ## ## # #
##  .  .##   #
#  $ ## #   ##
# #$  ####  ##
#   ##  # .###
# ##     $####
# ###  #  .  #
#   ## ##    #
##############",14,14,4,1,"positive",9398794773671277097
"########
#     ##
# ### ##
# #### #
# .$$$ #
# ## ###
# ##$###
# #    #
#@# #. #
# # ## #
#   #  #
#. ##  #
##### .#
########",8,14,4,0,"easy_negative",14222262712383552477
"########
## #   #
#.$ @###
##$# ###
##.#.  #
#  $ ###
## # ###
########",8,8,3,0,"easy_negative",303623322098844655
"########
#      #
#### #.#
#  .$$ #
### #. #
## ##  #
#  ##$.#
#.$$   #
# #@  ##
#    ###
########",8,11,5,0,"easy_negative",2369669392610095923
"########
#.     #
#. #$  #
#### $ #
#.  ## #
# #### #
# ##.  #
#    $ #
# $..# #
####.$ #
# $$$###
# #@  ##
#.  ####
########",8,14,8,0,"easy_negative",8942626127407687563
"###########
#   #### ##
# . # .@  #
#     $# ##
##.      ##
###  #   ##
##    $  ##
##$ #.#   #
##  $  #  #
## $# #####
# .       #
#     ### #
#### #### #
###########",11,14,5,1,"positive",8958239728932893305
"###########
# ##  ### #
#  #  ### #
# .$$.#   #
#  .# ##$##
#  $      #
#####@## ##
###   $ ###
### #  .###
# $.###   #
##  ###   #
##   # .###
##      ###
###########",11,14,6,0,"easy_negative",17680039179610344049
"###########
#   #### ##
# . # .@  #
#     $# ##
##       ##
###  #   ##
##   .$  ##
##$ #.#   #
##  $  #  #
## $# #####
# .       #
#     ### #
#### #### #
###########",11,14,5,1,"positive",8958239728932893305
"###########
###    ####
### #### ##
# . $   .##
## #  #  ##
# $  .#  ##
## #. #$ ##
## @ # $ ##
## $###. ##
##   #   ##
###########",11,11,5,0,"easy_negative",6819174500080226296
"###########
#   #### ##
# . # .@  #
# .   $# ##
##       ##
###  #   ##
##    $  ##
##$ #.#   #
##  $  #  #
## $# #####
# .       #
#     ### #
#### #### #
###########",11,14,5,1,"positive",8958239728932893305
"##############
## ##.##   ..#
#      # $ # #
##$##$##. ####
#   # # $    #
# #.    $ $ ##
#####@# . ####
##############",14,8,6,0,"easy_negative",16641742021001572661
"###########
#   #### ##
# . # .   #
# .   $# ##
##       ##
###  #   ##
##    $  ##
##$ #.#   #
##  $@ #  #
## $# #####
# .       #
#     ### #
#### #### #
###########",11,14,5,1,"positive",8958239728932893305
"##############
## # #.    ###
#    #$##  ###
## # # ## .  #
# $#  . ##$  #
#  # #  ## # #
#  #  $$$    #
#  # ## # $  #
# ##  #### ###
#  #    #  ###
#  ## ## # .##
##@#.       ##
#####.##.#  ##
##############",14,14,7,0,"easy_negative",1917166046505439052
"###########
#   #### ##
# . # .   #
# .    # ##
##       ##
###  #   ##
##    $  ##
##$ #*#   #
##  $@ #  #
## $# #####
# .       #
#     ### #
#### #### #
###########",11,14,5,1,"positive",8958239728932893305
"##############
#   # #     ##
#  $      # ##
#   # #   ####
## ## ####   #
#  $    #    #
## ## #   .  #
### .     # ##
### ######   #
# @       # ##
#  #  $# #  .#
# $#    #.   #
#  ###########
##############",14,14,4,0,"easy_negative",7363054044355990754
"##############
#########  . #
##   . # . # #
#  $ $  .    #
###   #   $ ##
##.$$## #$  ##
#@    #   .###
##############",14,8,6,1,"positive",17655750002870333699
"###########
#  .#######
#     # @ #
#   $## $ #
####   #  #
##  #  ## #
#   ## #  #
# #$ $.#  #
# #  # #  #
# #    ##.#
# $  #    #
#   ### . #
#.   #    #
###########",11,14,5,0,"easy_negative",6453920488694288907
"##############
#########  . #
##   . # . # #
#  $ $  .$   #
###   #   $ ##
##.$ ## #$  ##
#@    #   .###
##############",14,8,6,1,"positive",17655750002870333699
"##############
#      .   . #
# # ## @## # #
# $ ##  ##   #
### ### ## ###
###$ $   #  ##
#      ###. ##
###  ## $  $ #
##  #   # #. #
######.#######
##############",14,11,5,0,"easy_negative",17017955060990085599
"##############
#########  + #
##   . # . # #
#  $ $  .$   #
###   #   $ ##
##.$ ## #$  ##
#     #   .###
##############",14,8,6,1,"positive",17655750002870333699
"##############
#########  @ #
##   . # . # #
#  $ $  .$   #
### . #   $ ##
##.$ ## #$  ##
#     #   .###
##############",14,8,6,1,"positive",17655750002870333699
"##############
#########  @ #
##   . #   # #
#  $ $  .$   #
### . #   $ ##
##.$ ## #$  ##
#     # . .###
##############",14,8,6,1,"positive",17655750002870333699
"###########
# ##    ###
# ##.## .##
#    ##  ##
### ##### #
###$   #  #
#@  $  #  #
# $ ## #$##
#    # . .#
###### # ##
###########",11,11,4,0,"easy_negative",8605183272381380645
"########
# @.   #
#.#$$.##
# $$.###
#.$$ .##
# #$ ###
#    .##
########",8,8,7,0,"easy_negative",14526975601806119907
"########
# @ .  #
# #.$###
#### ###
# .$$###
# $$$ ##
#...####
########",8,8,6,0,"easy_negative",8384408278568870361
"########
####   #
# $.$# #
#. $.  #
##     #
##  ## #
### ## #
####   #
#    # #
#.  $  #
#  ## ##
# ##   #
# @## ##
########",8,14,4,1,"positive",10536981505552671386
"########
####   #
# $. # #
#.$$.  #
##     #
##  ## #
### ## #
####   #
#    # #
#.  $  #
#  ## ##
# ##   #
# @## ##
########",8,14,4,0,"hard_negative",10536981505552671386
"########
####   #
# $. # #
#. $.  #
##   $ #
##  ## #
### ## #
####   #
#    # #
#.  $  #
#  ## ##
# ##   #
# @## ##
########",8,14,4,1,"positive",10536981505552671386
"########
#### @ #
# $. # #
#. $.  #
##   $ #
##  ## #
### ## #
####   #
#    # #
#.  $  #
#  ## ##
# ##   #
#  ## ##
########",8,14,4,1,"positive",10536981505552671386
"########
#### @ #
# $* # #
#.  .  #
##   $ #
##  ## #
### ## #
####   #
#    # #
#.  $  #
#  ## ##
# ##   #
#  ## ##
########",8,14,4,0,"hard_negative",10536981505552671386
"########
#### @ #
# $. # #
#.  .  #
##   $ #
##  ## #
### ## #
####   #
#    # #
#.  $  #
#  ##$##
# ##   #
#  ## ##
########",8,14,4,0,"hard_negative",10536981505552671386
"##############
### # #   ## #
##.. $ .###  #
##### # ##   #
# $  .#  $$ ##
#  #  # # # ##
# ## .#  $####
##    @ #    #
## ### ### ###
######  #  ###
##############",14,11,5,0,"easy_negative",17633842683369178430
"########
#    ###
# #.@###
#   $  #
## #$ ##
#   $ ##
## #$###
#. $ . #
# # $# #
#. ..  #
########",8,11,6,0,"easy_negative",17745024319756138605
"###########
# ##   #  #
#  # @ ## #
# $..  #  #
#  ###$   #
#  ###  .##
# ## $  ###
##  # #$  #
## .      #
##  # #####
###########",11,11,4,0,"easy_negative",12969862056022198753
"########
#### @.#
# $. # #
#. $.  #
##   $ #
##  ## #
### ## #
####   #
#    # #
#   $  #
#  ## ##
# ##   #
#  ## ##
########",8,14,4,0,"hard_negative",10536981505552671386
"########
#### @ #
# $. # #
#. $.  #
##   $ #
## $## #
### ## #
####   #
#    # #
#.     #
#  ## ##
# ##   #
#  ## ##
########",8,14,4,0,"hard_negative",10536981505552671386
"########
#### @ #
# $. # #
#. $.  #
##  $$ #
##  ## #
### ## #
####   #
#    # #
#.     #
#  ## ##
# ##   #
#  ## ##
########",8,14,4,0,"hard_negative",10536981505552671386
"########
#### @ #
# $. # #
#. $.  #
## $   #
##  ## #
### ## #
####   #
#    # #
#.  $  #
#  ## ##
# ##   #
#  ## ##
########",8,14,4,0,"hard_negative",10536981505552671386
"########
#### @ #
# $. # #
#.  .  #
##   $ #
##  ## #
### ## #
####   #
#    # #
#.  $$ #
#  ## ##
# ##   #
#  ## ##
########",8,14,4,0,"hard_negative",10536981505552671386
"########
#### @ #
# $. # #
#. $   #
##   $ #
##  ## #
### ## #
####   #
#    # #
#.  $  #
#  ## ##
# ##   #
#  ##.##
########",8,14,4,0,"hard_negative",10536981505552671386
"########
#### @ #
# $  # #
#. $.  #
##   $ #
##  ## #
### ## #
####  .#
#    # #
#.  $  #
#  ## ##
# ##   #
#  ## ##
########",8,14,4,1,"positive",10536981505552671386
"########
####   #
# $  # #
#. $.  #
##   $ #
##  ## #
### ## #
####  .#
#    # #
#.  $@ #
#  ## ##
# ##   #
#  ## ##
########",8,14,4,1,"positive",10536981505552671386
"###########
## # ## ###
#  $ ##  ##
## # . $ ##
##$ .###.##
## . ##   #
##     # ##
#.#  $ ## #
# # ## ## #
# #@##    #
#     #$  #
### # # ###
### ##  ###
###########",11,14,5,0,"easy_negative",389726715285467509
"###########
#  #     ##
# $##  $###
#  ###   ##
# .  $ ## #
#.#@.#$## #
#   .     #
###########",11,8,4,0,"easy_negative",10717515826179467876
"########
#  #.  #
# $# # #
#  #   #
#. .$ ##
# #$ ###
# $.  ##
#    @ #
# #    #
########
########",8,11,4,1,"positive",14973709474402583041
"########
#  #   #
# $# # #
#  #   #
#. .$ ##
# #$ ###
# $.  ##
#    @ #
# #.   #
########
########",8,11,4,1,"positive",14973709474402583041
"########
#  #   #
# $# # #
#  #   #
#. .$ ##
# #$ ###
# $.  ##
#    @ #
#.#    #
########
########",8,11,4,1,"positive",14973709474402583041
"########
#  #   #
#  # # #
#  #   #
#. .$ ##
# #$$###
# $.  ##
#    @ #
#.#    #
########
########",8,11,4,0,"hard_negative",14973709474402583041
"########
#  #   #
# $# # #
#  #   #
#. .$ ##
# #$ ###
# $.  ##
#      #
#.# @  #
########
########",8,11,4,1,"positive",14973709474402583041
"########
#  #   #
# $# # #
# @#   #
#. .$ ##
# #$ ###
# $.  ##
#      #
#.#    #
########
########",8,11,4,1,"positive",14973709474402583041
"########
##.#  ##
#  $  ##
## #$$##
##   . #
### ####
##.    #
#  #@# #
## #$# #
#### # #
# $$$  #
# .#.$ #
# ##...#
########",8,14,8,0,"easy_negative",16712451681605044851
"###########
#.## ### ##
# ## ## . #
# $ $  #$##
#  @$#    #
##   # ..##
###  #  ###
###########",11,8,4,0,"easy_negative",13490098337342748866
"###########
####  .####
#. #$##  ##
# ##$##.$ #
# $ $. #.##
#.# ##@$  #
###### # ##
###########",11,8,6,0,"easy_negative",2811746560558967902
"##############
##  @  # #   #
##   ##    # #
###  ### #####
#   ### $ ## #
# #..#   ##  #
# $  .  ##   #
#   ###   # ##
# #.  ### $  #
#  $ #### # ##
#.#####   ####
# ## $      ##
#          ###
##############",14,14,5,0,"easy_negative",13966800463449758996
"###########
#   .  ####
# #   $ #@#
#   ###   #
##.#.. # ##
####  $   #
#     $# ##
# .$#  # ##
### #$.$  #
### #  # ##
###########",11,11,6,0,"easy_negative",3773864290106534997
"###########
#        ##
# ####  ###
# ####   ##
#   ####  #
# #   .#  #
# .  $ #  #
## # $$ $ #
####.#.   #
#  @   ####
###########",11,11,4,1,"positive",1168643643688399321
"###########
#        ##
# ####  ###
# ####   ##
#   ####  #
# # $ .#  #
# .    #  #
## # $$ $ #
####.#.   #
#  @   ####
###########",11,11,4,1,"positive",1168643643688399321
"###########
#        ##
# ####  ###
# ####   ##
#   ####  #
# # $ .#  #
# .    #  #
## # $  $ #
####*#.   #
#  @   ####
###########",11,11,4,1,"positive",1168643643688399321
"###########
#        ##
# ####  ###
# ####   ##
#   ####  #
# # $ .#  #
#.     #  #
## # $  $ #
####*#.   #
#  @   ####
###########",11,11,4,1,"positive",1168643643688399321
"##############
#  .  #      #
# ### # ##  ##
# ##### ## ###
#  #  $ ##   #
# ## ## ##. .#
#  # ##  .####
# $ ## ##$ ###
#@# ##$## $###
#          . #
##############",14,11,5,0,"easy_negative",9641598074466762692
"###########
#        ##
# ####  ###
# ####   ##
#   ####  #
# # $ .#  #
#.     #  #
## # $  $ #
####*#    #
#  +   ####
###########",11,11,4,1,"positive",1168643643688399321
"###########
#.### #@.##
#.# .$$.$##
#.### #$ ##
#      $$ #
# #### $###
# ####. ###
###########",11,8,7,0,"easy_negative",2537164958274875353
"##############
#.  ###  .## #
# $   ##  #  #
# $.$$ ##.   #
###$.$ ### ###
### .#$  $. ##
#         @ .#
##############",14,8,8,0,"easy_negative",2878128038386453055
"###########
#   #.#  .#
#   $  @ ##
#   # #####
##$#      #
#    #$ # #
## #    $.#
# ## ##  ##
#  # ##  ##
#    .   ##
###########",11,11,4,0,"easy_negative",7789115168702012436
"###########
#   ##  ###
# #$## $ ##
#   $  $. #
###   $## #
## ##  # ##
#. ###   ##
#     .#@ #
##    .## #
### #### .#
###########",11,11,5,0,"easy_negative",18114894778702901383
"###########
# @ ###  .#
#    # $# #
#  $# # $ #
##     $  #
###  # .#.#
##  ###.  #
###########",11,8,4,1,"positive",144266518272275665
"###########
#   # #.  #
# $ $. ## #
#   #.###.#
# $##.#  .#
#@ #  $$$ #
# ### #   #
###########",11,8,6,0,"easy_negative",10322806837420013659
"###########
#   ###  .#
#    # $# #
#  $# # $ #
##     $  #
###  # .#.#
##@ ###.  #
###########",11,8,4,1,"positive",144266518272275665
"###########
#   ###  .#
#    # $# #
#  $# #   #
## $   $  #
###  # .#.#
##@ ###.  #
###########",11,8,4,0,"hard_negative",144266518272275665
"###########
#   ###  .#
#    # $# #
# $$# #   #
##     $  #
###  # .#.#
##@ ###.  #
###########",11,8,4,0,"hard_negative",144266518272275665
"###########
#   ###  .#
#    # $# #
#  $# # $ #
##  @  $  #
###  # .#.#
##  ###.  #
###########",11,8,4,1,"positive",144266518272275665
"###########
#   ###  .#
#    # $# #
#  $# # $@#
##     $  #
###  # .#.#
##  ###.  #
###########",11,8,4,1,"positive",144266518272275665
"###########
#   ###  .#
#    # $# #
#  $# # $@#
##     $  #
###  # .#.#
##  ###  .#
###########",11,8,4,1,"positive",144266518272275665
"###########
# ##.  # @#
# ##   #. #
# $ .  #  #
#   #   # #
# ### $ # #
# ####  # #
##  ###$  #
## $      #
##   . ####
###########",11,11,4,0,"easy_negative",8891333223758687290
"###########
#### ##  .#
## .@.### #
#.$$$  ## #
#  ##     #
#  ##$$ # #
# ### $####
## $ .    #
##   # .###
##  ###.###
###########",11,11,7,0,"easy_negative",3900403438455227496
"###########
#     .   #
# #  #  # #
# $   $ $ #
## #  # ..#
#### ##$#@#
#     #  .#
###########",11,8,4,0,"easy_negative",14283534776428290606
"##############
##.  # #### ##
###  #  #    #
## $$# . .#@##
#   $      ###
# ## # . # ###
# ##$  ###   #
#    ##      #
# .$  ### ## #
#   ##### ## #
##############",14,11,5,0,"easy_negative",3840942761543539662
"###########
##    .   #
## $###$$ #
##  # #  .#
#.$ @ ##$ #
##.   ##  #
###   ## .#
###########",11,8,5,1,"positive",8558060102377308718
"###########
##    .   #
## $###$$ #
## $# #  .#
#.$ @ ##  #
##.   ##  #
###   ## .#
###########",11,8,5,0,"hard_negative",8558060102377308718
"###########
##    .   #
## $###$  #
##$ # #  .#
#.$ @ ##$ #
##.   ##  #
###   ## .#
###########",11,8,5,0,"hard_negative",8558060102377308718
"###########
##        #
## $###$* #
##  # #  .#
#.$ @ ##$ #
##.   ##  #
###   ## .#
###########",11,8,5,0,"hard_negative",8558060102377308718
"##############
#. #@     .  #
#  #  ###$####
#  #$#### # ##
## .$$..$$ $.#
###  # ###$###
##  ###..  ###
##############",14,8,8,0,"easy_negative",12008909913145674614
"###########
##    .   #
##  ###$$ #
##  # #  .#
#.$ @ ##$ #
##.$  ##  #
###   ## .#
###########",11,8,5,1,"positive",8558060102377308718
"###########
##    .   #
##  ###$  #
##$ # #  .#
#.$ @ ##$ #
##.$  ##  #
###   ## .#
###########",11,8,5,0,"hard_negative",8558060102377308718
"###########
##        #
##  ###$$ #
##  # #  .#
#.$ @ ##$ #
##.$  ##  #
###.  ## .#
###########",11,8,5,0,"hard_negative",8558060102377308718
"###########
##    .   #
##  ###$$ #
##  # #  .#
#.  @ ##$ #
##.$  ##$ #
###   ## .#
###########",11,8,5,0,"hard_negative",8558060102377308718
"###########
##        #
##  ###$$ #
##  # #  .#
#.$ @ ##$ #
##.$  ##  #
### . ## .#
###########",11,8,5,0,"hard_negative",8558060102377308718
"###########
##    .   #
##  ###$$ #
##  # #  .#
#.$   ##$ #
##+$  ##  #
###   ## .#
###########",11,8,5,1,"positive",8558060102377308718
"###########
##    . @ #
##  ###$$ #
##  # #  .#
#.$   ##$ #
##.$  ##  #
###   ## .#
###########",11,8,5,1,"positive",8558060102377308718
"###########
##    . @ #
##  ###$$ #
##  # #  .#
#.$   ##$ #
##.$  ##  #
###   ##. #
###########",11,8,5,1,"positive",8558060102377308718
"########
#.  ## #
#.$ # .#
# .@$$ #
# $###.#
#. ## .#
#  ##  #
#  $ $ #
# $  ###
#### ###
########",8,11,7,0,"easy_negative",8095021622400571144
"###########
#@ ###    #
# ### $$# #
#  # $$$ .#
#  . # $# #
#..# #. # #
#.## #  # #
###########",11,8,6,0,"easy_negative",32127004582180913
"##############
## # ##    ###
# $  .#.#  ###
## #  #$   $ #
#  .##   ## ##
# # ##  ##   #
#  $$    ##@##
#   $ #     ##
# #  .#.    ##
####. ####  ##
##############",14,11,6,0,"easy_negative",15476687294812772900
"###########
### ##. ###
##. ##..###
## $..$$$ #
####.$$@$ #
#  $ ###. #
#    #### #
###########",11,8,8,0,"easy_negative",16906661775520985057
"########
#      #
# ##   #
# ## $ #
##. # ##
##. $  #
## $# ##
## .$. #
##   # #
###  @ #
########",8,11,4,1,"positive",9436032022650574299
"########
#      #
# ##   #
# ## $ #
##  # ##
##. $  #
## $# ##
## .$. #
##   # #
###  @.#
########",8,11,4,1,"positive",9436032022650574299
"########
#      #
# ##   #
# ## $ #
##@ # ##
##. $  #
## $# ##
## .$. #
##   # #
###   .#
########",8,11,4,1,"positive",9436032022650574299
"########
#      #
# ##   #
# ##   #
##@ # ##
##. $  #
## $# ##
## *$. #
##   # #
###   .#
########",8,11,4,0,"hard_negative",9436032022650574299
"########
#      #
# ##   #
# ## $ #
##  # ##
##. $  #
## $# ##
## .$. #
##   # #
###  @.#
########",8,11,4,1,"positive",9436032022650574299
"########
#      #
# ##   #
# ## $ #
##@ # ##
##. $  #
## $# ##
## .$. #
##   # #
###   .#
########",8,11,4,1,"positive",9436032022650574299
"###########
#    ### ##
##   ## $ #
###  . #.##
## #     @#
#   $#   ##
## #    ###
# .     $ #
###  #.$  #
###    ####
###########",11,11,4,0,"easy_negative",4837297361661324567
"###########
## #  @####
#    # .# #
##.#  $$  #
##.# #$## #
# $ .#$ # #
## # # ## #
####      #
## ####. ##
##  # # ###
#   # #$$ #
### .  $# #
### # # ..#
###########",11,14,8,0,"easy_negative",7935901722981992963
"########
##   .##
###$$ ##
##   ###
# $ ####
#@  .  #
####  .#
########",8,8,3,0,"easy_negative",14789995340862124851
"###########
## #  ..###
#.$$ $$$.##
##.###### #
##$# ##@  #
#  .  #$$ #
##.#     .#
###########",11,8,8,0,"easy_negative",13489220975467633125
"###########
# #####   #
# ##. # ###
#  .  $ ###
#.    $ # #
# ##### # #
# ##    # #
# # # ##  #
# #    #$ #
#.#.#$##  #
# ### # $@#
#  #      #
#   # #   #
###########",11,14,5,0,"easy_negative",13820059349489218159
"###########
####    ###
# .#### ###
#      $  #
#  # ##   #
#  #  ##  #
# $### ## #
#    #   .#
#.# ### $ #
#    #    #
##.  $ ## #
###  # #  #
##    @   #
###########",11,14,4,1,"positive",10092380387681623505
"###########
####    ###
# .#### ###
#      $ .#
#  # ##   #
#  #  ##  #
# $### ## #
#    #    #
#.# ### $ #
#    #    #
##.  $ ## #
###  # #  #
##    @   #
###########",11,14,4,1,"positive",10092380387681623505
"###########
####   @###
# .#### ###
#      $ .#
#  # ##   #
#  #  ##  #
# $### ## #
#    #    #
#.# ### $ #
#    #    #
##.  $ ## #
###  # #  #
##        #
###########",11,14,4,0,"hard_negative",10092380387681623505
"###########
# ##  #   #
# #   # # #
# ##  #$  #
#         #
### $   ###
### ### ###
###   . ###
##.  #   ##
# @$   ####
# $ # #.  #
# # ### . #
#         #
###########",11,14,4,0,"easy_negative",3963082942646839858
"##############
#   ##  .   ##
###$ # #  $###
###.## ## $ ##
#         #  #
## $  .   ## #
###.###  @#  #
##############",14,8,4,0,"easy_negative",11918441913994486936
"###########
####    ###
#  #### ###
#      $ .#
#  # ##   #
#  #  ##  #
# $### ## #
#    #    #
#.#.### $ #
#    #    #
##.  $ ## #
###  # #  #
##    @   #
###########",11,14,4,0,"hard_negative",10092380387681623505
"###########
####    ###
# .#### ###
#      $ .#
#  # ##   #
#  #  ##  #
# $### ## #
#    #    #
#.# ### $ #
#    #    #
##.  $ ## #
###  # #  #
##  @     #
###########",11,14,4,1,"positive",10092380387681623505
"###########
####    ###
# .#### ###
#      $ .#
#  # ##   #
#  #  ##  #
# $### ## #
#    #    #
#.# ### $ #
#    #    #
##.  $ ##@#
###  # #  #
##        #
###########",11,14,4,1,"positive",10092380387681623505
"###########
####    ###
# .#### ###
#   $    .#
#  # ##   #
#  #  ##  #
# $### ## #
#    #    #
#.# ### $ #
#    #    #
##.  $ ##@#
###  # #  #
##        #
###########",11,14,4,1,"positive",10092380387681623505
"########
#. #  .#
#.## . #
# .# $ #
##$#  ##
#.$$ ###
##$#  ##
# $ #. #
# $ #  #
# @ #  #
########",8,11,7,0,"easy_negative",13293179096934973122
"##############
# . # .   # ##
# # # . #    #
#  .#  #### ##
###$ # .##   #
###$###$##.# #
#    #  @$   #
# .  $$  ##  #
##  ## $ ## ##
### ##  ######
##############",14,11,7,0,"easy_negative",12974868370796740365
"########
#    #.#
#  # # #
# ##$# #
#### $ #
#     ##
#...####
##$$@###
## .$###
##   $ #
# $ ####
### # ##
###. .##
########",8,14,7,0,"easy_negative",6013775008094957544
"########
##    .#
##  $  #
##  ####
# # ## #
# # ## #
# #$  .#
# $. $ #
#@#. # #
#   ####
########",8,11,4,1,"positive",7922541048499158423
"########
##    .#
##  $  #
##  ####
# # ## #
# # ## #
# #   .#
# $* $ #
#@#. # #
#   ####
########",8,11,4,1,"positive",7922541048499158423
"########
##    .#
##  $  #
##  ####
# # ## #
# # ## #
# # @ .#
# $* $ #
# #. # #
#   ####
########",8,11,4,1,"positive",7922541048499158423
"########
##    .#
##  $@ #
##  ####
# # ## #
# # ## #
# #   .#
# $* $ #
# #. # #
#   ####
########",8,11,4,1,"positive",7922541048499158423
"########
##    .#
##  $@ #
##  ####
# #$## #
# # ## #
# #   .#
#  * $ #
# #. # #
#   ####
########",8,11,4,0,"hard_negative",7922541048499158423
"########
##     #
##  $@ #
##  ####
#.# ## #
# # ## #
# #   .#
# $* $ #
# #. # #
#   ####
########",8,11,4,1,"positive",7922541048499158423
"##############
#           ##
#   $  ##  ###
####   ##$$ ##
#  #.###    ##
# .#$ ##. . ##
#.##  ###  ###
# $ #### #$$.#
#.#  # @   # #
#      # #   #
##############",14,11,7,0,"easy_negative",10090126836540946856
"##############
### ##@## ####
###$##$ # # ##
#  $   ## . ##
# #$ . $   $ #
#.# ###.$..###
# #   .### ###
##############",14,8,7,0,"easy_negative",13367647448567385863
"########
###.@  #
###  ###
#    ###
## #   #
####   #
# $. $ #
# $  ###
####$ ##
#.  . ##
#   ## #
# # #  #
#      #
########",8,14,4,0,"easy_negative",7468711843017369104
"##############
##     ##### #
### #  # ##  #
##  ##   ##  #
#      # .## #
# # ##### #  #
#      # $   #
##$#     #  ##
#    #$$ # $##
## # .  ##. ##
#   # ####   #
# # ####   # #
#@  .  ##  . #
##############",14,14,5,0,"easy_negative",12226133731856885412
"##############
###.   .##  ##
###$ #$ .#  ##
# $ $      .##
## # $  ######
#   # $ .# # #
##.###     @ #
#  #   # ### #
# ## $  $ ## #
#..##### #   #
##############",14,11,8,0,"easy_negative",15295277721900701218
"##############
## ####      #
#@   .     $ #
## #   #######
#       $ ####
#### #$ # # ##
# .  $      ##
##  # #.     #
###    ###.  #
##  # #      #
##############",14,11,4,1,"positive",5469920790358267854
"##############
## ####      #
#    .     $ #
## #   #######
#       $ ####
#### #$ # # ##
# .  $      ##
##  # #.     #
###    ###.  #
##  #@#      #
##############",14,11,4,1,"positive",5469920790358267854
"##############
## ####      #
#  @ .     $ #
## #   #######
#       $ ####
#### #$ # # ##
# .  $      ##
##  # #.     #
###    ###.  #
##  # #      #
##############",14,11,4,1,"positive",5469920790358267854
"##############
#            #
##  ##$ ## # #
### ##  ##   #
#   ### ##   #
# $ $   ######
#    ..$.    #
# ##  #  #   #
# ### # ## #.#
#   ## @ #   #
##############",14,11,4,0,"easy_negative",506914779430681481
"##############
#### # ## # ##
## # # ## $$ #
##$$ #.   # ##
## #######   #
#  .$ #  @$# #
## #.   . .. #
##############",14,8,6,0,"easy_negative",11391540663869228937
"########
#  @.###
####$###
#      #
# #.#..#
##### .#
# # ##.#
# $$ $ #
# $$#  #
#   ####
########",8,11,6,0,"easy_negative",1779182975064086836
"##############
## ####      #
#  @ . $   $ #
## #   #######
#       $ ####
#### #  # # ##
# .  $      ##
##  # #.     #
###    ###.  #
##  # #      #
##############",14,11,4,0,"hard_negative",5469920790358267854
"##############
## ####      #
#    .     $ #
## #   #######
#       $ ####
#### #$ # # ##
# .  $      ##
##@ # #.     #
###    ###.  #
##  # #      #
##############",14,11,4,1,"positive",5469920790358267854
"###########
#   ##  ###
# # ## $ ##
#    $ ####
#         #
#### #  # #
#         #
## ##  ## #
#   #$$# .#
## ## $   #
#..# @## ##
#  #  # . #
# ##. ## ##
###########",11,14,5,0,"easy_negative",4152280541458728565
"##############
## ####      #
#    .     $ #
## #   #######
#       $ ####
#### #  # # ##
# .  $      ##
##@ # #.     #
###  $ ###.  #
##  # #      #
##############",14,11,4,0,"hard_negative",5469920790358267854
"##############
## ####      #
#    .     $ #
## #   #######
#       $ ####
#### #$ # # ##
# .         ##
##@ # #.     #
###    ###*  #
##  # #      #
##############",14,11,4,1,"positive",5469920790358267854
"###########
# #. #  ..#
# #$$# .$ #
# #  # ####
#   $ .# ##
#  #$# $  #
# ##@  #.##
###########",11,8,6,0,"easy_negative",14145777981836156669
"##############
### ## .   ###
##  #   ## ###
##     $## $ #
# $ ##  .$.  #
#   ## $####.#
#### @ .#### #
##############",14,8,5,1,"positive",7363116692536403363
"########
#   ## #
#   ##.#
#      #
# #  . #
#### # #
# #    #
# $ ####
# $$# ##
#  $  ##
##. ####
##.    #
###@   #
########",8,14,4,0,"easy_negative",10171207767591352029
"##############
### ## .   ###
##  #   ## ###
##     $## $ #
# $ ##  .$.  #
#   ## $####+#
####   .#### #
##############",14,8,5,1,"positive",7363116692536403363
"##############
### ## .   ###
##  #   ## ###
##     $##$$ #
#   ##  .$.  #
#   ## $####+#
####   .#### #
##############",14,8,5,0,"hard_negative",7363116692536403363
"##############
### ## .   ###
##  #   ## ###
##      ## $ #
# $ ## $.$.  #
#   ## $####+#
####   .#### #
##############",14,8,5,0,"hard_negative",7363116692536403363
"##############
##### # #### #
##     . ## .#
### # #.    .#
#   ### ##  ##
#####.# #   ##
#     # ##  ##
###   $$#    #
###  # .#  # #
#  $$   #$####
##$# . ##  ###
#   $# # $. ##
## #  @###   #
##############",14,14,8,0,"easy_negative",8437172865849646305
"##############
### ## .   ###
##  #   ## ###
##  $  $## $ #
# $ ##  .$.  #
#   ##  ####+#
####   .#### #
##############",14,8,5,0,"hard_negative",7363116692536403363
"##############
### ## .   ###
##  #   ## ###
##     $## $ #
# $ ##  .$.  #
#   ## $####.#
####   .####@#
##############",14,8,5,1,"positive",7363116692536403363
"##############
#  #    #### #
# ## ##  ##  #
#. # ##   #. #
## # . # $ # #
# $ ## #   #.#
## ### #   # #
#    ###$##  #
# #   #   #  #
####   # ##  #
# @ $$$ $.   #
###  # ###$ ##
### ###. ..###
##############",14,14,8,0,"easy_negative",7761158217883879110
"##############
### ##     ###
##  #   ## ###
##     $## * #
# $ ##  .$.  #
#   ## $####.#
####   .####@#
##############",14,8,5,0,"hard_negative",7363116692536403363
"##############
### ## .   ###
##  #   ## ###
##   @ $## $ #
# $ ##  .$.  #
#   ## $####.#
####   .#### #
##############",14,8,5,1,"positive",7363116692536403363
"###########
# @.. ### #
#  $#.### #
#   ###   #
##$#  #   #
#  $ #### #
## # .### #
#### #### #
#  # ###  #
# $    #  #
# .    $  #
#   ##  # #
###### ####
###########",11,14,5,0,"easy_negative",15337743402570710874
"##############
### ## .   ###
##  #   ## ###
##   @ $## $ #
# $ ##   $.  #
#   ##.$####.#
####   .#### #
##############",14,8,5,1,"positive",7363116692536403363
"###########
#@   ######
#     # # #
####    $ #
#####    ##
#.# #$.# ##
#   #  ## #
###   $#  #
##  $# #  #
##  $  #  #
##.####  ##
# $.  #. ##
##.#    ###
###########",11,14,6,0,"easy_negative",14447481041739400977
"########
# ##   #
#  # # #
#  $   #
# #$ ###
# #  ###
# #   .#
# ##$###
#  #  ##
# .  @ #
# #$ ###
#.#  ###
# #   .#
########",8,14,4,1,"positive",7653444552293050866
"########
# ##   #
#  # # #
#      #
# #$ ###
# # $###
# #   .#
# ##$###
#  #  ##
# .  @ #
# #$ ###
#.#  ###
# #   .#
########",8,14,4,1,"positive",7653444552293050866
"########
# ##   #
#  # # #
#  @   #
# #$ ###
# # $###
# #   .#
# ##$###
#  #  ##
# .    #
# #$ ###
#.#  ###
# #   .#
########",8,14,4,1,"positive",7653444552293050866
"########
# ##   #
#  # # #
#  @   #
# #$ ###
# # $###
# # . .#
# ##$###
#  #  ##
# .    #
# #$ ###
#.#  ###
# #    #
########",8,14,4,1,"positive",7653444552293050866
"########
#.##   #
#  # # #
#  @   #
# #$ ###
# # $###
# # . .#
# ##$###
#  #  ##
# .    #
# #$ ###
# #  ###
# #    #
########",8,14,4,1,"positive",7653444552293050866
"########
### ## #
##.$#. #
# .$$.@#
#.$##$ #
# $##  #
# .##  #
########",8,8,6,0,"easy_negative",3686563156029271547
"##############
##.# ##     .#
#. $ .#$#$####
## #  #  $$  #
##.##      $##
#   # $ #.@ ##
## ##  ###.###
##############",14,8,7,0,"easy_negative",18377589845774208057
"###########
# ####  # #
#  ###.$# #
# $.  $ # #
##  #  $$ #
##  ##$  ##
###$#   ###
#.  ###   #
#  #  .#  #
#.##   ## #
### .@  . #
##  ## $# #
##  ##   .#
###########",11,14,8,0,"easy_negative",18255782430459293148
"##############
# ## ####..###
#.## ###   ###
# $   $ $   .#
##$### $.. ###
#   ##  # $ ##
## #      @ ##
##############",14,8,6,0,"easy_negative",7270070581703663589
"##############
## ## # ##  ##
#   .   #   ##
##$## # ## $##
#   ##  ###  #
##  ##.. ##  #
#### $ ## #$ #
#            #
# # ##  #    #
#   ## ###   #
## #    #  # #
#  $ #.### # #
## #   .#  #@#
##############",14,14,5,0,"easy_negative",4928818787300679744
"##############
#    .    ####
#   # $ ##  ##
######  ##.$ #
# # .$$    # #
# # #    # # #
# # ##. ## #@#
#          ###
#   ##  #   ##
#   ##      ##
##############",14,11,4,1,"positive",13004738001192089694
"##############
#    .    ####
#   # $ ##  ##
######  ##.$ #
# #  $$    # #
# # #    # # #
# # ##. ## #@#
#          ###
#   ##  #   ##
#   ##    . ##
##############",14,11,4,1,"positive",13004738001192089694
"##############
#    .    ####
#   # $ ##  ##
######  ##.  #
# #  $$    # #
# # #    # # #
# # ##. ## #@#
#          ###
#  $##  #   ##
#   ##    . ##
##############",14,11,4,1,"positive",13004738001192089694
"##############
#    .    ####
# @ # $ ##  ##
######  ##.  #
# #  $$    # #
# # #    # # #
# # ##. ## # #
#          ###
#  $##  #   ##
#   ##    . ##
##############",14,11,4,1,"positive",13004738001192089694
"##############
#    .    ####
# @ # $ ##  ##
######  ##.  #
# #  $$    # #
# # #    # # #
# # ##. ## # #
#          ###
#   ##  # $ ##
#   ##    . ##
##############",14,11,4,1,"positive",13004738001192089694
"########
######.#
#  .#  #
# $.#$ #
##$# . #
#@$$ ###
## #.###
########",8,8,5,0,"easy_negative",7278068960315280472
"###########
#    ###  #
# $ $ ##. #
####$. #  #
##.     $ #
###. #  # #
##.     $ #
#  .$   $ #
##  ## @# #
### ##   .#
###########",11,11,7,0,"easy_negative",13254103956202978622
"###########
## # #### #
# ..$#### #
##.#$ $.$@#
##. $  $$ #
###  #$####
##  . ..  #
###########",11,8,8,0,"easy_negative",6971755031397823272
"###########
#@.   #####
# ### ## ##
# #####  ##
#  ##     #
#  ## #$###
#  ####$###
#     $  .#
####### $ #
#    . .  #
###########",11,11,4,0,"easy_negative",14647665190770161335
"###########
## #     .#
#    # $###
## #  $$###
### @     #
##  ## ####
#   ##  $ #
##.# . #. #
# . #### .#
## #   #  #
#    $ #$##
#  # #    #
# ##   # ##
###########",11,14,6,0,"easy_negative",18126839988329131465
"###########
## #  @ # #
#  $ ## # #
## # ## # #
#  .      #
# #$  .$# #
#   ###   #
#   #######
# #$    # #
#  ..     #
###########",11,11,4,1,"positive",16858419591195640367
"###########
## #  @ # #
#  $ ## # #
## # ## # #
#  .      #
# #$  . # #
#   ###   #
#  $#######
# #$    # #
#  ..     #
###########",11,11,4,0,"hard_negative",16858419591195640367
"###########
## #  @ # #
#  $ ## # #
## # ## # #
#  ..     #
# #$  .$# #
#   ###   #
#   #######
# #$    # #
#   .     #
###########",11,11,4,1,"positive",16858419591195640367
"##############
#   #  # #   #
# # #  $    .#
#   #  # # $ #
## #.$ $ @ ###
#. . # $ # ###
## #    ##.  #
##############",14,8,5,0,"easy_negative",482318645857962698
"###########
##    .#  #
##$ $. #  #
##$ ####@ #
#  .     ##
# ## # $###
#.#####  ##
###########",11,8,4,0,"easy_negative",792883308704800381
"###########
## #  @ # #
#  $ ## # #
## # ## # #
#  ..     #
# #$  .$# #
#   ###   #
#   #######
# #$.   # #
#         #
###########",11,11,4,0,"hard_negative",16858419591195640367
"###########
## #    # #
#  $ ## # #
## # ## # #
#  ..     #
# #$  .$# #
#   ###   #
#   #######
# #$    # #
#   .@    #
###########",11,11,4,1,"positive",16858419591195640367
"###########
## # ##  .#
#  $.##.# #
##.#   .  #
#   #######
#      #  #
####$     #
## $$ $@###
## $ #  ###
## .      #
###########",11,11,6,0,"easy_negative",17560075149289527167
"###########
## #    # #
#  $ ##$# #
## # ## # #
#  ..     #
# #$  .$# #
#   ###   #
#   #######
# #     # #
#   .@    #
###########",11,11,4,1,"positive",16858419591195640367
"###########
## #    # #
#  $ ##$# #
## #$## # #
#  ..     #
# #$  . # #
#   ###   #
#   #######
# #     # #
#   .@    #
###########",11,11,4,0,"hard_negative",16858419591195640367
"###########
## #    # #
#  $ ##$# #
## # ## # #
#  ..     #
# #$  .$# #
#   ###   #
#@  #######
# #     # #
#   .     #
###########",11,11,4,1,"positive",16858419591195640367
"###########
###    ##.#
### $# ## #
# $    $ .#
#. .#  #$##
##  #  @  #
#####  # ##
###########",11,8,4,0,"easy_negative",15358322536210648567
"##############
###          #
##   # .   # #
# ##$$ ###   #
#    ##    # #
#  .#  ### # #
#   ##     # #
## ### @ $####
######  #    #
#          . #
## # #  .$ ###
# $  # #   ###
## # # ##   .#
##############",14,14,5,0,"easy_negative",8127032851793645742
"##############
#     .   ####
##   # .#    #
###   $      #
##  .  $.  ###
##  ###$#  ###
### # #      #
#@   $ ##    #
# #    ##   ##
#   ###    ###
##############",14,11,4,1,"positive",17195550821619369643
"##############
#     .   ####
##   # .#    #
###   $      #
##  .  $.$ ###
##  ### #  ###
### # #      #
#@   $ ##    #
# #    ##   ##
#   ###    ###
##############",14,11,4,1,"positive",17195550821619369643
"##############
#     .   ####
##   # .#    #
###   $      #
##  .  $ * ###
##  ### #  ###
### # #      #
#@   $ ##    #
# #    ##   ##
#   ###    ###
##############",14,11,4,1,"positive",17195550821619369643
"##############
#     .   ####
##   # .#    #
###   $      #
##  .  $ * ###
##  ### #  ###
### # #      #
#    $ ##    #
# #    ##   ##
#   ###  @ ###
##############",14,11,4,1,"positive",17195550821619369643
"##############
#     .   ####
##   # .#    #
###   $      #
##  .  $ . ###
##  ### #  ###
### # # $    #
#    $ ##    #
# #    ##   ##
#   ###  @ ###
##############",14,11,4,1,"positive",17195550821619369643
"##############
# .# ## ######
#..#. #$ #  ##
#  # $$ $  ###
##  # ## #   #
## .$ @  $   #
##  #.## #####
##############",14,8,6,0,"easy_negative",1805406827198730702
"########
#      #
#.#  # #
# $$$  #
#..#   #
#  ### #
# ####.#
## ### #
# $ ## #
## #. .#
# $$  .#
# #@$  #
#   ####
########",8,14,7,0,"easy_negative",9338995942265471306
"########
#..##  #
#  ##  #
#.$###.#
# $$ $ #
## $## #
### ## #
###  $ #
## .$ ##
#  $ ###
#  # .@#
#.### .#
#  #####
########",8,14,8,0,"easy_negative",767853155133565251
"##############
# # ##.      #
# # #  ###   #
# # .##  $$  #
# ##    ## ###
#  ##### #  ##
#   # ## $  .#
##@##.#  ##  #
#   $   ###  #
## ## #  ##  #
##############",14,11,4,0,"easy_negative",18063420870716066423
"##############
#  #  # @. ###
# $# $#.#  ###
#  # .# .  $ #
#   # # ######
#.#  $$  ## ##
#   # #     ##
##############",14,8,5,0,"easy_negative",6611540436335935313
"########
#   #@##
# $ .$.#
#  $# ##
# #    #
# # ## #
# # ## #
# ..   #
#### $ #
#      #
########",8,11,4,1,"positive",16613150398431494493
"########
#   #@##
# $ .$.#
#   #$##
# #    #
# # ## #
# # ## #
# ..   #
#### $ #
#      #
########",8,11,4,0,"hard_negative",16613150398431494493
"########
#   #@##
# $  $.#
# .$# ##
# #    #
# # ## #
# # ## #
# ..   #
#### $ #
#      #
########",8,11,4,1,"positive",16613150398431494493
"########
#   #@##
# $  * #
# .$# ##
# #    #
# # ## #
# # ## #
# ..   #
#### $ #
#      #
########",8,11,4,1,"positive",16613150398431494493
"########
#   #@##
# $  * #
# .$# ##
# #.   #
# # ## #
# # ## #
# .    #
#### $ #
#      #
########",8,11,4,1,"positive",16613150398431494493
"########
#.    .#
####$#.#
#  .   #
#####$##
##.#.$ #
#  ##$##
##. $$@#
## $####
###    #
########",8,11,7,0,"easy_negative",3518744342059701241
"###########
#   #### .#
# . .# # .#
#### . #$ #
### #$#@  #
## $$$$ # #
##. # #####
###########",11,8,6,0,"easy_negative",1884619374555109361
"########
#   #@##
# $  * #
#  $# ##
# #.   #
# # ## #
# # ## #
# .   .#
#### $ #
#      #
########",8,11,4,1,"positive",16613150398431494493
"###########
#     . . #
###$ .  # #
### ### . #
# $$##   .#
# .$ #  # #
# $ ##    #
##  # #@  #
##      $ #
### # #####
###########",11,11,6,0,"easy_negative",12286687549102540016
"###########
#..  ##.###
# #  ##  ##
# $  $$   #
##  ### ###
##$ #  .###
##. ##    #
###$# ##  #
##.  @ #  #
#   # ##  #
###$##    #
##  #     #
#   #  ####
###########",11,14,6,0,"easy_negative",15631906304785496385
"########
#      #
# # $# #
#  $$$ #
#.### .#
#.### .#
# $ ##.#
# @.$  #
# #$$###
#  ..###
########",8,11,8,0,"easy_negative",11730101595920562306
"########
##     #
## .$  #
### ####
#  .## #
# #  # #
#   ## #
###  # #
## $$#.#
# . .# #
##$# @ #
#    $ #
## #   #
########",8,14,5,1,"positive",1842955540299186473
"########
#   ####
# #    #
# $  $ #
###$#  #
###.## #
# $$#  #
# $. $ #
#.#$#  #
# ..##.#
#   . ##
#  #@ ##
#.## ###
########",8,14,8,0,"easy_negative",1873246869049901841
"########
##     #
## .$  #
### ####
# $.## #
# #  # #
#   ## #
###  # #
## $ #.#
# . .# #
##$# @ #
#    $ #
## #   #
########",8,14,5,1,"positive",1842955540299186473
"########
##     #
## .$  #
### ####
# $.## #
# #  # #
#   ## #
###  # #
## $ #.#
# . .# #
##$#  @#
#    $ #
## #   #
########",8,14,5,1,"positive",1842955540299186473
"########
##     #
## *$  #
### ####
#  .## #
# #  # #
#   ## #
###  # #
## $ #.#
# . .# #
##$#  @#
#    $ #
## #   #
########",8,14,5,0,"hard_negative",1842955540299186473
"########
##     #
## .$  #
### ####
# $.## #
# # .# #
#   ## #
###  # #
## $ # #
# . .# #
##$#  @#
#    $ #
## #   #
########",8,14,5,0,"hard_negative",1842955540299186473
"########
##     #
##  $  #
### ####
# $.## #
# #  # #
#   ## #
###  # #
## $ #.#
# ...# #
##$#  @#
#    $ #
## #   #
########",8,14,5,1,"positive",1842955540299186473
"########
##     #
##  $  #
### ####
# $.## #
# #  # #
#   ## #
###  # #
## $ # #
# ...# #
##$#  @#
#  . $ #
## #   #
########",8,14,5,1,"positive",1842955540299186473
"###########
#  ###### #
#  ## ### #
#@### $ $ #
#  ####.  #
#  ##  ## #
#  ### ## #
# ##  $   #
#  ###.## #
#   ##$## #
# ##   #  #
# ##.# #  #
#  .   #  #
###########",11,14,4,0,"easy_negative",18177124005007031100
"##############
# .      ### #
# #      ### #
#   ###$ #   #
##.         ##
## .  ####$ ##
##   ## .$  ##
### #### #   #
##     $  ## #
##@    # ### #
##############",14,11,4,0,"easy_negative",8260522796305285765
"###########
#    ##   #
##   .#. ##
####   $###
##   # .$ #
## .###   #
##   #    #
####  @#$##
## #  #.$ #
##   ### ##
###  ##   #
### $###  #
#      ## #
###########",11,14,5,0,"easy_negative",12457770567588349269
"##############
# # ### . #.##
#@# #   #  $ #
#.#   $   # ##
#   #     #.##
#.# ##$ #    #
#  $#     # ##
##$ # ####   #
## $    #   ##
##. # #   ####
##############",14,11,6,0,"easy_negative",14207316168883064178
"###########
#   ###   #
# #  $@   #
#   $ .$. #
#   ##. ###
# # #  $###
#.        #
###########",11,8,4,1,"positive",6093258410226484395
"###########
#   ###   #
# #  $@   #
#.  $ .$. #
#   ##  ###
# # #  $###
#.        #
###########",11,8,4,1,"positive",6093258410226484395
"########
##@#  .#
# ..$  #
##$# $ #
##$# ###
#..$ ###
## # . #
#    $.#
# #$#  #
# $ ## #
# ##   #
##   #.#
### ####
########",8,14,8,0,"easy_negative",12496001507567651334
"###########
#   ### . #
# #  $@   #
#.  $ .$  #
#   ##  ###
# # #  $###
#.        #
###########",11,8,4,1,"positive",6093258410226484395
"###########
#   ### . #
# #  $@   #
#   $ .$  #
#  .##  ###
# # #  $###
#.        #
###########",11,8,4,1,"positive",6093258410226484395
"###########
#   ### . #
# #   @   #
#   $ .$  #
#  .##  ###
# # # $$###
#.        #
###########",11,8,4,1,"positive",6093258410226484395
"##############
##      . # ##
##  #  $$    #
##  ### . # ##
#   ## #     #
# # #  #   ###
#  $   ##  ###
#### #  ## ###
# # ### ## ###
#.   # ..    #
# @    # # ###
#  #  $   $ ##
# ###### #   #
##############",14,14,5,0,"easy_negative",8952574530878201008
"########
#@     #
###.$ .#
### ####
# $  $ #
# #$####
# $. $ #
# ##$###
#  #..##
# .#   #
#   ####
# # $ .#
#  .   #
########",8,14,8,0,"easy_negative",7926177516571274873
"##############
####. #.##..##
#.$   #  #  ##
# $ @.#$ # ###
###$$.$  $$  #
##  #  ## #  #
###### ##.## #
##############",14,8,8,0,"easy_negative",15154351122065547665
"########
#@..## #
# $$## #
#..$$. #
#.#$#$##
# # $$ #
#.#.# ##
########",8,8,8,0,"easy_negative",11388598988661420662
"########
#   ## #
# # ##.#
# $.   #
## # $ #
#### # #
#    . #
# $.$ ##
#  #$ ##
#### @##
##     #
##   # #
##.    #
########",8,14,5,1,"positive",6284559538763408249
"########
# @ ## #
# # ##.#
# $.   #
## # $ #
#### # #
#    . #
# $.$ ##
#  #$ ##
####  ##
##     #
##   # #
##.    #
########",8,14,5,1,"positive",6284559538763408249
"########
# @ ## #
# # ##.#
# $.   #
## # $ #
#### # #
#    . #
# $.$ ##
#  #  ##
####  ##
##   $ #
##   # #
##.    #
########",8,14,5,1,"positive",6284559538763408249
"########
#   ## #
# # ##.#
# $.   #
## # $ #
#### #@#
#    . #
# $.$ ##
#  #  ##
####  ##
##   $ #
##   # #
##.    #
########",8,14,5,1,"positive",6284559538763408249
"########
#   ## #
# # ##.#
# $.   #
## # $ #
#### # #
#    . #
# $.$ ##
#  #  ##
####  ##
##   $ #
##   # #
##.@   #
########",8,14,5,1,"positive",6284559538763408249
"########
##  # ##
###$$$.#
##  # ##
#.   ###
# #..###
#. $ $ #
# $#   #
#. #  @#
#  #####
########",8,11,6,0,"easy_negative",3471687315716718845
"##############
#   ## ###   #
# # ## $@  # #
# $ ..  $$ $ #
###$###  $####
###  . ## .#.#
#   . .##    #
##############",14,8,7,0,"easy_negative",2740574172471696753
"########
#.######
# @#.# #
#...$$ #
##$#$# #
# .$$# #
## # # #
########",8,8,6,0,"easy_negative",14271041036355591989
"##############
#  # ### # ###
#  #.##.   ###
# .#   # #   #
# ## $#    ###
# ##  #  # ###
#   $## ##   #
#   $ @##  # #
####   ##  # #
# $  $    $#.#
#..#  # ## ###
# ##  #  #  ##
#  #  ###   ##
##############",14,14,6,0,"easy_negative",7721982554618487486
"########
########
#    # #
# @.$  #
####$ ##
##  .###
###$$ ##
#   # ##
#      #
#.$.# ##
# ### ##
##  .$ #
### #.##
########",8,14,6,0,"easy_negative",9234357802915961059
"###########
#   ####  #
#   #  #  #
#      #  #
# $##$##  #
#  #@  #  #
#  ##.##. #
#     $ .##
#   #  $.##
######   ##
###########",11,11,4,1,"positive",17230771142327138797
"########
##   . #
###$ ###
## $.###
# @$$  #
#  $..##
# . ####
########",8,8,5,0,"easy_negative",4987831362621325827
"###########
#   #### .#
#   #  #  #
#      #  #
# $##$##  #
#  #@  #  #
#  ##.##. #
#     $  ##
#   #  $.##
######   ##
###########",11,11,4,0,"hard_negative",17230771142327138797
"###########
#   ####  #
#   #  #  #
#      #  #
# $##$##  #
#  #@  #  #
#  ##.##. #
#    $$ .##
#   #   .##
######   ##
###########",11,11,4,0,"hard_negative",17230771142327138797
"###########
#   ####  #
#   #  #  #
#      #  #
# $##$##  #
#  #   #  #
#  ##.##.@#
#     $ .##
#   #  $.##
######   ##
###########",11,11,4,1,"positive",17230771142327138797
"###########
###  ##.  #
### $ # # #
#       . #
## ## # # #
# $ $   # #
## ## # # #
## @    ###
##. ## #  #
##  ##.## #
#   #   $ #
#   # # # #
#    ##   #
###########",11,14,4,0,"easy_negative",6678099119430166827
"###########
#   ####  #
#   #  #  #
#  $   #  #
# $##$##  #
#  #   #  #
#  ##.##.@#
#     $ .##
#   #   .##
######   ##
###########",11,11,4,0,"hard_negative",17230771142327138797
"###########
#   ####  #
#   #  #  #
#      # .#
# $##$##  #
#  #   #  #
#  ##.##.@#
#     $  ##
#   #  $.##
######   ##
###########",11,11,4,0,"hard_negative",17230771142327138797
"###########
#   ####  #
#   #  #  #
#      #  #
# $## ##  #
#  #   #  #
#  ##.##.@#
#     $ .##
#   # $$.##
######   ##
###########",11,11,4,1,"positive",17230771142327138797
"###########
#@    .# .#
### $# #$ #
###  . #  #
# $$  $# ##
### $#   .#
###   .# ##
# ..   .$##
###$#  # ##
### ## ####
###########",11,11,8,0,"easy_negative",3983459591019138900
"###########
#   ####  #
#   #  #  #
#      #  #
# $## ##  #
#  #   #  #
# $##.##.@#
#     $ .##
#   # $ .##
######   ##
###########",11,11,4,1,"positive",17230771142327138797
"##############
## ###    #  #
# $ #. # $#  #
## ##  ## #  #
##   ##  $.  #
##   ## #$####
###    $  # ##
#   # #. #   #
### ##. $#@###
### # #  # ###
#      ###   #
#.  $$  #    #
# . ###.   . #
##############",14,14,8,0,"easy_negative",7632777706796889010
"###########
#   ####  #
#   #  #  #
# $    #  #
# $## ##  #
#  #   #  #
# $##.##.@#
#     $ .##
#   #   .##
######   ##
###########",11,11,4,0,"hard_negative",17230771142327138797
"###########
#   ####  #
#   #  #  #
#      #  #
# $## ##  #
#  #@  #  #
# $##.##. #
#     $ .##
#   # $ .##
######   ##
###########",11,11,4,1,"positive",17230771142327138797
"##############
# ##..####. ##
#  # @# $$$.##
#  $  # $ $ ##
####$## #### #
# #. ##$#### #
#  .    .   .#
##############",14,8,8,0,"easy_negative",3892137946767830228
"########
#.  ####
# # # ##
#.$$#  #
# $    #
# #  ###
# $@ ###
#..  ###
###$ .##
###   ##
########",8,11,5,1,"positive",2623768181091490679
"########
#.  ####
# # # ##
#.$$#  #
# $    #
#@#  ###
# $  ###
#..  ###
###$ .##
###   ##
########",8,11,5,1,"positive",2623768181091490679
"########
#.  ####
# # # ##
#. $#  #
# $$   #
#@#  ###
# $  ###
#..  ###
###$ .##
###   ##
########",8,11,5,0,"hard_negative",2623768181091490679
"########
#   ####
# # # ##
#.$$#  #
# $    #
#@#  ###
#.$  ###
#..  ###
###$ .##
###   ##
########",8,11,5,1,"positive",2623768181091490679
"###########
## . ## ###
##  .@#  ##
###$.$  $ #
#. .#. ## #
### #.$#  #
### #  ####
# .$ $ $ ##
#   ## $ ##
#   ##   ##
###########",11,11,8,0,"easy_negative",16793981184866733780
"########
###    #
###$.#.#
#. @$ .#
#### $ #
#   $###
#    ###
########",8,8,4,0,"easy_negative",9292507758342374423
"########
#   ####
# # # ##
#.$$#  #
# $    #
#@#  ###
#.$  ###
#.   ###
###* .##
###   ##
########",8,11,5,1,"positive",2623768181091490679
"########
#   ####
# # # ##
#.$$#  #
# $    #
#@#  ###
#.  $###
#.   ###
###* .##
###   ##
########",8,11,5,1,"positive",2623768181091490679
"###########
#### ###..#
# $ .###  #
# $$$  #$ #
## ##$##. #
###  $.#  #
## ## ##  #
#   #@#   #
### .  .# #
### # #   #
###########",11,11,7,0,"easy_negative",13873802744481486323
"##############
#      ##  # #
# ##     #@# #
# ##    ## # #
### $## ##  .#
#. # .#$###  #
#.#####   ## #
#  $    #  $ #
# # $$ ###   #
#   ### #  $ #
##     .  ## #
##   ##   ## #
##.  ##    . #
##############",14,14,7,0,"easy_negative",18251504906143191006
"########
# . ## #
#.  ## #
#   $ .#
##  $. #
###$ ###
##  $###
## #$.##
#     ##
##@#  ##
#  #$ ##
# ##. ##
#  #  ##
########",8,14,6,0,"easy_negative",5518048040875934811
"###########
# ## ##   #
#.## ## # #
#  $   $  #
#  # ##   #
# ## ##$# #
#  #      #
#  $. ##  #
# # $.##  #
#### $##  #
#   # ###.#
#      ##@#
#   #.#  .#
###########",11,14,6,1,"positive",11649875583738226757
"##############
## ####    . #
#.$$ $ ### # #
## #       . #
#   ## ###$.##
# # #   #   ##
######## #  ##
#   ##@  $$  #
# # ##. #  ###
#     .### ###
##############",14,11,6,0,"easy_negative",2270958685057134231
"###########
#.  #######
# # #  .. #
#       $ #
# ##   ## #
# ## #  # #
#  $ $.## #
###$ ### ##
###  ##   #
# @    # ##
#  ##     #
## ## # # #
#######   #
###########",11,14,4,1,"positive",12733257645659237054
"###########
#      #  #
# $  . #$@#
#### $ #  #
#    #  $.#
#  ####   #
#.## #  $ #
#  #  $$###
# ##  . ###
#  ####   #
##.# .#  ##
#  . ### ##
## #  #####
###########",11,14,7,0,"easy_negative",15254592503375485893
"###########
#.  #######
# # #  .. #
#       $ #
# ##   ## #
# ## #  # #
#    $.## #
###$ ### ##
###  ##   #
# @    # ##
#  ##   $ #
## ## # # #
#######   #
###########",11,14,4,0,"hard_negative",12733257645659237054
"###########
#.  #######
# # #  .. #
#         #
# ##   ## #
# ## #$ # #
#  $ $.## #
###$ ### ##
###  ##   #
# @    # ##
#  ##     #
## ## # # #
#######   #
###########",11,14,4,0,"hard_negative",12733257645659237054
"###########
#.  #######
# # #  .. #
# @     $ #
# ##   ## #
# ## #  # #
#  $ $.## #
###$ ### ##
###  ##   #
#      # ##
#  ##     #
## ## # # #
#######   #
###########",11,14,4,1,"positive",12733257645659237054
"###########
#.  #######
# # #  .. #
# @     $ #
# ##   ## #
# ## #  # #
#  $ $ ## #
###$ ### ##
###  ##   #
#      #.##
#  ##     #
## ## # # #
#######   #
###########",11,14,4,0,"hard_negative",12733257645659237054
"###########
#   # #  ##
# #     ###
#  $# #  ##
# #.##    #
# # #   # #
# #  @$   #
#    #    #
# # #####.#
#  $.# ## #
# # $   $ #
# #.$# ##.#
# #.   ## #
###########",11,14,6,1,"positive",12724964766622567848
"###########
#   # #  ##
# #     ###
#  $# #  ##
# #.##    #
# # #   # #
# #  @$   #
#    # .  #
# # #####.#
#  $ # ## #
# # $   $ #
# #.$# ##.#
# #.   ## #
###########",11,14,6,0,"hard_negative",12724964766622567848
"###########
#.  #######
# # #  .. #
# @     $ #
# ##   ## #
# ## #  # #
#  $ $ ## #
###$ ### ##
###  ##   #
#      # ##
#  ##     #
## ## # #.#
#######   #
###########",11,14,4,0,"hard_negative",12733257645659237054
"##############
#      ##### #
####      ## #
## ####  .  .#
##$#   #    ##
#   $# ## #.##
##$#$  #..####
#@     . ## ##
# $ ## # #.$ #
#  .## ## #$##
##$###       #
#   #   #  # #
## ####   ####
##############",14,14,8,0,"easy_negative",13350501986403279823
"########
#  . . #
#### ###
#.$ $###
# #$$ .#
# # ## #
# #@## #
#  ###.#
#  ##  #
# ## $.#
## $$  #
##  $# #
##  .. #
########",8,14,8,0,"easy_negative",13198413077605226219
"###########
#.  #######
# # #  .. #
#     @ $ #
# ##   ## #
# ## #  # #
#  $ $.## #
###$ ### ##
###  ##   #
#      # ##
#  ##     #
## ## # # #
#######   #
###########",11,14,4,1,"positive",12733257645659237054
"###########
#.  #######
# # #  .. #
#     @ $ #
# ##  $## #
# ## #  # #
#    $.## #
###$ ### ##
###  ##   #
#      # ##
#  ##     #
## ## # # #
#######   #
###########",11,14,4,0,"hard_negative",12733257645659237054
"##############
# . ## ####  #
##   #.@$.#  #
###$##$  .#  #
## .$ . # $ .#
##  ##$###$  #
##  ##  #    #
##############",14,8,7,0,"easy_negative",8085610490555302205
"###########
#   #######
# # #  .. #
#     @ $ #
# ##   ## #
# ## #  # #
#  $ $.## #
###$ ### ##
###  ##   #
#  .   # ##
#  ##     #
## ## # # #
#######   #
###########",11,14,4,1,"positive",12733257645659237054
"##############
### ## # #   #
### #  ..  # #
# $ $  # #   #
#   ##.$$$@  #
# ###  .# ####
# #####$ $# ##
#   ###  .   #
## .   #   # #
####   ### . #
##############",14,11,7,0,"easy_negative",5030559627733486993
"###########
#   #######
# # #  .. #
#     @ $ #
# ##   ## #
# ## #  # #
#  $ $ ## #
###$ ### ##
###  ##   #
#  .   # ##
#  ##    .#
## ## # # #
#######   #
###########",11,14,4,0,"hard_negative",12733257645659237054
"###########
#   #######
# # #  ...#
#     @ $ #
# ##   ## #
# ## #  # #
#  $ $ ## #
###$ ### ##
###  ##   #
#  .   # ##
#  ##     #
## ## # # #
#######   #
###########",11,14,4,1,"positive",12733257645659237054
"##############
####         #
## # # ##  ###
#  # . ## .###
#. ## ## $## #
#  #.  #$ #  #
#  ## ##$@   #
#    ##   #  #
##  $ # # ## #
###       #  #
##############",14,11,4,0,"easy_negative",16276070221833039312
"###########
# ## ##   #
#.## ## # #
#  $   $  #
#  # ##   #
# ## ##$# #
#  #      #
#  $..##  #
# # $.##  #
#### $##  #
#   # ###.#
#      ##@#
#   #.#   #
###########",11,14,6,1,"positive",11649875583738226757
"###########
## #  .####
#    ## # #
## # ##   #
#.##   #$ #
# ##  ##$ #
# $  ###  #
#  # $ ## #
#. #   ## #
#  ####   #
## $ ## . #
##   ## ###
##.@    ###
###########",11,14,5,0,"easy_negative",18021400210337167101
"###########
#   # #  ##
# #     ###
#  $# #  ##
# #.##    #
# # #   # #
# #  @$ $ #
#    #    #
# # #####.#
#   .# ## #
# # $   $ #
# #.$# ##.#
# #.   ## #
###########",11,14,6,1,"positive",12724964766622567848
"###########
## #### ###
# $ . # .##
##.# ##@. #
## ##. #$##
#   ## .$ #
## ##  # ##
# $ #$#  ##
#  $ $  ###
##### # .##
###########",11,11,7,0,"easy_negative",14768695908640808342
"###########
#   # #  ##
# #     ###
#  $# #  ##
#@#.##    #
# # #   # #
# #   $ $ #
#    #    #
# # #####.#
#   .# ## #
# # $   $ #
# #.$# ##.#
# #.   ## #
###########",11,14,6,1,"positive",12724964766622567848
"###########
### . ##  #
###$ ####@#
#     ##  #
#  $ $  . #
#  #. #.# #
#### ##.$ #
#  .###   #
#  $  $$  #
#   .  ####
###########",11,11,7,0,"easy_negative",4260744566152707870
"###########
#   # #  ##
# #     ###
#  $# #  ##
#@#.##    #
# # #   #.#
# #   $ $ #
#    #    #
# # #####.#
#   .# ## #
# # $   $ #
# #.$# ## #
# #.   ## #
###########",11,14,6,1,"positive",12724964766622567848
"###########
# ##. .   #
#  ###$####
#@  ##.$$ #
#  ..  $  #
# ####$ ###
# ####  ###
###########",11,8,5,0,"easy_negative",17229995026255819529
"###########
#   # #  ##
# #     ###
#  $# #  ##
#@#.##    #
# # #   #.#
# #   $ $ #
#    #    #
# #$#####.#
#   .# ## #
# #     $ #
# #.$# ## #
# #.   ## #
###########",11,14,6,1,"positive",12724964766622567848
"########
## #####
#@  $. #
## #.$ #
#.$$$ .#
##  #. #
### ####
########",8,8,5,0,"easy_negative",1599107612438002642
"###########
# ## ##   #
#.## ## # #
#  $   $  #
#  # ##   #
# ## ##$# #
#  #      #
#  $..##  #
# # $.##  #
#### $##  #
#   # ###.#
#      ## #
#   #+#   #
###########",11,14,6,1,"positive",11649875583738226757
"########
#####  #
#.  #  #
# $$#$ #
#   .  #
# .#$#.#
# ##$$.#
#.#    #
# # ####
# # @  #
# #.$###
# # $###
#.#    #
########",8,14,8,0,"easy_negative",868893782862858862
"###########
# ## ##   #
#.## ## # #
#  $ @ $  #
#  # ##   #
# ## ##$# #
#  #      #
#  $..##  #
# # $.##  #
#### $##  #
#   # ###.#
#      ## #
#   #.#   #
###########",11,14,6,1,"positive",11649875583738226757
"##############
#        . ###
######  #   ##
#   ##$    $ #
###    # #$$ #
### ##.### .##
#   ##    .###
#   #. ##$   #
### ## #   # #
### # @      #
##############",14,11,5,0,"easy_negative",5444910029441578008
"###########
# ## ##   #
#.##$## # #
#  $ @ $  #
#  # ##   #
# ## ## # #
#  #      #
#  $..##  #
# # $.##  #
#### $##  #
#   # ###.#
#      ## #
#   #.#   #
###########",11,14,6,0,"hard_negative",11649875583738226757
"###########
# ## ##   #
#.## ## # #
#  $ @    #
#  # ##   #
# ## ##$# #
#  #    $ #
#  $..##  #
# # $.##  #
#### $##  #
#   # ###.#
#      ## #
#   #.#   #
###########",11,14,6,1,"positive",11649875583738226757
"###########
##  # # .##
##       ##
### # #  ##
#.   ######
# @   #   #
# $ ##    #
# ##  .# ##
# ##$##   #
#   $### ##
#  .   # ##
###$##    #
### ## # ##
###########",11,14,4,0,"easy_negative",353567517561085013
"###########
# ##   ####
# ##.    .#
#  $$$    #
#   .## @##
# ## ##.$##
# ##     ##
#   # ## ##
#    #    #
#   #### ##
###########",11,11,4,1,"positive",9926821876322660019
"###########
# ##   ####
# ##. $  .#
#   $$    #
#   .## @##
# ## ##.$##
# ##     ##
#   # ## ##
#    #    #
#   #### ##
###########",11,11,4,1,"positive",9926821876322660019
"###########
# ##   ####
# ##. $  .#
#   $     #
#   *## @##
# ## ##.$##
# ##     ##
#   # ## ##
#    #    #
#   #### ##
###########",11,11,4,1,"positive",9926821876322660019
"###########
# ##   ####
# ##. $  .#
#   $     #
#   *##  ##
# ## ##.$##
# ##    @##
#   # ## ##
#    #    #
#   #### ##
###########",11,11,4,1,"positive",9926821876322660019
"###########
#.##  .   #
# ## ###  #
#    ######
# #@  ## ##
# #$ $# $ #
# #   ##$##
#### $ #  #
#   . .#  #
#. ..$ #$ #
### # ##.##
###     $ #
#   # ## ##
###########",11,14,8,0,"easy_negative",12669376536083998601
"###########
# ##   ####
# ##. $  .#
#   $     #
# . $##  ##
# ## ##.$##
# ##    @##
#   # ## ##
#    #    #
#   #### ##
###########",11,11,4,0,"hard_negative",9926821876322660019
"###########
# ##   ####
# ##. $  .#
#     $   #
#   *##  ##
# ## ##.$##
# ##    @##
#   # ## ##
#    #    #
#   #### ##
###########",11,11,4,1,"positive",9926821876322660019
"###########
####      #
#@  $# ####
#   . $   #
# # #####.#
#####  #. #
# #   .   #
#  $$ # $ #
# ##$##.#.#
#.##  #   #
#### $ ## #
##    ##  #
#    ######
###########",11,14,7,0,"easy_negative",3541712679068585612
"##############
## ###   # . #
#   ##   ### #
## #    #### #
#   $  ##### #
####  #  .##.#
#    ##.     #
### ###  $   #
##  #  ### ###
#.$  $$  $ ###
# #####  #@  #
# ##     # # #
#        # . #
##############",14,14,6,0,"easy_negative",582732533107647948
"##############
# #          #
# #  # #######
# #        . #
#      # # # #
#  # #  #  # #
##########.# #
###@ ##### ###
###   #   $ ##
#   ##    $  #
#. $$$   $## #
# #$#..#  ##.#
#   ## ##.   #
##############",14,14,7,0,"easy_negative",15557846710452191088
"###########
# #  # ####
# #  #    #
# #$ #  . #
#  $## ####
# $.#.  # #
# $$#.$   #
### ## #  #
### ##.## #
#   .. #  #
####  ## ##
#  # $#   #
# @   ## ##
###########",11,14,7,0,"easy_negative",14877028912867567103
"###########
##        #
### #######
##   $.# ##
#  $   # ##
#    #    #
# $.#### ##
# ###.   ##
#  ###  ###
#  @#    ##
#   #     #
#.# ##$ ###
#   #   ###
###########",11,14,4,1,"positive",572872220986763521
"###########
##        #
### #######
##   $.# ##
#  $   # ##
#    #    #
# $.#### ##
# ###.   ##
#  ###  ###
#  @#    ##
#   #   $ #
#.# ##  ###
#   #   ###
###########",11,14,4,0,"hard_negative",572872220986763521
"###########
##   @    #
### #######
##   $.# ##
#  $   # ##
#    #    #
# $.#### ##
# ###.   ##
#  ###  ###
#   #    ##
#   #     #
#.# ##$ ###
#   #   ###
###########",11,14,4,1,"positive",572872220986763521
"###########
##   @    #
### #######
##   $.# ##
#  $   # ##
#    #    #
# $.#### ##
# ###.   ##
#  ###  ###
#   #    ##
# $ #     #
#.# ##  ###
#   #   ###
###########",11,14,4,0,"hard_negative",572872220986763521
"##############
#. . #    #  #
#   ###$#$#$ #
#    # $  #  #
#### .$$$@$  #
# #   .#  ## #
#   ##### ## #
#   ##..  ####
###.# ###. # #
###   ###    #
##############",14,11,8,0,"easy_negative",8928795806466355746
"###########
#   # #####
##.$ @ $$ #
### # #$  #
#. $ # .. #
###$.# ####
###. #    #
###########",11,8,6,0,"easy_negative",825294640843374585
"###########
##   @    #
### #######
##   $.# ##
#  *   # ##
#    #    #
# $.#### ##
# ###    ##
#  ###  ###
#   #    ##
#   #     #
#.# ##$ ###
#   #   ###
###########",11,14,4,0,"hard_negative",572872220986763521
"###########
##   @    #
### #######
##   * # ##
#  $   # ##
#    #    #
# $.#### ##
# ###.   ##
#  ###  ###
#   #    ##
#   #     #
#.# ##$ ###
#   #   ###
###########",11,14,4,1,"positive",572872220986763521
"###########
###    ####
### .  .$ #
# . ###.  #
## #      #
#. $$  $###
## #### ###
#    ##   #
### $## # #
###     @ #
###########",11,11,5,0,"easy_negative",10890202701931050156
"###########
##   @    #
### #######
##   * # ##
#  $   # ##
#    #    #
# $ #### ##
# ###.   ##
#. ###  ###
#   #    ##
#   #     #
#.# ##$ ###
#   #   ###
###########",11,14,4,1,"positive",572872220986763521
"###########
# .     . #
#@#$###.###
# $.$$$$###
#######$$.#
## ..  .# #
###    ####
###########",11,8,8,0,"easy_negative",8791956201507952603
"###########
##   @    #
### #######
##   $ # ##
#  $   # ##
#   .#    #
# $ #### ##
# ###.   ##
#. ###  ###
#   #    ##
#   #     #
#.# ##$ ###
#   #   ###
###########",11,14,4,0,"hard_negative",572872220986763521
"###########
##@       #
### #######
##   * # ##
#  $   # ##
#    #    #
# $ #### ##
# ###.   ##
#. ###  ###
#   #    ##
#   #     #
#.# ##$ ###
#   #   ###
###########",11,14,4,1,"positive",572872220986763521
"##############
####      ####
#    # ###   #
# . $$  ..$. #
##$###$ ## ###
# . # $$ #  ##
##.#   ###   #
#  . ##    $##
# #  ##  @#.##
#         ####
##############",14,11,8,0,"easy_negative",13083482902100567734
"########
#      #
#### # #
#..$ $ #
#..  $ #
# #$ # #
#  @####
########",8,8,4,1,"positive",15337752703109206516
"########
#      #
#### # #
#..  $ #
#.. $$ #
# #$ # #
#  @####
########",8,8,4,1,"positive",15337752703109206516
"########
#      #
#### # #
#..  $ #
#.+ $$ #
# #$ # #
#   ####
########",8,8,4,1,"positive",15337752703109206516
"########
#      #
#### # #
# .  $ #
#.+ $* #
# #$ # #
#   ####
########",8,8,4,1,"positive",15337752703109206516
"########
#      #
####$# #
# .  $ #
#.+  * #
# #$ # #
#   ####
########",8,8,4,0,"hard_negative",15337752703109206516
"########
#      #
####$# #
# .  $ #
#.+ $. #
# #$ # #
#   ####
########",8,8,4,0,"hard_negative",15337752703109206516
"########
#     @#
#### # #
# .  $ #
#.. $* #
# #$ # #
#   ####
########",8,8,4,1,"positive",15337752703109206516
"########
## ### #
#   ## #
##.# $ #
# $ $$ #
#. ##  #
#.####.#
# ## $.#
# #@$$ #
# ##.. #
########",8,11,7,0,"easy_negative",14596350583422240452
"##############
#.     . . ###
####$##    ###
#   @#####$ .#
## $#####    #
##$  $.## $$ #
##.  .    ####
##############",14,8,7,0,"easy_negative",13857140333938909600
"########
##    .#
## $####
##$ $ .#
#    # #
##   # #
###$$# #
###    #
##    ##
# ##.###
#   .  #
####$###
#@.. ###
########",8,14,6,0,"easy_negative",9146819673552848888
"########
# .. ###
# #$ ###
# .$@$.#
###$$$ #
###. # #
#  .   #
# $## ##
# .#   #
#  ## ##
########",8,11,7,0,"easy_negative",10303440055987471841
"########
#    ###
# ## ###
# ##   #
##. #  #
###.## #
##.$#  #
# $@$ ##
####$.##
#    ###
########",8,11,4,0,"easy_negative",17075027506392346196
"##############
#   # ####   #
# #    $  . ##
# $ #@# .$ ###
#   #### #   #
# #. #  $.$# #
#  .   # #   #
##############",14,8,5,1,"positive",15118792609954308894
"##############
#   # ####   #
# #      $. ##
# $ #@# .$ ###
#   #### #   #
# #. #  $.$# #
#  .   # #   #
##############",14,8,5,0,"hard_negative",15118792609954308894
"##############
#   # ####   #
# #$   $  . ##
# $ #@# .  ###
#   #### #   #
# #. #  $.$# #
#  .   # #   #
##############",14,8,5,0,"hard_negative",15118792609954308894
"##############
#   # ####   #
# #    $  . ##
# $ #@# .$ ###
#   #### #$  #
# #. #  $. # #
#  .   # #   #
##############",14,8,5,1,"positive",15118792609954308894
"##############
#  .# ####   #
# #    $  . ##
# $ #@# .$ ###
#   #### #$  #
# #. #  $  # #
#  .   # #   #
##############",14,8,5,0,"hard_negative",15118792609954308894
"##############
#   # ####   #
# #    $  . ##
#  $#@# .$ ###
#   #### #$  #
# #. #  $. # #
#  .   # #   #
##############",14,8,5,1,"positive",15118792609954308894
"##############
#   # ####   #
# #    $  . ##
# .$#@#  $ ###
#   #### #$  #
# #. #  $. # #
#  .   # #   #
##############",14,8,5,0,"hard_negative",15118792609954308894
"##############
#   # ####   #
# # $  $  . ##
#  $#@# .$ ###
#   #### #$  #
# #. #   . # #
#  .   # #   #
##############",14,8,5,0,"hard_negative",15118792609954308894
"##############
#   # ####   #
# #    $  . ##
#  $#@#  $ ###
#   #### #$. #
# #. #  $. # #
#  .   # #   #
##############",14,8,5,0,"hard_negative",15118792609954308894
"##############
#   # ####   #
# #    $  . ##
#  $#@#  $ ###
#   #### #$  #
# #. #. $. # #
#  .   # #   #
##############",14,8,5,0,"hard_negative",15118792609954308894
"##############
#   # ####   #
# #       . ##
# $$#@# .$ ###
#   #### #$  #
# #. #  $. # #
#  .   # #   #
##############",14,8,5,1,"positive",15118792609954308894
"##############
#   # ####   #
# #       . ##
# $$#@# *  ###
#   #### #$  #
# #. #  $. # #
#  .   # #   #
##############",14,8,5,1,"positive",15118792609954308894
"###########
#  .## # ##
#  ## $$$ #
# ## $.# ##
#@$.  .#.##
###$$#$.  #
###. . # ##
###########",11,8,8,0,"easy_negative",12653993376258788768
"###########
###    #  #
##.$.###. #
#### ###  #
#  $ ###  #
### $ ### #
###$$$ #  #
## .  @  .#
##.# #  ###
####### ###
###########",11,11,6,0,"easy_negative",3763236436325322687
"##############
# ...# # ### #
# #  #    ## #
#    #@#$#   #
##       # ###
##$    . #$###
##$ ###  #   #
#  $###  #$  #
# #.#   ## # #
####     # . #
##     ###   #
##   #  #  # #
### ###      #
##############",14,14,6,0,"easy_negative",2455976204279420039
"###########
#   . # @##
# #.# #$ ##
#   ##  $##
# ## ##$  #
# ## ##   #
#       . #
##$ #.$ ###
## ###  ###
#####.    #
###########",11,11,5,0,"easy_negative",16460533976132106089
"###########
#  .#     #
###@## ####
### #    .#
#    . # ##
#### ##   #
#   .###$##
#   ###   #
# #$    # #
#       $ #
##   ### ##
## $ ##   #
###    # ##
###########",11,14,4,0,"easy_negative",5403405104246706904
"########
#  .#. #
# #$#$ #
#.  #  #
##     #
##  $ ##
##.  ###
##$# ###
#  @  ##
## #   #
########",8,11,4,1,"positive",1339326688490774069
"########
#  .#. #
# #$#$ #
#.  #  #
## $   #
##    ##
##.  ###
##$# ###
#  @  ##
## #   #
########",8,11,4,1,"positive",1339326688490774069
"########
#  .#. #
# #$#$ #
#.  #  #
##.$   #
##    ##
##   ###
##$# ###
#  @  ##
## #   #
########",8,11,4,1,"positive",1339326688490774069
"########
#  .#.@#
# #$#$ #
#.  #  #
##.$   #
##    ##
##   ###
##$# ###
#     ##
## #   #
########",8,11,4,1,"positive",1339326688490774069
"########
#  .# @#
#.#$#$ #
#.  #  #
##.$   #
##    ##
##   ###
##$# ###
#     ##
## #   #
########",8,11,4,0,"hard_negative",1339326688490774069
"########
#  .#.@#
# #$#$ #
#.  #  #
## $  .#
##    ##
##   ###
##$# ###
#     ##
## #   #
########",8,11,4,1,"positive",1339326688490774069
"##############
#. ###.    ###
#  ###$##  ###
# $#   ##    #
#  @ $ ##  ###
# #$ # # # ###
#       .#.  #
##############",14,8,4,0,"easy_negative",4195320525631640663
"###########
######    #
##.   #$# #
###$ ## $ #
# $$#####.#
#.@$ # ## #
#.    . . #
###########",11,8,6,0,"easy_negative",14323124272120948592
"###########
#@      ###
###.###  ##
###   . $ #
####### $##
## . #   ##
### $$  ###
##.#$ $  ##
#  . #   ##
##.#    ###
###########",11,11,6,0,"easy_negative",4290080405329673497
"########
####  ##
# # .###
#.$ $.##
###$.@.#
###.#. #
# $ ####
## $ ###
###$$ ##
##     #
########",8,11,7,0,"easy_negative",5539984569860431532
"########
##   . #
## @## #
### ## #
## # $.#
#.$ $  #
## #.. #
##### ##
# $$$$ #
#.. # ##
########",8,11,7,0,"easy_negative",8136958100850257603
"###########
####.  ## #
##  $. #  #
###$      #
##    ##  #
###$ ###$ #
##    ##  #
###.$. ####
##  ###   #
#.     $  #
##  #### ##
##@    ####
##.       #
###########",11,14,6,1,"positive",8181333102491944902
"##############
#@  .# ##   ##
##. $# ##$ ###
#### #   $  ##
#   $     .###
# .####$##$###
# ##.   ##   #
#   # ###  ###
# #.#####  ###
####         #
##############",14,11,6,0,"easy_negative",17096611560860497651
"###########
####.  ## #
##  $. #  #
###$      #
## .  ##  #
###$ ###$ #
##    ##  #
###.$  ####
##  ###   #
#.     $  #
##  #### ##
##@    ####
##.       #
###########",11,14,6,1,"positive",8181333102491944902
"##############
#   # #      #
# ## $ ## .###
# ### ###  ###
#     # #  ###
### $##.#@  ##
###.$ #.# ####
##   ##   ####
## .$ # #$  ##
##           #
##############",14,11,5,0,"easy_negative",12161204864038339860
"###########
####.  ## #
##  $. #  #
###$      #
## .  ##  #
###$ ###  #
##    ##  #
###.$$ ####
##  ###   #
#.     $  #
##  #### ##
##@    ####
##.       #
###########",11,14,6,0,"hard_negative",8181333102491944902
"###########
#   .@ # ##
# $  # $..#
####$$ #$##
#     .   #
### ###   #
### .     #
###########",11,8,5,1,"positive",9440125202890408897
"###########
#   .@ # ##
#    #$$..#
####$$ #$##
#     .   #
### ###   #
### .     #
###########",11,8,5,1,"positive",9440125202890408897
"###########
#   .@ # ##
#    #$$..#
####$$ #$##
#         #
### ###   #
###..     #
###########",11,8,5,1,"positive",9440125202890408897
"###########
#   .  # ##
# @  #$$..#
####$$ #$##
#         #
### ###   #
###..     #
###########",11,8,5,1,"positive",9440125202890408897
"###########
#   . .# ##
# @  #$$. #
####$$ #$##
#         #
### ###   #
###..     #
###########",11,8,5,0,"hard_negative",9440125202890408897
"###########
#   .  # ##
# @  #$$..#
####$$ # ##
#       $ #
### ###   #
###..     #
###########",11,8,5,1,"positive",9440125202890408897
"###########
####.  ## #
##  $. #  #
###$      #
## .  ##  #
###$ ###$ #
##    ##  #
###.$  ####
##  ###   #
#.     $ @#
##  #### ##
##     ####
##.       #
###########",11,14,6,1,"positive",8181333102491944902
"##############
#.# # ## #.# #
# # $ $   $# #
# #.#.## #$#.#
#   ## ##    #
# $ ## # #   #
#   $    #####
## ###### .  #
#.  @  # $ ###
## #       ###
##############",14,11,7,0,"easy_negative",5506117928112334722
"###########
###  #   .#
###@### # #
#    #  $ #
# $.# # ###
# ##     ##
# ### #  .#
# $$$  $$##
# . #  ..##
#.  ##   ##
###########",11,11,7,0,"easy_negative",14424344310352491968
"########
## #   #
#  $.  #
##$#.$ #
##. #  #
### # ##
##   ###
#@ $   #
# #$ # #
#    ..#
########",8,11,5,0,"easy_negative",4204871156643520229
"########
# .. . #
###$####
###$#.##
###$$ ##
##.$$ ##
#@.  ###
########",8,8,6,0,"easy_negative",11862150104158568610
"########
## ##  #
#   ## #
##$##  #
#   #$##
# # .  #
#@. #$##
####  .#
#  $ ###
#   .###
########",8,11,4,0,"easy_negative",14722605599262626916
"###########
####.  ## #
##  $. #  #
###$      #
## .  ##  #
###$ ###$ #
##    ##  #
###.$  ####
## @###   #
#.     $  #
##  #### ##
##     ####
##.       #
###########",11,14,6,1,"positive",8181333102491944902
"########
#####  #
#  ### #
#   #  #
#  ..  #
#### # #
#.$ $$ #
#  . $ #
# #.## #
# @ ## #
#  $   #
####$  #
#    . #
########",8,14,6,0,"easy_negative",1758318749974499697
"###########
### #######
###   $ #.#
#    $@ $.#
#  #  #$ ##
# ##. #  ##
#  #.## ###
###########",11,8,4,0,"easy_negative",12042728897334871335
"###########
####.  ## #
##  $. #  #
###$      #
## .  ##  #
###$ ###$ #
##    ##  #
###*$  ####
## @###   #
#.        #
##  #### ##
##     ####
##.       #
###########",11,14,6,0,"hard_negative",8181333102491944902
"###########
####.  ## #
##  $. #  #
###$      #
## .  ##  #
###$ ###$ #
##    ##  #
### $  ####
## @###   #
#.     *  #
##  #### ##
##     ####
##.       #
###########",11,14,6,1,"positive",8181333102491944902
"###########
## ####.#@#
# $ $   # #
## #$ $.# #
###   # $ #
## . ##   #
##  . #.  #
###########",11,8,5,0,"easy_negative",13638243900888273273
"###########
#   # #   #
#     $ $ #
#   # #   #
##..## ## #
### #  #  #
##      $ #
#  # #.$$ #
## # #@ # #
#### #..  #
###########",11,11,5,1,"positive",15917140472466736932
"########
## #. ##
# $$$$##
## #..##
###    #
###$####
# ..  @#
########",8,8,5,0,"easy_negative",4244791686548617801
"###########
#   # #   #
#     $ $ #
#   # #   #
##..## ## #
### #  #  #
## .    $ #
#  # #.$$ #
## # #@ # #
#### # .  #
###########",11,11,5,1,"positive",15917140472466736932
"###########
#.  ## .  #
#   # $.# #
# $$.## $ #
## # $.   #
#@   ## # #
## # ##   #
###########",11,8,5,0,"easy_negative",17989527798868363283
"###########
#   # #   #
#   @ $ $ #
#   # #   #
##..## ## #
### #  #  #
## .    $ #
#  # #.$$ #
## # #  # #
#### # .  #
###########",11,11,5,1,"positive",15917140472466736932
"###########
#   # #   #
#   @$$   #
#   # #   #
##..## ## #
### #  #  #
## .    $ #
#  # #.$$ #
## # #  # #
#### # .  #
###########",11,11,5,0,"hard_negative",15917140472466736932
"###########
#  @# #   #
#     $ $ #
#   # #   #
##..## ## #
### #  #  #
## .    $ #
#  # #.$$ #
## # #  # #
#### # .  #
###########",11,11,5,1,"positive",15917140472466736932
"##############
### ## ##    #
### ## #  $#.#
# $       $  #
## ######.   #
###    ## ####
##.#  .. $# ##
#    # #     #
###$ # # #####
###  #  ##   #
#   #### # $ #
#.  @    $ ###
#   .  # # ###
##############",14,14,7,0,"easy_negative",17763277842496902146
"########
#     .#
#.# $$ #
# $ ####
# ######
#..# # #
# $. $ #
## ##$.#
# @ #$ #
##.##  #
########",8,11,7,0,"easy_negative",13803748060201751765
"###########
#  @# #   #
#     $ $ #
# . # #   #
##..## ## #
### #  #  #
##      $ #
#  # #.$$ #
## # #  # #
#### # .  #
###########",11,11,5,0,"hard_negative",15917140472466736932
"###########
#   # #   #
#     $ $@#
#   # #   #
##..## ## #
### #  #  #
## .    $ #
#  # #.$$ #
## # #  # #
#### # .  #
###########",11,11,5,1,"positive",15917140472466736932
"###########
##    .   #
## $### #@#
###. . ####
####  $.$ #
# $$$ $ # #
# . ###.. #
###########",11,8,7,0,"easy_negative",17689569749945497713
"##############
##        ####
##. $## ##. ##
##   ## ##.  #
##$#.       ##
#@ $$       ##
## #   ###  ##
##############",14,8,4,1,"positive",13448250966639907574
"##############
##        ####
##. $## ##  ##
##   ## ##.  #
##$#.       ##
#@ $*       ##
## #   ###  ##
##############",14,8,4,1,"positive",13448250966639907574
"########
####.###
#  # ###
#.##$$ #
#     ##
#. #. ##
# ## $##
####$ ##
## #@###
##. $.##
#  ##$##
#  #   #
#  ## ##
########",8,14,6,0,"easy_negative",7156894981960773976
"##############
##        ####
##. $## ##  ##
##   ## ##.  #
##$#        ##
#@ $*       ##
## # . ###  ##
##############",14,8,4,1,"positive",13448250966639907574
"##############
##        ####
##. $## ##  ##
##   ## ##.  #
##$#  .     ##
#@ $*       ##
## #   ###  ##
##############",14,8,4,1,"positive",13448250966639907574
"##############
##        ####
##.  ## ##  ##
##   ## ##.  #
##$#  *     ##
#@ $*       ##
## #   ###  ##
##############",14,8,4,1,"positive",13448250966639907574
"########
#   .  #
#### $ #
## # @ #
# . #  #
#  ##  #
# ###..#
#  #   #
# ##   #
#  # $ #
# $  $##
# # $ ##
#  . ###
########",8,14,5,0,"easy_negative",14042832253684140722
"##############
# #####  .   #
#  #  ###$  ##
#  $.$ ##  ###
## ####  $@  #
# .  #   .#  #
## #      ####
##############",14,8,4,0,"easy_negative",9095490875632229872
"########
# . ####
##. #  #
###$$  #
# #  # #
# #  # #
# #  # #
#   ####
#.$    #
# $    #
####  .#
#    # #
# @    #
########",8,14,4,0,"easy_negative",12999985675819292592
"########
# . @###
## $$ ##
###$$.##
##.$. ##
## $# ##
###$####
#..$## #
###.## #
###.   #
########",8,11,8,0,"easy_negative",7189032017445129987
"########
# ##   #
#  #$# #
#      #
#  # $ #
## # ###
### .###
### $ ##
###   ##
# . .###
#  $ @ #
#  # # #
# ##.  #
########",8,14,4,1,"positive",11377971128182359356
"########
# ##.  #
#  #$# #
#      #
#  # $ #
## # ###
### .###
### $ ##
###   ##
# . .###
#  $ @ #
#  # # #
# ##   #
########",8,14,4,1,"positive",11377971128182359356
"########
# ##.  #
#  #$# #
#      #
# $# $ #
## # ###
### .###
###   ##
###   ##
# . .###
#  $ @ #
#  # # #
# ##   #
########",8,14,4,0,"hard_negative",11377971128182359356
"########
# ##.  #
#  #$# #
#      #
#  # $ #
## # ###
### .###
### $ ##
###   ##
#   .###
#  $ @ #
#  # #.#
# ##   #
########",8,14,4,0,"hard_negative",11377971128182359356
"########
# ##.  #
#  #$# #
#      #
#  # $ #
## # ###
### .###
### $ ##
###   ##
# . .###
#@ $   #
#  # # #
# ##   #
########",8,14,4,1,"positive",11377971128182359356
"##############
##  ### . ####
## $.# $ # # #
##  ..$ ##.  #
#   #   ## $ #
#  $##$@ # # #
#   #   .    #
##############",14,8,6,0,"easy_negative",2497327123810443142
"########
# ##.  #
#  #$# #
#      #
#  # $ #
## # ###
### .###
### $ ##
###@  ##
# . .###
#  $   #
#  # # #
# ##   #
########",8,14,4,1,"positive",11377971128182359356
"########
# ##.  #
#@ #$# #
#      #
#  # $ #
## # ###
### .###
### $ ##
###   ##
# . .###
#  $   #
#  # # #
# ##   #
########",8,14,4,1,"positive",11377971128182359356
"##############
# ######  . .#
# ### ## #$# #
# @$. ####  .#
# ### $$$$$###
# ####.  # ###
#. .#  ###   #
##############",14,8,7,0,"easy_negative",2852819844684040568
"###########
### #######
##  . #  ##
# ##. $ ###
#   ##    #
# #$## .  #
#  $ $ ####
#   ###   #
#@#$ #.   #
#  .   ####
###########",11,11,5,0,"easy_negative",14795846954378328711
"########
##@# ###
# $  ###
##$#.$ #
#  . # #
# #  # #
# $  # #
## $## #
###.#  #
##  .. #
########",8,11,5,0,"easy_negative",10319929410115008186
"########
#  .#  #
### #$ #
### #  #
#  $ $##
##  $ ##
###.. ##
# ##.  #
# ## $@#
# .    #
########",8,11,5,0,"easy_negative",18171320242961062769
"###########
##  # ## .#
###    #  #
##  # ##  #
##@ #  ##.#
##  #  ##.#
##  #   $ #
# ##   $  #
#  #.#  ###
#   $   ###
##   ##   #
###  ## $ #
##        #
###########",11,14,4,1,"positive",2713244813130584167
"###########
#        ##
#   $ $$ ##
#  $###  ##
### .##  ##
###   #. ##
# @ . #.###
###########",11,8,4,0,"easy_negative",4126226955786657304
"###########
##  # ## .#
###    #  #
##  # ##  #
##  #  ##.#
##  #  ##.#
##  #   $@#
# ##   $  #
#  #.#  ###
#   $   ###
##   ##   #
###  ## $ #
##        #
###########",11,14,4,1,"positive",2713244813130584167
"###########
### ###  .#
##      # #
##   .  $ #
#  .##### #
#.#@$$ ## #
#   $     #
#  $## # ##
##  ## ####
###.      #
###########",11,11,5,0,"easy_negative",10423722868806327664
"###########
##  # ## .#
###    #  #
##  # ##  #
##  #  ##.#
##  #  ##.#
##  #   $ #
# ##   $  #
#@ #.#  ###
#   $   ###
##   ##   #
###  ## $ #
##        #
###########",11,14,4,1,"positive",2713244813130584167
"##############
##  ##.###.  #
##  #    #.# #
##$ #        #
#   ###$ #  ##
# #      #$ ##
#    $ @##. ##
#   # #   ####
##   $ #     #
##### ####  .#
##############",14,11,5,0,"easy_negative",4341146812536117139
"###########
##  # ## .#
###    #  #
##  # ##  #
##  #  ##.#
##  #  ##+#
##  #   $ #
# ##   $  #
#  #.#  ###
#   $   ###
##   ##   #
###  ## $ #
##        #
###########",11,14,4,1,"positive",2713244813130584167
"###########
###  #   @#
##. $#  ###
#### #  ###
# $  $ ####
#  ### .$ #
#.####   .#
###########",11,8,4,0,"easy_negative",7236365110416064217
"###########
##  # ## .#
###    #  #
##  # ##  #
##  #  ##.#
##  #  ##.#
##  #   $ #
# ##   $  #
#  #.#  ###
#   $  @###
##   ##   #
###  ## $ #
##        #
###########",11,14,4,1,"positive",2713244813130584167
"########
#.   ###
#.#$$ ##
# $@$$##
# ..$  #
####$  #
#..  . #
########",8,8,7,0,"easy_negative",18109330873125811014
"###########
#   @  . ##
# #$ # # ##
#  $ $.####
## ### ####
#   ##$ # #
## #..    #
###########",11,8,4,1,"positive",13018533738368063973
"###########
#      . ##
# #$@# # ##
#  $ $.####
## ### ####
#   ##$ # #
## #..    #
###########",11,8,4,1,"positive",13018533738368063973
"###########
#    @ . ##
# #$ # # ##
#  $ $.####
## ### ####
#   ##$ # #
## #..    #
###########",11,8,4,1,"positive",13018533738368063973
"###########
#      . ##
# #$ #@# ##
#  $ $.####
## ### ####
#   ##$ # #
## #..    #
###########",11,8,4,1,"positive",13018533738368063973
"###########
#      . ##
# #$ #@#.##
#  $ $.####
## ### ####
#   ##$ # #
## # .    #
###########",11,8,4,0,"hard_negative",13018533738368063973
"###########
#      . ##
# #$ #+# ##
#  $ $.####
## ### ####
#   ##$ # #
## #.     #
###########",11,8,4,0,"hard_negative",13018533738368063973
"###########
#      . ##
# #$ #@# ##
#   $$.####
## ### ####
#   ##$ # #
## #..    #
###########",11,8,4,0,"hard_negative",13018533738368063973
"###########
#      . ##
# #$ # # ##
#  $ $.####
## ### ####
#   ##$ # #
## #.+    #
###########",11,8,4,0,"hard_negative",13018533738368063973
"###########
#      .@##
# #$ # # ##
#  $ $.####
## ### ####
#   ##$ # #
## #..    #
###########",11,8,4,1,"positive",13018533738368063973
"##############
#.####     ###
# ####@ .  ###
# $$ $.###   #
# $$#$$## ## #
#.. #. # .  ##
#####      ###
##############",14,8,7,0,"easy_negative",802997068203302185
"########
#   # ##
###    #
### #$##
## #   #
#     @#
## #####
# . ####
# #$#  #
#.$.## #
#  $   #
# #   ##
# .  ###
########",8,14,4,0,"easy_negative",1514219522711270208
"###########
#.  # # @ #
###.$$$ #.#
### # #.  #
# $$   ####
### #   #.#
###.##  . #
## #   #$##
#    # $  #
## ##### ##
###########",11,11,7,0,"easy_negative",15361840841891314867
"########
#  . . #
# # #  #
#.$ ####
###  ###
##   ###
####   #
# # #$##
# #  . #
# # #$##
#@  #  #
# # #$ #
#####  #
########",8,14,4,0,"easy_negative",15817248912929399578
"###########
####  #   #
#   ..# # #
# $$  #   #
# ## ###  #
# ## ###  #
#    $@#. #
##  .   $ #
##   # $ ##
##. ### ###
###########",11,11,5,0,"easy_negative",10345437219703927677
"##############
#.     .##.  #
####$#  ##$@ #
##.#      $  #
# $ ##  #$# ##
##  #   #    #
###  .  # # ##
##############",14,8,5,1,"positive",12219708362045474675
"##############
#.        ## #
# #@#   #$## #
# $ ##    $$ #
# .# $ ###.$ #
# ##.#  .### #
#  #  . #### #
##############",14,8,6,0,"easy_negative",8828394698387555323
"###########
#  .  ### #
# ##  ### #
#.## $#.  #
# .$  @   #
# # $#$#  #
#      ####
###########",11,8,4,1,"positive",17460505744326262810
"###########
#  .  ### #
# ##  ### #
#.## $#. @#
# .$      #
# # $#$#  #
#      ####
###########",11,8,4,1,"positive",17460505744326262810
"###########
#  .@ ### #
# ##  ### #
#.## $#.  #
# .$      #
# # $#$#  #
#      ####
###########",11,8,4,1,"positive",17460505744326262810
"###########
#  .@ ### #
# ##  ### #
#.## $#.$ #
# .$      #
# #  #$#  #
#      ####
###########",11,8,4,0,"hard_negative",17460505744326262810
"##############
## # ## #. . #
# $$ ## # ####
## #   .#    #
# ##.     # ##
#  #$#$ $ ####
#     .###   #
####  $.##$  #
#   @## ## # #
# .  ##      #
##############",14,11,7,0,"easy_negative",6833839941173272978
"###########
#  .@ ### #
# ##  ### #
#.##  #.  #
# .$   $  #
# # $#$#  #
#      ####
###########",11,8,4,1,"positive",17460505744326262810
"###########
#  .@ ### #
# ##  ### #
#.##  #.  #
# .$  $$  #
# # $# #  #
#      ####
###########",11,8,4,0,"hard_negative",17460505744326262810
"########
## #####
#@   # #
## #.. #
## ##.##
#  .   #
##$##$##
##.$$$##
## ## ##
########
########",8,11,5,0,"easy_negative",15371604955255356744
"###########
#  .@ ### #
# ##  ### #
#.##$ #.  #
# .    $  #
# # $#$#  #
#      ####
###########",11,8,4,1,"positive",17460505744326262810
"###########
##  .     #
## $ #$## #
##$$$ $##.#
#   # @####
#..###$.#.#
# ###    .#
###########",11,8,7,0,"easy_negative",17608981970578553980
"########
####   #
#. #$# #
#    $ #
### ## #
###   ##
# .  ###
## $#.##
##$.   #
##  #.##
##$#####
# @  # #
## #   #
########",8,14,5,0,"easy_negative",17292966203105129675
"##############
#      .##.  #
####$#  ##$@ #
##.#      $  #
#.$ ##  #$# ##
##  #   #    #
###  .  # # ##
##############",14,8,5,0,"hard_negative",12219708362045474675
"##############
#.     .##.  #
####$#  ##$  #
##.#      $  #
# $ ##  #$# ##
##  #   # @  #
###  .  # # ##
##############",14,8,5,1,"positive",12219708362045474675
"########
#. .   #
# ###. #
# #### #
#    ###
## $.###
### .  #
# $$$###
## $. ##
####.$##
## #   #
# $ $@ #
## # . #
########",8,14,8,0,"easy_negative",18319685311341278197
"###########
#   .     #
## .### ###
###     ###
#   ###   #
###     # #
### $$    #
### ### ###
## $  #$###
#    ##   #
####   ## #
#.#  # #  #
# @      .#
###########",11,14,4,0,"easy_negative",12151713487496178048
"##############
#.     .##   #
####$#  ##$  #
##.#      $  #
# $ ##  #$# ##
##  #   # +  #
###  .  # # ##
##############",14,8,5,0,"hard_negative",12219708362045474675
"##############
#+     .##.  #
####$#  ##$  #
##.#      $  #
# $ ##  #$# ##
##  #   #    #
###  .  # # ##
##############",14,8,5,1,"positive",12219708362045474675
"##############
#.     .##.  #
####$#  ##$  #
##.#  @   $  #
# $ ##  #$# ##
##  #   #    #
###  .  # # ##
##############",14,8,5,1,"positive",12219708362045474675
"##############
#.     .##.  #
####$#  ##$  #
##.#      $  #
# $ ##  #$# ##
## @#   #    #
###  .  # # ##
##############",14,8,5,1,"positive",12219708362045474675
"##############
#  ###  #  ###
# ####$###$###
#@ # $. #    #
#   $$ .    .#
###  #.#    ##
###.   ##  ###
##############",14,8,5,0,"easy_negative",11523222408894913765
"########
#..  . #
#  $ # #
# @ ####
###    #
### . ##
#.$ ####
# $$$  #
# ## # #
# ##   #
########",8,11,5,0,"easy_negative",16820035177704496909
"###########
#   .    .#
# # $#$####
# $    .. #
# ## #$# ##
#  # #   @#
#  #.# # ##
#### ## $ #
#   $##.$.#
#         #
###########",11,11,7,0,"easy_negative",17033046419059219826
"###########
#   .## # #
#### ## #.#
#       # #
# $$   ## #
### #   # #
### ## ## #
#. .  $   #
###@$     #
### ###   #
###########",11,11,4,1,"positive",4977891281049624599
"##############
#  #    ####.#
#  # #  ###  #
#  #      $  #
#   #$ #  #..#
### # $# ### #
###$#   ###  #
#   ######   #
# # # ## #$  #
#    $##  @  #
# . .    ## ##
# #   #  #   #
#    ##  ##.##
##############",14,14,6,0,"easy_negative",3427590928359564192
"###########
#   .## # #
#### ## #.#
#       # #
# $$   ## #
### #   # #
### ## ## #
#.    $   #
###@$   . #
### ###   #
###########",11,11,4,1,"positive",4977891281049624599
"###########
#   .## # #
#### ## #.#
#       # #
# $$   ## #
### #  @# #
### ## ## #
#.    $   #
### $   . #
### ###   #
###########",11,11,4,1,"positive",4977891281049624599
"###########
#   .## # #
#### ## # #
#       # #
# $$   ## #
### #  @# #
### ## ## #
#.    $   #
### $   . #
###.###   #
###########",11,11,4,1,"positive",4977891281049624599
"###########
#   .## # #
#### ## # #
#  $    # #
# $$   ## #
### #  @# #
### ## ## #
#.        #
### $   . #
###.###   #
###########",11,11,4,0,"hard_negative",4977891281049624599
"###########
#   .## # #
#### ## # #
#       # #
# $$   ## #
### #@  # #
### ## ## #
#.    $   #
### $   . #
###.###   #
###########",11,11,4,1,"positive",4977891281049624599
"########
#   .###
###$# ##
###$#$.#
#.$$#.##
#@ .$  #
#####.##
########",8,8,6,0,"easy_negative",560132497288730734
"##############
# ## ###  ## #
# ##  ### ## #
#      # $ $ #
# #$       ###
# #  #.#.  ###
# #.#####    #
#########   ##
# #    ## # ##
#      @  ####
##$$##  ##  ##
## $##  ##. ##
##.    .    ##
##############",14,14,6,0,"easy_negative",6706544987855224266
"##############
####     .####
## ..###  # ##
#    ####   ##
####.. ## ## #
## # ####  # #
##  @## $ ## #
#  #  $ $.#. #
#  # #### #$ #
#  # #### #$ #
# #### ## $  #
# ####  # $ ##
#      ##  ###
##############",14,14,7,0,"easy_negative",490370340192263673
"##############
# .   .  ## ##
###$#  $ #   #
### ##   ## ##
###$   #     #
### $#### ## #
# $  ###..## #
###  .## ###.#
###  ##   ## #
#@    ##$#   #
##$##.## ##  #
#  $      #  #
## ## ## ## .#
##############",14,14,8,0,"easy_negative",10270365134887411683
"##############
## ## ## #   #
#       $. # #
## ## ## # $ #
# $##.      ##
#  ### ###. ##
#  ##   . . ##
## # $ # ## ##
# .  #       #
## #$$ # ## ##
#  @   ##   ##
# #   ##   ###
#    ###    ##
##############",14,14,6,1,"positive",2480802666054561044
"##############
#      ###   #
## $# .#   # #
###$##       #
##.  ## ##$. #
###  ##  # # #
##@    ##    #
#.      ######
# #$ #  ##   #
#            #
##############",14,11,4,0,"easy_negative",11336985198727860688
"##############
## ## ##@#   #
#       $. # #
## ## ## # $ #
# $##.      ##
#  ### ###. ##
#  ##   . . ##
## # $ # ## ##
# .  #       #
## #$$ # ## ##
#      ##   ##
# #   ##   ###
#    ###    ##
##############",14,14,6,1,"positive",2480802666054561044
"##############
## #####.# ###
#   .# $  $ ##
##.# $ # # . #
# $ #  ###@$ #
#  ### .$  ###
#.###      ###
##############",14,8,6,0,"easy_negative",12712232593823944732
"##############
## ## ## #   #
#   @   $. # #
## ## ## # $ #
# $##.      ##
#  ### ###. ##
#  ##   . . ##
## # $ # ## ##
# .  #       #
## #$$ # ## ##
#      ##   ##
# #   ##   ###
#    ###    ##
##############",14,14,6,1,"positive",2480802666054561044
"##############
#   # #   # ##
##  ..  # $  #
##### #   # ##
### # ## #.  #
## $@$ ##    #
#   # ## #####
#  #         #
# $# #$##. ###
#  #.  ##  ###
##############",14,11,5,0,"easy_negative",10535192127834053551
"##############
## ## ## #   #
#   @   $. # #
## ## ## # $ #
# $##.  $   ##
#  ### ###. ##
#  ##   . . ##
## #   # ## ##
# .  #       #
## #$$ # ## ##
#      ##   ##
# #   ##   ###
#    ###    ##
##############",14,14,6,1,"positive",2480802666054561044
"##############
###  .     ###
###$##  #  ###
#   ## ###  .#
##    ##.    #
###$# ### #. #
##  #### @####
## #  $   ####
#######$   # #
#            #
##############",14,11,4,0,"easy_negative",1089480200963776581
"##############
## ## ## #   #
#       $. # #
## ## ## # $ #
# $##.  $   ##
#  ### ###. ##
#  ##   . . ##
## #@  # ## ##
# .  #       #
## #$$ # ## ##
#      ##   ##
# #   ##   ###
#    ###    ##
##############",14,14,6,1,"positive",2480802666054561044
"###########
#      # ##
#    #  . #
######## ##
#   @##   #
# $ $.# ###
#   ##  ###
# ##   #  #
# ## ####.#
#    ###  #
###.$    ##
## $ #   ##
#       ###
###########",11,14,4,0,"easy_negative",676000314041831980
"##############
#    ##.     #
# # .##$#  # #
####@   $  . #
## #   $$ ####
#    ## # # ##
## # ##.    ##
##############",14,8,4,1,"positive",10560617538755244696
"##############
#    ##.  .  #
# # .##$#  # #
####@   $  . #
## #   $$ ####
#    ## # # ##
## # ##     ##
##############",14,8,4,1,"positive",10560617538755244696
"##############
#    ##.  .  #
# # .##$#  # #
####@   $    #
## #  .$$ ####
#    ## # # ##
## # ##     ##
##############",14,8,4,1,"positive",10560617538755244696
"##############
#    ##.  .  #
# #@.##$#  # #
####    $    #
## #  .$$ ####
#    ## # # ##
## # ##     ##
##############",14,8,4,1,"positive",10560617538755244696
"###########
# ##    # #
# ## ## # #
#    ## # #
#######   #
#     #$# #
#  $  .   #
## ###### #
#      ## #
## #.$  . #
##$ ##### #
##@    #  #
##    .####
###########",11,14,4,0,"easy_negative",9371479940257143221
"##############
#    ##.  .  #
# #@.##$#  # #
####    $    #
## #   $$ ####
#    ## # # ##
##.# ##     ##
##############",14,8,4,0,"hard_negative",10560617538755244696
"##############
#    ##.  .  #
# #@.##$#  # #
####    $$   #
## #  . $ ####
#    ## # # ##
## # ##     ##
##############",14,8,4,1,"positive",10560617538755244696
"##############
# ##    .  ###
# #### ##$$ ##
#   ## ##  . #
#  . $$##### #
#@ # $$  ##  #
# ##         #
## # #### ## #
#. $  ##. #  #
## #    ##.. #
##############",14,11,7,0,"easy_negative",1348869692885190953
"###########
##   . # ##
##$. #   @#
## $#### ##
#  $  #  .#
###$  #.# #
###   #####
###########",11,8,4,0,"easy_negative",7534729156139798368
"##############
#     #### ###
#  # .#  #  ##
# ##  # .$   #
#  ##  ###$###
#.### ## .$###
#  # ####    #
#  ..##  $ ###
# #  #####$###
# $  $       #
# # # ### ####
# #$@  #     #
#.# # #  .   #
##############",14,14,8,0,"easy_negative",9623708904338170734
"##############
#   ## ## # ##
##  ## ## $$ #
### $ $$  # ##
#  #  ..#   ##
# @#######$###
# .#   .#.  ##
#  $$ #.   . #
#  #  ##  ##.#
# ##  ### ## #
##############",14,11,8,0,"easy_negative",2645289948533852803
"########
####   #
# .$   #
# .$ $ #
#   ####
# # #  #
#. @$ .#
## # # #
#. $ # #
## # # #
########",8,11,5,1,"positive",7366496260971519266
"###########
#   . @## #
##   # ## #
####      #
#  . #  #.#
# #.### # #
# $$ #  # #
# ##$$ ####
## #$ $.# #
##   .    #
###########",11,11,6,0,"easy_negative",13208095412258448463
"########
####   #
# .$   #
# .$ $ #
#   ####
# #$#  #
#. @$ .#
## # # #
#.   # #
## # # #
########",8,11,5,0,"hard_negative",7366496260971519266
"########
####.  #
# .$   #
# .$ $ #
#   ####
# # #  #
#  @$ .#
## # # #
#. $ # #
## # # #
########",8,11,5,1,"positive",7366496260971519266
"########
####.  #
# .$   #
# .  $ #
#   ####
# # #  #
#  @$ .#
##$# # #
#. $ # #
## # # #
########",8,11,5,0,"hard_negative",7366496260971519266
"########
####.  #
# .$   #
# .$ $ #
#   ####
# # #  #
#   $ .#
## # #@#
#. $ # #
## # # #
########",8,11,5,1,"positive",7366496260971519266
"########
####.  #
# .$   #
# .$ $ #
#   ####
# # #@ #
#   $ .#
## # # #
#. $ # #
## # # #
########",8,11,5,1,"positive",7366496260971519266
"########
####.  #
# .$   #
# .$ $ #
#   ####
# # #  #
#   $ .#
##@# # #
#. $ # #
## # # #
########",8,11,5,1,"positive",7366496260971519266
"##############
#    .       #
# ## #  ## # #
#.##$.$$##   #
# .$ ##  @$ ##
#.# $## # # ##
#   .  #######
##############",14,8,6,0,"easy_negative",101415313276079521
"###########
# ##.   ###
# #  #  ###
# ##### $ #
#  $$.$$  #
# #   #####
# $ ###  @#
#.#####$.##
# .# # .###
#   .    ##
###########",11,11,7,0,"easy_negative",9870283485321378376
"########
# .    #
#    #.#
####   #
# # # ##
# #  . #
# # # ##
# $    #
### ## #
### ##.#
# $$ ###
###$$@##
###  . #
########",8,14,5,0,"easy_negative",7227839726474382395
"########
###### #
## ### #
##  @$.#
## $   #
## # .##
#### ###
########",8,8,2,1,"positive",9639701882554496002
"########
###### #
## ### #
##  @ .#
## $   #
## #$.##
#### ###
########",8,8,2,0,"hard_negative",9639701882554496002
"########
###### #
## ### #
## $@$.#
##     #
## # .##
#### ###
########",8,8,2,0,"hard_negative",9639701882554496002
"########
###### #
## ### #
##@  $.#
## $   #
## # .##
#### ###
########",8,8,2,1,"positive",9639701882554496002
"########
###### #
## ### #
##+  $ #
## $   #
## # .##
#### ###
########",8,8,2,0,"hard_negative",9639701882554496002
"########
######.#
## ### #
##@  $.#
## $   #
## #  ##
#### ###
########",8,8,2,1,"positive",9639701882554496002
"########
######.#
## ### #
##   $.#
##@$   #
## #  ##
#### ###
########",8,8,2,1,"positive",9639701882554496002
"########
######.#
## ### #
##  .$ #
##@$   #
## #  ##
#### ###
########",8,8,2,1,"positive",9639701882554496002
"##############
# ##    ######
# ## # $##   #
#  @      $. #
#  #  $  #.# #
#  #### ## # #
#  #     # # #
# # #$# ## # #
# #. $ . # # #
# # # #  . # #
##############",14,11,5,0,"easy_negative",8030937723543894489
"##############
#      # #####
# #$$#     # #
#      #.#.. #
#  ### #$# ###
#  #  #    ###
#  # ### #   #
#    #  . $ ##
# # ###### ###
#  ..#  $   ##
## #    ##@$ #
# $.#    # # #
## #######   #
##############",14,14,7,0,"easy_negative",12253136847392483065
"########
##.#   #
#  .## #
##.### #
# $$$@ #
# #$ #.#
# $    #
# #$.###
#.# $ ##
# #.  ##
########",8,11,7,0,"easy_negative",16858097624472979663
"##############
#  ###### ## #
# $##  #  ## #
#  ### .  $  #
#    $ ### $@#
#    #  #  # #
####  $# # ..#
####  .$  ####
#  # # ###  ##
#    .  .  ###
##############",14,11,6,0,"easy_negative",2752742131345106574
"###########
## #     .#
#  .$ ### #
##$#@#### #
# . ## # ##
# # #   $ #
#   ####$##
#   # ## ##
###  . $  #
###.# ## ##
###########",11,11,5,0,"easy_negative",1724010164267295525
"##############
#  .## .   ###
# #$## ###  ##
# $ @    $.  #
###### $  ####
##  ##$#    ##
###   .###.###
##############",14,8,5,0,"easy_negative",12356191898993938655
"########
###    #
##. ####
# $ $  #
#.  # ##
#@# $ .#
##### ##
########",8,8,3,1,"positive",436190126706918709
"########
###    #
##. ####
# $ $ @#
#.  # ##
# # $ .#
##### ##
########",8,8,3,0,"hard_negative",436190126706918709
"########
###    #
##.$####
# $    #
#.  # ##
#@# $ .#
##### ##
########",8,8,3,0,"hard_negative",436190126706918709
"########
###    #
##..####
# $ $  #
#   # ##
#@# $ .#
##### ##
########",8,8,3,1,"positive",436190126706918709
"########
###    #
##+.####
# $ $  #
#   # ##
# # $ .#
##### ##
########",8,8,3,1,"positive",436190126706918709
"########
###    #
##@.####
# $ $  #
#  .# ##
# # $ .#
##### ##
########",8,8,3,1,"positive",436190126706918709
"########
###  . #
##@ ####
# $ $  #
#  .# ##
# # $ .#
##### ##
########",8,8,3,0,"hard_negative",436190126706918709
"########
###    #
##@.####
# $    #
#  *# ##
# # $ .#
##### ##
########",8,8,3,0,"hard_negative",436190126706918709
"########
###    #
##@.####
# $    #
#  .# ##
# # $$.#
##### ##
########",8,8,3,0,"hard_negative",436190126706918709
"########
### @  #
## .####
# $ $  #
#  .# ##
# # $ .#
##### ##
########",8,8,3,1,"positive",436190126706918709
"##############
#  .#.#####. #
# #   $ # #  #
#   # #  $#  #
# #### #  #@##
## ###.#$$   #
##   $ #  # ##
#   ##  . #$ #
# ### .  ##  #
# ###   ###  #
##############",14,11,6,0,"easy_negative",13475316091145816926
"########
###.   #
###$## #
#  $## #
## . $ #
###$$# #
##@ ...#
########",8,8,5,0,"easy_negative",3738336264121750837
"########
#   # ##
#   $$ #
#####.##
#  .   #
# #$$#@#
# $.   #
## ###.#
#  $.# #
##.### #
########",8,11,6,0,"easy_negative",12214295779826133696
"##############
#  # .   #####
# ####   # . #
#  ### @##$$.#
#       ##   #
#### $   # #.#
#   ###  # $ #
## ####.##  ##
#    # $## $##
## #       .##
##############",14,11,6,0,"easy_negative",12908885451885216561
"###########
#.  #### ##
#   . # $ #
#### ### ##
#       . #
# $  # ####
####      #
#  .#$## ##
#     @$  #
#   # ## ##
###########",11,11,4,0,"easy_negative",11547579233640905985
"###########
#        ##
# #  #$  ##
#    ..  ##
##$#  # # #
#     #@# #
## #. # # #
# ##  $   #
#  ####$# #
# .       #
###########",11,11,4,1,"positive",13746728415714996401
"###########
#        ##
# #  #$. ##
#     .  ##
##$#  # # #
#     #@# #
## #. # # #
# ##  $   #
#  ####$# #
# .       #
###########",11,11,4,1,"positive",13746728415714996401
"###########
#        ##
# #  #$. ##
#     .  ##
## #  # # #
#     #@# #
## #. # # #
# ##  $ $ #
#  ####$# #
# .       #
###########",11,11,4,0,"hard_negative",13746728415714996401
"###########
#     @  ##
# #  #$. ##
#     .  ##
##$#  # # #
#     # # #
## #. # # #
# ##  $   #
#  ####$# #
# .       #
###########",11,11,4,1,"positive",13746728415714996401
"###########
#     @  ##
# #  #$. ##
#     .  ##
##$#  # # #
#   $ # # #
## #. # # #
# ##      #
#  ####$# #
# .       #
###########",11,11,4,1,"positive",13746728415714996401
"###########
#     @  ##
# #  #$. ##
#     .  ##
## #$ # # #
#   $ # # #
## #. # # #
# ##      #
#  ####$# #
# .       #
###########",11,11,4,1,"positive",13746728415714996401
"###########
#  ## .## #
# $##  ## #
#  ##$  $.#
#       ###
#  #    ###
#@#####   #
#  ### ####
#  ###$#  #
#. #      #
#  .##### #
#    # ## #
####      #
###########",11,14,4,0,"easy_negative",9350827411334177154
"###########
#   . .## #
#.######. #
# ##      #
# ## # $###
# #####  ##
#    #   .#
#  $## #  #
#.#@ # #  #
# .$##$## #
# $  $ ####
# ## $ #  #
# ##      #
###########",11,14,7,0,"easy_negative",14266591749319651512
"##############
##     ##. . #
### ##### $$ #
##  $ @   ####
#### #### $ .#
# .#$###  #  #
#.     #######
##############",14,8,5,0,"easy_negative",14162060516987243918
"########
#    # #
####$# #
## #$# #
#@   . #
#..#  ##
####$###
###.$$ #
##  $#.#
##   . #
#  #$$ #
#.##  ##
#. # ###
########",8,14,8,0,"easy_negative",1140272742573094395
"###########
#  .      #
# #     ###
# $ ### ###
#  $ @  . #
##.$## ##.#
###$## ##.#
### ##$# ##
##  #  $$ #
#  .####.##
# #$# ## ##
#.#       #
# # # ## ##
###########",11,14,8,0,"easy_negative",16607794876742947532
"##############
# @ ###      #
##    #  # # #
####.   ##   #
#  $  #  . # #
#.#  ## #  # #
# $ $ #    # #
#     $   #  #
####.#. # #  #
#         #  #
##     #$#.  #
### ## $     #
##  ## # #   #
##############",14,14,6,1,"positive",3777351185467824307
"##############
####         #
#   ##### @# #
#  $ $ ##   .#
# ## $     ###
## # # #   ###
##     ###   #
# . # #    ###
# $     #   ##
#   # #      #
# # ### #.$# #
# #  # ### # #
# # . . #  # #
##############",14,14,5,0,"easy_negative",6564604420916182687
"##############
#   ###      #
##    #  # # #
####.   ##   #
#  $  #  . # #
#.#  ## #  # #
# $ $ #    # #
#     $   #  #
####.#. # #  #
#         #  #
##     #$#.  #
### ## $@    #
##  ## # #   #
##############",14,14,6,1,"positive",3777351185467824307
"##############
#   ###      #
##    #  # # #
####.   ##   #
#  $  #  . # #
#.#  ## #  # #
# $ $ #    # #
#     $   #  #
####.#. #$#  #
#         #  #
##     # #.  #
### ## $@    #
##  ## # #   #
##############",14,14,6,1,"positive",3777351185467824307
"##############
###   .     ##
### @##  ## ##
# $ $## ######
#  # ### # ###
# ## ## .  ###
#  #$$ # #   #
# ##.$ ### . #
# .# # . #$# #
#            #
##############",14,11,6,0,"easy_negative",18313420193544328247
"###########
#   ####  #
# $ $ ## .#
# $$   # .#
###  #    #
### .# # @#
#    # ##.#
## #  ##  #
#     ##  #
## # ###  #
###########",11,11,4,0,"easy_negative",3977455864226106020
"##############
#   ###      #
##    #  # # #
####.   ##   #
#  $  #  . # #
#.#  ## #  # #
# $ $ #    # #
#     $   #  #
####.#. #$#  #
#         #  #
##     # #.  #
### ## $  @  #
##  ## # #   #
##############",14,14,6,1,"positive",3777351185467824307
"###########
#   . ##  #
####$ ### #
# $ $ ##  #
# $ #  #@##
# #.##  $.#
#.  # .# ##
###########",11,8,5,0,"easy_negative",8029955210836195218
"##############
#   ###      #
##    #  # # #
####    ##   #
#  $  #  . # #
#.#  ## #  # #
# $.$ #    # #
#     $   #  #
####.#. #$#  #
#         #  #
##     # #.  #
### ## $  @  #
##  ## # #   #
##############",14,14,6,1,"positive",3777351185467824307
"###########
# . ###   #
# #  # $# #
#         #
#   #######
# ##      #
# ##   .  #
#  ### # ##
# ####  $ #
#  #   # ##
#  $ #$#  #
#  . # #  #
####.#@## #
###########",11,14,4,0,"easy_negative",3048616575561592552
"###########
##    #   #
## .  #@###
##   ## ###
###. ##   #
##.#  # # #
# $#$ $.$ #
#.    $$. #
### ##$ # #
### ## .  #
###########",11,11,7,1,"positive",11944933535879337441
"###########
#.#  ## ###
# #$ ##  ##
# #$$.    #
#.     ## #
###  # ##@#
###   $   #
#.  .$   ##
# ##### $##
# ### #  ##
#   #    ##
##  # # ###
### ### .##
###########",11,14,6,0,"easy_negative",10560054022415407534
"###########
##    #   #
## .  #@###
##   ## ###
###. ##   #
##.#  # # #
# $#$ $.$ #
#.    $$. #
### ##$ # #
### ##  . #
###########",11,11,7,1,"positive",11944933535879337441
"###########
##    #   #
## .  #@###
##   ##$###
###. ##   #
##.#  # # #
# $#  $.$ #
#.    $$. #
### ##$ # #
### ##  . #
###########",11,11,7,0,"hard_negative",11944933535879337441
"##############
##     ### . #
## $##   # # #
## $##. ##  @#
#     #      #
# # . #$$  . #
#   $ #   ####
# ##..##### ##
# ##  ## #   #
# .   #  ## ##
## #$## ##   #
#  $ ##  #   #
## #         #
##############",14,14,7,0,"easy_negative",11044909933192762761
"###########
##    #   #
## .  # ###
##   ##@###
###. ##   #
##.#  # # #
# $#$ $.$ #
#.    $$. #
### ##$ # #
### ##  . #
###########",11,11,7,1,"positive",11944933535879337441
"###########
##    #   #
## .  # ###
##  @## ###
###. ##   #
##.#  # # #
# $#$ $.$ #
#.    $$. #
### ##$ # #
### ##  . #
###########",11,11,7,0,"hard_negative",11944933535879337441
"##############
## #         #
#       ## # #
##.####.##@. #
#   ### ######
#### $   ##  #
#  $  .      #
#### ###$# # #
# $  #    $# #
#    ###.# # #
##############",14,11,5,0,"easy_negative",10315959303079565733
"###########
##    #   #
## .  # ###
##   ## ###
###. ##   #
##.#  # # #
# $#$ $.$ #
#.    $$. #
### ##$ # #
### ## @. #
###########",11,11,7,1,"positive",11944933535879337441
"###########
##    #   #
## .  # ###
##   ## ###
###  ##   #
##.#  # # #
# $#$ $.$ #
#.  . $$. #
### ##$ # #
### ## @. #
###########",11,11,7,1,"positive",11944933535879337441
"##############
# ##   #@## ##
# ####     $ #
#   ##.# ##$##
## #         #
#   $# ### ###
##$#   # #$###
#.  $    .   #
# #  # .#  # #
#        . . #
##############",14,11,6,0,"easy_negative",16657477489560755285
"########
#     ##
# # .$##
#    $##
# ### ##
##  $  #
###.#.##
## .@$ #
##   # #
##$  . #
#.$ # ##
#  #   #
##### ##
########",8,14,6,0,"easy_negative",15989419120432443631
"########
####  ##
#     ##
#.    ##
# #    #
# # $# #
# #    #
# $ .  #
#.#  # #
#   .  #
#  #$$ #
#  #   #
# @#####
########",8,14,4,1,"positive",8504520760186964121
"########
####  ##
#     ##
#.    ##
# #    #
# # $# #
# # .  #
# $ .  #
# #  # #
#   .  #
#  #$$ #
#  #   #
# @#####
########",8,14,4,1,"positive",8504520760186964121
"########
####  ##
#     ##
#.    ##
# #    #
# # $# #
# # .  #
# $ .  #
# #  # #
#   . @#
#  #$$ #
#  #   #
#  #####
########",8,14,4,1,"positive",8504520760186964121
"########
####  ##
#     ##
#.$   ##
# #    #
# # $# #
# # .  #
# $ .  #
# #  # #
#   . @#
#  #$  #
#  #   #
#  #####
########",8,14,4,1,"positive",8504520760186964121
"########
####  ##
#     ##
#.$   ##
# #  . #
# # $# #
# # .  #
# $    #
# #  # #
#   . @#
#  #$  #
#  #   #
#  #####
########",8,14,4,1,"positive",8504520760186964121
"###########
##    .#  #
### #### .#
##   $ #@ #
##   $ ## #
### ##### #
## $      #
###  .    #
## $  # .##
#### ######
###########",11,11,4,0,"easy_negative",7962794370588219207
"########
##  # ##
### .  #
##  # ##
## $####
##$ $ ##
##   ###
#  ..###
#.#$ @##
# $ ####
#    $.#
#  .#  #
###### #
########",8,14,6,0,"easy_negative",7584550859352994189
"########
### .  #
## $ ###
# $. ###
####$$.#
#   .  #
# $ ####
#  @ ###
# ## ###
# ## . #
########",8,11,5,0,"easy_negative",18225183867819551910
"##############
##  ##  ## ###
##  # #$ # ###
##$   #  $$  #
#   ## .  ## #
### #   # ## #
###      @   #
###. ##  .   #
###$  ########
#    ..      #
##############",14,11,5,0,"easy_negative",15813822106886767031
"###########
#    ######
# $   # # #
# ..## $$ #
# ## .#$###
# ## ##  ##
#   $ #  ##
# #  #  # #
#### #  # #
# #. # $# #
#   # #   #
# #@  $.# #
# ..# #   #
###########",11,14,7,0,"easy_negative",2371961877099692855
"##############
##     ## ####
##   # #   #.#
##     # $   #
#   # #  $ . #
#       #$ #.#
#   # #      #
##  ##  .#####
##  ##   ## ##
##      $#  ##
###  # # #  ##
###  #     ###
#@   # # #  ##
##############",14,14,4,1,"positive",2835904280597918277
"###########
#   ###  ##
## . # $.##
###.$   ###
#   #######
# ##  .  ##
# ## $.$###
#  # ##   #
# ###  ## #
#  ### ## #
#.@$ $ ## #
#.$$## ##.#
#   ##    #
###########",11,14,8,0,"easy_negative",14957126212761682452
"##############
##     ## ####
##  @# #   #.#
##     # $   #
#   # #  $ . #
#       #$ #.#
#   # #      #
##  ##  .#####
##  ##   ## ##
##      $#  ##
###  # # #  ##
###  #     ###
#    # # #  ##
##############",14,14,4,1,"positive",2835904280597918277
"###########
###.  # @##
## $  #..##
## $$ #  ##
## ## #   #
####    # #
#   # #   #
#      #$##
# ## ##   #
# ## ###.##
###########",11,11,4,0,"easy_negative",5145259147201547126
"##############
#   .   ##   #
#   # .$##$  #
#   ##   @   #
## #  $   # ##
#    $$##$ . #
## # ..##.# ##
##############",14,8,6,1,"positive",4335112808620481471
"##############
#      ###   #
# #$ #  $   ##
#  . $  . ####
#  $####.##.##
# #$. # $ .@ #
#      # ## ##
##############",14,8,6,0,"easy_negative",17176234015627861477
"##############
#   .   ##   #
#   # .$##$  #
#   ##$  @   #
## #  $   # ##
#    $$##  . #
## # ..##.# ##
##############",14,8,6,0,"hard_negative",4335112808620481471
"##############
#   .   ##   #
#   # .$##$ .#
#   ##   @   #
## #  $   # ##
#    $$##$ . #
## # . ##.# ##
##############",14,8,6,1,"positive",4335112808620481471
"##############
####  .##    #
# # ##.#  $ .#
#   ##$  .####
#   @  $$$ $ #
#  ### #   . #
###### ### $ #
## .# #   ## #
###   $ # ## #
##. # #     .#
##############",14,11,8,0,"easy_negative",3086705065633219782
"##############
#   .   ## @ #
#   # .$##$ .#
#   ##       #
## #  $   # ##
#    $$##$ . #
## # . ##.# ##
##############",14,8,6,1,"positive",4335112808620481471
"##############
#   .   ## @ #
#   # .$##$ .#
# $ ##       #
## #  $   # ##
#    $$##  . #
## # . ##.# ##
##############",14,8,6,0,"hard_negative",4335112808620481471
"###########
# #  ###  #
#.# # ##  #
# # #$ #  #
#  .  $## #
#  # # #  #
####$ $@  #
# .  #$#. #
##   #$#  #
#### #.#. #
###########",11,11,6,0,"easy_negative",1082440321563419496
"##############
##     ## ####
##  @# #   # #
##     # $   #
#   # #  $ . #
#       #$ #.#
#.  # #      #
##  ##  .#####
##  ##   ## ##
##      $#  ##
###  # # #  ##
###  #     ###
#    # # #  ##
##############",14,14,4,1,"positive",2835904280597918277
"##############
#   .   ## @ #
#   # .*##$ .#
#   ##       #
## #  $   # ##
#    $$##$   #
## # . ##.# ##
##############",14,8,6,1,"positive",4335112808620481471
"##############
#   .   ## @ #
#   # .*##$ .#
#   ##       #
## #  $   # ##
#  $ $$##    #
## # . ##.# ##
##############",14,8,6,0,"hard_negative",4335112808620481471
"##############
#       ## @ #
#   # .*##$ .#
#   ##   .   #
## #  $   # ##
#    $$##$   #
## # . ##.# ##
##############",14,8,6,1,"positive",4335112808620481471
"########
#  ### #
# #### #
#. #   #
# $@$..#
# #### #
# #### #
# # $  #
####$. #
# # $$ #
#   #  #
# $.## #
# ..#  #
########",8,14,7,0,"easy_negative",5046712690127942566
"########
###  . #
##@ ####
##$    #
# .$####
# $ # .#
#.$. $ #
#.#$## #
# # # ##
# #   ##
########",8,11,6,0,"easy_negative",14387106923279895673
"###########
#   # #   #
# # .$ .# #
# $ #.#   #
#   #  # ##
##  # #   #
###  ### ##
#### $ # ##
# #   $ @ #
#     .# ##
###########",11,11,4,0,"easy_negative",16286545007799633233
"##############
##     ## ####
##  @# #   # #
##     # $   #
#   # #  $ . #
#       #$ #.#
#.  # #      #
##  ##   #####
##  ##   ## ##
##      $#  ##
###  # #.#  ##
###  #     ###
#    # # #  ##
##############",14,14,4,1,"positive",2835904280597918277
"###########
#.  .##   #
####$## #.#
#   @     #
#### #    #
## # #  # #
#  # #   .#
##$##### ##
#    #    #
## #   # ##
# $##     #
# $### ####
#  ##     #
###########",11,14,4,0,"easy_negative",9615563858576452164
"##############
##     ## ####
##   # #   # #
##     # $   #
#   # #  $ . #
#       #$ #.#
#.  # #      #
##  ## @ #####
##  ##   ## ##
##      $#  ##
###  # #.#  ##
###  #     ###
#    # # #  ##
##############",14,14,4,1,"positive",2835904280597918277
"########
## #####
#  $$ ##
##.#.$ #
#  . $ #
# # ##.#
#@  ## #
#.$  $ #
# # ##.#
#   ## #
########",8,11,6,0,"easy_negative",16085655807865356444
"########
# ######
# ##  ##
#.   $ #
# #    #
#.#$ ###
#@#  ###
# . $  #
#  $ # #
####.  #
########",8,11,4,1,"positive",14817929170286309514
"########
# ######
# ## .##
#    $ #
# #    #
#.#$ ###
#@#  ###
# . $  #
#  $ # #
####.  #
########",8,11,4,1,"positive",14817929170286309514
"########
# ######
# ## .##
#    $ #
# #    #
#.#$ ###
#@#  ###
# . $  #
# $  # #
####.  #
########",8,11,4,1,"positive",14817929170286309514
"###########
## #      #
#..  ##   #
## # ##   #
## # ## ###
#### #   ##
#   $#### #
# $$@  ## #
#  # #  # #
#### $ ## #
## . #    #
###$### #.#
##   #   .#
###########",11,14,5,0,"easy_negative",9441374651734529205
"########
#   # ##
# $    #
#####.##
# ##.. #
# ## # #
# $$$$ #
##@$## #
##. # .#
##   ###
# $#$.##
##.# .##
###   ##
########",8,14,8,0,"easy_negative",3118733162130670002
"########
# ######
# ## .##
#    $ #
# #    #
#.#$ ###
#@#  ###
# . $  #
# $  # #
#### . #
########",8,11,4,0,"hard_negative",14817929170286309514
"########
# ######
# ## .##
# .  $ #
# #    #
#.#$ ###
#@#  ###
# . $  #
# $  # #
####   #
########",8,11,4,1,"positive",14817929170286309514
"########
# ######
# ## .##
# .  $ #
# #    #
#.#  ###
#@#  ###
# * $  #
# $  # #
####   #
########",8,11,4,1,"positive",14817929170286309514
"##############
#  .      ####
# ##$ $ #    #
# ##.. ### $ #
#  .#$$  .#. #
#   # $@# ## #
#####     #  #
##############",14,8,6,0,"easy_negative",1653184022395700240
"########
###. ###
###$. ##
# .$####
#. $$.##
##  . ##
####$ ##
###@$ .#
###$$###
#   .###
########",8,11,8,0,"easy_negative",18441247074883808991
"###########
##### . . #
#  ### ####
# ### $   #
# $.@    ##
#. $$#   ##
####    ###
###########",11,8,4,0,"easy_negative",11979002273288706297
"########
#     ##
#  # $##
####  ##
#  $@  #
#  .  .#
#.$ ####
##   ###
## $ ###
##    .#
########",8,11,4,1,"positive",16740733509418461995
"########
#     ##
#  # $##
####  ##
# $$@  #
#  .  .#
#.$ ####
##   ###
##   ###
##    .#
########",8,11,4,0,"hard_negative",16740733509418461995
"########
#     ##
#  # $##
####$ ##
#   @  #
#  .  .#
#.$ ####
##   ###
## $ ###
##    .#
########",8,11,4,0,"hard_negative",16740733509418461995
"########
#     ##
#  # $##
#### $##
#  $@  #
#  .  .#
#.$ ####
##   ###
##   ###
##    .#
########",8,11,4,0,"hard_negative",16740733509418461995
"########
#   @ ##
#  # $##
####  ##
#  $   #
#  .  .#
#.$ ####
##   ###
## $ ###
##    .#
########",8,11,4,1,"positive",16740733509418461995
"########
#     ##
#  # $##
####  ##
#  $   #
#  .  .#
#.$ ####
##@  ###
## $ ###
##    .#
########",8,11,4,1,"positive",16740733509418461995
"########
#     ##
#. # $##
####  ##
#  $   #
#     .#
#.$ ####
##@  ###
## $ ###
##    .#
########",8,11,4,0,"hard_negative",16740733509418461995
"########
#  @  ##
#  # $##
####  ##
#  $   #
#  .  .#
#.$ ####
##   ###
## $ ###
##    .#
########",8,11,4,1,"positive",16740733509418461995
"########
#  @  ##
#  #  ##
####$ ##
#  $   #
#  .  .#
#.$ ####
##   ###
## $ ###
##    .#
########",8,11,4,1,"positive",16740733509418461995
"##############
#   ###  . . #
#     $  #$#.#
#### $  ##  .#
######  . # ##
#@# #  .  $  #
#      ####.##
####$#####  ##
## # ## $ $$##
##        . ##
##############",14,11,8,0,"easy_negative",5182373892041988975
"###########
###########
# .#     ##
#.      ###
###    # ##
##   #$   #
#     $# ##
###  .$$  #
##   ### @#
#    #### #
# ## ##   #
#. # ## # #
#         #
###########",11,14,4,0,"easy_negative",15361709207365494412
"##############
######## # # #
##  #.    $#.#
#   ## # # #@#
##$######  $ #
#    # ## $# #
##.#   $$   .#
####  $# ##. #
##   # ####. #
###       #. #
##############",14,11,7,0,"easy_negative",16904398313011520849
"###########
#.##.#  ###
# ## # $###
#    #    #
# # $  #. #
# # $# #  #
#.#  $.#  #
## # ## $ #
#   # @## #
## ### ## #
#  .$     #
#    # ####
####      #
###########",11,14,6,0,"easy_negative",2318054417746237415
"########
#     ##
# #$$ ##
#.$$$ ##
#.##. ##
# @#$###
#. .. ##
########",8,8,6,0,"easy_negative",6542885994226926919
"########
#   ####
#    $ #
#    . #
# #  ###
#### ###
# # $  #
#  ..  #
#    #@#
#### $ #
# . $  #
#   ## #
#   ## #
########",8,14,4,1,"positive",13903449568561691836
"##############
########    ##
#@    ###   ##
# $ .  # $. ##
#  # #    .###
#  # #$ #  ###
#  # #   . $ #
# #### ##$##.#
#. ##  ##$#  #
#          ###
##############",14,11,6,0,"easy_negative",1450744328944580951
"########
#.  ####
#    $ #
#      #
# #  ###
#### ###
# # $  #
#  ..  #
#    #@#
#### $ #
# . $  #
#   ## #
#   ## #
########",8,14,4,1,"positive",13903449568561691836
"########
#   ####
#    $ #
#      #
# #  ###
####.###
# # $  #
#  ..  #
#    #@#
#### $ #
# . $  #
#   ## #
#   ## #
########",8,14,4,1,"positive",13903449568561691836
"########
#   ####
#    $ #
#      #
# #  ###
####.###
# # $  #
#  ..  #
#    # #
#### $ #
# . $  #
#   ## #
#  @## #
########",8,14,4,1,"positive",13903449568561691836
"########
#   ####
#      #
#      #
# #  ###
####.###
# # $$ #
#  ..  #
#    # #
#### $ #
# . $  #
#   ## #
#  @## #
########",8,14,4,1,"positive",13903449568561691836
"##############
#.  # ## #  ##
# #   .$ $  ##
#   # ## # ###
# ##   ### $ #
#@#  #  #  ###
# #####$ . ###
####  $     .#
#  $..# #$$# #
#  . ## .    #
##############",14,11,8,0,"easy_negative",13221175103246658413
"##############
#    .# . ####
# # # #   # ##
#   ###     ##
## ## ###    #
#      ## ####
##.##.#      #
#      $  # ##
#  #     $ $ #
# ##   #### ##
# $ ## # #   #
#   #     #@ #
#      # ### #
##############",14,14,4,0,"easy_negative",6649962431038639153
"##############
# ###  ##    #
# ####$# #$# #
#   # $  #   #
# .#   #  $  #
#  #  ###.## #
#  # ###  ## #
#   #####    #
#      #  ####
####   #     #
#      # #####
#   #  . . #@#
#   #### #   #
##############",14,14,4,0,"easy_negative",795866139404744830
"########
# ##  .#
# ##$$@#
#..$$$ #
# ##$###
#.##  ##
#. .####
########",8,8,6,0,"easy_negative",4294398793931440402
"##############
#.           #
#    $     # #
########## $ #
#  .  .   $  #
#  #    #   ##
# #####$ .####
###        ###
##  ##  #   ##
#   ##  @ ####
##############",14,11,4,1,"positive",4272697888282117924
"###########
# @    ##.#
### # $## #
### ##  ..#
#### $..$ #
#    ## # #
#   $##   #
# ## ##$ ##
# #  #  ###
# ##$##. ##
#   $ ##  #
###  #### #
### . ##  #
###########",11,14,7,0,"easy_negative",11161041205047354300
"##############
#.           #
#          # #
########## $ #
#  .  . $ $  #
#  #    #   ##
# #####$ .####
###        ###
##  ##  #   ##
#   ##  @ ####
##############",14,11,4,1,"positive",4272697888282117924
"###########
##     ####
###$##. # #
##  ##  ..#
## ## $   #
# . # $ ###
##$##.  ###
#   # # ###
# # .# $###
#   ### @ #
###$   ## #
### $ ##  #
#   .##   #
###########",11,14,7,0,"easy_negative",11639085362505933567
"##############
#.           #
#        @ # #
########## $ #
#  .  . $ $  #
#  #    #   ##
# #####$ .####
###        ###
##  ##  #   ##
#   ##    ####
##############",14,11,4,1,"positive",4272697888282117924
"##############
#.           #
#        @$# #
########## $ #
#  .  .   $  #
#  #    #   ##
# #####$ .####
###        ###
##  ##  #   ##
#   ##    ####
##############",14,11,4,1,"positive",4272697888282117924
"##############
###### ###   #
#.# #  $ # #.#
#          . #
# #    ##.   #
########  ## #
# #      $## #
# ##    $ ## #
#  # # ##### #
#   $ @      #
#   # ## #   #
###  #    ## #
### #### ### #
##############",14,14,4,0,"easy_negative",14438324011249348268
"##############
#.           #
#         $# #
##########@$ #
#  .  .   $  #
#  #    #   ##
# #####$ .####
###        ###
##  ##  #   ##
#   ##    ####
##############",14,11,4,1,"positive",4272697888282117924
"########
###  ###
###$$ ##
# $@$ ##
#.$## ##
#  #####
#  #   #
#  #.  #
# .# # #
# $#.. #
#.$$   #
#. #.  #
# ######
########",8,14,8,0,"easy_negative",5580083392319695426
"########
#. . . #
#  $####
#.$$ $ #
# #.#$ #
# #.#. #
# #$## #
# $ ####
#  $ # #
#   .@ #
########",8,11,8,0,"easy_negative",8286247216989139824
"###########
#   @ #####
# #  ##.# #
# $   #   #
#.$      ##
# # ###.###
#  $     ##
#.     $  #
# .# #$####
####      #
###########",11,11,5,1,"positive",5681569424317262876
"###########
##      . #
##   #  # #
##        #
###  #$$  #
## # # ####
#  #$#    #
##   .#   #
## @ ## # #
##  $ #####
#  #      #
#. ###  ###
#.####  ###
###########",11,14,4,0,"easy_negative",7493401743409632330
"##############
#        .####
# ## $ ####  #
# ##.        #
#  ###$      #
#  ###  # ####
#  #    $  . #
# #       $  #
# # #@  #### #
# # ##. #### #
##############",14,11,4,1,"positive",12060683475107268737
"##############
#        .####
# ## $ ####  #
# ##.        #
#  ###$      #
#  ###  #@####
#  #    $  . #
# #       $  #
# # #   #### #
# # ##. #### #
##############",14,11,4,1,"positive",12060683475107268737
"##############
#        .####
# ## $ ####  #
# ##.        #
#  ###$      #
#  ###  # ####
#  #    $  . #
# #       $  #
# # #   #### #
# # ##+ #### #
##############",14,11,4,1,"positive",12060683475107268737
"##############
#        .####
# ## $ ####  #
# ##.        #
#  ###$   $  #
#  ###  # ####
#  #       . #
# #       $  #
# # #   #### #
# # ##+ #### #
##############",14,11,4,1,"positive",12060683475107268737
"##############
####  #      #
# #  ## $.   #
#   $ #  .####
# $ #$. #.@###
#  ##  ###  ##
#####   #  .##
#  . $ #     #
#   ##$#   ###
#   ## #   ###
##############",14,11,6,0,"easy_negative",8207424916863876914
"##############
#        .####
# ## $ ####  #
# ##. $      #
#  ###    $  #
#  ###  # ####
#  #       . #
# #       $  #
# # #   #### #
# # ##+ #### #
##############",14,11,4,1,"positive",12060683475107268737
"###########
## #   ## #
# $ $#$# @#
## #$.. $ #
#  $ ##.  #
###  ## ###
###..  .###
###########",11,8,6,0,"easy_negative",6330492855115051564
"########
#  . # #
## .$# #
###$$# #
# .$   #
#.$$## #
#.. ## #
## #   #
# . @$ #
## #####
########",8,11,7,0,"easy_negative",14157645283048261788
"###########
#.  ###   #
# #@ #  # #
#    $ ####
# # # ## ##
####      #
# # #.##$##
#   #.#. .#
#.#  $ ####
#   #$#   #
#   $$ ## #
###$## ##.#
### ##    #
###########",11,14,7,0,"easy_negative",6982899963578374032
"###########
#     #####
# #  ##.# #
# $   #   #
#.$      ##
#@# ###.###
#  $     ##
#.     $  #
# .# #$####
####      #
###########",11,11,5,1,"positive",5681569424317262876
"###########
#     #####
# #  ## # #
# $   #   #
#.$      ##
#@# ###.###
#  $   . ##
#.     $  #
# .# #$####
####      #
###########",11,11,5,1,"positive",5681569424317262876
"##############
# #   #    ###
# #$$ # #  ###
# #   #      #
# $$ #  #   ##
#    #$###  ##
#### #. #.  ##
#    .. $@## #
#### #  # ## #
#  . .       #
##############",14,11,6,0,"easy_negative",6814220376320949456
"########
###  ###
##  $###
##   $ #
## ## ##
#..  . #
##$## ##
#   ##.#
#.  ## #
#  $ . #
##$@ $##
## #  ##
####  ##
########",8,14,6,0,"easy_negative",5392820189394609279
"########
#  ..  #
##.@ ###
###$ ###
#  $ $ #
#.$$.###
#### ###
########",8,8,5,0,"easy_negative",17455043976002864118
"###########
##.       #
##   #. # #
## $..$$  #
#  #   ## #
#  ###$## #
# ####@   #
###########",11,8,4,1,"positive",9590007467469447397
"##############
#    #  ##  ##
#.# ### ## ###
#  @ # $$$  ##
# $       $. #
#.### $ ##   #
# ####  ######
###  $ ##.   #
##  ## ## #  #
## .##    ## #
##########.  #
## $    .   ##
#         .###
##############",14,14,8,0,"easy_negative",10074768284785385684
"###########
##.       #
##   #  # #
## $..$$  #
#  # . ## #
#  ###$## #
# ####@   #
###########",11,8,4,0,"hard_negative",9590007467469447397
"###########
##        #
##   #. # #
## $..$$  #
#. #   ## #
#  ###$## #
# ####@   #
###########",11,8,4,0,"hard_negative",9590007467469447397
"###########
##.       #
##   #  # #
## $..$$  #
#  # . ## #
#  ###$## #
# ####@   #
###########",11,8,4,0,"hard_negative",9590007467469447397
"###########
##.       #
##   #  # #
## $..$$ .#
#  #   ## #
#  ###$## #
# ####@   #
###########",11,8,4,1,"positive",9590007467469447397
"###########
##.       #
##   #  # #
## $..$$$.#
#  #   ## #
#  ### ## #
# ####@   #
###########",11,8,4,0,"hard_negative",9590007467469447397
"###########
##        #
##   #  # #
## $..$$ .#
#  #   ## #
#  ###$## #
# ####@ . #
###########",11,8,4,0,"hard_negative",9590007467469447397
"###########
##.       #
##   #  # #
## $..$$ .#
#  # @ ## #
#  ###$## #
# ####    #
###########",11,8,4,1,"positive",9590007467469447397
"###########
##.       #
##   #  # #
## $.* $ .#
#  # @ ## #
#  ###$## #
# ####    #
###########",11,8,4,1,"positive",9590007467469447397
"###########
##.       #
##   #  # #
## $**   .#
#  # @ ## #
#  ###$## #
# ####    #
###########",11,8,4,1,"positive",9590007467469447397
"########
### ## #
###$#  #
#  .   #
#### ###
#@.. ###
#  $$  #
##.##$##
#.$  $ #
## ##.##
########",8,11,6,0,"easy_negative",10391520585113860486
"########
#   ####
##.@$ ##
###  $ #
# $$   #
#.# .# #
#   ####
#   #.##
# #.$ .#
#  $# ##
# $    #
### ####
###  . #
########",8,14,7,0,"easy_negative",9010380537336466432
"##############
##   #  . ####
###  #  # @# #
## $ #       #
#.##    #    #
# .# # ###  ##
# $     # .###
#       ## ###
# #$ ### #$###
#    ###     #
##############",14,11,4,0,"easy_negative",18046395736699653288
"###########
#### ### ##
#     # ..#
#..$####$##
#  $ @$$$.#
#.#.##$$# #
#   ##.   #
###########",11,8,8,0,"easy_negative",7465870861022499055
"###########
#     #####
# #  ## # #
# $   #   #
#.$ $    ##
#@# ###.###
#  $   . ##
#.        #
# .# #$####
####      #
###########",11,11,5,1,"positive",5681569424317262876
"###########
##   #    #
##$$### ###
##   #  ###
#.        #
#.#  #    #
#   ###   #
### ####  #
##     #  #
#      #  #
####.$$   #
#   @###  #
#.   #### #
###########",11,14,4,0,"easy_negative",3838921998747940512
"###########
#     #####
# # .## # #
# $   #   #
# $ $    ##
#@# ###.###
#  $   . ##
#.        #
# .# #$####
####      #
###########",11,11,5,1,"positive",5681569424317262876
"##############
##     # #   #
## #      .# #
####  .# #####
######$# # ###
# # #       ##
#      # ### #
# ######$#   #
## #  #  $   #
##   ### #  .#
## #       # #
#      .#@$# #
## #   ### # #
##############",14,14,4,0,"easy_negative",9470052197030670522
"########
## .## #
## $#  #
##     #
#  $ ..#
##. $# #
###  $ #
####$  #
##@  # #
### .  #
## ## ##
#      #
## ## ##
########",8,14,5,1,"positive",10623940670304564227
"########
## .## #
## $#  #
##$    #
#  $ ..#
##. $# #
###    #
####$  #
##@  # #
### .  #
## ## ##
#      #
## ## ##
########",8,14,5,1,"positive",10623940670304564227
"########
## .## #
## $#  #
##$    #
#  $ ..#
##. $# #
###    #
####$  #
##   #@#
### .  #
## ## ##
#      #
## ## ##
########",8,14,5,1,"positive",10623940670304564227
"########
## .## #
## $#  #
##$$   #
#    ..#
##. $# #
###    #
####$  #
##   #@#
### .  #
## ## ##
#      #
## ## ##
########",8,14,5,0,"hard_negative",10623940670304564227
"########
## .## #
## $#  #
##$    #
#  $@..#
##. $# #
###    #
####$  #
##   # #
### .  #
## ## ##
#      #
## ## ##
########",8,14,5,1,"positive",10623940670304564227
"########
## .## #
## $#  #
##$ @  #
#  $ ..#
##. $# #
###    #
####$  #
##   # #
### .  #
## ## ##
#      #
## ## ##
########",8,14,5,1,"positive",10623940670304564227
"##############
## .       ###
### #   # #  #
##  ###   ## #
##  ##  .  $ #
##   .# ## # #
## $ ## ##$  #
#@    . $$   #
# #  #   .$# #
#  .   ### $ #
#.  ### $  # #
# ##   ### # #
# ## .     # #
##############",14,14,8,0,"easy_negative",4461603117540187723
"########
#### #.#
#  .$# #
#    # #
## #$ .#
#### # #
#      #
# # @ ##
####$###
# #   ##
#  $####
#   # ##
#    .##
########",8,14,4,0,"easy_negative",9431777992708621686
"########
#  .####
# #. # #
# $. $ #
##$#$###
# .$@.##
## #   #
########",8,8,5,0,"easy_negative",2099755669425877206
"##############
### ##  ######
##  #  $###  #
##     @  .  #
## #  #.## # #
### .###. ####
## #  ###  # #
#  ##$   .   #
#  ##  ##$$# #
#  ##  ##$$$ #
## $ .   .####
##  # . #  # #
##  ###      #
##############",14,14,8,0,"easy_negative",9177479383058613955
"########
# #### #
# ####.#
#.$ $@ #
####$  #
## $ #.#
#  .   #
########",8,8,4,0,"easy_negative",8475024668839808678
"########
#  # ###
# $# ###
#  #.  #
# .   .#
# ## # #
# ##   #
####.$ #
# $ @# #
#    $ #
##   ###
###   ##
##  ####
########",8,14,4,1,"positive",6423132634308329212
"###########
#  #.     #
#  # # .# #
#  #  @   #
## # # # ##
# $  # ####
## # #    #
## ### $  #
# $ # $ ###
## ##   ###
## #     .#
#    # ####
## #     .#
###########",11,14,4,0,"easy_negative",4402610153118162813
"########
#  # ###
# $# ###
#  #   #
# .   .#
# ## # #
# ##.  #
####.$ #
# $ @# #
#    $ #
##   ###
###   ##
##  ####
########",8,14,4,1,"positive",6423132634308329212
"##############
#       . # @#
# # #####$#  #
##### ### ##.#
###    .$    #
##   # #  ## #
# ## $ ##### #
#   $     ## #
# ## #  # #  #
# ##.     ####
##############",14,11,4,0,"easy_negative",6646643554720715518
"########
#  # ###
# $# ###
#  #   #
# .   .#
# ##$# #
# ##.  #
####.$ #
#   @# #
#    $ #
##   ###
###   ##
##  ####
########",8,14,4,1,"positive",6423132634308329212
"########
#  # ###
# *# ###
#  #   #
# .   .#
# ##$# #
# ##.  #
#### $ #
#   @# #
#    $ #
##   ###
###   ##
##  ####
########",8,14,4,1,"positive",6423132634308329212
"########
#  # ###
# *#@###
#  #   #
# .   .#
# ##$# #
# ##.  #
#### $ #
#    # #
#    $ #
##   ###
###   ##
##  ####
########",8,14,4,1,"positive",6423132634308329212
"###########
##.###    #
# . #   # #
##$# $$   #
# @   $   #
#  .# $####
#   ##.  .#
###########",11,8,5,0,"easy_negative",4715643578587388427
"###########
### ## # ##
###.##$.$.#
# . $ $# ##
# .$$  $.##
#  @###$ ##
#### . . ##
###########",11,8,8,0,"easy_negative",616437742079673549
"##############
##@# #     . #
#. $ #  #$ #.#
## #.# $$$.$ #
## #   # #$# #
# $ .#  .. # #
## #   # # # #
##############",14,8,8,0,"easy_negative",4829301224447345510
"########
###   ##
## . ###
#@ .  ##
##$ $  #
##  ## #
##  ## #
#  $####
#.#    #
#.$  $ #
#    ###
# #.$###
#    . #
########",8,14,6,1,"positive",4392264213123186648
"##############
#   # ### . ##
# #$   # $ .##
# $ # #. $  ##
#   $$    # ##
## $ ## #@. .#
###  ## . #.##
##############",14,8,7,0,"easy_negative",8406765177533568100
"########
###   ##
## . ###
#  .  ##
##$ $  #
##  ## #
##  ## #
#  $####
#.#    #
#+$  $ #
#    ###
# #.$###
#    . #
########",8,14,6,1,"positive",4392264213123186648
"##############
#   ###  @## #
# #  #   .#  #
#   . $      #
# ##### ##$  #
## #     #$# #
##    $  #   #
#    ###.#####
#  # ## $.  ##
# ## . # #   #
##############",14,11,5,0,"easy_negative",16383936454340494720
"########
###   ##
## . ###
#  .  ##
##$ $  #
##  ## #
##  ## #
#  $####
#.# $  #
#+   $ #
#    ###
# #.$###
#    . #
########",8,14,6,0,"hard_negative",4392264213123186648
"########
###   ##
## . ###
#  .  ##
##$ $  #
##  ## #
##  ## #
# .$####
#.#    #
#+$  $ #
#    ###
# # $###
#    . #
########",8,14,6,1,"positive",4392264213123186648
"###########
#   @### ##
#### ##   #
#.     # ##
#   #     #
#   # $####
##### $# ##
#   ##.   #
# # #    ##
#  .    ###
#  $###$  #
# #      .#
####   ####
###########",11,14,4,0,"easy_negative",3616668508382996966
"########
###   ##
##   ###
#  .  ##
##$ $  #
##  ## #
##  ## #
# .$####
#.# .  #
#+$  $ #
#    ###
# # $###
#    . #
########",8,14,6,1,"positive",4392264213123186648
"########
###   ##
##   ###
#  .  ##
##$ $$ #
##  ## #
##  ## #
# .$####
#.# .  #
#+   $ #
#    ###
# # $###
#    . #
########",8,14,6,0,"hard_negative",4392264213123186648
"########
###   ##
## @ ###
#  .  ##
##$ $  #
##  ## #
##  ## #
# .$####
#.# .  #
#.$  $ #
#    ###
# # $###
#    . #
########",8,14,6,1,"positive",4392264213123186648
"##############
#    ##   ## #
#### ## #$ # #
## #      ## #
## #         #
# $  ## #$ # #
## # ## $    #
## # .# @ ## #
# $  ## #  # #
## #. ###### #
#  .#.## # ###
# .        ###
##### ## #   #
##############",14,14,5,0,"easy_negative",11312494097387440703
"###########
########.##
#    # .  #
# .  $.#$##
#.$ ####$ #
#  # # #  #
# ##   ## #
#  # $$$  #
#@ #   .###
#  ####.###
###########",11,11,7,0,"easy_negative",3707504993505529624
"########
#   @###
###  ###
###$ $.#
#   $###
#  $..##
#.  ####
########",8,8,4,1,"positive",16744252501406318613
"########
#   @###
###  ###
###$$ .#
#   $###
#  $..##
#.  ####
########",8,8,4,0,"hard_negative",16744252501406318613
"########
#   @###
###  ###
###$ $.#
#   $###
#. $..##
#   ####
########",8,8,4,1,"positive",16744252501406318613
"########
#   @###
###  ###
###$ $.#
#.  $###
#. $. ##
#   ####
########",8,8,4,0,"hard_negative",16744252501406318613
"########
#   @###
###  ###
###$.$.#
#   $###
#  $..##
#   ####
########",8,8,4,1,"positive",16744252501406318613
"########
#    ###
###  ###
###$.$.#
#@  $###
#  $..##
#   ####
########",8,8,4,1,"positive",16744252501406318613
"########
#    ###
###  ###
###$. .#
#@  $###
#  $*.##
#   ####
########",8,8,4,1,"positive",16744252501406318613
"###########
###.   ####
###$ # # ##
#      #..#
# ###### ##
# ###  $$ #
#   ##$#$##
# #   .#. #
########  #
#.#   .#  #
#     @$ ##
#.#  ##$$##
#    ##  ##
###########",11,14,8,0,"easy_negative",2409711997878021942
"##############
##  ## ##    #
##.$##. # ## #
## . $ ## ## #
##        ####
## $#   $   ##
##. ##@### ###
##############",14,8,4,0,"easy_negative",7856086854496866034
"##############
# .### # #####
#.####   $ .##
#  #   #$#$ .#
#    @$#$# $ #
#  .      #  #
########.#####
##############",14,8,6,0,"easy_negative",11911163395746157015
"########
### ####
##  .  #
# . $$ #
##@# $ #
#    ###
## #.###
########",8,8,3,1,"positive",12246272925354888475
"########
### ####
##  .  #
#   $$ #
##@# $ #
# .  ###
## #.###
########",8,8,3,1,"positive",12246272925354888475
"########
### ####
##     #
#   $$ #
##@# $ #
# .. ###
## #.###
########",8,8,3,0,"hard_negative",12246272925354888475
"########
### ####
##     #
#   $$ #
##@# $ #
# .. ###
## #.###
########",8,8,3,0,"hard_negative",12246272925354888475
"########
### ####
##  .  #
#   $$ #
##@# * #
# .  ###
## # ###
########",8,8,3,1,"positive",12246272925354888475
"########
### ####
##  .  #
#   $$ #
## # * #
# .  ###
##@# ###
########",8,8,3,1,"positive",12246272925354888475
"########
### ####
##. .  #
#   $$ #
## # * #
#    ###
##@# ###
########",8,8,3,1,"positive",12246272925354888475
"########
#  ..###
## $ ###
### $  #
## $####
### # ##
##  # .#
### # ##
### @$ #
# . # ##
########",8,11,4,0,"easy_negative",17368739271934326727
"########
### # ##
##.$$$.#
# . # ##
####  ##
## $.###
###$ .##
##@ ## #
## $## #
##  .  #
########",8,11,6,0,"easy_negative",17834144811946226937
"##############
##   ###### ##
##   .# $ .  #
##  ###   # ##
# #$ $ ###   #
# #  # .#  # #
# #$      .  #
#  @#$#    ###
#  #.  ###$###
#.### #      #
##############",14,11,6,0,"easy_negative",9353781287220790961
"###########
#      ## #
#  # $.## #
# ## .  $ #
### ### . #
###  .  ###
#  $$ $ ###
# ####   @#
#  ##     #
#  .#######
###########",11,11,5,0,"easy_negative",16275484881557825975
"###########
#   #### .#
# ## # #  #
# ##  $#  #
#.$  $  # #
#. ##  $# #
# #### .# #
#   # #.$ #
#  $   $@.#
#   # #.  #
###########",11,11,7,0,"easy_negative",1040194524972285422
"########
# ## ###
#.##$###
# .    #
#####$##
# # $  #
#  .#@##
########",8,8,3,0,"easy_negative",7332300754832753575
"###########
# ## . ####
#  #  .$ @#
#.$ $$ $  #
###$##.#  #
### ## #  #
#.     #. #
###########",11,8,6,0,"easy_negative",11107623551076510791
"########
####.###
## $ ###
# $  $ #
#    @ #
#  .#. #
###### #
########",8,8,3,1,"positive",10934295622046767447
"########
####.###
##@$ ###
# $  $ #
#      #
#  .#. #
###### #
########",8,8,3,1,"positive",10934295622046767447
"########
####.###
##@$ ###
# $. $ #
#      #
#  .#  #
###### #
########",8,8,3,1,"positive",10934295622046767447
"########
####.###
##@$ ###
#  . $ #
#    $ #
#  .#  #
###### #
########",8,8,3,0,"hard_negative",10934295622046767447
"########
####.###
##@  ###
# $. $ #
#  $   #
#  .#  #
###### #
########",8,8,3,1,"positive",10934295622046767447
"########
####.###
##@ $###
# $.   #
#  $   #
#  .#  #
###### #
########",8,8,3,1,"positive",10934295622046767447
"###########
###  #  ###
###.###$###
#    #  . #
###. ##$ ##
##.#  #  ##
# .# $  $##
#    # # ##
##.  #    #
#### # # ##
# $   @  ##
##     $ ##
### ###  ##
###########",11,14,6,0,"easy_negative",2734340861276598889
"###########
## # . ####
#     # . #
## #### $ #
#   $ ### #
#   # ### #
# $ ###  .#
### @$  # #
##    # # #
#######.# #
###########",11,11,4,0,"easy_negative",1630231321521062868
"##############
#   . .  .# ##
## @ #  #    #
### $  $$ # ##
##  $### #   #
## .  # $    #
##  ####.#####
##############",14,8,5,0,"easy_negative",1612023729969672840
"###########
# # #..   #
# #$##$ # #
# # # $$  #
# $ $..#..#
###  # ## #
###    # @#
###########",11,8,6,0,"easy_negative",4812070736559799386
"###########
#  .  . .##
#.##$#$$ ##
# ##@.  ###
# ## $ $ ##
#  ###$ .##
######   ##
###########",11,8,6,0,"easy_negative",2547759981226500367
"########
#.     #
#.#$@.##
#    ###
#. $$$ #
# #$ # #
#     .#
########",8,8,5,1,"positive",14012294301097199793
"########
#.  .  #
#.#$@.##
#    ###
#  $$$ #
# #$ # #
#     .#
########",8,8,5,1,"positive",14012294301097199793
"########
#.  .  #
#.#$ .##
#    ###
#  $$$ #
# #$ # #
#  @  .#
########",8,8,5,1,"positive",14012294301097199793
"########
#.  .  #
#.#$ .##
#.   ###
#  $$$ #
# #$ # #
#  @   #
########",8,8,5,1,"positive",14012294301097199793
"########
#.  .  #
#.#$ .##
#.@  ###
#  $$$ #
# #$ # #
#      #
########",8,8,5,1,"positive",14012294301097199793
"##############
### ##    ## #
##  # $    # #
#     .##### #
# .  $$   ## #
#.#$ @# # ##.#
#    ##      #
##############",14,8,4,0,"easy_negative",9226159541773582906
"###########
####   .  #
##   # #. #
###$$$$## #
# # ##  $ #
# # .#  # #
# # ## ####
#.    $ . #
#.#.@#  $ #
#      ####
###########",11,11,7,0,"easy_negative",16818302060501290320
"###########
#   .  ## #
# #.##$#  #
######$$. #
### ##$# ##
###.#  .###
#   $  # ##
#@. ##.# ##
#  ## $$  #
#####  # ##
###########",11,11,7,0,"easy_negative",14986366768274316366
"##############
#    #       #
#### #  ##.# #
## # #  ##   #
#  #  # ##   #
#  #  ##   # #
# .# ####$####
## #     $   #
#  $ #. #  # #
## ####   $. #
###     # ####
##  ### #  # #
# @     #    #
##############",14,14,4,0,"easy_negative",4843253385410845964
"########
##.#.  #
# $ $# #
## #@$.#
# ##$$ #
# ## # #
#   $  #
# $$  .#
####.# #
#.  .. #
########",8,11,8,0,"easy_negative",15889759001431468801
"###########
##   .   .#
##  ##  # #
##  ## $$ #
#### @   ##
# $ $ $#.##
#    ..####
###########",11,8,5,1,"positive",12392774969909102921
"###########
##   .   .#
##  ##  # #
##  ## $$ #
#### @$  ##
#   $ $#.##
#    ..####
###########",11,8,5,1,"positive",12392774969909102921
"###########
## . .   .#
##  ##  # #
##  ## $$ #
#### @$  ##
#   $ $#.##
#     .####
###########",11,8,5,1,"positive",12392774969909102921
"###########
## . .@  .#
##  ##  # #
##  ## $$ #
####  $  ##
#   $ $#.##
#     .####
###########",11,8,5,0,"hard_negative",12392774969909102921
"###########
## . .   .#
##  ##  # #
##  ## $$ #
####  $  ##
#  @$ $#.##
#     .####
###########",11,8,5,1,"positive",12392774969909102921
"###########
## . .   .#
##  ##  # #
##  ##$$$ #
####     ##
#  @$ $#.##
#     .####
###########",11,8,5,1,"positive",12392774969909102921
"########
#   ..##
## $$ ##
####$###
## $.$.#
###  @##
## . ###
########",8,8,5,0,"easy_negative",13874315930092321093
"###########
#   ##.   #
## @##    #
###    ####
## .# #   #
##  ###$# #
##$$   $. #
#   $.### #
#  #  ##  #
# ## .#   #
###########",11,11,5,0,"easy_negative",2272648609812088927
"###########
#.     .  #
#  $ .# $ #
#### ##.  #
# $ $. ####
#.##   # @#
# ##  $ $ #
# $  ##  ##
##   .#  ##
### ##   ##
###########",11,11,7,0,"easy_negative",11948226717269734084
"###########
#   # # . #
# $. $ .###
#####$# ###
## #  $  ##
#  . # $###
## #@.   ##
###########",11,8,5,0,"easy_negative",5566035103680730042
"##############
### ### # .  #
### #  .#    #
#       # ####
##  # # .$$  #
##  $  #.  ###
### # ### .###
# $ #### .####
#   # ### # ##
#  $$ ## @  ##
# ###  #     #
# ### ## $$# #
#    ####..  #
##############",14,14,8,0,"easy_negative",6165855733719771091
"##############
#   ##    @ .#
# ###   #  ###
# ##  $$.  ###
#        $ ###
# # ## ##$  ##
#   ## ## ..##
##############",14,8,4,1,"positive",12112121175521319091
"##############
# .  .  . ####
###  #$##   ##
###$   ##  ###
##   #  ######
### ### ##@ ##
##   #  $$ ###
#  #.##$#### #
#  # # $ ##  #
#  # ##      #
###### #$### #
# # ##    #  #
#  ..  # #  .#
##############",14,14,7,0,"easy_negative",2192004846450922416
"##############
#   ##      .#
# ###   #  ###
# ## @$$.  ###
#        $ ###
# # ## ##$  ##
#   ## ## ..##
##############",14,8,4,1,"positive",12112121175521319091
"###########
##   # . ##
### $#   ##
## .$#   ##
#  #$  #.##
#. # ##   #
#  # ###$##
# # $ ##  #
# #  ###$ #
# #@  ##  #
###    $  #
### .# $ ##
#...### ###
###########",11,14,8,0,"easy_negative",9005625238960175210
"##############
#@  ##      .#
# ###   #  ###
# ##  $$.  ###
#        $ ###
# # ## ##$  ##
#   ## ## ..##
##############",14,8,4,1,"positive",12112121175521319091
"##############
#   ##      .#
# ###   #  ###
# ##  $$.  ###
#        $ ###
# # ## ##$  ##
#   ## ##@..##
##############",14,8,4,1,"positive",12112121175521319091
"##############
# @ ##      .#
# ###   #  ###
# ##  $$.  ###
#        $ ###
# # ## ##$  ##
#   ## ## ..##
##############",14,8,4,1,"positive",12112121175521319091
"###########
#  .  #   #
##    ##  #
### $ ###.#
## #   @  #
# $  #  ###
## #  $ ###
# $###    #
# .## .  ##
#  #### ###
###########",11,11,4,0,"easy_negative",10858819667488719255
"########
# .#  .#
# $#$# #
# $# $.#
# .@$$ #
# #$.#.#
#    . #
########",8,8,7,0,"easy_negative",10508153358523507060
"########
#  .####
# #@$$.#
# $$$$ #
# $ .###
#### .##
# ...  #
########",8,8,7,0,"easy_negative",5947701472362094841
"########
#   ####
# ## #.#
# ## $ #
#  @.$ #
### $# #
### .  #
########",8,8,3,1,"positive",9654251642555557710
"########
# @ ####
# ## #.#
# ## $ #
#   .$ #
### $# #
### .  #
########",8,8,3,1,"positive",9654251642555557710
"########
# @ ####
# ## # #
# ## $ #
#   .$ #
### $# #
###..  #
########",8,8,3,0,"hard_negative",9654251642555557710
"########
# @ ####
# ## #.#
# ## $ #
#   .$ #
###$ # #
### .  #
########",8,8,3,0,"hard_negative",9654251642555557710
"########
#   ####
# ## #.#
#@## $ #
#   .$ #
### $# #
### .  #
########",8,8,3,1,"positive",9654251642555557710
"########
#   ####
# ## #.#
#@##   #
#   *$ #
### $# #
### .  #
########",8,8,3,0,"hard_negative",9654251642555557710
"########
#   ####
# ## #.#
#@## $ #
# $ .$ #
###  # #
### .  #
########",8,8,3,0,"hard_negative",9654251642555557710
"########
#   ####
# ## # #
#+## $ #
#   .$ #
### $# #
### .  #
########",8,8,3,0,"hard_negative",9654251642555557710
"########
#   ####
# ## #.#
#@##$$ #
#   .$ #
###  # #
### .  #
########",8,8,3,0,"hard_negative",9654251642555557710
"########
#   ####
# ## #.#
# ## $ #
#   .$ #
###@$# #
### .  #
########",8,8,3,1,"positive",9654251642555557710
"########
#   ####
# ## #.#
# ## * #
#    $ #
###@$# #
### .  #
########",8,8,3,1,"positive",9654251642555557710
"###########
# ###  # ##
# ### $   #
# . ## #$##
# # #  #$##
# #@##    #
# # # .# ##
##..   ## #
###.#### .#
##     #  #
# $  $  $ #
#   ###$#.#
#         #
###########",11,14,7,0,"easy_negative",14459633798798383383
"########
#    ..#
# # $###
# $$.###
# $#$$ #
##.#.# #
####. @#
########",8,8,6,0,"easy_negative",13021569962261002015
"##############
#@ ###     ###
#  ##    $$ ##
#  #  .###.$ #
#  $  $ #.  ##
# #. # ###  ##
#  .    #  ###
##############",14,8,5,0,"easy_negative",15479352400955882284
"##############
#@###### #  .#
#  ##  $$..# #
#. $   # #   #
###. .  ###$ #
### ###$###$ #
#         #  #
##############",14,8,6,0,"easy_negative",15659280550213332348
"###########
####      #
## ## . # #
#  ###    #
#    . #  #
#  #   ## #
########  #
###  # ## #
##   # ## #
#### #.$  #
# $$   ####
#   $#@   #
####     .#
###########",11,14,4,0,"easy_negative",1198422282327496820
"###########
#   ###.  #
# #$ #  ###
#   $  .###
#  $##@   #
#  .#   $.#
#####  ####
###########",11,8,4,1,"positive",17653360154090294389
"###########
#   ###.  #
# #  #  ###
#  $$  .###
#  $##@   #
#  .#   $.#
#####  ####
###########",11,8,4,0,"hard_negative",17653360154090294389
"###########
#   ###.  #
# #$ #  ###
#   $  *###
#   ##@   #
#  .#   $.#
#####  ####
###########",11,8,4,1,"positive",17653360154090294389
"###########
#   ###   #
# #$ #  ###
#   $  *###
# . ##@   #
#  .#   $.#
#####  ####
###########",11,8,4,0,"hard_negative",17653360154090294389
"###########
#   ###.  #
# #$ # @###
#   $  *###
#   ##    #
#  .#   $.#
#####  ####
###########",11,8,4,1,"positive",17653360154090294389
"###########
# . ###.  #
# #$ # @###
#   $  *###
#   ##    #
#  .#   $ #
#####  ####
###########",11,8,4,0,"hard_negative",17653360154090294389
"###########
#   ###.  #
# #$ # @###
#.  $  $###
#   ##    #
#  .#   $.#
#####  ####
###########",11,8,4,1,"positive",17653360154090294389
"###########
#   ###.  #
# #$ # @###
#.     $###
#  $##    #
#  .#   $.#
#####  ####
###########",11,8,4,1,"positive",17653360154090294389
"###########
#  ### ####
# ### .$ .#
#  ##$.$  #
# # # .#. #
# # #@ ## #
# # #  #  #
#.   $$#  #
#   ## #  #
######.## #
#  $   .###
#  #$#$  ##
####      #
###########",11,14,8,0,"easy_negative",17829616138578838851
"##############
######    #.##
##  #  .     #
#. $.  #### ##
### #@$ $    #
### ##  #  ###
#  $#  $   ###
###  # ## ## #
##  ####  #  #
##   #    .  #
##############",14,11,5,0,"easy_negative",1627485780017059724
"########
#      #
# #.####
#.  .  #
#   #$ #
#####$ #
# @ #$ #
# ##   #
# ## . #
# $$$  #
######.#
## ### #
## .   #
########",8,14,6,0,"easy_negative",15843167159925869700
"###########
#  .# #  ##
# # $  $ ##
# $ # #. ##
# ###$ $###
# ###@# ###
#    ##   #
#.##.#. # #
##  ###$# #
###..# $# #
# ##   $ ##
# ##.# # ##
#      ####
###########",11,14,8,0,"easy_negative",17182563696294588655
"########
## ##.##
#    . #
##$##$##
## # . #
####$@ #
#      #
########",8,8,3,0,"easy_negative",12003216892906775052
"###########
#  ## .   #
#  ###  # #
#  ## .   #
# $ # #$ ##
# $      ##
#   # #$###
##$.#   ###
## @# .  ##
##. #    ##
###########",11,11,5,1,"positive",11421055142541092435
"###########
###   .   #
###   ### #
#   ##### #
# ##  .$  #
# #  $@ # #
# #####   #
#    ## $ #
####  # # #
#  .  #   #
#   $  ####
#### #$..##
#         #
###########",11,14,5,0,"easy_negative",7290763362696770614
"###########
#  ## .   #
#  ###  # #
#  ##     #
# $ # #$ ##
# $     .##
#   # #$###
##$.#   ###
## @# .  ##
##. #    ##
###########",11,11,5,1,"positive",11421055142541092435
"###########
#  ## .   #
#  ###  # #
#  ##     #
# $ # #$ ##
# $     .##
#   # #$###
## .#  $###
## @# .  ##
##. #    ##
###########",11,11,5,0,"hard_negative",11421055142541092435
"###########
#   ## ####
# # #   # #
# $. ##   #
# ##. ##$ #
#  #$ ##$ #
####$### .#
#  @    $ #
#.#  # #  #
# $$##### #
###  .### #
### . ### #
#. .  #   #
###########",11,14,8,0,"easy_negative",12869408601327670321
"##############
##  ###     .#
###     #    #
## $ .$ @ ####
# . $##   ####
# #   ##   $.#
#   #####  $ #
# ##   ###   #
#  #    #  # #
####   .     #
##############",14,11,5,1,"positive",13311122224483876672
"##############
#    ##      #
# .. ## ##   #
####@ $$## $ #
## $   $. # ##
##  ## .##.  #
##  ##  ### ##
##############",14,8,5,0,"easy_negative",2033999687683776437
"##############
##  ###     .#
###     #    #
## $ .$   ####
# . $##   ####
# #   ##@  $.#
#   #####  $ #
# ##   ###   #
#  #    #  # #
####   .     #
##############",14,11,5,1,"positive",13311122224483876672
"###########
# ####   ##
#  ## .$###
# . ###  ##
### ##..@ #
### ##.   #
#  $$  ####
###$.  $  #
###$$##   #
# .  ######
###########",11,11,7,0,"easy_negative",8532054268784426871
"###########
#  ## .   #
#  ###  # #
#  ##     #
# $ # #$ ##
# $      ##
#   # #$###
##$.#   ###
## +# .  ##
##. #    ##
###########",11,11,5,1,"positive",11421055142541092435
"###########
#  ## .   #
#  ###  # #
#  ##     #
# $ # #$ ##
#        ##
#   #$#$###
##$.#   ###
## +# .  ##
##. #    ##
###########",11,11,5,1,"positive",11421055142541092435
"###########
#  ## .   #
#  ###  # #
#  ## $   #
#   # #$ ##
#        ##
#   #$#$###
##$.#   ###
## +# .  ##
##. #    ##
###########",11,11,5,1,"positive",11421055142541092435
"###########
#     .  ##
##  ###. ##
####   .###
# .  # ## #
# $$#####@#
# $ .#  $ #
##  # #$. #
##$.  $  ##
##  # #####
###########",11,11,7,0,"easy_negative",13869412820643299669
"###########
# ####  . #
# ###  #  #
# ..   ####
####  #.  #
## #$ ### #
# .# $###.#
#  @$$ $  #
### $# ####
###       #
###########",11,11,6,0,"easy_negative",1722991710702202541
"########
# . # ##
#@ $ $ #
# $ # ##
# .#####
# $#   #
# $#$ .#
# $.   #
#  . #.#
#  .####
########",8,11,7,0,"easy_negative",18406886751836915852
"###########
#   # #  ##
#  $   $ ##
##### # .##
#.##    ###
# ## #..###
#  @      #
#     $   #
###  ##$# #
###  ##   #
###########",11,11,4,1,"positive",1103674675337253012
"###########
#   # #  ##
#  $   $ ##
##### #@.##
#.##    ###
# ## #..###
#         #
#     $   #
###  ##$# #
###  ##   #
###########",11,11,4,1,"positive",1103674675337253012
"###########
#   # #  ##
#  $   $ ##
##### #@ ##
#.##    ###
# ## #..###
#       . #
#     $   #
###  ##$# #
###  ##   #
###########",11,11,4,1,"positive",1103674675337253012
"###########
#   # #  ##
#  $   $ ##
##### #@ ##
# ##    ###
# ## #..###
#       . #
#    .$   #
###  ##$# #
###  ##   #
###########",11,11,4,1,"positive",1103674675337253012
"###########
#   # #  ##
#  $   $ ##
##### #@ ##
# ##    ###
# ## #..###
#  $    . #
#    .$   #
###  ## # #
###  ##   #
###########",11,11,4,1,"positive",1103674675337253012
"###########
#.  # #  ##
# # $$   ##
##### # ###
#     #   #
# # .######
#     #   #
#    # $ @#
# ##$#   ##
# ## #  ###
# ##     .#
# ##      #
#  .#######
###########",11,14,4,0,"easy_negative",9094701732763135240
"##############
## #.##   .# #
# .  ####$ # #
## #   ## $# #
# $$.$ .    .#
# #  ##$@ ####
#### ##      #
##############",14,8,6,0,"easy_negative",5713251373801388087
"##############
## .###   ##.#
###   $ # ## #
##  $  .$.   #
### # # @$## #
### $   #.## #
#   # ####   #
##############",14,8,5,0,"easy_negative",11421940066658498521
"###########
#   ###   #
# #@  . #.#
# .     . #
## # ## # #
#  $$ # # #
## ###  # #
##  ###   #
##   $ $  #
##     ####
#   ## # ##
# # ## $. #
#      # ##
###########",11,14,5,0,"easy_negative",6211489953010746925
"##############
#   @##   # ##
#.#   #   .  #
#        .#$##
# # $##### $ #
# #  ## $$  .#
# #  .     . #
#  # ##$# ####
## #$.#.# $  #
####  # #    #
##############",14,11,8,0,"easy_negative",8282121715773165476
"##############
##  ###     .#
###     #    #
## $ .$   ####
# . $##   ####
# #   ##   $.#
#   #####  $ #
# ##  @###   #
#  #    #  # #
####   .     #
##############",14,11,5,1,"positive",13311122224483876672
"########
#      #
####   #
# $$ $ #
# ### ##
#. # . #
#@ ## ##
#   ####
# ##   #
# ##$$ #
#..    #
# ###. #
# ######
########",8,14,5,0,"easy_negative",17921367344725659042
"##############
# ####### ####
#  #   ## .  #
# $ . $    $ #
#  .# #  .# ##
#  ###       #
# ### #####$##
#  #   .##  ##
## ####$##  ##
#### @      ##
##############",14,11,5,1,"positive",4995006942402431711
"##############
# ####### ####
#  #   ## .  #
#  $. $    $ #
#  .# #  .# ##
#  ###       #
# ### #####$##
#  #   .##  ##
## ####$##  ##
#### @      ##
##############",14,11,5,1,"positive",4995006942402431711
"###########
### ###   #
##   #  ###
#   $. .###
##  ###   #
### #  ## #
##     ## #
#   $##   #
# # $@# # #
#   ##  $ #
#  #  .  ##
#.$#.#  ###
#  #     ##
###########",11,14,5,0,"easy_negative",16767887119539966171
"##############
# ####### ####
#  #   ##    #
#  $. $    $ #
#  .# #  .# ##
#  ###       #
# ###.#####$##
#  #   .##  ##
## ####$##  ##
#### @      ##
##############",14,11,5,0,"hard_negative",4995006942402431711
"##############
# ####### ####
#  #   ## .  #
#  $. $    $ #
#  .# #  .# ##
#  ###       #
# ### #####$##
#  #    ##  ##
## ####$##  ##
####.@      ##
##############",14,11,5,0,"hard_negative",4995006942402431711
"##############
# ####### ####
#  #   ## .  #
#   . $    $ #
#  .# #  .#$##
#  ###       #
# ### #####$##
#  #   .##  ##
## ####$##  ##
#### @      ##
##############",14,11,5,0,"hard_negative",4995006942402431711
"##############
# ####### ####
#  #   ## .  #
#  $. $   $$ #
#  .# #  .# ##
#  ###       #
# ### #####$##
#  #   .##  ##
## #### ##  ##
#### @      ##
##############",14,11,5,0,"hard_negative",4995006942402431711
"##############
# ####### ####
#  #   ## .  #
#  $. $    $ #
#  .# #  .# ##
#  ###       #
# ### #####$##
#  #   .##  ##
## ####$##@ ##
####        ##
##############",14,11,5,1,"positive",4995006942402431711
"########
#      #
# #@ # #
#      #
#    ###
####. ##
## # .##
# $$$ ##
#     ##
####  ##
#.  $  #
#.#  # #
#   ####
########",8,14,4,0,"easy_negative",6116299902162940879
"##############
# ####### ####
#  #   ## .  #
#  $. $    $ #
#  .# #   # ##
#  ###       #
# ### #####$##
#. #   .##  ##
## ####$##@ ##
####        ##
##############",14,11,5,1,"positive",4995006942402431711
"##############
# ####### ####
#  #   ## .  #
#  $. $    $ #
#  +# #   # ##
#  ###       #
# ### #####$##
#. #   .##  ##
## ####$##  ##
####        ##
##############",14,11,5,0,"hard_negative",4995006942402431711
"##############
# ####### ####
#  #   ## *  #
#  $. $    $ #
#  .# #   # ##
#  ###       #
# ### ##### ##
#. #   .##  ##
## ####$##@ ##
####        ##
##############",14,11,5,0,"hard_negative",4995006942402431711
"##############
# ####### ####
#  #   ## .  #
#  $. $    $ #
#  .# #   # ##
#  ###     $ #
# ### #####$##
#. #   .##  ##
## #### ##@ ##
####        ##
##############",14,11,5,0,"hard_negative",4995006942402431711
"###########
##   ..####
##$.   $ ##
##  ###$.@#
##.#   $ ##
#  $.## $##
## # ##  ##
###########",11,8,6,0,"easy_negative",1972073430810387377
"##############
# ####### ####
#  #   ## .  #
#  $. $      #
#  .# # $ # ##
#  ###       #
# ### #####$##
#. #   .##  ##
## ####$##@ ##
####        ##
##############",14,11,5,1,"positive",4995006942402431711
"##############
#  #      ## #
#  ###### ## #
#. ## ###..  #
##     ###@###
##  ##   #$###
##  ##       #
#### $ $ ### #
# # $# # ### #
#      ###.  #
##############",14,11,4,0,"easy_negative",324272074576267823
"########
#### ###
# .$ ###
#.    @#
##### ##
# $ $. #
# $ #.##
# ## $ #
# .##  #
###### #
## $$. #
##  #  #
###.####
########",8,14,7,0,"easy_negative",3266545700487083504
"##############
##  ###     .#
###     #    #
## $ .$   ####
# . $##   ####
# #.  ##   $.#
#   #####  $ #
# ##  @###   #
#  #    #  # #
####         #
##############",14,11,5,1,"positive",13311122224483876672
"##############
#### .   # . #
# #    # #@###
# $  $$### ###
## # #  ##$.##
# $.###.##  ##
## # #  .$ ###
#      ##    #
# ##  ### $###
# #####    ###
#      #$#  ##
# ###.      ##
# #### #.#  ##
##############",14,14,8,0,"easy_negative",13256437916425620200
"###########
#######   #
#   $ $   #
#  $ ..   #
##$##.## ##
#    .  @ #
## ## ## ##
###########",11,8,4,1,"positive",1620454747057116512
"###########
#######   #
#   $ $   #
#  * ..   #
##$##.## ##
#       @ #
## ## ## ##
###########",11,8,4,1,"positive",1620454747057116512
"###########
#######   #
#   $ $   #
#  * ..   #
##$##.## ##
#        @#
## ## ## ##
###########",11,8,4,1,"positive",1620454747057116512
"###########
#######   #
#   $     #
#  * ..   #
##$##*## ##
#        @#
## ## ## ##
###########",11,8,4,1,"positive",1620454747057116512
"###########
#######   #
#   $     #
#  * ..   #
##$##*## ##
#       @ #
## ## ## ##
###########",11,8,4,1,"positive",1620454747057116512
"###########
##  ##    #
##  ##  ###
###. $. ###
## # . $$ #
#.  ###   #
##$# $$ $ #
#  .   # ##
# #$#######
# .@.  .  #
###########",11,11,8,0,"easy_negative",8810200310849378120
"##############
# #######   .#
# ##   # ### #
#  $  $  ### #
#### # #  $  #
# $  # # $####
# $$.# # .   #
# . # ##### ##
###     #  ###
###.# #   # ##
##@##### #   #
# $  #  ...###
## #   # # ###
##############",14,14,8,0,"easy_negative",9618666258973319891
"##############
#.  ##  #.   #
### # .###   #
###     #   .#
## # ## # $ ##
#  $  ####  ##
## #    #   ##
#   ## # # ###
# $ ##$   @###
#      # #   #
##############",14,11,4,0,"easy_negative",4663067912499372642
"###########
## .###  ##
###$$ #  ##
## $ ##  ##
# $$## .  #
#.#$#  #@.#
#.     ##.#
###########",11,8,6,0,"easy_negative",2189382983905438743
"########
####   #
#  $$  #
# . .$ #
# ##  ##
# @#$###
#  #  ##
#.### .#
#. ##  #
#.$ #  #
##$# .##
# $$.###
## #  ##
########",8,14,8,0,"easy_negative",10482640783880985287
"##############
##  ###     .#
###    @#    #
## $ .$   ####
# . $##   ####
# #.  ##   $.#
#   #####  $ #
# ##   ###   #
#  #    #  # #
####         #
##############",14,11,5,1,"positive",13311122224483876672
"##############
# @     ## .##
##    # .#$ ##
###$### $   ##
#.   #   ##  #
#   ### ###  #
#### # $.### #
# ##    $  # #
# ##### #. # #
#  .$$$.   # #
### ##    #  #
### #  ## #  #
#.   #### #  #
##############",14,14,8,0,"easy_negative",3584729979831578764
"########
###### #
## ##. #
##.    #
#  $$ ##
# #  ###
#  $@ ##
#.     #
### $ ##
###$ ###
###    #
##   .##
####.###
########",8,14,5,1,"positive",11710422438182520992
"##############
#   ##   .# ##
### ##  ## . #
### $  .### ##
#  $##  $ @ ##
#   $ # ##  ##
#   .## ##  ##
##############",14,8,4,0,"easy_negative",5185777463254237838
"########
###### #
## ##. #
##.    #
#  $$ ##
# #  ###
#  $@ ##
#.     #
###   ##
###$$###
###    #
##   .##
####.###
########",8,14,5,1,"positive",11710422438182520992
"########
###### #
## ##. #
##.    #
#  $$ ##
# #  ###
#  $@ ##
#.     #
###   ##
###$$###
###.   #
##   .##
#### ###
########",8,14,5,1,"positive",11710422438182520992
"########
###### #
## ##. #
##.    #
#  $$ ##
# #  ###
#@ $  ##
#.     #
###   ##
###$$###
###.   #
##   .##
#### ###
########",8,14,5,1,"positive",11710422438182520992
"##############
## #.  #.#  @#
#    #  $ .  #
##$# $ #.#  .#
#   #  $  $# #
# # #  ### # #
######     # #
##############",14,8,5,0,"easy_negative",5296118157519683175
"##############
## .######   #
###$..    $# #
##.   $  $   #
# $ ### $# . #
# #$   # # # #
#  .   ###. @#
##############",14,8,7,0,"easy_negative",11924883972828725552
"########
###### #
## ##  #
##.    #
#  $$ ##
# #  ###
#@ $  ##
#.    .#
###   ##
###$$###
###.   #
##   .##
#### ###
########",8,14,5,1,"positive",11710422438182520992
"########
#.# # ##
# #$  .#
# #.# ##
# $$## #
# # ## #
#   $ @#
#.##  ##
#  #  ##
###  ###
##  ## #
##  ## #
##     #
########",8,14,4,0,"easy_negative",16331691951139766550
"########
#####  #
## ##  #
##$@#  #
#  $  .#
###.$# #
### $  #
#   ## #
#####  #
#.  .  #
########",8,11,4,0,"easy_negative",4606640256382357995
"########
#    ###
##    ##
#### $ #
#     @#
### $# #
###. $.#
##  # ##
## .   #
##  # ##
## $.  #
###  # #
##     #
########",8,14,4,1,"positive",12519014137801973914
"########
#    ###
##    ##
#### $ #
#     @#
### $# #
###.$ .#
##  # ##
## .   #
##  # ##
## $.  #
###  # #
##     #
########",8,14,4,1,"positive",12519014137801973914
"########
#    ###
## @  ##
#### $ #
#      #
### $# #
###.$ .#
##  # ##
## .   #
##  # ##
## $.  #
###  # #
##     #
########",8,14,4,1,"positive",12519014137801973914
"########
#    ###
## @  ##
#### $ #
#  .   #
### $# #
### $ .#
##  # ##
## .   #
##  # ##
## $.  #
###  # #
##     #
########",8,14,4,1,"positive",12519014137801973914
"########
#    ###
##    ##
#### $ #
#  .   #
### $# #
### $ .#
##  #@##
## .   #
##  # ##
## $.  #
###  # #
##     #
########",8,14,4,1,"positive",12519014137801973914
"########
##.#  .#
#  .$# #
##.#.. #
# @ $  #
# #$ # #
# .  $ #
#.$ $###
#### ###
#      #
## $####
###$  ##
##   ###
########",8,14,8,0,"easy_negative",15173853246810134791
"##############
#    #     ###
#### # #### ##
#  $ #    #$ #
####   ##    #
# # ## ##. # #
#  .##. .   @#
#      #### .#
# $$   #  # ##
####$.    ####
##.# ##    ###
# $$$####  ###
## #.  ##    #
##############",14,14,8,0,"easy_negative",11832674456238915154
"###########
# . # ### #
# #@$$ ## #
#  .# # $ #
###$## $$ #
###$##.$# #
#.   .. ..#
###########",11,8,8,0,"easy_negative",1909956593526121495
"########
###  ..#
##. $# #
# $  $ #
#@ $## #
##  # .#
####   #
########",8,8,4,0,"easy_negative",11968703269772561618
"########
#   ####
# # $ ##
# .   .#
# $.   #
# #. # #
#  $   #
# #$ $ #
# #$## #
# # ##.#
## #.$ #
#.  @  #
## #   #
########",8,14,7,0,"easy_negative",14239538650101504914
"########
#   .  #
# # ####
#  $$..#
#.  $ @#
# #  # #
#   $$ #
# .#   #
# $# # #
#. #####
########",8,11,6,1,"positive",5708516206814784127
"###########
## #.. # ##
#    #@   #
##$# $ #.##
##$## $.  #
#  .## ## #
##$## $## #
#   # $ ###
###.#    ##
### # .   #
###########",11,11,7,0,"easy_negative",14521314092721704233
"########
#   .  #
# # ####
#  $$..#
#.  $ @#
# #  # #
#   $  #
# *#   #
# $# # #
#. #####
########",8,11,6,0,"hard_negative",5708516206814784127
"########
#   .  #
# # ####
#  $$..#
#   $ @#
# #  # #
#   $$ #
# .#  .#
# $# # #
#. #####
########",8,11,6,1,"positive",5708516206814784127
"###########
#   .     #
##    # # #
###.###.  #
# $. ## $ #
#    ##   #
####   ####
# ###$## ##
# #  $ $$ #
# ### ##.##
#.####@   #
# ###  #  #
#      ## #
###########",11,14,6,0,"easy_negative",10591855586391255059
"########
#   .  #
# # ####
#  $$..#
#   $ @#
# #  # #
# . $$ #
# .#   #
# $# # #
#. #####
########",8,11,6,1,"positive",5708516206814784127
"##############
### #####. ###
###$# ##  # ##
#  $#$$.  #$ #
# .$  . ..# ##
# #.  #@# $$ #
#    ##.  # ##
##############",14,8,8,0,"easy_negative",10756160401065683410
"########
#   .  #
# # ####
#@ $$..#
#   $  #
# #  # #
# . $$ #
# .#   #
# $# # #
#. #####
########",8,11,6,1,"positive",5708516206814784127
"##############
## ##    .  ##
# . ##$## # ##
## ## $## ## #
##  ##.  $   #
##  ##    $###
##     ### ###
#  $### .# $ #
# # #. $ #@  #
#   .  . #   #
##############",14,11,7,0,"easy_negative",8494978929604447816
"###########
####@##   #
#.#  .# . #
#  $  .   #
#  $   #  #
# #$ # #  #
#    $ #  #
# ##      #
## # # ####
##        #
###########",11,11,4,1,"positive",15034752561161243026
"###########
####@##   #
#.#  .# . #
#     .   #
#  $$  #  #
# #$ # #  #
#    $ #  #
# ##      #
## # # ####
##        #
###########",11,11,4,1,"positive",15034752561161243026
"###########
#### ##   #
#.# @.# . #
#     .   #
#  $$  #  #
# #$ # #  #
#    $ #  #
# ##      #
## # # ####
##        #
###########",11,11,4,1,"positive",15034752561161243026
"###########
#.      ###
#  $# .$ ##
# . ## ####
# $# ######
#  # ##  ##
#  # .$ ###
#     ##  #
####$#### #
#. .  ##  #
# $# @ # ##
## ###    #
###### # ##
###########",11,14,6,0,"easy_negative",8093183079377203825
"###########
#### ##   #
#.# @.# . #
# $   .   #
#   $  #  #
# #$ # #  #
#    $ #  #
# ##      #
## # # ####
##        #
###########",11,11,4,1,"positive",15034752561161243026
"###########
#### ##   #
#.# @ # . #
# $   .   #
#   $  #  #
# #$ # #  #
# .  $ #  #
# ##      #
## # # ####
##        #
###########",11,11,4,1,"positive",15034752561161243026
"###########
##### #   #
#.$ .   # #
#   # #   #
# $ ## $ ##
# ####  @##
# ##     ##
# # #######
# #.   $ ##
# # $   $ #
#     # ###
#### .# ###
#. .  #   #
###########",11,14,6,0,"easy_negative",9015171581584164308
"##############
#        ## ##
#   # .  #   #
#   ###  ##$##
# ##     .#$##
# ########   #
#  $ .@   # ##
#   ## ##$#  #
# ##  ### #$ #
# ## ##   #  #
#    ###.    #
# ## ###   # #
# ##.  #     #
##############",14,14,5,0,"easy_negative",5557433518997337936
"########
#.     #
####$# #
#.   $ #
# ###. #
# ###  #
#@  #$ #
# $ #  #
# ### .#
# #### #
# ##   #
# ##  ##
#    ###
########",8,14,4,1,"positive",1795534968330561061
"########
#.     #
####$# #
#.   $ #
# ###. #
# ###  #
#@$ #$ #
#   #  #
# ### .#
# #### #
# ##   #
# ##  ##
#    ###
########",8,14,4,1,"positive",1795534968330561061
"########
#.     #
####$# #
#.   $ #
# ###. #
# ###  #
# $ #$ #
#   #  #
# ### .#
# #### #
#@##   #
# ##  ##
#    ###
########",8,14,4,1,"positive",1795534968330561061
"########
#.     #
####$# #
#.   $ #
# ###. #
# ###  #
# $ #$.#
#   #  #
# ###  #
# #### #
#@##   #
# ##  ##
#    ###
########",8,14,4,1,"positive",1795534968330561061
"########
#      #
####$#.#
#.   $ #
# ###. #
# ###  #
# $ #$.#
#   #  #
# ###  #
# #### #
#@##   #
# ##  ##
#    ###
########",8,14,4,0,"hard_negative",1795534968330561061
"########
#.     #
####$# #
#.     #
# ###. #
# ###  #
# $ #$.#
#   #$ #
# ###  #
# #### #
#@##   #
# ##  ##
#    ###
########",8,14,4,0,"hard_negative",1795534968330561061
"########
#.     #
####$# #
#.   $ #
# ###. #
# ###  #
# $ #$ #
#  .#  #
# ###  #
# #### #
#@##   #
# ##  ##
#    ###
########",8,14,4,0,"hard_negative",1795534968330561061
"########
#      #
####$# #
#.   $ #
# ###. #
# ###  #
# $ #$.#
#   #  #
# ###  #
#.#### #
#@##   #
# ##  ##
#    ###
########",8,14,4,0,"hard_negative",1795534968330561061
"########
#.     #
####$# #
#.   $ #
# ###. #
# ###  #
# $ #$ #
#   # .#
# ###  #
# #### #
#@##   #
# ##  ##
#    ###
########",8,14,4,1,"positive",1795534968330561061
"########
## ### #
#.$ # .#
##@# ..#
##$$$###
##.$$.##
##    ##
########",8,8,6,0,"easy_negative",728162150398553221
"###########
#       ###
####  $. ##
#  @.  ####
#   #######
# .##   #.#
# ####    #
#   $ $$###
# #.## $ ##
#   ## ####
###########",11,11,5,0,"easy_negative",13975285579684062486
"###########
# ### ## ##
# ## $ .  #
#.$ #.## ##
#.$$.$ $  #
# ## # ####
# ##  $ . #
# ##  ### #
#@ #  ###.#
###  ##   #
###########",11,11,7,0,"easy_negative",9212460819642009600
"##############
#            #
# ## ##$ $## #
# ## ##.$ ## #
#.##$# #@#####
# ## #     # #
#.   #.# #   #
##############",14,8,4,0,"easy_negative",16926879605827968244
"###########
# .    ####
# ##$  .  #
# ##    . #
#   ##   ##
# # # $ ###
#  $#.   ##
##$  @   .#
##$ .#  $ #
##     ####
###########",11,11,6,0,"easy_negative",15540219130610146333
"########
# # ##.#
# #$##.#
#.#$$$ #
# .$$$ #
## .##@#
###.##.#
########",8,8,7,0,"easy_negative",4004873695486860054
"########
########
#  ## ##
# @ $.##
# $$##.#
### ## #
###   .#
########",8,8,3,0,"easy_negative",10813341559267998453
"########
#@##  ##
# ##. ##
#  $$.##
##$$ .##
##.#$ ##
####. ##
########",8,8,5,1,"positive",4805419036842492676
"########
#@##  ##
# ##. ##
#  $$.##
## $$.##
##.#$ ##
####. ##
########",8,8,5,0,"hard_negative",4805419036842492676
"########
# ##  ##
# ##. ##
#  $$.##
##$$ .##
##+#$ ##
####. ##
########",8,8,5,0,"hard_negative",4805419036842492676
"########
#@##  ##
# ##. ##
# $$$.##
##$$ .##
##.#  ##
####. ##
########",8,8,5,0,"hard_negative",4805419036842492676
"########
#@##  ##
#.##. ##
#  $$.##
##$$  ##
##.#$ ##
####. ##
########",8,8,5,0,"hard_negative",4805419036842492676
"########
#@##  ##
# ##. ##
#  $$.##
##$$ .##
## #* ##
####. ##
########",8,8,5,0,"hard_negative",4805419036842492676
"########
#@##  ##
# ##. ##
#  $$.##
##$$$.##
##.#  ##
####. ##
########",8,8,5,0,"hard_negative",4805419036842492676
"########
#@##  ##
# ##. ##
#  $$.##
##$$ .##
##.#$.##
####  ##
########",8,8,5,0,"hard_negative",4805419036842492676
"########
#@##  ##
# ##. ##
#  $$.##
##$ $.##
##.#$ ##
####. ##
########",8,8,5,1,"positive",4805419036842492676
"########
# ##  ##
# ##. ##
#  $$.##
##$ $.##
##.#$ ##
####+ ##
########",8,8,5,0,"hard_negative",4805419036842492676
"########
# ##  ##
# ##. ##
#  $$.##
##$@$.##
##.#$ ##
####. ##
########",8,8,5,0,"hard_negative",4805419036842492676
"########
#@##  ##
# ##. ##
#  $* ##
##$ $.##
##.#$ ##
####. ##
########",8,8,5,1,"positive",4805419036842492676
"########
# ##  ##
# ##. ##
# @$* ##
##$ $.##
##.#$ ##
####. ##
########",8,8,5,1,"positive",4805419036842492676
"########
# ##  ##
# ##. ##
# @$. ##
##$$$.##
##.#$ ##
####. ##
########",8,8,5,0,"hard_negative",4805419036842492676
"########
# ##  ##
# ##* ##
# @$. ##
##$ $.##
##.#$ ##
####. ##
########",8,8,5,1,"positive",4805419036842492676
"###########
# ##      #
# .# ## # #
#   .##   #
#  $# $ ###
# # # #$ ##
# .. ##  @#
###$   # ##
###$$$    #
#   #### ##
#.##.     #
# ## # ## #
#  .   ## #
###########",11,14,7,0,"easy_negative",10521720119570271864
"########
#   .  #
# # ####
#  $$..#
#  @$  #
# #  # #
# . $$ #
# .#   #
# $# # #
#. #####
########",8,11,6,1,"positive",5708516206814784127
"###########
##  ##    #
##  # $$  #
##    $####
# ##  .   #
#  # ##   #
#    ##  .#
## # . #  #
#### ###$ #
#   .###  #
# ## @$ ###
# # .#   ##
# ##      #
###########",11,14,5,0,"easy_negative",9664865832631349817
"##############
#   .   .  ###
#@  ##$###  ##
#   ##$  $ $.#
#  #  $####  #
#.$#    . ## #
#  #      #. #
##############",14,8,6,0,"easy_negative",10306717348938903479
"##############
#.     ##### #
# # $#$#  ## #
#### . ##@$$ #
#### .  . ####
## #$# ##  # #
##     ##.   #
##############",14,8,5,0,"easy_negative",7602574745861684340
"###########
# ####   .#
#  ###$  .#
#  $$$ ####
# #### .###
#  ###$  ##
# @#   ..##
###########",11,8,5,0,"easy_negative",7886433851881590813
"##############
#     # ## ###
# #  ##  # ###
#.$   #      #
#   #$ ## ## #
#   #. #  ## #
#####   .    #
# .$$  ###@###
# ###   #   ##
# #####   ####
##############",14,11,4,0,"easy_negative",3840406102576768902
"###########
##### #.# #
#  $.  $# #
#   # # # #
#   # #   #
# #       #
# $ #@#####
## .# ## ##
##       .#
## $#$## ##
#  .    ###
# #  ##  ##
#    ##   #
###########",11,14,5,1,"positive",10631894842305534277
"###########
##### #.# #
#  $.   # #
#   # # # #
#   # #   #
# #   $   #
# $ #@#####
## .# ## ##
##       .#
## $#$## ##
#  .    ###
# #  ##  ##
#    ##   #
###########",11,14,5,1,"positive",10631894842305534277
"##############
#   ### .  ###
#  ##   #   ##
# ##   $$ ## #
#    # .  ## #
#  @### ###  #
#    #  ##.$ #
## ### $     #
#.  ## ###$###
## #   .   ###
##############",14,11,5,0,"easy_negative",15332846083945173297
"###########
####      #
# @#$#. # #
# $  .  $ #
##.##  $$ #
#.  ## ## #
##.##  ## #
###########",11,8,5,0,"easy_negative",6835480527501145786
"###########
#   #######
# . $ #  ##
# $.$.@.###
####$  $ ##
##   #   ##
###    . ##
###########",11,8,5,1,"positive",5561105272839229996
"###########
#   #######
# . $ #  ##
# $. *@.###
####$  $ ##
##   #   ##
###    . ##
###########",11,8,5,1,"positive",5561105272839229996
"###########
#   #######
# . $ #  ##
# $. .@.###
####$ $$ ##
##   #   ##
###    . ##
###########",11,8,5,1,"positive",5561105272839229996
"###########
#   #######
#@. $ #  ##
# $. . .###
####$ $$ ##
##   #   ##
###    . ##
###########",11,8,5,1,"positive",5561105272839229996
"###########
#   #######
#@. $ #  ##
# $. . .###
#### $$$ ##
##   #   ##
###    . ##
###########",11,8,5,1,"positive",5561105272839229996
"##############
# ###### # ###
#. # #. .  .##
#   $  # #.  #
#   # #### ###
#  #      # ##
# ### #   #  #
# ##   ##$#  #
# #  # #  ## #
# ##   #$$#  #
#.## # $$ .  #
# ######## $ #
#    #      @#
##############",14,14,7,0,"easy_negative",2715196504497187842
"###########
####  .   #
##  .##$###
###  ## ###
# #####  ##
#  #  #  ##
# $$   $@##
#  $   ## #
# # .# #  #
####  .   #
####$   # #
#   $#  # #
# ..  . # #
###########",11,14,7,0,"easy_negative",13864420326271235110
"########
#####. #
## ##  #
##$ # @#
#    $ #
# ##$  #
#.##.$ #
# #   ##
#.# $.##
# #   ##
########",8,11,5,0,"easy_negative",7533411472894287654
"########
###  . #
###  #.#
#   $ .#
# #$   #
# # ####
# #@ $ #
### #. #
### #  #
#   ## #
# $ ## #
###$## #
### .  #
########",8,14,5,0,"easy_negative",16356151996013130492
"########
#### ..#
#  $$@##
# $$.###
## #####
#.   # #
## #   #
##$.$$##
## .. ##
###   ##
########",8,11,7,0,"easy_negative",3893634430074598348
"###########
##### #.# #
#  $.   # #
#   # # # #
#  $# #   #
# #   $   #
#   #@#####
## .# ## ##
##       .#
## $#$## ##
#  .    ###
# #  ##  ##
#    ##   #
###########",11,14,5,1,"positive",10631894842305534277
"##############
##  # ###.@. #
##    .# $$# #
###.# #      #
## # $  #$##.#
#    #$ #.$ ##
## #    #  ###
##############",14,8,6,0,"easy_negative",13159663470992179709
"###########
##### #.# #
#  $.   # #
#   # # # #
#  $# #   #
# #   $   #
#   #@#####
## *# ## ##
##       .#
## $# ## ##
#  .    ###
# #  ##  ##
#    ##   #
###########",11,14,5,1,"positive",10631894842305534277
"##############
#### ##     ##
## #  # ## ###
##      ##$ ##
#  ##   .$. ##
# $##.# .# @##
#  ####$##$$##
#   # $ $    #
#. ##. ### # #
# #### ..    #
##############",14,11,8,0,"easy_negative",8953039194410939786
"###########
##### #.# #
#  $.   # #
#   # # # #
#  $# #   #
# #   $   #
#   #@#####
## $# ## ##
##       .#
## $# ## ##
#  .    ###
# #. ##  ##
#    ##   #
###########",11,14,5,1,"positive",10631894842305534277
"##############
##   .####  ##
## @  ##.#$###
###$ ## .#  ##
# $ .  $     #
###$. ###$ # #
###  ####.   #
##############",14,8,6,0,"easy_negative",12751349574629257242
"###########
####     ##
#  # ##  ##
# $  ##. ##
#  $##    #
# # # $$# #
#.. .   @ #
###########",11,8,4,1,"positive",6561363021512201783
"###########
####     ##
#  # ##  ##
# $  ##+ ##
#  $##    #
# # # $$# #
#.. .     #
###########",11,8,4,1,"positive",6561363021512201783
"###########
####     ##
#  #@##  ##
# $  ##. ##
#  $##    #
# # # $$# #
#.. .     #
###########",11,8,4,1,"positive",6561363021512201783
"###########
####     ##
#  #@##  ##
# $  ##. ##
#   ## $  #
# # # $$# #
#.. .     #
###########",11,8,4,0,"hard_negative",6561363021512201783
"###########
####     ##
#  # ##  ##
# $  ##. ##
#  $##    #
#@# # $$# #
#.. .     #
###########",11,8,4,1,"positive",6561363021512201783
"###########
####     ##
#  # ##  ##
# $  ##  ##
#  $##    #
#+# # $$# #
#.. .     #
###########",11,8,4,1,"positive",6561363021512201783
"###########
#@     .  #
#### #   ##
#   .  ####
## # ##  ##
#     # ###
## # $   ##
####$#..  #
#    # $ ##
#  . #  ###
#   ##$# ##
# # ##$   #
#      # ##
###########",11,14,5,0,"easy_negative",18113894482724569995
"###########
##   ##   #
###$  #.###
##  $  .###
### # . $ #
##. #  ## #
##  # $## #
## .   .$ #
##  ##$####
##  ##   @#
###########",11,11,6,0,"easy_negative",8209088360662390167
"########
#      #
## .## #
###$## #
# $.####
# # $.##
# @  $ #
#### # #
# .$ # #
#  . # #
########",8,11,5,0,"easy_negative",12735187755882678853
"##############
#        .   #
# #### #   # #
# #### ###   #
#  ########  #
#  #  ## ##  #
# $# ## @### #
# .$    $ $ ##
#.# ### #. ###
#      ###  ##
##############",14,11,4,0,"easy_negative",13189909638159055934
"##############
##### #### # #
#. $  $ $$@# #
#.. #.#    # #
# #$$  # $   #
# #. . ##$## #
#.# ####  ##.#
##############",14,8,8,0,"easy_negative",1018533504651849541
"###########
####@     #
# #  #$ # #
# .$  $   #
# $ $  ####
##. $#   ##
###. ..  .#
###########",11,8,6,1,"positive",15390769595603103590
"########
#   @  #
# $$#  #
# $ ####
# #.   #
####$# #
# #.$$ #
#   #  #
###### #
#.  # .#
# .$$  #
####   #
# .. . #
########",8,14,8,0,"easy_negative",14799081379516176770
"###########
####@     #
# #  #* # #
# .$  $   #
# $ $  ####
##. $#   ##
###  ..  .#
###########",11,8,6,1,"positive",15390769595603103590
"##############
# #### .   ###
# ###   ##. ##
#   # $ ## $.#
##$$### $. $.#
##$$  ####@# #
## . .      .#
##############",14,8,8,0,"easy_negative",3674428985830565992
"###########
####@ .   #
# #  #* # #
# .$  $   #
# $ $  ####
##  $#   ##
###  ..  .#
###########",11,8,6,1,"positive",15390769595603103590
"##############
# #####      #
# ## #    ####
#   $   .    #
####$#######.#
#@ # ##  .## #
# ##$ $. $  .#
#.## .. $ ## #
# ##$# $# ## #
#            #
##############",14,11,8,0,"easy_negative",7863743293657187342
"###########
####@ .   #
# #  #* # #
# .$  $   #
# $ $  ####
##   # $ ##
###  ..  .#
###########",11,8,6,1,"positive",15390769595603103590
"###########
### ##   .#
### # # $ #
#  .  #@  #
##$#.   # #
#      $# #
##.#### # #
##  .#    #
##$ ### # #
## . #    #
#   ####  #
# # $$ # ##
#       ###
###########",11,14,6,0,"easy_negative",7495483058046978304
"###########
####@ .   #
# #  #. # #
# .$  $   #
# $ $ $####
##   # $ ##
###  ..  .#
###########",11,8,6,1,"positive",15390769595603103590
"########
###. ###
## $#.##
#  $#  #
# $$## #
## $#  #
###.. .#
# $@ $.#
#  # . #
# ######
########",8,11,7,0,"easy_negative",6639976184901251819
"########
#    . #
##   # #
### $  #
#.$  ###
#### ###
#. $   #
## #  .#
#@. ## #
##$### #
## # $ #
#    # #
## #   #
########",8,14,5,1,"positive",18172198263687041745
"##############
#            #
# . ## ###  ##
#.$ ## # #$###
#  # .   #. @#
#.$#$#   ### #
#  #   $ ### #
## .   #### ##
###    $  $  #
##  ### . # ##
#      ## #  #
# #$##  .## ##
#   ##  ######
##############",14,14,8,0,"easy_negative",1106135303464189425
"########
#    . #
##   # #
### $  #
# $ .###
#### ###
#. $   #
## #  .#
#@. ## #
##$### #
## # $ #
#    # #
## #   #
########",8,14,5,0,"hard_negative",18172198263687041745
"########
#    . #
##   # #
###$$  #
#.$  ###
#### ###
#. $   #
## #  .#
#@. ## #
##$### #
## #   #
#    # #
## #   #
########",8,14,5,0,"hard_negative",18172198263687041745
"########
#  @ . #
##   # #
### $  #
#.$  ###
#### ###
#. $   #
## #  .#
# . ## #
##$### #
## # $ #
#    # #
## #   #
########",8,14,5,1,"positive",18172198263687041745
"########
#  @   #
##   # #
### $  #
#.$  ###
#### ###
#. $   #
## #  .#
# . ## #
##*### #
## # $ #
#    # #
## #   #
########",8,14,5,0,"hard_negative",18172198263687041745
"########
#    . #
## @ # #
### $  #
#.$  ###
#### ###
#. $   #
## #  .#
# . ## #
##$### #
## # $ #
#    # #
## #   #
########",8,14,5,1,"positive",18172198263687041745
"########
#    . #
## @ # #
### $  #
#.$  ###
#### ###
#.     #
## # $.#
# . ## #
##$### #
## # $ #
#    # #
## #   #
########",8,14,5,0,"hard_negative",18172198263687041745
"########
#    . #
##  @# #
### $  #
#.$  ###
#### ###
#. $   #
## #  .#
# . ## #
##$### #
## # $ #
#    # #
## #   #
########",8,14,5,1,"positive",18172198263687041745
"########
#    . #
##  @# #
###$   #
#.$  ###
#### ###
#. $   #
## #  .#
# . ## #
##$### #
## # $ #
#    # #
## #   #
########",8,14,5,1,"positive",18172198263687041745
"########
#  .   #
#.#$  ##
# . @###
#  $# ##
###$$ .#
### # ##
########",8,8,4,0,"easy_negative",9760853032067153275
"###########
##.#...   #
#..$$#$## #
##$#$$ ## #
#.$$  ### #
# # #.##  #
#######  @#
###########",11,8,8,0,"easy_negative",12085501710295393650
"##############
###    #######
###  #  $$@ ##
#            #
#### #$##  $ #
#    # #  ####
#   .#      .#
#  .# #   ## #
# #   $ # # .#
# . # #      #
##############",14,11,5,0,"easy_negative",5881761947265307359
"########
###  ###
##  $ ##
# $$. .#
#  #$  #
#.@#.# #
#  #   #
########",8,8,4,0,"easy_negative",17282510981837149757
"###########
#     ##  #
#.##$ ##$ #
# ##. ##. #
# $ ###.$.#
# $ #  $  #
#     .  @#
###########",11,8,6,1,"positive",16319446603812049907
"###########
#     ##  #
#.##  ##$ #
# ##. ##* #
# $ ###.$.#
# $ #  $  #
#     .  @#
###########",11,8,6,0,"hard_negative",16319446603812049907
"###########
#     ##  #
#.##$ ##$ #
# ##. ##. #
# $ ###.$.#
# $ #  $  #
#     .@  #
###########",11,8,6,1,"positive",16319446603812049907
"###########
#### ##  ##
## # ##  ##
# $#   . ##
#   ##$## #
###.#. ## #
###$#$    #
### # .####
##  #. #  #
##  #.$   #
# $$ .. # #
# ##$#  # #
# ## @  # #
###########",11,14,8,0,"easy_negative",1698092630031204549
"###########
#     ##  #
#.##$ ##$ #
# ##. ##  #
# $ ###.$.#
# $ #. $  #
#     .@  #
###########",11,8,6,1,"positive",16319446603812049907
"###########
#     ##  #
#.##$ ##$ #
# ##. ##$ #
# $ ###. .#
# $ #. $  #
#     .@  #
###########",11,8,6,0,"hard_negative",16319446603812049907
"###########
#     ##  #
#.##$ ##$ #
# ##. ##  #
# $ ###. .#
# $$#. $  #
#     .@  #
###########",11,8,6,0,"hard_negative",16319446603812049907
"###########
#     ##  #
#.##$ ##$ #
# ##. ##. #
# $ ### $.#
# $ #. $  #
#     .@  #
###########",11,8,6,1,"positive",16319446603812049907
"###########
#     ##  #
#.##$ ##$ #
# ##. ##. #
# $ ### $.#
# $ #+ $  #
#     .   #
###########",11,8,6,1,"positive",16319446603812049907
"###########
## ### . .#
# $ # $ ###
##.####@###
##.$$.$$  #
##$$###.#.#
##    .####
###########",11,8,8,0,"easy_negative",5710969757414858803
"########
#   #.##
# #    #
# $ #.##
# $    #
#### $ #
#  $.  #
## ## ##
#     .#
## ##$##
#  #   #
# @###.#
#  ### #
########",8,14,5,0,"easy_negative",3435724929583916102
"########
#### .##
##@# ###
#.$#  ##
#   #  #
# # #$ #
#   #  #
#  .$  #
# #  # #
#    $ #
###  ###
###.  ##
#   ####
########",8,14,4,0,"easy_negative",15213299773466769554
"########
## .. .#
##$$ # #
## $$ .#
#   ## #
# #$## #
#    @.#
########",8,8,5,1,"positive",16994016094722437346
"########
## +. .#
##$$ # #
## $$ .#
#   ## #
# #$## #
#     .#
########",8,8,5,1,"positive",16994016094722437346
"########
## .. .#
##$$ # #
## $$@.#
#   ## #
# #$## #
#     .#
########",8,8,5,1,"positive",16994016094722437346
"########
## .  .#
##$$.# #
## $$@.#
#   ## #
# #$## #
#     .#
########",8,8,5,1,"positive",16994016094722437346
"########
## .@ .#
##$$.# #
## $$ .#
#   ## #
# #$## #
#     .#
########",8,8,5,1,"positive",16994016094722437346
"##############
# # # #  #  ##
# #     ## ###
# #.# #$ #  ##
#    #    #.##
####.#  .@   #
# $$ #$####$##
# #$  $.## $ #
# #.#   #    #
# # ##  ##.. #
##############",14,11,8,0,"easy_negative",12615465870480362156
"##############
##      @  ###
##   #   # ###
##  ### ##$  #
##### # ##$  #
# $ $..$#  .##
# . # #.## ###
##############",14,8,5,0,"easy_negative",14047219061425497219
"###########
#      .  #
# #$#   #.#
# $ ## @$ #
###$ ##. .#
##    ##  #
######### #
###########",11,8,4,0,"easy_negative",13396276763514119392
"########
### . .#
##  ####
#  $   #
#   ## #
### #  #
### $$.#
######.#
# @### #
# $  $.#
### #  #
### # ##
#   ####
########",8,14,5,0,"easy_negative",1536621755856240677
"###########
####.. ####
#      . ##
# $ ###$###
##$#.     #
# $ # .#@ #
##$###.## #
# $.###   #
# $$ #    #
#    . ####
###########",11,11,8,0,"easy_negative",10777842039118433099
"##############
#           .#
#.## # #  ####
# #######$ $ #
#### .$ $@#. #
## $ ##$ $## #
# .  ##. .#  #
##############",14,8,7,0,"easy_negative",3068343178193169256
"###########
#   ###.  #
#  $ $@.# #
# $   . $ #
# $# # .  #
#  #.#  # #
#  # #    #
###########",11,8,5,1,"positive",8927843344744325302
"########
# .#####
#. ##  #
#@$# $ #
## #   #
#   $# #
## #$$.#
###   .#
## .#  #
########
########",8,11,5,0,"easy_negative",3918815116136075846
"###########
#   ###.  #
#  $ $ .# #
# $   . $ #
# $# #@.  #
#  #.#  # #
#  # #    #
###########",11,8,5,1,"positive",8927843344744325302
"###########
#   ###.  #
#  $ $ .# #
# $   . $ #
# $# # .@ #
#  #.#  # #
#  # #    #
###########",11,8,5,1,"positive",8927843344744325302
"###########
#   ###.  #
#  $ $ .# #
# $   .   #
# $# #$.@ #
#  #.#  # #
#  # #    #
###########",11,8,5,1,"positive",8927843344744325302
"###########
#   ###.  #
#  $ $ .# #
# *   .   #
# $# #$ @ #
#  #.#  # #
#  # #    #
###########",11,8,5,1,"positive",8927843344744325302
"###########
# #####   #
#  #   .# #
#   $ @####
# ### #   #
# #.  $ ###
# ### #$###
#    ##.$ #
### .#    #
###  ##   #
## #   ## #
# $  # # ##
## #  .  ##
###########",11,14,5,0,"easy_negative",15589952652997772106
"##############
## #   # #   #
# $$$ #    # #
## # ### #   #
# ##      # ##
# ##. #.#    #
#   .## . # ##
#     ##$### #
# #   #   #  #
#### ### #  .#
## $ ##      #
##    ###### #
###       ##@#
##############",14,14,5,0,"easy_negative",7741458470174433460
"########
# ##  ##
# #   ##
# ##$ ##
#.$@.###
#  #$###
#.##   #
########",8,8,3,0,"easy_negative",6385656544955922930
"##############
#  ####. .@# #
#  #   ##  # #
#  #   ##  # #
#        .$  #
# # ### # ####
#  $.     # ##
######$ # $  #
#   ## ###   #
#       #    #
#  ## ##### ##
# ##     #   #
#  ## #   # ##
##############",14,14,4,0,"easy_negative",732327367522967085
"###########
#### .  ###
#  # #$$###
#. .$    .#
#    ###$ #
#### ###  #
# @    #$ #
##  #     #
##  #. ## #
##  #  ## #
###########",11,11,5,1,"positive",9734300017448939783
"##############
#@  #### # ###
###$ # .   ###
###  $ #.#   #
#       ### ##
###  #   #   #
###.### $ #$##
# . ## # #   #
# ####    #  #
# ##   # ### #
##############",14,11,4,0,"easy_negative",11132919328769593870
"###########
#### .  ###
# .# #$$###
#  .$    .#
#    ###$ #
#### ###  #
# @    #$ #
##  #     #
##  #. ## #
##  #  ## #
###########",11,11,5,1,"positive",9734300017448939783
"##############
### #  ## ## #
###$## ## ## #
#.  # $   .  #
#   $     . @#
# # ##$## ####
# . ## ##    #
##############",14,8,4,0,"easy_negative",5598707297776128620
"###########
#### .  ###
# .# #$$###
#  .$    .#
#    ###$ #
####.###  #
# @    #$ #
##  #     #
##  #  ## #
##  #  ## #
###########",11,11,5,1,"positive",9734300017448939783
"###########
#.  ###  ##
###$  $ ###
###$$    ##
#   ## ####
## .#     #
###  ##  @#
#  .      #
#   ##  # #
# . ##    #
###########",11,11,4,0,"easy_negative",7421946714070106973
"###########
#### .  ###
# .# #$$###
#  .$    .#
#    ###$ #
####.###  #
#      #$ #
##  #  @  #
##  #  ## #
##  #  ## #
###########",11,11,5,1,"positive",9734300017448939783
"###########
## ###### #
#    # ## #
## #     .#
#    #  ###
#### #  ###
# $  #   .#
#       ###
# # $ $  ##
#######  ##
# . # ## ##
#  @  $   #
#.  # ## ##
###########",11,14,4,0,"easy_negative",8712629533690743322
"###########
#### .  ###
# .# #$$###
#  .   $ .#
#    ###$ #
####.###  #
#      #$ #
##  #  @  #
##  #  ## #
##  #  ## #
###########",11,11,5,1,"positive",9734300017448939783
"########
#  ##. #
# $## @#
# .### #
# $$$. #
# ##   #
# ######
#   #.##
###.$  #
### # ##
########",8,11,5,0,"easy_negative",36893780732556887
"##############
#       # .###
# ## # ### ###
# ##$ @ #    #
#            #
# #$### ## # #
#    $ .##   #
##  ###.### ##
##.   $ #    #
##      ### ##
##############",14,11,4,1,"positive",8397694572440068642
"##############
#       # .###
# ## # ### ###
# ##  @ #    #
#      $     #
# #$### ## # #
#    $ .##   #
##  ###.### ##
##.   $ #    #
##      ### ##
##############",14,11,4,1,"positive",8397694572440068642
"##############
#       # .###
# ## # ### ###
# ##    #  @ #
#      $     #
# #$### ## # #
#    $ .##   #
##  ###.### ##
##.   $ #    #
##      ### ##
##############",14,11,4,1,"positive",8397694572440068642
"###########
####  #   #
## #.##$# #
##  $ # . #
## $  $   #
## #  #.# #
# ##.##.  #
#    $$   #
#   ##  # #
######    #
#      ## #
# ##. ### #
# ## ## @ #
###########",11,14,6,0,"easy_negative",4909999229408775321
"##############
#       # .###
# ## # ### ###
# ##    #    #
#      $     #
# #$### ## # #
#    $ .##   #
##  ###.### ##
##.   $ #@   #
##      ### ##
##############",14,11,4,1,"positive",8397694572440068642
"##############
#       # .###
# ## # ### ###
# ##    #    #
#      $     #
# #$### ## # #
#   @$ .##   #
##  ###.### ##
##.   $ #    #
##      ### ##
##############",14,11,4,1,"positive",8397694572440068642
"###########
##.## # ..#
#    @ ## #
##$## ### #
#       # #
#### ## # #
#    ## # #
###   $$  #
###. $    #
#   #######
###########",11,11,4,0,"easy_negative",11007445086343480155
"###########
# .    #. #
#  # . #$ #
####$$ #. #
## # # $ @#
#    #  # #
## # # ####
###########",11,8,4,0,"easy_negative",13804138750530482392
"##############
# ##     .   #
# ## #  # @  #
#. $. $#######
### $$$.. $. #
### #######  #
#         ## #
##############",14,8,6,0,"easy_negative",12102965211414327885
"##############
#####     ####
# # #  ### # #
#   #    $  .#
# ### #$######
#  #  . @#   #
#  ## # .    #
#  $   #####.#
# $    # ### #
#   ####     #
##############",14,11,4,0,"easy_negative",16021791777789217019
"##############
##### ###### #
# #     .##  #
#   # # ###  #
###   #$#### #
## #  #  ### #
#  #  #  .   #
# $ #    .   #
#   #  # $ # #
#   #  ## ####
##  ### $   ##
##   #  # @ ##
##   .      ##
##############",14,14,4,1,"positive",17419328605944580126
"##############
##### ###### #
# # $   .##  #
#   # # ###  #
###   #$#### #
## #  #  ### #
#  #  #  .   #
# $ #    .   #
#   #  # $ # #
#   #  ## ####
##  ###     ##
##   #  # @ ##
##   .      ##
##############",14,14,4,1,"positive",17419328605944580126
"##############
##### ###### #
# # $   .##  #
#   # # ###  #
###   #$#### #
## #  #  ### #
#  #  #  .   #
# $ #        #
#   #  # $ # #
#   #  ## ####
##  ###    .##
##   #  # @ ##
##   .      ##
##############",14,14,4,1,"positive",17419328605944580126
"##############
##### ###### #
# # $   .##  #
#   # # ###  #
###   #$#### #
## #  #  ### #
#  #  #  .   #
# $ # @      #
#   #  # $ # #
#   #  ## ####
##  ###    .##
##   #  #   ##
##   .      ##
##############",14,14,4,1,"positive",17419328605944580126
"##############
##### ###### #
# # $   .##  #
#   # # ###  #
###   #$#### #
## #  #  ### #
#  #  #      #
# $ # @      #
#   #  # $ # #
#   #  ## ####
##  ### .  .##
##   #  #   ##
##   .      ##
##############",14,14,4,1,"positive",17419328605944580126
"##############
#       ## ###
# #  #   #..##
# $    ###@  #
### ###   #.##
### # ###.   #
#     ### #$##
## ##$#  ## ##
# . $. $ # $ #
## ## #  ## ##
#  ## #$. $  #
#  #    ###  #
# ### #.#### #
##############",14,14,8,0,"easy_negative",10566987452613201359
"###########
###  . @###
###.$.## ##
# $$.###. #
# $$$..$$ #
# # #  .  #
###########
###########",11,8,8,0,"easy_negative",5232018904403226750
"##############
## .##  ## ###
##$ #@$$ # ###
##   .$$ $  .#
# . ### #. $ #
#.#  . $# ####
#     . #    #
##############",14,8,8,0,"easy_negative",17035413352781452881
"########
##  .  #
## $ # #
###    #
## ##$##
#  $.  #
##@##.##
########",8,8,3,0,"easy_negative",16520261032784102361
"###########
#         #
#.#$###.# #
# $ .$$ $@#
######### #
#   #  #. #
#      .  #
###########",11,8,5,0,"easy_negative",9861010268534846803
"########
########
# #   ##
#  .$  #
###  ###
###  ###
#  .   #
#  ###@#
# $### #
#  #   #
###  $.#
##  $ .#
#   ####
########",8,14,4,1,"positive",6377226565276026183
"########
########
# #@  ##
#  .$  #
###  ###
###  ###
#  .   #
#  ### #
# $### #
#  #   #
###  $.#
##  $ .#
#   ####
########",8,14,4,1,"positive",6377226565276026183
"########
########
# #   ##
#  .$  #
###  ###
###  ###
#  .   #
#  ### #
# $### #
# @#   #
###  $.#
##  $ .#
#   ####
########",8,14,4,1,"positive",6377226565276026183
"########
########
# #   ##
#  .$  #
###  ###
###  ###
#      #
#  ### #
# $### #
#.@#   #
###  $.#
##  $ .#
#   ####
########",8,14,4,0,"hard_negative",6377226565276026183
"########
########
# #   ##
#  .$  #
###  ###
###. ###
#  .   #
#  ### #
# $### #
# @#   #
###  $.#
##  $  #
#   ####
########",8,14,4,0,"hard_negative",6377226565276026183
"########
########
# #   ##
#  .$  #
###  ###
###  ###
#  .   #
#  ### #
# $### #
# @#   #
###. $ #
##  $ .#
#   ####
########",8,14,4,1,"positive",6377226565276026183
"########
########
# #   ##
#  .$  #
###  ###
###@ ###
#  .   #
#  ### #
# $### #
#  #   #
###. $ #
##  $ .#
#   ####
########",8,14,4,1,"positive",6377226565276026183
"########
# ##  .#
#  #$  #
# $$$  #
# # # ##
# # ####
# #.   #
###### #
#   ## #
# $. . #
#.## $ #
# ##@###
#  . ###
########",8,14,6,0,"easy_negative",6718429506445026663
"########
# ..## #
# ..## #
# $$   #
## #   #
# $.#  #
## ### #
###  $.#
## $$#@#
#      #
########",8,11,6,0,"easy_negative",12346495103445161907
"###########
#   # ##.##
# $. $$.  #
#   # ## ##
# $# ..# ##
## #### . #
##### ## ##
#    $$   #
# ##   #  #
#@####### #
###########",11,11,6,0,"easy_negative",17624043001393892789
"##############
## #         #
# $ .## # ## #
## # ##   ## #
##  $.##$#   #
##  # #.   # #
### ## # #   #
# .$   .@#  ##
# #$#  $ # $##
#.  ##   #. ##
##############",14,11,7,0,"easy_negative",4834179620990485446
"########
##### ##
##  $. #
# $.# ##
## $####
##$$. ##
##$ $###
##$#.. #
#.@.#  #
## ###.#
########",8,11,8,0,"easy_negative",11516694665353963047
"###########
#   .  ## #
# #  # ## #
#.   @.$  #
# #$$   $ #
# # ##  # #
# #.##    #
###########",11,8,4,1,"positive",17725747800152066154
"##############
#           ##
# #$  #  ## ##
#  $######## #
#   ##     . #
### ##.## ####
###.$$ ## $  #
# . # #@  ## #
#  # $  ###  #
#.###.# ######
##############",14,11,6,0,"easy_negative",10142649512572377099
"###########
#   .  ## #
# #  # ## #
#.    .$  #
# #$$  @$ #
# # ##  # #
# #.##    #
###########",11,8,4,1,"positive",17725747800152066154
"########
## # ###
#    ###
##.#   #
##$# ###
# $   ##
## # $@#
#  .   #
#  $#  #
#.. ## #
########",8,11,4,0,"easy_negative",9146292984451442532
"###########
#      ## #
# #  # ## #
#.    .$  #
# #$$  @$.#
# # ##  # #
# #.##    #
###########",11,8,4,1,"positive",17725747800152066154
"###########
#      ## #
# #  # ## #
#.    .$  #
# #$$   $.#
#@# ##  # #
# #.##    #
###########",11,8,4,1,"positive",17725747800152066154
"###########
#      ## #
# #  # ## #
#.    .$  #
# #$  $ $.#
#@# ##  # #
# #.##    #
###########",11,8,4,1,"positive",17725747800152066154
"########
#    . #
#@#### #
#.#### #
#      #
# $$$###
####.###
########",8,8,3,0,"easy_negative",8366760760992237535
"###########
#@.      .#
#.#  #    #
#. $$  ####
##   $$.  #
##$ ### ###
##      ###
###########",11,8,5,0,"easy_negative",15236003810119692323
"########
#.  ## #
# # ## #
#   $  #
# #$## #
#.#$#  #
#.# ####
# .  . #
# $ #  #
#@$ ####
#.##   #
# ##$# #
#      #
########",8,14,6,0,"easy_negative",1642890908811753786
"###########
# .      ##
# . ## # ##
#   ## ####
##  ## $. #
##$ #. $# #
##   ##  .#
### @  $  #
##  ####  #
#   $  ## #
#     .  ##
#### #$  ##
#        ##
###########",11,14,6,1,"positive",17276226196558903045
"########
###  . #
##.$##.#
# $ ##.#
#. $$ @#
###  $ #
### ####
########",8,8,5,0,"easy_negative",257424402374965558
"###########
# .      ##
# . ## # ##
#   ## ####
##  ## $. #
##$ #. $# #
##   ##  .#
###    $  #
##  ####  #
#   $ @## #
#     .  ##
#### #$  ##
#        ##
###########",11,14,6,1,"positive",17276226196558903045
"##############
### ###    ###
##        # ##
# ##   ####. #
#   # # $   ##
### $   ##  ##
###$# # ## ###
#     ..     #
# #  #   #####
#  $. $ ##   #
###@   ##### #
##   #   ### #
#  .         #
##############",14,14,5,0,"easy_negative",9440670313443989706
"###########
# .      ##
# . ## # ##
#   ## ####
##  ## $. #
##$ #. $# #
##   ##  .#
### $     #
##  ####  #
#   $ @## #
#     .  ##
#### #$  ##
#        ##
###########",11,14,6,1,"positive",17276226196558903045
"###########
## .  .  .#
## $ . ####
##  ###   #
### ## $$##
###$##$$.##
#  @ .   ##
###########",11,8,6,0,"easy_negative",15165345195134950035
"###########
###       #
##. ####  #
#    $.## #
## #   .$ #
#    #  # #
## #  $ $ #
# .  # #  #
###$ # ## #
###. # # @#
###########",11,11,5,1,"positive",10940327877702470296
"###########
###       #
##  ####  #
#    $.## #
## #   .$ #
#    #  # #
## #  $ $ #
# .  # #  #
###$ # ##.#
###. # # @#
###########",11,11,5,1,"positive",10940327877702470296
"##############
#  .   ### .##
##  .    #$$##
###$### $   ##
# # $ #.##   #
# #@ ##$######
# # $ #   # ##
# $. . ## .  #
##     ## #  #
#######.  ####
##############",14,11,8,0,"easy_negative",14937478547692566765
"########
##   ###
###$$ ##
## $.  #
#  ##.##
# .# $ #
# ### ##
#  . @ #
####$###
# .  ###
########",8,11,5,0,"easy_negative",2144120650272095127
"###########
#        ##
# . ## # ##
#   ## ####
##  ## $. #
##$ #. $# #
##   ##  .#
### $     #
##  ####  #
#   $ @## #
#     .  ##
####.#$  ##
#        ##
###########",11,14,6,1,"positive",17276226196558903045
"###########
###. ##   #
##   ##$ .#
##   $    #
##  # #####
## $   # ##
##. # #. ##
####  $.$ #
# #  #  # #
#      @  #
###########",11,11,5,0,"easy_negative",17447531768143928140
"###########
#        ##
#@. ## # ##
#   ## ####
##  ## $. #
##$ #. $# #
##   ##  .#
### $     #
##  ####  #
#   $  ## #
#     .  ##
####.#$  ##
#        ##
###########",11,14,6,1,"positive",17276226196558903045
"###########
###  ##  .#
### $## ###
#..$..$$###
##   ##$$.#
##$.#. @$ #
##  ##    #
###########",11,8,8,0,"easy_negative",12416687219270396441
"########
#  .####
## .  @#
### .. #
####$  #
##   # #
#    $ #
## # $ #
#  $ # #
## #   #
########",8,11,4,1,"positive",6716757484549358100
"########
#  .####
## .   #
### .. #
####$  #
##   # #
#    $ #
## # $ #
#  $ # #
## #@  #
########",8,11,4,1,"positive",6716757484549358100
"########
#  .####
## .   #
### .. #
####$  #
##   # #
#      #
## #$$ #
#  $ # #
## #@  #
########",8,11,4,1,"positive",6716757484549358100
"########
#  .####
##     #
### .. #
####$  #
##   # #
#      #
## #$$ #
#  $ #.#
## #@  #
########",8,11,4,1,"positive",6716757484549358100
"########
#  .####
##     #
###@.. #
####$  #
##   # #
#      #
## #$$ #
#  $ #.#
## #   #
########",8,11,4,1,"positive",6716757484549358100
"###########
#. ##   @ #
#  ## $####
#  ##.    #
## .### ###
##$ $ # .##
##   ##   #
## ## $   #
#. .# #$# #
## ####$  #
#    ##$# #
### $ #.# #
###  .  # #
###########",11,14,8,0,"easy_negative",14453169937053121989
"##############
## #    ##  ##
#   #  # #  ##
##$### #$   ##
# $    $$@ ###
#  . #  # #  #
####   .$ ## #
##### # . ## #
## #  .## ## #
##. # ###    #
# $ # ####   #
# #     #.####
#.  # #      #
##############",14,14,7,0,"easy_negative",11533150545788155576
"########
#   ## #
###.#  #
###  $ #
###  #@#
##  $# #
#. $$# #
# .#   #
#.## # #
#  #   #
########",8,11,4,0,"easy_negative",7939880495599663624
"########
### # ##
##     #
##  #@##
# $.####
## $$. #
###.   #
########",8,8,3,0,"easy_negative",1430667083972820519
"########
#  ..###
# #$$@##
#.$$$ ##
# $ $$.#
# #.# .#
#  .##.#
########",8,8,8,0,"easy_negative",14019965907264416707
"###########
###@      #
##  ####  #
#    $.## #
## #   .$ #
#    #  # #
## #  $ $ #
# .  # #  #
###$ # ##.#
###. # #  #
###########",11,11,5,1,"positive",10940327877702470296
"##############
# ####.  ### #
#  ## @$#### #
# .$  $  # $ #
####$#$### #.#
# #  #   #.# #
#    #.    #.#
##############",14,8,6,0,"easy_negative",2796217673540561189
"###########
###@      #
##  ####  #
#    $.## #
## #   .$ #
#    #  # #
## #  $ $ #
# *  # #  #
###  # ##.#
###. # #  #
###########",11,11,5,0,"hard_negative",10940327877702470296
"###########
###   @   #
##  ####  #
#    $.## #
## #   .$ #
#    #  # #
## #  $ $ #
# .  # #  #
###$ # ##.#
###. # #  #
###########",11,11,5,1,"positive",10940327877702470296
"###########
###       #
##  ####  #
#    $.## #
## #   .$ #
#   @#  # #
## #  $ $ #
# .  # #  #
###$ # ##.#
###. # #  #
###########",11,11,5,1,"positive",10940327877702470296
"###########
#    ####.#
#### #### #
#  $$  @. #
#         #
# #  # $ ##
#  .  $ ###
#  #     .#
# .####   #
#. #      #
## ########
# $ $$   ##
## #.   ###
###########",11,14,7,0,"easy_negative",16363885470013454331
"########
# .  ###
###$@ ##
###   ##
# ##. ##
# ##  ##
#    .##
##$.## #
##  ## #
##  $  #
###.  ##
## $$ ##
#### ###
########",8,14,5,0,"easy_negative",11746327791016774444
"########
# ## ###
#  # ###
# .$   #
#.   $ #
### ####
###   .#
### $###
##  $ ##
##  $@.#
###   .#
##  #  #
###### #
########",8,14,5,1,"positive",11128569353755676234
"########
# ## ###
#  # ###
# .$   #
#.   $ #
### ####
###   .#
### $###
##  $ ##
##  $ .#
###   +#
##  #  #
###### #
########",8,14,5,1,"positive",11128569353755676234
"########
# ##@###
#  # ###
# .$   #
#.   $ #
### ####
###   .#
### $###
##  $ ##
##  $ .#
###   .#
##  #  #
###### #
########",8,14,5,1,"positive",11128569353755676234
"########
# ##@###
#  # ###
# .$   #
#.   $ #
### ####
###   .#
### $###
##  $ ##
##  $  #
###   .#
##  #  #
######.#
########",8,14,5,1,"positive",11128569353755676234
"########
# ## ###
#  # ###
# .$   #
#.   $ #
### ####
###   .#
### $###
##  $ ##
##  $@ #
###   .#
##  #  #
######.#
########",8,14,5,1,"positive",11128569353755676234
"###########
##      ###
##$ ##  ###
##$ ##    #
##$### #.##
#   # $   #
## ##  #@##
## ##### ##
# $. #   .#
##$#   # ##
#.$  ## ..#
#    ## .##
####    ###
###########",11,14,7,0,"easy_negative",5200047749371608582
"########
# #..###
# #.. ##
#.# $$ #
#   #$##
# # $$ #
#  @# ##
########",8,8,5,0,"easy_negative",14672843639994534996
"##############
# # # #      #
# #   $    #.#
# # # ########
# $ @   ######
# ####.# ## ##
# #### #    ##
#  # #  ## ###
#  #.# $## ###
#  # #.      #
# ##   #$    #
# #  # #  ####
# ##   #     #
##############",14,14,4,0,"easy_negative",11735051927486427622
"###########
#  ### ## #
#  ###.#  #
# .#  $#. #
# $ # $$@ #
# ###  $# #
# ###    .#
# . $  #  #
# # ####$ #
#  .   #. #
###########",11,11,7,0,"easy_negative",230361107313973212
"###########
#.##@    ##
#.#####. ##
#  $$$$ .##
#  . # $###
# #$###$###
#   .#.   #
###########",11,8,7,0,"easy_negative",16371117299117467888
"###########
#    # # ##
#### #    #
#  . #.# ##
#      $  #
# #  #  # #
#@  $     #
#      #  #
###### #  #
## ### #  #
#  .$  # ##
#  $ .#   #
#   #### ##
###########",11,14,4,1,"positive",4058465051350838625
"###########
#         #
#  $## $# #
# . ##$   #
## #   ####
####.###  #
# $ $#### #
#..$$$ . .#
#.# ## @# #
#   ## .  #
###########",11,11,8,0,"easy_negative",1949483017665367971
"###########
#    # # ##
#### #    #
#  . #.# ##
#      $  #
# #  # .# #
#@  $     #
#      #  #
###### #  #
## ### #  #
#   $  # ##
#  $ .#   #
#   #### ##
###########",11,14,4,0,"hard_negative",4058465051350838625
"###########
#    # # ##
#### #    #
#  . # # ##
#      $  #
# #  #  # #
#@  $     #
#      #  #
###### #  #
## ### #  #
#  .$  # ##
#. $ .#   #
#   #### ##
###########",11,14,4,0,"hard_negative",4058465051350838625
"###########
#    # # ##
#### #    #
#  . #.# ##
#      $  #
# #  #  # #
#   $     #
#    @ #  #
###### #  #
## ### #  #
#  .$  # ##
#  $ .#   #
#   #### ##
###########",11,14,4,1,"positive",4058465051350838625
"###########
#    # # ##
#### #    #
#  . #.# ##
#      $  #
# #  #  # #
#   $  @  #
#      #  #
###### #  #
## ### #  #
#  .$  # ##
#  $ .#   #
#   #### ##
###########",11,14,4,1,"positive",4058465051350838625
"###########
#    # # ##
#### #    #
#  . # # ##
#      $  #
# #  #  # #
#   $  @  #
#  .   #  #
###### #  #
## ### #  #
#  .$  # ##
#  $ .#   #
#   #### ##
###########",11,14,4,1,"positive",4058465051350838625
"###########
#    # # ##
#### #.   #
#  . # # ##
#      $  #
# #  #  # #
#   $  @  #
#  .   #  #
###### #  #
## ### #  #
#  .$  # ##
#  $  #   #
#   #### ##
###########",11,14,4,0,"hard_negative",4058465051350838625
"##############
#   #@ # ### #
#. ### .  #  #
# ###  # #   #
#  $ . ## .  #
###  #$## #  #
### $ $ $ ####
#    ## # # ##
#  #.#  #    #
# ## ## # # ##
##############",14,11,5,0,"easy_negative",13035860076680980218
"###########
### ###   #
##      ###
#    $  ###
# ####  ###
##  #   ###
###   . $ #
##@#   .# #
#    # ####
##$#    #.#
#       $ #
#   ##  #.#
#   ##    #
###########",11,14,4,0,"easy_negative",8076396036457122694
"###########
##.  . ## #
### ##### #
##..   $$ #
#   $ $  ##
#.#   # ###
# .  ##  ##
### ####$##
###  $ $$.#
#@ .   # ##
###########",11,11,8,0,"easy_negative",168802223146197922
"###########
#    # # ##
#### #    #
#  . # # ##
#      $  #
# #  #  # #
#   $$ @  #
#  .   #  #
###### #  #
## ### #  #
#  .   # ##
#  $ .#   #
#   #### ##
###########",11,14,4,0,"hard_negative",4058465051350838625
"###########
#    # # ##
#### #    #
#  . # # ##
#      $  #
# #  #  # #
#   $  @  #
#  *   #  #
###### #  #
## ### #  #
#  .   # ##
#  $ .#   #
#   #### ##
###########",11,14,4,0,"hard_negative",4058465051350838625
"###########
#    # # ##
#### #    #
#  . # # ##
#      $  #
# #  #  # #
#   $  @  #
#      # .#
###### #  #
## ### #  #
#  .$  # ##
#  $ .#   #
#   #### ##
###########",11,14,4,1,"positive",4058465051350838625
"###########
# ####  ###
#  ##  $ ##
#    ##  ##
#  #  $ ###
# $#  # ###
#  #.##   #
# ####    #
#  ##   # #
# .####$ .#
###   @  ##
##    .# ##
####   ####
###########",11,14,4,0,"easy_negative",15868665804622432347
"########
###. .##
##    ##
#    ###
##  ####
##  $ @#
##  .$ #
# $ ####
#  $.$ #
#  .   #
########",8,11,5,1,"positive",18439799309066113265
"###########
# .    #  #
### $#$## #
###    #  #
####.  #.##
# #   $   #
#   #### ##
#      # ##
# # $#  @ #
# .    # ##
###########",11,11,4,0,"easy_negative",5716617863044419260
"########
###. .##
##    ##
#    ###
##  ####
##. $ @#
##  .$ #
# $ ####
#  $ $ #
#  .   #
########",8,11,5,1,"positive",18439799309066113265
"########
###.  ##
##    ##
#    ###
##  ####
##. $ @#
##  .$ #
# $ ####
#  $ * #
#  .   #
########",8,11,5,1,"positive",18439799309066113265
"########
###.  ##
##   @##
#    ###
##  ####
##. $  #
##  .$ #
# $ ####
#  $ * #
#  .   #
########",8,11,5,0,"hard_negative",18439799309066113265
"########
###.  ##
##    ##
#    ###
##  ####
##.$$ @#
##  .$ #
# $ ####
#  $ . #
#  .   #
########",8,11,5,1,"positive",18439799309066113265
"########
###.  ##
##  $ ##
#    ###
##  ####
##. $ @#
##  .$ #
# $ ####
#  $ . #
#  .   #
########",8,11,5,1,"positive",18439799309066113265
"########
####   #
#@ ### #
#.$ ## #
# $$$..#
#.# $# #
#### . #
########",8,8,5,0,"easy_negative",12086615427681392848
"########
##     #
###$####
##   . #
#####  #
#   ##@#
#  .#  #
# $ $ .#
#### . #
# . $ .#
#### ###
# $$ ###
#      #
########",8,14,6,0,"easy_negative",18019797552436690323
"########
#. ##  #
# ###  #
#  ##$ #
#    $ #
# # ## #
#  @## #
####   #
## ..###
# $  ###
#   ## #
###$## #
###  . #
########",8,14,4,0,"easy_negative",8092974978184851676
"##############
##    .   # ##
##  ###$     #
##  # #   # ##
####.   #   ##
# #  # ###  ##
#   .   # $ ##
# .  ##    $ #
## $ ##      #
####@     ####
####  ##  # ##
#  #  ###    #
#     ##  # ##
##############",14,14,4,1,"positive",338680167013793166
"##############
#   .        #
#  @$ # #  # #
#### ##  .$. #
# ######.# ###
# ##    #  .##
# $   $###   #
#..    ## ## #
# # ##### ## #
#  $$ $     .#
# #######$   #
# ##   #  #  #
#       #### #
##############",14,14,8,0,"easy_negative",13389962950790271498
"##############
## #####  # ##
#     .#     #
## # $ # $# ##
# .#      #  #
# $#  ##### ##
#  ####   ####
#       @#   #
#######  #$  #
#     .  #$ .#
#   ## #$#.###
######      ##
#.     # #  ##
##############",14,14,6,0,"easy_negative",12936188394975033104
"##############
##        # ##
##  ###$     #
##  # #   # ##
####.   #   ##
# #  # ###  ##
#   .   # $ ##
# .. ##    $ #
## $ ##      #
####@     ####
####  ##  # ##
#  #  ###    #
#     ##  # ##
##############",14,14,4,0,"hard_negative",338680167013793166
"##############
##    .   # ##
##  ###$     #
##  # #   # ##
####.   #   ##
# #  # ###  ##
#   .   # $ ##
# .  ##    $ #
## $ ##      #
####      ####
####  ##  # ##
#  #  ###    #
#     ## @# ##
##############",14,14,4,1,"positive",338680167013793166
"##############
## ###### #. #
# $    #  #  #
##$# $ #  #  #
#  $  @ $$   #
###.####  ####
###    ## .  #
###  #.#.# .##
##   # $  # ##
#### # #.#####
##############",14,11,7,0,"easy_negative",10344602424664117756
"##############
##    .   # ##
##  ###  $   #
##  # #   # ##
####.   #   ##
# #  # ###  ##
#   .   # $ ##
# .  ##    $ #
## $ ##      #
####      ####
####  ##  # ##
#  #  ###    #
#     ## @# ##
##############",14,14,4,1,"positive",338680167013793166
"###########
##  #######
##    #   #
##  $$    #
# .#  .####
##.# ## # #
###  ##$  #
###  ## # #
###  # $# #
#    ## # #
####.     #
## #   ## #
##@    ## #
###########",11,14,4,0,"easy_negative",5882895630207092580
"##############
##    .   # ##
##  ###  $   #
##  # #   # ##
####.   #   ##
# #  # ###  ##
#   .   # $ ##
# .  ##      #
## $ ##      #
####      ####
####  ## $# ##
#  #  ###    #
#     ## @# ##
##############",14,14,4,1,"positive",338680167013793166
"##############
#           .#
#  # ####. # #
# ## #### ####
#      $     #
#### ## #  ###
#    ##    ###
#  #  ###    #
# ##  ###. # #
#  #$$#      #
# ## $ #@#####
#.###      # #
#   #### #   #
##############",14,14,4,0,"easy_negative",6712859932600086215
"##############
##  @ .   # ##
##  ###  $   #
##  # #   # ##
####.   #   ##
# #  # ###  ##
#   .   # $ ##
# .  ##      #
## $ ##      #
####      ####
####  ## $# ##
#  #  ###    #
#     ##  # ##
##############",14,14,4,0,"hard_negative",338680167013793166
"##############
##    .   # ##
##  ###  $ $ #
##  # #   # ##
####.   #   ##
# #  # ###  ##
#   .   # $ ##
# .  ##      #
##   ##      #
####      ####
####  ## $# ##
#  #  ###    #
#     ## @# ##
##############",14,14,4,0,"hard_negative",338680167013793166
"##############
##    .   # ##
##  ###  $   #
##  # #   # ##
####.   #   ##
# #  # ###  ##
#   .   # $ ##
# .  ##      #
## $ ##      #
####      ####
####  ## $# ##
#  #  ###    #
#     ##@ # ##
##############",14,14,4,1,"positive",338680167013793166
"########
####.  #
##  $. #
# $ $$ #
##.### #
#  @# ##
## #  ##
#    . #
#.#$ # #
#      #
#. $####
# #.$ ##
#      #
########",8,14,7,0,"easy_negative",13260449381133161200
"########
##### ##
#   @  #
#.$.# ##
###$$. #
##. $ ##
##   ###
########",8,8,4,1,"positive",14126247453744949743
"########
##### ##
#   @  #
#.$.# ##
###$$  #
##. $ ##
##.  ###
########",8,8,4,1,"positive",14126247453744949743
"########
##### ##
#      #
#.$.# ##
###$$ @#
##. $ ##
##.  ###
########",8,8,4,1,"positive",14126247453744949743
"###########
## #     .#
#   $# .# #
## # @ $ .#
## # $ ## #
#   $  #. #
## #####  #
###########",11,8,4,0,"easy_negative",17906339466276414685
"########
##### ##
#      #
#. .# ##
###$$$@#
##. $ ##
##.  ###
########",8,8,4,0,"hard_negative",14126247453744949743
"########
##### ##
#    $ #
#.$.# ##
### $ @#
##. $ ##
##.  ###
########",8,8,4,0,"hard_negative",14126247453744949743
"########
#.   . #
####@# #
# $ $ .#
## # ..#
# $ $$ #
## #####
########",8,8,5,0,"easy_negative",8138854609431025873
"########
##### ##
#    . #
#.$.# ##
###$$ @#
##  $ ##
##.  ###
########",8,8,4,1,"positive",14126247453744949743
"########
##### ##
#    . #
#. .# ##
###$$$@#
##  $ ##
##.  ###
########",8,8,4,0,"hard_negative",14126247453744949743
"########
##### ##
#    . #
#. .# ##
###$$$@#
##  $ ##
##.  ###
########",8,8,4,0,"hard_negative",14126247453744949743
"########
##### ##
#    . #
#.$.# ##
###*$ @#
##  $ ##
##   ###
########",8,8,4,1,"positive",14126247453744949743
"###########
## # . # ##
# $$  .   #
##$#####$##
##  ##.   #
##  #  $@.#
##  ###  .#
###########",11,8,5,0,"easy_negative",15066597292025947016
"##############
##### #.#    #
# # . $ #  ###
#   # # #  ###
# ##   ###   #
#  ###    ## #
### ##    ## #
# .$    ##   #
#  # #$ ## # #
# ##.$   $   #
#   ##  # ####
# # @ # #. # #
#### ## #    #
##############",14,14,5,0,"easy_negative",18026730788461024147
"########
##     #
## $ #.#
###    #
#### ###
# $.$###
#@$..  #
### $  #
### ## #
# . ## #
########",8,11,5,0,"easy_negative",3472114975353311991
"##############
#.      .  # #
# #  #$  # # #
#       ## # #
###  #    ## #
##   #  # ## #
# $  # .   $ #
#     $@ $   #
# # # ..## # #
#   ##  ##   #
#  ###   ### #
## ###   ### #
###      #   #
##############",14,14,5,1,"positive",14604781711191441522
"###########
###.  .# ##
### $$    #
#  @#### ##
#   # # ###
##      ###
##### #   #
## $$$ ## #
## # . ## #
# #####.  #
#.   ## ###
#### ##  ##
#         #
###########",11,14,5,0,"easy_negative",14229772249480102234
"##############
#.         # #
# #  #$  # # #
#       ## # #
###  #    ## #
##   #  # ## #
# $  # .   $ #
#     *@ $   #
# # # ..## # #
#   ##  ##   #
#  ###   ### #
## ###   ### #
###      #   #
##############",14,14,5,1,"positive",14604781711191441522
"###########
# .## # ###
# $# .$$ ##
#..##$# $ #
##$# $ #$.#
# @ .. #. #
## #   #  #
###########",11,8,8,0,"easy_negative",6056030734857141138
"##############
#          # #
# #  #$  # # #
#       ## # #
###  #    ## #
##   #  # ## #
# $  # .   $ #
#     *@ $   #
# # #...## # #
#   ##  ##   #
#  ###   ### #
## ###   ### #
###      #   #
##############",14,14,5,1,"positive",14604781711191441522
"##############
##   ####    #
## # ###   # #
# ##   #     #
# $    $ #   #
#.## # $##.# #
# ##@    # . #
##### #   ####
#.   $ .##   #
# . # # ##   #
## # $  $$   #
#     # #   ##
## #### .  ###
##############",14,14,7,0,"easy_negative",15638665046015034325
"##############
#          # #
# #  #$  # # #
#       ## # #
###  #    ## #
##   #  #@## #
# $  # .   $ #
#     *  $   #
# # #...## # #
#   ##  ##   #
#  ###   ### #
## ###   ### #
###      #   #
##############",14,14,5,1,"positive",14604781711191441522
"##############
##.###      .#
#     ####@# #
## # ### #   #
#    #.$$$.  #
# ## #  #. .##
# ##$#  $. ###
# ##  . #$# ##
#  # $  #  $ #
#   ### # # ##
##############",14,11,8,0,"easy_negative",17037450021225810004
"##############
#          # #
# #  #$  # # #
#       ## # #
###  #    ## #
##   #  # ## #
# $  # .   $ #
#     *  $   #
# #@#...## # #
#   ##  ##   #
#  ###   ### #
## ###   ### #
###      #   #
##############",14,14,5,1,"positive",14604781711191441522
"########
####.  #
## #$ ##
##@.$###
## $$. #
## $..##
##  ####
########",8,8,5,0,"easy_negative",8813642021014527136
"###########
#       # #
####$#$ #.#
#    . .# #
#. $$  $  #
###  ## # #
### @##   #
##   # ## #
## . # #  #
##   #    #
###########",11,11,5,1,"positive",13283811017916212570
"###########
#   .  # .#
# #  ### .#
#  $.#### #
### # #  @#
##   $$ #.#
##### #   #
#  $$ $.###
# .    $ ##
####   ####
###########",11,11,7,0,"easy_negative",5896677054669625926
"###########
#       # #
####$#$ #.#
#    .  # #
#. $$  $  #
###  ## # #
### @##   #
##   # ## #
## . # #  #
##   #   .#
###########",11,11,5,0,"hard_negative",13283811017916212570
"###########
#       # #
#### #$ #.#
#    . .# #
#. $$  $  #
### $## # #
### @##   #
##   # ## #
## . # #  #
##   #    #
###########",11,11,5,1,"positive",13283811017916212570
"###########
#       # #
#### #  #.#
# $  . .# #
#. $$  $  #
### $## # #
### @##   #
##   # ## #
## . # #  #
##   #    #
###########",11,11,5,0,"hard_negative",13283811017916212570
"###########
#       # #
#### #$ #.#
#    . .# #
#.  $$ $  #
### $## # #
### @##   #
##   # ## #
## . # #  #
##   #    #
###########",11,11,5,0,"hard_negative",13283811017916212570
"###########
#       # #
#### #$ #.#
#    . .# #
#. $$  $  #
###  ## # #
### @##   #
## $ # ## #
## . # #  #
##   #    #
###########",11,11,5,1,"positive",13283811017916212570
"##############
#  @## # ## ##
# $ ## $$  . #
# $ $  #.##$##
# ##   ##..  #
#.###### $$###
#    ..  . ###
##############",14,8,8,0,"easy_negative",15983062458179715935
"###########
# ##    ###
#  ####$###
#  .$ $$ .#
# .#@    ##
#  ### # ##
#. ### ####
###########",11,8,4,0,"easy_negative",15376976492510540507
"###########
#       # #
#### #$ #.#
#    . .# #
#. $$  $ .#
###  ## # #
### @##   #
## $ # ## #
##   # #  #
##   #    #
###########",11,11,5,1,"positive",13283811017916212570
"###########
#  . .    #
###$### # #
###  $    #
###$##### #
## @ # #. #
####    ###
#         #
#.#$ ##   #
#    ######
###########",11,11,4,0,"easy_negative",3866976008833221874
"###########
#       # #
#### #$ #.#
#    . .# #
#. $$  $ .#
### @## # #
###  ##   #
## $ # ## #
##   # #  #
##   #    #
###########",11,11,5,1,"positive",13283811017916212570
"##############
#     .      #
# ##### .$ ###
#.##   ### ###
#  $  $###$  #
# #$ #$ # $  #
# .   @.   ..#
##############",14,8,7,0,"easy_negative",17614915109779508401
"##############
#   ###      #
# # #   ##@# #
#       ######
#  ###  ## ###
#  ###.  # ###
#  #  $  #   #
#    $ .$ ## #
##  ## ## ## #
### ##.##    #
######  $  . #
# # ##   ### #
#       #### #
##############",14,14,4,1,"positive",14069073896031727691
"##############
#   ###      #
# # #   ##@# #
#       ######
#  ###  ## ###
#  ###.  # ###
#  #     #   #
#    $ .$ ## #
##  ## ## ## #
### ##.##$   #
######  $  . #
# # ##   ### #
#       #### #
##############",14,14,4,0,"hard_negative",14069073896031727691
"##############
#   ###      #
# # #   ##@# #
#       ######
#  ###  ## ###
#  ###.  # ###
#  #  $  #   #
#      .$ ## #
##  ## ## ## #
### ##.##    #
######$ $  . #
# # ##   ### #
#       #### #
##############",14,14,4,1,"positive",14069073896031727691
"##############
#   ###      #
# # #   ## # #
#       ######
#  ###  ## ###
#@ ###.  # ###
#  #  $  #   #
#      .$ ## #
##  ## ## ## #
### ##.##    #
######$ $  . #
# # ##   ### #
#       #### #
##############",14,14,4,1,"positive",14069073896031727691
"##############
#   ###      #
# # #   ## # #
#       ######
#  ###  ## ###
#@ ###.  # ###
#  #  $  #   #
#      .$ ## #
##  ## ## ## #
### ##.##  $ #
######  $  . #
# # ##   ### #
#       #### #
##############",14,14,4,0,"hard_negative",14069073896031727691
"##############
#   ##     . #
#.#  #  #  # #
#  $##       #
# $  @  $   ##
# # ##   # ###
#  $## .##  ##
#   ### # . ##
###   ####  ##
###     #  ###
##############",14,11,4,1,"positive",9753327381861138900
"###########
## #.  ####
# $  #    #
## ####   #
# ##      #
# ## ###  #
#    ######
### #######
## $$ #  .#
#    ##   #
# # ### $.#
#.#     ###
# #@    ###
###########",11,14,4,0,"easy_negative",10478057742712864362
"##############
# #   .   # ##
#.# #####    #
#@# # ### # ##
# . # #.  #  #
##      #### #
### #$# ###  #
###   .#  # ##
##  #  ##  $ #
##  ####  #$##
#   #  $ $ $ #
# # # ###  # #
#   #####  . #
##############",14,14,6,0,"easy_negative",11478062642576099212
"########
#     ##
#..# ###
# ##  ##
# ### ##
## #.$ #
##$ #$##
# $ .  #
#  @   #
########
########",8,11,4,0,"easy_negative",9397914071763580095
"########
#   ####
# $.   #
#   @ .#
# ##   #
# #### #
#   ## #
###  ###
###.  ##
#  $## #
## $   #
##.$ ###
##   ###
########",8,14,4,0,"easy_negative",1587003471848370100
"##############
#   ###      #
# # #   ##.# #
#       ######
#  ###  ## ###
#@ ###.  # ###
#  #  $  #   #
#       $ ## #
##  ## ## ## #
### ##.##    #
######$ $  . #
# # ##   ### #
#       #### #
##############",14,14,4,0,"hard_negative",14069073896031727691
"##############
#   ###      #
# # #   ## # #
#       ######
#  ###  ## ###
#  ###.  # ###
#  #  $  #   #
#      .$ ## #
##  ## ## ## #
### ##.##    #
######$ $  . #
# # ##   ### #
#  @    #### #
##############",14,14,4,1,"positive",14069073896031727691
"##############
#@  ###      #
# # #   ## # #
#       ######
#  ###  ## ###
#  ###.  # ###
#  #  $  #   #
#      .$ ## #
##  ## ## ## #
### ##.##    #
######$ $  . #
# # ##   ### #
#       #### #
##############",14,14,4,1,"positive",14069073896031727691
"##############
##  ## ##### #
##  .# #   # #
##  ## ## ## #
##  $   #$   #
##  ### # ## #
### # # # ##.#
# ### # $    #
# #   @##  # #
# ### ###    #
# .$     $ . #
##   ## #. # #
###  #########
##############",14,14,5,0,"easy_negative",13071634077787836830
"###########
#     .   #
######$####
##.###.   #
# $ # ##$##
#   . $   #
#.$ # ## ##
### #$## ##
###.$.  @ #
#  .#$## ##
# ##      #
#  ##   # #
#   ## ####
###########",11,14,8,0,"easy_negative",5635075266920315958
"##############
#   ##     . #
#.#  #  #  # #
#  $##    @  #
# $     $   ##
# # ##   # ###
#  $## .##  ##
#   ### # . ##
###   ####  ##
###     #  ###
##############",14,11,4,1,"positive",9753327381861138900
"########
###.####
## $# ##
##.@  ##
# ##$# #
# .# #.#
#    # #
# ##$$ #
# # $.##
# ##$###
##    ##
##    ##
##  .###
########",8,14,6,0,"easy_negative",18006005987734161117
"##############
#   ##     . #
#.#  #  #  # #
#  $##    @  #
# $     $   ##
# # ##   # ###
#  $## .##  ##
#   ###.#   ##
###   ####  ##
###     #  ###
##############",14,11,4,1,"positive",9753327381861138900
"###########
#.   ##   #
####$ #$# #
#         #
# ####$   #
# ###. ####
#         #
#    #  ###
# # ###  ##
#.   # . ##
#  #  ## ##
# $#  #   #
#  #@ ## ##
###########",11,14,4,0,"easy_negative",14921290848592264935
"##############
#   ##     . #
#.#  #  #  # #
#  $##    @  #
# $     $.  ##
# # ##   # ###
#  $##  ##  ##
#   ###.#   ##
###   ####  ##
###     #  ###
##############",14,11,4,1,"positive",9753327381861138900
"##############
#     .##  ###
#  #   ##   ##
#.#####   ####
#       ## ###
#@.#$ # #   ##
#### ## ##   #
###  $       #
##  $ #$# ####
#   ###. $ . #
#  #    ##. ##
#.#####$##$$##
#  # .      ##
##############",14,14,8,0,"easy_negative",3910638364257428964
"###########
#        .#
#   ### ###
# $    $###
#  ##    ##
#  ###   ##
#  ## . @##
#    ###  #
####  ### #
#    $.#  #
#     $ # #
#.# ### # #
#       # #
###########",11,14,4,1,"positive",1706474003429074680
"###########
####  #   #
# $  @# $ #
# $..##   #
#.####.$$##
# ###  # ##
#    . ####
###########",11,8,5,0,"easy_negative",14437366215282263789
"###########
#        .#
#   ### ###
# $    $###
#  ##    ##
#  ###   ##
#  ## .  ##
#    ###  #
####  ### #
# @  $.#  #
#     $ # #
#.# ### # #
#       # #
###########",11,14,4,1,"positive",1706474003429074680
"##############
#  # ##     ##
# $# ## ## ###
# .#    ##  ##
#   ### $ #  #
# # # . #@# .#
#   ##  $ ## #
## ## . ## $ #
#   # # ## # #
## ####$$ $  #
#   # #.### ##
# #     .#####
#  .# #      #
##############",14,14,7,0,"easy_negative",16696253207081941879
"###########
#        .#
#   ### ###
# $    $###
#  ##    ##
#  ###.  ##
#  ##    ##
#    ###  #
####  ### #
# @  $.#  #
#     $ # #
#.# ### # #
#       # #
###########",11,14,4,1,"positive",1706474003429074680
"###########
#        .#
#   ### ###
# $    $###
#  ##    ##
#  ###.  ##
#  ##    ##
#    ###  #
####  ### #
# @  $.#  #
#       # #
#.#$### # #
#       # #
###########",11,14,4,1,"positive",1706474003429074680
"###########
### #  ####
###@## #  #
#   #  .  #
##$  ###  #
##  $#### #
##$ .  #  #
# . ##    #
# # # $ #.#
#      ####
###########",11,11,4,0,"easy_negative",308598558832740607
"########
#   .. #
# ##$# #
# ##   #
# . $ ##
#  #$$##
# ##  ##
#@##$###
#  #..##
#     ##
########",8,11,5,0,"easy_negative",9142771281793861388
"###########
#        .#
#   ### ###
# $     ###
#  ##    ##
#  ###.  ##
#  ## $  ##
#    ###  #
####  ### #
# @  $.#  #
#       # #
#.#$### # #
#       # #
###########",11,14,4,0,"hard_negative",1706474003429074680
"###########
#        .#
#   ### ###
# $    $###
#  ##    ##
#  ###   ##
#  ##    ##
#    ###  #
####  ### #
# @  $.#  #
#.      # #
#.#$### # #
#       # #
###########",11,14,4,0,"hard_negative",1706474003429074680
"###########
#        .#
#   ### ###
# $   $$###
#  ##    ##
#  ###.  ##
#  ##    ##
#    ###  #
####  ### #
# @   .#  #
#       # #
#.#$### # #
#       # #
###########",11,14,4,0,"hard_negative",1706474003429074680
"###########
#        +#
#   ### ###
# $    $###
#  ##    ##
#  ###.  ##
#  ##    ##
#    ###  #
####  ### #
#    $.#  #
#       # #
#.#$### # #
#       # #
###########",11,14,4,1,"positive",1706474003429074680
"########
# . ####
#.# $ .#
#  $ . #
#  . # #
# #. # #
#  $.# #
# ##   #
# ##. ##
# $ $###
#  $$$@#
##  #  #
### ## #
########",8,14,8,0,"easy_negative",5654833564456745736
"##############
#   ##     . #
#.#  #  #  # #
#   ##    @  #
# $     $.  ##
# # ##   # ###
#  $##  ##  ##
#   ###.#   ##
### $ ####  ##
###     #  ###
##############",14,11,4,1,"positive",9753327381861138900
"###########
#     # . #
# ##$ #$$ #
# ##  #$$.#
#@### #$###
#.#####  ##
#.   .  . #
###########",11,8,6,0,"easy_negative",2137980411505488726
"########
##     #
##.$@ ##
##  ####
#  $# ##
# #    #
# $.#$##
#.$ . .#
##     #
########
########",8,11,5,1,"positive",4452066937303893806
"########
##     #
##.$@ ##
##  ####
#  $# ##
# #    #
# $.#$##
#.$   .#
## .   #
########
########",8,11,5,1,"positive",4452066937303893806
"########
##     #
##.$@ ##
##  ####
#  $# ##
# #    #
# $*# ##
#.$   .#
## .   #
########
########",8,11,5,1,"positive",4452066937303893806
"########
##     #
##.$  ##
##  ####
#  $# ##
# #  @ #
# $*# ##
#.$   .#
## .   #
########
########",8,11,5,1,"positive",4452066937303893806
"########
##     #
##.$  ##
##  ####
# @$# ##
# #    #
# $*# ##
#.$   .#
## .   #
########
########",8,11,5,1,"positive",4452066937303893806
"###########
#  ##  ## #
#  ### #  #
#  ##.$#$.#
# ###  #@ #
# #### #$ #
# $ # .# .#
# #     $ #
#.#  #  # #
# #       #
###########",11,11,5,0,"easy_negative",13588221297220203554
"##############
###     #    #
###$ #..#   ##
#  $.$ .#  ###
#.#### # $   #
#  ### #   # #
#   $ $# $   #
## # # ##@## #
#### # ##$##.#
#    #    . .#
##############",14,11,8,0,"easy_negative",9896337504821611053
"########
#. #   #
# .##@ #
# .### #
# $$.  #
# # $$ #
####.  #
### .# #
##   # #
# ## # #
# $$$$ #
# ## #.#
# ##.  #
########",8,14,8,0,"easy_negative",11963004863556332479
"##############
#  ..##.    ##
# $ $ #  ## ##
####  #$######
# ## . $ @# ##
# ##$#.#  $  #
#      ##.# ##
##############",14,8,6,0,"easy_negative",13234218933480870027
"###########
###       #
##.   # # #
#   $##$$ #
####.#  $ #
##. ###.###
###  #  ###
### # #   #
###  @$$$.#
#. .# #   #
###########",11,11,7,0,"easy_negative",2462424995852253855
"###########
#   ###  .#
# #  # $  #
#         #
## #  .## #
# $$   ## #
##.####   #
# . @ $ ###
## $$#   ##
### ..    #
###########",11,11,6,1,"positive",3196333347582885325
"##############
#   ####@   ##
#  .# ##  $ ##
#     ###  .##
##### #   # ##
## $    #    #
### # ##### ##
#   # ####   #
# $ ###  .   #
# $          #
## #.#.#$# ###
#    #     ###
## # # # #   #
##############",14,14,5,0,"easy_negative",15198109288471709014
"###########
#   ###  .#
# #  # $@ #
#         #
## #  .## #
# $$   ## #
##.####   #
# .   $ ###
## $$#   ##
### ..    #
###########",11,11,6,0,"hard_negative",3196333347582885325
"###########
#   ###  .#
# #  # $  #
#         #
## #  .## #
# $$   ## #
##.####   #
# .   $ ###
## $$#   ##
### ..@   #
###########",11,11,6,0,"hard_negative",3196333347582885325
"###########
#   ###  .#
# #  # $  #
#         #
## #  .## #
# $$   ## #
## ####   #
# . @ $ ###
## $*#   ##
### ..    #
###########",11,11,6,1,"positive",3196333347582885325
"###########
##  .## ..#
## # ## # #
# ## $.$@ #
# ##$#### #
# #.  ##  #
# ##$$.####
#  $ ##  ##
####  #  ##
#       ###
###########",11,11,6,0,"easy_negative",14781693507352939739
"###########
#   ###  .#
# #  # $  #
#         #
## # @.## #
# $$   ## #
## ####   #
# .   $ ###
## $*#   ##
### ..    #
###########",11,11,6,0,"hard_negative",3196333347582885325
"###########
#   ###  .#
#@#  # $  #
#         #
## #  .## #
# $$   ## #
## ####   #
# .   $ ###
## $*#   ##
### ..    #
###########",11,11,6,0,"hard_negative",3196333347582885325
"###########
#   ###  .#
# #  # $  #
#         #
## #  .## #
# $$.  ## #
## ####   #
#   @ $ ###
## $*#   ##
### ..    #
###########",11,11,6,1,"positive",3196333347582885325
"###########
#   ###  .#
# #  #    #
#    $    #
## #  .## #
# $$.  ## #
## ####   #
#   @ $ ###
## $*#   ##
### ..    #
###########",11,11,6,1,"positive",3196333347582885325
"###########
#   ###  .#
# #  #    #
#    $    #
## #  .## #
# $$.  ## #
## ####   #
#     $ ###
## $*# @ ##
### ..    #
###########",11,11,6,0,"hard_negative",3196333347582885325
"##############
#  #   ## # ##
#  #   ##  $ #
# ## $$  $# ##
#  .##$.    .#
# ..##$###   #
# @  .    ####
##  # ####.  #
## $ $   #.  #
##  # #      #
##############",14,11,8,0,"easy_negative",3373870167206220187
"########
# .#####
#.$#  .#
# $#$$ #
# $.$$ #
# #@$# #
#... . #
########",8,8,8,0,"easy_negative",10386235045757983175
"###########
#   ###  .#
# #  #    #
#    $    #
## #  .## #
# $$.  ## #
## ####   #
#     $ ###
## $*#   ##
### ..   @#
###########",11,11,6,0,"hard_negative",3196333347582885325
"###########
#   ###  .#
# #  #    #
#    $    #
## #  .## #
# $$.  ## #
## ####   #
#   @ $$###
##  *#   ##
### ..    #
###########",11,11,6,1,"positive",3196333347582885325
"##############
#. #  @  ##. #
# $#.## ###  #
# .# ##  ##. #
#   # #   $  #
# $ $ $      #
#   # ####   #
##############",14,8,5,0,"easy_negative",15989191048381481440
"########
#     @#
# $   .#
#### $ #
#   .###
# #$.###
#      #
##$## ##
#   $  #
##.##.##
########",8,11,5,1,"positive",7722676560909235239
"########
#     @#
#   $ .#
#### $ #
#   .###
# #$.###
#      #
##$## ##
#   $  #
##.##.##
########",8,11,5,1,"positive",7722676560909235239
"########
#      #
#   $ .#
#### $ #
#   .###
# #$.###
#@     #
##$## ##
#   $  #
##.##.##
########",8,11,5,0,"hard_negative",7722676560909235239
"########
#      #
#   $ .#
####@$ #
#   .###
# #$.###
#      #
##$## ##
#   $  #
##.##.##
########",8,11,5,0,"hard_negative",7722676560909235239
"########
#     @#
#   $  #
####.$ #
#   .###
# #$.###
#      #
##$## ##
#   $  #
##.##.##
########",8,11,5,1,"positive",7722676560909235239
"########
#     @#
#   $  #
####.$ #
#   .###
# #$*###
#      #
##$## ##
#      #
##.##.##
########",8,11,5,0,"hard_negative",7722676560909235239
"########
#      #
#   $  #
####.$ #
# @ .###
# #$.###
#      #
##$## ##
#   $  #
##.##.##
########",8,11,5,0,"hard_negative",7722676560909235239
"########
#     @#
#   $ .#
####.$ #
#   .###
# #$.###
#      #
##$## ##
#   $  #
##.## ##
########",8,11,5,0,"hard_negative",7722676560909235239
"########
#      #
#   $  #
####.$ #
#   .###
# #$.###
#      #
##$##@##
#   $  #
##.##.##
########",8,11,5,0,"hard_negative",7722676560909235239
"########
#     @#
#   $  #
####.$ #
#   .###
# #$.###
#      #
## ## ##
# $ $  #
##.##.##
########",8,11,5,1,"positive",7722676560909235239
"########
#      #
#   $  #
####.$ #
#   .###
# #$.###
#      #
## ## ##
# $ $  #
##+##.##
########",8,11,5,0,"hard_negative",7722676560909235239
"########
#      #
#   $  #
####.$ #
#   .###
# #$.###
#      #
## ## ##
# $ $  #
##+##.##
########",8,11,5,0,"hard_negative",7722676560909235239
"########
#      #
#   $  #
####.$ #
#   .###
# #$.###
# @    #
## ## ##
# $ $  #
##.##.##
########",8,11,5,0,"hard_negative",7722676560909235239
"########
#     @#
#      #
####.$ #
# $ .###
# #$.###
#      #
## ## ##
# $ $  #
##.##.##
########",8,11,5,0,"hard_negative",7722676560909235239
"########
#     @#
# $ $  #
####.  #
#   .###
# #$.###
#      #
## ## ##
# $ $  #
##.##.##
########",8,11,5,1,"positive",7722676560909235239
"########
## ..  #
### $###
## . ###
#. $ ###
# #  .##
# $$$  #
### #  #
###@#  #
#   ## #
########",8,11,5,0,"easy_negative",2168154438462439459
"###########
#   #####.#
# ###  ## #
# ####$   #
#. .$     #
### $#  # #
###       #
#  ##.#####
# ##@    ##
#  ## # ###
## .$$ ## #
##.$##### #
###       #
###########",11,14,6,0,"easy_negative",18305201544976949599
"########
## #.@ #
#  $  ##
## #$###
# $ $.##
##  $###
### ..##
###.$. #
###$## #
# . ## #
########",8,11,7,0,"easy_negative",13286356052301552165
"##############
#    .      ##
# ##   .#$  ##
# #####@ $$###
## ## #  $$. #
#      .#  # #
## ## #.  ####
##############",14,8,5,0,"easy_negative",9073318796470992837
"###########
#      ## #
###  # #  #
###.   #  #
#     .$  #
#@  ##  ###
# $ ##  ###
### ##$$###
### #.  ###
# .     $ #
# # ### ###
# #.  #  ##
# #  ##   #
###########",11,14,5,0,"easy_negative",14883675278436118207
"###########
###.##### #
### #  ## #
#         #
#@$ $     #
#### # $# #
#. .$   . #
# .  $   ##
# #  # $###
#       .##
###########",11,11,6,1,"positive",4350810085571511426
"########
#   .###
#### ###
#    ..#
#####$ #
#.  #$ #
# $ #. #
# $$.$##
# ## $##
# ##. ##
###@ $.#
###  ###
#    ###
########",8,14,8,0,"easy_negative",12995372955937633675
"###########
###.##### #
### #  ## #
#     .   #
#@$ $     #
#### # $# #
#.  $   . #
# .  $   ##
# #  # $###
#       .##
###########",11,11,6,1,"positive",4350810085571511426
"###########
#### . ## #
## ###.##.#
##  ##    #
#   ##  $##
#  $# .# ##
#  $ @ ####
### $$    #
### ##  # #
#   ##   .#
###########",11,11,5,0,"easy_negative",366746202003738892
"###########
###.##### #
### #  ## #
#     .   #
#@$ $     #
#### # $# #
#   $   . #
# .  $ . ##
# #  # $###
#       .##
###########",11,11,6,1,"positive",4350810085571511426
"###########
#   ##  #.#
### ##  #.#
###     # #
## ##$### #
#      ## #
## ## #   #
#   ## $###
# # ##  ###
#   $     #
# ## @    #
# .# #$####
#  .      #
###########",11,14,4,0,"easy_negative",11254018072396385654
"###########
###.##### #
### #  ## #
#     .   #
#@  $     #
#### # $# #
#   $   . #
# .$ $ . ##
# #  # $###
#       .##
###########",11,11,6,1,"positive",4350810085571511426
"###########
##      . #
##  $# # .#
###$$. ## #
#  $# ### #
#   #####@#
####      #
# ##    ###
#  #  # ###
#  # ##.  #
# ## #  $ #
# ## #. # #
#    #    #
###########",11,14,5,0,"easy_negative",14107376503321245056
"###########
###.##### #
### #  ## #
#         #
#@  $     #
#### # $# #
#   $   . #
# .$ $ . ##
# # .# $###
#       .##
###########",11,11,6,1,"positive",4350810085571511426
"##############
##  @ .. #.  #
## $$ #  # # #
##  ###$ #   #
##### #$$ #.##
# .  $ .# $  #
#   # #   #.##
##############",14,8,7,0,"easy_negative",17677698136091852234
"##############
###    # #####
###       #  #
#   #### #   #
# #  ## .    #
####$#  # ####
# #  ##  $# ##
#            #
# #$####   # #
#   $. ##    #
###@      ####
##   #  #.# ##
##    .     ##
##############",14,14,4,1,"positive",2983382387655515251
"##############
##.  .# #    #
## # ## #    #
# ##$ #.#$####
#      $$.   #
#### # $# ## #
# .  $ $.$## #
## @#####    #
## #   #  ####
####   .   . #
##############",14,11,8,0,"easy_negative",5068788747752933632
"###########
######## ##
#   #     #
#.  $  #$##
#####.#  ##
## @  .$ ##
### # #$ ##
####.     #
#  $. # $ #
#    ##  .#
###########",11,11,6,1,"positive",5227665337336379636
"###########
######## ##
#   #     #
#.  $  #$##
#####.#  ##
## @  .$ ##
### # #$ ##
####..    #
#  $  # $ #
#    ##  .#
###########",11,11,6,1,"positive",5227665337336379636
"###########
######## ##
#   #     #
#.  $  #$##
##### #  ##
## @  .$ ##
### # #$ ##
####..    #
# .$  # $ #
#    ##  .#
###########",11,11,6,1,"positive",5227665337336379636
"###########
######## ##
#   #  $  #
#.  $  #$##
##### #  ##
## @  .$ ##
### # #$ ##
####..    #
# .   # $ #
#    ##  .#
###########",11,11,6,0,"hard_negative",5227665337336379636
"###########
######## ##
#   #    @#
#.  $  #$##
##### #  ##
##    .$ ##
### # #$ ##
####..    #
# .$  # $ #
#    ##  .#
###########",11,11,6,1,"positive",5227665337336379636
"##############
###    # #####
###       #  #
#   #### #   #
# #  ## .    #
####$#  # ####
#.#  ##  $# ##
#            #
# #$####   # #
#   $  ##    #
###@      ####
##   #  #.# ##
##    .     ##
##############",14,14,4,1,"positive",2983382387655515251
"###########
######## ##
#   #    @#
#.  $  #$##
##### #  ##
##    .$ ##
### # #$ ##
####.. .  #
# .$  # $ #
#    ##   #
###########",11,11,6,1,"positive",5227665337336379636
"##############
#   ### # #  #
# # .#  #@#. #
#   $  .# #  #
#   ##.$$   ##
# #$ .####$ ##
#.   ##    ###
## ### ##$## #
#.$.## ##$## #
## #         #
##############",14,11,8,0,"easy_negative",13708059457668533516
"###########
## @ ..## #
##  #####.#
###$  $   #
## $#$# ###
### $   ###
##  # #   #
#.  #  # ##
# # #  ####
##### .   #
###########",11,11,5,0,"easy_negative",13445414196881031304
"###########
### ## ####
## .##$  ##
#.$ $   ###
#.###  ## #
#  ## $#  #
#   #  $  #
### @## .##
###  #   ##
#.   ##  ##
###########",11,11,5,0,"easy_negative",11286861011672339070
"########
###    #
#  #@ .#
#.## $.#
# $$$ ##
#.# $ ##
# .  ###
########",8,8,5,0,"easy_negative",2852436015393736495
"########
##@#####
# $ # ##
##$##  #
#  .$  #
# ####.#
# ####.#
########",8,8,3,0,"easy_negative",11076621214909069861
"########
#     ##
###$# ##
### ##.#
# $ @  #
##  $#.#
###$ . #
### $$ #
##.$# .#
#.$ ## #
#  .   #
#### ###
# .  ###
########",8,14,8,0,"easy_negative",7205047048884195959
"##############
#      # #  ##
#### #      ##
## # $ # # $##
## #$$  ..   #
#     ####.  #
## # ##      #
#### ### ## ##
##   #####   #
### @   . # ##
##############",14,11,4,1,"positive",8684416043369031743
"##############
#      # #  ##
#### #      ##
## # $ # # $##
## #$   .*   #
#     ####.  #
## # ##      #
#### ### ## ##
##   #####   #
### @   . # ##
##############",14,11,4,1,"positive",8684416043369031743
"##############
#      # #  ##
#### #      ##
## # $ # # $##
## #$   .$   #
#   . ####.  #
## # ##      #
#### ### ## ##
##   #####   #
### @   . # ##
##############",14,11,4,1,"positive",8684416043369031743
"##############
#@   ## .  .##
#. # ## # $$##
####       .##
#    . # #   #
#  .#  ### ###
# $ ##$    ###
##$#   #######
#   ### .  #.#
## #    $ $  #
#      #$##  #
# ## ##   # ##
# ## ### #####
##############",14,14,8,0,"easy_negative",3533552794348481476
"##############
#      # #  ##
#### #      ##
## # $ # # $##
## #$   .$   #
#   . ####+  #
## # ##      #
#### ### ## ##
##   #####   #
###     . # ##
##############",14,11,4,1,"positive",8684416043369031743
"##############
##  # # .## ##
###   .$$#   #
##. # #  ## ##
# $ ##.  @$  #
#   #   #$ # #
#   .##      #
##############",14,8,5,0,"easy_negative",3153194405625712391
"##############
###    ##    #
### ## #  #@ #
# . ## # .## #
#  $######## #
##   # #  #  #
###    $$   .#
# $   ###### #
#  .# ##  #  #
#######      #
##############",14,11,4,0,"easy_negative",3568520544885818093
"##############
#      # #  ##
#### #      ##
## # $ # # $##
## #    .$   #
#   * ####+  #
## # ##      #
#### ### ## ##
##   #####   #
###     . # ##
##############",14,11,4,1,"positive",8684416043369031743
"##############
# ##### #### #
#  # # $###  #
#   $@    # .#
#.$#  .  $   #
# .#$#  #   ##
#.##      ####
##############",14,8,5,0,"easy_negative",1358149903502146307
"##############
## # ##    ###
# . .# .  $ ##
## # #####. ##
# $  $ # #  ##
# #$ #  $.  ##
#    @ # #  ##
##############",14,8,5,0,"easy_negative",13528058322069887952
"##############
###    # #####
###       #  #
#@  #### #   #
# #  ## .    #
####$#  # ####
#.#  ##  $# ##
#            #
# #$####   # #
#   $  ##    #
###       ####
##   #  #.# ##
##    .     ##
##############",14,14,4,1,"positive",2983382387655515251
"##############
# .  #    #  #
# ## # ## ## #
# ##.# ## #  #
#### $ # #   #
##      $$ ###
### ####$#.###
#  .##   $   #
# ####$  ### #
#.##.   ####@#
##############",14,11,6,0,"easy_negative",8500235081478485624
"##############
###    # #####
###       #  #
#@  #### #   #
# #  ## .    #
####$#  # ####
#.#  ##  $# ##
#            #
# #$####  .# #
#   $  ##    #
###       ####
##   #  # # ##
##    .     ##
##############",14,14,4,1,"positive",2983382387655515251
"##############
###    # #####
###       #  #
#@  ####$#   #
# #  ## .    #
####$#  # ####
#.#  ##  $# ##
#            #
# #$####  .# #
#      ##    #
###       ####
##   #  # # ##
##    .     ##
##############",14,14,4,1,"positive",2983382387655515251
"########
#  . .##
####  ##
#   . ##
# #$####
# #$# ##
# #@$ ##
## #$  #
#.$. ###
## # ###
########",8,11,5,0,"easy_negative",5770909899260764350
"##############
# #  #########
# #   #  #   #
# # .$  $.   #
# ## ## ##  ##
#  # .##    ##
#   $  ##   ##
# $ ### . ####
##  #   # #  #
####      @  #
##############",14,11,4,0,"easy_negative",15923640777140001019
"########
#      #
#   ####
# $ #.##
##$    #
##@ # .#
##  ## #
#  $.$ #
#   .# #
####   #
########",8,11,4,1,"positive",4612190743813790320
"########
#      #
#   ####
# $ # ##
##$.   #
##@ # .#
##  ## #
#  $.$ #
#   .# #
####   #
########",8,11,4,1,"positive",4612190743813790320
"########
#      #
#   ####
# $ # ##
##$.   #
##@ # .#
##  ## #
# $$.  #
#   .# #
####   #
########",8,11,4,1,"positive",4612190743813790320
"########
#      #
#   ####
# $ # ##
##$.$  #
##@ # .#
##  ## #
# $ .  #
#   .# #
####   #
########",8,11,4,1,"positive",4612190743813790320
"########
#      #
#   ####
# $ # ##
##$.$  #
##  # .#
##  ## #
# $ .  #
#   .# #
####@  #
########",8,11,4,1,"positive",4612190743813790320
"###########
#        ##
#  #$ #. ##
# ## ##  ##
# ##   ####
#@#     # #
# ##   $. #
# # ##$ # #
#.#  #$ # #
# # ##  # #
# $ #  $  #
##. #   # #
### ## . .#
###########",11,14,6,0,"easy_negative",18087874439673911276
"########
# @. . #
## .$$ #
####$$ #
###.$###
###$ .##
#   . ##
########",8,8,6,0,"easy_negative",17305602055446662084
"##############
#   .        #
#  # #.### #.#
#### $    $  #
####$# # # $ #
#  .$# #### .#
#   @#    ## #
##############",14,8,5,0,"easy_negative",4101589446298058999
"########
#...## #
# #$# @#
# $$$..#
# ##$$.#
# #   ##
# ######
########",8,8,6,0,"easy_negative",4463485414240833425
"########
##   ###
##   ###
##  $$ #
#  ##$##
# ## $ #
# .##$##
# $.#..#
# $.#.##
#@ .####
########",8,11,7,0,"easy_negative",4696901485724915619
"###########
# # ### ###
# #.     ##
# #   $   #
# $ ###   #
# # #   ###
#     $ ###
#   ##.####
# # # #  ##
#    .#   #
#   ###   #
# #  $  # #
#    @  . #
###########",11,14,4,1,"positive",15324954441103136925
"###########
# # ### ###
# #.     ##
# #   $   #
# $ ###   #
# # #   ###
#   @ $ ###
#   ##.####
# # # #  ##
#    .#   #
#   ###   #
# #  $  # #
#       . #
###########",11,14,4,1,"positive",15324954441103136925
"##############
##    .  . ###
###@### #  ###
## .$ .      #
# #    #$$####
# #$$###$   ##
# #. ### $ ###
#   ### ##   #
##.     ##  ##
####    .  ###
##############",14,11,7,0,"easy_negative",11044266239606164980
"###########
# # ### ###
# #.     ##
# #   $   #
# $ ###   #
# # #   ###
#   @ $ ###
#   ## ####
# # # #  ##
#    .#   #
#   ###   #
# #  $. # #
#       . #
###########",11,14,4,1,"positive",15324954441103136925
"##############
# ### #. #####
# ## . . ##  #
#   # #  ### #
###  ##$   $ #
##  # #  #####
#.. #   ###.##
#   # #$@#. ##
# #$##  ##  ##
#  $# #  #  ##
# $$         #
#.#  ##$   # #
#### ##   ####
##############",14,14,8,0,"easy_negative",10481682439274224815
"########
#  @. ##
#.$.$###
####  ##
## ##$##
#.$.$$.#
## ## ##
########",8,8,6,0,"easy_negative",17320603148836145309
"###########
# # ### ###
# #.     ##
# #   $   #
# $ ###   #
# # #  @###
#     $ ###
#   ## ####
# # # #  ##
#    .#   #
#   ###   #
# #  $. # #
#       . #
###########",11,14,4,1,"positive",15324954441103136925
"##############
###     ## ###
##  $#.$ #. ##
####  $##  $.#
#  $ @.    . #
# #$ ##  $#  #
#    ##  .##.#
##############",14,8,7,0,"easy_negative",15326426068073682434
"###########
# # ### ###
# #.     ##
# #   $   #
# $ ###   #
# # #  @###
#     $ ###
#   ## ####
# # # #  ##
#    .#   #
#   ###   #
# # $ . # #
#       . #
###########",11,14,4,1,"positive",15324954441103136925
"########
#@  . .#
## $   #
###$####
#.   #.#
# # $# #
# .$$#.#
#   $$ #
# .#$  #
####  .#
########",8,11,8,0,"easy_negative",3300837168940460250
"###########
#      ####
# # ####  #
#.$$$     #
#@  .#    #
# # ### ###
#    # $###
# $   #.  #
# ##  #. ##
#.##  # ###
###########",11,11,5,1,"positive",491801122467059654
"###########
#      ####
# # ####  #
#.$$$    .#
#@  .#    #
# # ### ###
#    # $###
# $   #   #
# ##  #. ##
#.##  # ###
###########",11,11,5,1,"positive",491801122467059654
"###########
#      ####
# # ####  #
#.$ $$   .#
#@  .#    #
# # ### ###
#    # $###
# $   #   #
# ##  #. ##
#.##  # ###
###########",11,11,5,0,"hard_negative",491801122467059654
"###########
#      ####
# # ####  #
#.$$$    .#
#   .#    #
# # ###@###
#    # $###
# $   #   #
# ##  #. ##
#.##  # ###
###########",11,11,5,0,"hard_negative",491801122467059654
"##############
#   ###    ###
## .   ##  ###
###    ##  $ #
# $ #   $  # #
#.$ #  $##$# #
#  .#   ## # #
####  #  #.$@#
##..  # .# # #
###   #  #####
##############",14,11,7,0,"easy_negative",9162506141984807488
"########
##.  ###
##  .###
##$.$@ #
##.#$#.#
# $$$# #
##.# # #
########",8,8,6,0,"easy_negative",16207066888386680621
"###########
#      ####
# #.####  #
#.$$$    .#
#@  .#    #
# # ### ###
#    # $###
# $   #   #
# ##  #. ##
# ##  # ###
###########",11,11,5,0,"hard_negative",491801122467059654
"###########
#   .  ####
# # ####  #
#.$$$    .#
#@  .#    #
# # ### ###
#    # $###
# $   #   #
# ##  #  ##
#.##  # ###
###########",11,11,5,0,"hard_negative",491801122467059654
"###########
#      ####
# # ####  #
#. $$    .#
#@  .#    #
# #$### ###
#    # $###
# $   #   #
# ##  #. ##
#.##  # ###
###########",11,11,5,1,"positive",491801122467059654
"###########
#      ####
# # ####  #
#. $$    .#
#   .#    #
# #$### ###
#    # $###
# $   #@  #
# ##  #. ##
#.##  # ###
###########",11,11,5,0,"hard_negative",491801122467059654
"###########
#      ####
# # ####  #
#. $$    .#
#@  .# $  #
# #$### ###
#    #  ###
# $   #   #
# ##  #. ##
#.##  # ###
###########",11,11,5,1,"positive",491801122467059654
"###########
#      ####
# # ####  #
#  $*    .#
#@  .# $  #
# #$### ###
#    #  ###
# $   #   #
# ##  #. ##
#.##  # ###
###########",11,11,5,1,"positive",491801122467059654
"##############
# ####  ##..##
#..##  $ #$ ##
#   ### $#$.##
# ####   $   #
#@ ###.$$ $ ##
# . .  #######
##############",14,8,8,0,"easy_negative",12618211861602838598
"###########
#  #      #
# ## #  # #
#  ####   #
# ##  #$###
#.##@ # .##
#  .  #   #
# $ ##.  ##
# # ##$$###
#        ##
###########",11,11,4,0,"easy_negative",5188568661139823463
"###########
#   # # ###
# #    $ ##
##### #####
####     .#
#   ### # #
# $$# # ..#
### @  #$##
##   #.$  #
# .    # ##
###########",11,11,5,0,"easy_negative",8916149579595441288
"########
#   ## #
# $ ## #
# $    #
#.# ## #
#.#$# ##
# #   ##
#   ####
# $  . #
# $$   #
#.@#.  #
# #### #
#  ###.#
########",8,14,6,1,"positive",10570003659104408960
"##############
#####      ###
##  # . ## ###
#   #  .##$  #
# @ # # # $  #
# # ######## #
#  $    # ## #
# # #  ## .  #
# # ## ##$ # #
# # #   .    #
### $. .   # #
##    $ #  # #
#   ###    # #
##############",14,14,6,0,"easy_negative",305323225065684701
"########
#   ## #
# $ ## #
# $    #
#.# ## #
#.#$# ##
# #   ##
# @ ####
# $  . #
# $$   #
#. #.  #
# #### #
#  ###.#
########",8,14,6,1,"positive",10570003659104408960
"##############
#      # #  ##
#. $$##   . ##
#### ### #  ##
#    ##   #$##
##    #  @$  #
### $ # $ # ##
## #  # ##.  #
# $$  # ###  #
## #  #   ## #
#  ## #.  .###
#  #.   #  ###
#.### # .    #
##############",14,14,8,0,"easy_negative",830966847640283335
"########
#   ##@#
# $ ## #
# $    #
#.# ## #
#.#$# ##
# #   ##
#   ####
# $  . #
# $$   #
#. #.  #
# #### #
#  ###.#
########",8,14,6,1,"positive",10570003659104408960
"##############
###  ##   # ##
##   #. ##   #
#    ## ### ##
#  ####.  #$##
# @##  $     #
#  # . .. #$##
##  $## # #$##
###  #####.$ #
##      #.# ##
### #     #$ #
##  #   # #  #
#   ##    ## #
##############",14,14,7,0,"easy_negative",9208583665931341276
"########
#   ##@#
# * ## #
# $    #
#.# ## #
#.#$# ##
# #   ##
#   ####
# $  . #
# $$   #
#. #   #
# #### #
#  ###.#
########",8,14,6,1,"positive",10570003659104408960
"########
#   ##@#
# * ## #
# $    #
#.# ## #
#.#$# ##
# #   ##
#   ####
# $  . #
# $$   #
#..#   #
# #### #
#  ### #
########",8,14,6,1,"positive",10570003659104408960
"########
#   ## #
# .### #
# ##   #
#.$$ $ #
# . #@ #
######.#
#      #
# #$.###
#..$$###
# ##$  #
# ## # #
#      #
########",8,14,7,0,"easy_negative",12489270902945510982
"###########
#     @  .#
# ##$#$.# #
# ##     .#
###  .  # #
### #######
#       # #
# #$$  ## #
# #$## #  #
#.# ## $  #
# $    #  #
##  ####. #
### .  #  #
###########",11,14,7,0,"easy_negative",10122517505709437402
"########
####.###
# # .###
#   $  #
# #. $ #
# #.$#@#
#.#$ $ #
#.   $ #
# #  # #
#   ####
########",8,11,6,1,"positive",17340364895712514146
"########
####.###
# # .###
#      #
# #. $ #
# #.$#@#
#.#$ $ #
#. $ $ #
# #  # #
#   ####
########",8,11,6,1,"positive",17340364895712514146
"########
####.###
# # .###
#      #
# #. * #
# # $#@#
#.#$ $ #
#. $ $ #
# #  # #
#   ####
########",8,11,6,1,"positive",17340364895712514146
"########
####.###
# #..###
#      #
# #  * #
# # $#@#
#.#$ $ #
#. $ $ #
# #  # #
#   ####
########",8,11,6,1,"positive",17340364895712514146
"##############
####.#     ###
#  # # $ # .##
#    #. ##   #
##        ####
## . #$#@  # #
###   $##.$  #
# ##$# # #  ##
# ## #$   # ##
#  . # # #####
##############",14,11,6,0,"easy_negative",14858114231032257532
"##############
##. #  ##  ###
##  #   # $###
## $#  ## $  #
#    #@.$ #$##
# # .# ### $ #
#    #    # ##
#.  #####    #
#     .#   ###
####  .    ###
##############",14,11,6,0,"easy_negative",5173051565401773396
"########
#. @.. #
# ##$$ #
# ##$  #
## $$###
###   ##
##   ..#
##$### #
# .$.# #
## ### #
########",8,11,7,0,"easy_negative",4557020454658510303
"########
####.###
# #..###
#      #
# #  * #
# # $#@#
# #$ $ #
#. $.$ #
# #  # #
#   ####
########",8,11,6,1,"positive",17340364895712514146
"########
########
# ..#.##
# .$#$ #
# .$ $ #
# ##$# #
# ##  @#
########",8,8,5,0,"easy_negative",9870479710701322426
"##############
# .   .      #
#  #.  ##$ # #
# ##   ##.   #
### # #@### ##
### $$$  #   #
#   # #  ## ##
##############",14,8,4,0,"easy_negative",9346330487965022058
"###########
#######   #
#    #    #
#  $$     #
## #.  ## #
#    # #  #
## #   ####
# ##    . #
# ## ##$# #
#.$ @##   #
# # #     #
# # ## .# #
# # #     #
###########",11,14,4,1,"positive",10953034274131937672
"###########
#######   #
#    #    #
#  $      #
## #.  ## #
#    # #  #
## #   ####
# ##    . #
# ## ##$# #
#.$ @## $ #
# # #     #
# # ## .# #
# # #     #
###########",11,14,4,1,"positive",10953034274131937672
"###########
#######   #
#    #    #
#  $      #
## #.  ## #
#    # #  #
## #   ####
# ##      #
# ## ##$# #
#.$ @## $ #
# # #  .  #
# # ## .# #
# # #     #
###########",11,14,4,1,"positive",10953034274131937672
"###########
#######   #
#    #    #
#  $      #
## #   ## #
#    # #  #
## #   ####
# ##      #
# ## ##$# #
#.$.@## $ #
# # #  .  #
# # ## .# #
# # #     #
###########",11,14,4,0,"hard_negative",10953034274131937672
"###########
#######   #
#    #    #
#  $      #
## #   ## #
#    # #  #
## #   ####
# ##      #
# ##.##$# #
#.$ @## $ #
# # #  .  #
# # ## .# #
# # #     #
###########",11,14,4,1,"positive",10953034274131937672
"###########
#######   #
#    #    #
#  $     @#
## #   ## #
#    # #  #
## #   ####
# ##      #
# ##.##$# #
#.$  ## $ #
# # #  .  #
# # ## .# #
# # #     #
###########",11,14,4,1,"positive",10953034274131937672
"###########
##  .#  ###
###.###.###
##   #  $ #
# #.### ###
# #  #  ###
# #$ $$ $ #
# $$ ##.$ #
#.## ## ###
# ##   .###
#  #### ###
#. # # @###
#  #      #
###########",11,14,8,0,"easy_negative",13293039287931534209
"###########
###.   ####
##  ###   #
#       $ #
# $  ## ###
# #$# $  ##
#   ##    #
# $#####  #
## #   #. #
###    #  #
###  #.## #
##   # ## #
####@#  ..#
###########",11,14,5,0,"easy_negative",6754638774803014581
"##############
#.   . ###   #
# #$ #$# $ ###
# $ $ .  $.###
#.  #.#@  ####
# ##   ## $  #
# ### ### .  #
##############",14,8,7,0,"easy_negative",7631311052418813000
"###########
# # #######
# #. #   ##
# #  .    #
# @ # # .##
#  # $   ##
# ### #  ##
##. #$##  #
###    ## #
##  # ##  #
####   # ##
##   # $$ #
#      # ##
###########",11,14,4,0,"easy_negative",14431232332004381616
"##############
#       #   ##
# ##   ### ###
# ##    #   ##
#. #  #   ####
#  #  # #    #
#  #. #      #
## #   # #$$@#
####.##    # #
#   $### # $ #
##  $. ##.## #
### ##### #  #
##        ####
##############",14,14,5,0,"easy_negative",6683438793823043443
"########
#.   . #
# $ # .#
# $ ## #
##@ $  #
## ##  #
########
########",8,8,3,1,"positive",8430735186743518628
"########
#.   . #
# $$# .#
#   ## #
##@ $  #
## ##  #
########
########",8,8,3,1,"positive",8430735186743518628
"########
#. @ . #
# $$# .#
#   ## #
##  $  #
## ##  #
########
########",8,8,3,1,"positive",8430735186743518628
"########
#  @ . #
# $$# .#
#   ## #
##  $ .#
## ##  #
########
########",8,8,3,1,"positive",8430735186743518628
"########
#  @  .#
# $$# .#
#   ## #
##  $ .#
## ##  #
########
########",8,8,3,1,"positive",8430735186743518628
"###########
# .  #### #
# #  ###  #
# $  . $$ #
# ##      #
# ###   # #
#   ###.  #
# # $  ## #
# # ####  #
# #    ####
###.#   $@#
##. #  ####
#####     #
###########",11,14,5,0,"easy_negative",3826690183919611814
"##############
#.. ##       #
# # ## ### # #
#      # #####
# $$#### ### #
# #  # $   # #
# $ $ @# ### #
#  # ##.##   #
#  # ##. # #.#
#  #         #
##############",14,11,5,0,"easy_negative",16058416958871342749
"###########
##### .## #
##.### ## #
##  #     #
#  $ $$$  #
#@#. #.  ##
###########
###########",11,8,4,0,"easy_negative",15358550776324768667
"###########
## #     ##
# $$ #  ###
## ####  ##
# . ## ####
# ### ..  #
# ## @    #
#      # ##
# #  #    #
#    $ # ##
##.#   $  #
#   #     #
## ####   #
###########",11,14,4,0,"easy_negative",1009554124687491303
"########
###    #
##  ## #
#.$.## #
#   ##.#
# # ## #
#   @  #
#  $$###
# # . ##
# $  $.#
#   ## #
# # ## #
####   #
########",8,14,5,0,"easy_negative",13885689971735069706
"##############
#.##  #  ### #
#  #  #  ### #
#   $$#$ #   #
# . . @$ .$  #
#### #  #$.# #
#        .   #
##############",14,8,6,1,"positive",12765245456635035990
"##############
#.##  #  ### #
#  # $#  ### #
#   $$#$ #   #
# . . @$ .   #
#### #  #$.# #
#        .   #
##############",14,8,6,0,"hard_negative",12765245456635035990
"##############
##   #...  .@#
##  ###$#$## #
##   # .$ ## #
###     $ # ##
### $ ###$ $ #
#  ..#### # ##
##############",14,8,7,0,"easy_negative",5710385844789143235
"##############
#.##  #  ### #
#  #  #  ### #
#   $$#$ #   #
# + .  $ .$  #
#### #  #$.# #
#        .   #
##############",14,8,6,1,"positive",12765245456635035990
"##############
#   ## ##    #
#  $ # ## ####
#   ##   $$  #
##     # # . #
##         .##
##  #### # ###
#  # ##  # @ #
# ## ##  # #.#
#  # $ $ #   #
#. ###$$   . #
# ###    # #.#
#  #    ##.  #
##############",14,14,7,0,"easy_negative",13905766349671860134
"########
####@  #
##   # #
# .$.$.#
# $$ $.#
# #. # #
#      #
########",8,8,5,1,"positive",11698434178195524201
"########
####   #
##   # #
#@.$.$.#
# $$ $.#
# #. # #
#      #
########",8,8,5,1,"positive",11698434178195524201
"########
####   #
##@  # #
# .$.$.#
# $$ $.#
# #. # #
#      #
########",8,8,5,1,"positive",11698434178195524201
"########
####   #
##   # #
# .$.$+#
# $$ $.#
# #. # #
#      #
########",8,8,5,1,"positive",11698434178195524201
"##############
### ## ###   #
## $##    .#.#
#  @         #
# # .#   ## ##
# # ###$ #.  #
# #  #. ###.##
# ##$$ # #   #
#  #       ###
### $..# # ###
# $$  # $   ##
#  #  # #   ##
####  #     ##
##############",14,14,8,0,"easy_negative",16651418451133648222
"########
####   #
##   # #
# .$.$+#
# $$ $ #
# #. # #
#  .   #
########",8,8,5,1,"positive",11698434178195524201
"########
########
# #   ##
#.$$ $.#
####@  #
# .   ##
#   ####
########",8,8,3,0,"easy_negative",1124678269080239078
"###########
#.#####   #
# ##  . # #
#   $ $####
###.## ####
###$ # #  #
#   ##@$. #
# $$  . $ #
# .  ##.###
#### ## ###
###########",11,11,7,0,"easy_negative",6506473382670562163
"########
##    .#
## $####
##$ .  #
# $$#$.#
# #$#..#
#.@ ## #
########",8,8,6,0,"easy_negative",5079389956981863871
"##############
#.##  #  ### #
#  #  # $### #
#   $$#$ #   #
# + .    .$  #
#### #  #$.# #
#        .   #
##############",14,8,6,0,"hard_negative",12765245456635035990
"##############
#   ## # #   #
### #    $ # #
###  ### #   #
##  # # $ #  #
##. $ @$  ## #
##  # #  .#  #
#   #. # #  ##
# # ##      ##
#   #  #.# ###
#     ## ## ##
# #  ##    $ #
#     ##.## ##
##############",14,14,5,0,"easy_negative",17551426536191257936
"##############
## # ##   ####
#    ##$   # #
## #         #
#  #### $# $ #
# ## # . # # #
#  #   $ #. @#
#     .   ####
##  . # #   ##
########## ###
##############",14,11,4,1,"positive",4825756579324493619
"##############
#      # #   #
#### #    .# #
## #   # #  .#
#  $ #$   #  #
#  # #$##### #
# ##$#    # .#
#  #   $@    #
## # #. ##  .#
####    ######
##############",14,11,5,0,"easy_negative",4485571414353251496
"##############
## # ##   ####
#    ##$   # #
## #         #
#  #### $# $ #
# ## # . # #@#
#  #   $ #.  #
#     .   ####
##  . # #   ##
########## ###
##############",14,11,4,1,"positive",4825756579324493619
"###########
#   # #  @#
# #    $###
# $ # # ###
#..# $#  ##
# .## # $##
# .####$ ##
#  ##  $  #
# ####.$.##
#  ## . ###
###########",11,11,7,0,"easy_negative",17461074869647241398
"##############
#+##  #  ### #
#  #  #  ### #
#   $$#$ #   #
# . .  $ .$  #
#### #  #$.# #
#        .   #
##############",14,8,6,1,"positive",12765245456635035990
"##############
## # ##   ####
#    ##$   # #
## #         #
#  #### $# $ #
# ## # . # # #
#  #   $@#.  #
#     .   ####
##  . # #   ##
########## ###
##############",14,11,4,1,"positive",4825756579324493619
"##############
###   .     ##
## # @ ###  ##
#  #  $  $ .##
#     ## # ###
##### #  .  ##
# . ####$#####
#           ##
#  $$#### # ##
####.#### ####
##############",14,11,5,0,"easy_negative",14249602731063368743
"##############
#+##  #  ### #
#  #  #  ### #
#   $$#  #   #
# . .$ $ .$  #
#### #  #$.# #
#        .   #
##############",14,8,6,1,"positive",12765245456635035990
"##############
####    #    #
#@ # #####  .#
# ## ## # $  #
# ## # $  # ##
#  # #  #$ . #
#    #$   # ##
# ##   $$$ ###
##.. ####  .##
### .####  . #
##############",14,11,7,0,"easy_negative",12613318435068373641
"###########
####. .@  #
## ###  #.#
##  ## $. #
### $   $ #
### ## ####
# $$## # ##
#    ##   #
#### ## ###
#.      ###
###########",11,11,5,0,"easy_negative",14093546128902237647
"##############
## # ##   ####
#    ##$   # #
## #         #
#  #### $# $ #
# ## # . # # #
#  #.  $@#   #
#     .   ####
##  . # #   ##
########## ###
##############",14,11,4,1,"positive",4825756579324493619
"########
#.##.  #
# ## .##
#    ###
#@.$   #
#### # #
#   $  #
## #   #
# $  ###
## #$###
#  #$  #
# .#   #
#  #   #
########",8,14,5,0,"easy_negative",4618329350919038739
"##############
## # ##   ####
#    ##$   # #
## #         #
#  #### $# $ #
# ## # . # # #
#  #.  $ #   #
#     .   ####
##  + # #   ##
########## ###
##############",14,11,4,1,"positive",4825756579324493619
"########
## #   #
# $$ #.#
##$#.  #
# @#  .#
# ## # #
#  #   #
##$#####
#    $ #
## #  .#
#. ### #
# ###  #
#  #   #
########",8,14,5,0,"easy_negative",18203596669200863944
"########
#### ###
#  # @##
# ##. ##
#.  $$ #
#  $ . #
#   ####
########",8,8,3,1,"positive",11075645118522136123
"########
#### ###
#  # @##
# ##. ##
#.  $  #
# $$ . #
#   ####
########",8,8,3,1,"positive",11075645118522136123
"########
#### ###
#  # @##
# ##. ##
#.     #
# $$ * #
#   ####
########",8,8,3,1,"positive",11075645118522136123
"########
#### ###
#  # @##
#.##  ##
#.     #
# $$ * #
#   ####
########",8,8,3,1,"positive",11075645118522136123
"########
#### ###
#  #$@##
#.##  ##
#.     #
# $$ . #
#   ####
########",8,8,3,0,"hard_negative",11075645118522136123
"########
#### ###
#  #$@##
#.##  ##
#.     #
# $  * #
#   ####
########",8,8,3,0,"hard_negative",11075645118522136123
"########
#### ###
#. # @##
# ##  ##
#.     #
# $$ * #
#   ####
########",8,8,3,1,"positive",11075645118522136123
"##############
#  #.       ##
#. #### # .###
#  #        ##
## $  ####.  #
###$. ## # . #
## $  #  #   #
##$#$##  $$###
#     #  . ###
## ### ###.  #
## #@  #######
#      $ ## ##
## #        ##
##############",14,14,8,0,"easy_negative",7443847248314543186
"##############
###    #.  @ #
###  # ##  # #
#   #### .   #
##.## ###$#  #
#.$     # #.##
##$## ###  ###
#    ##      #
#   #.     # #
#  $## ###   #
###  $$####  #
### ##$   #  #
#.  ##    ## #
##############",14,14,7,0,"easy_negative",3597581305690175014
"###########
# . ##  ###
### ##$@ ##
###.$ $  .#
### ###.$ #
###.  #$###
# $$$.  ###
#  ####  .#
## # #  #.#
###    ####
###########",11,11,8,0,"easy_negative",2099312797523072236
"########
### ####
##  . ##
## $$###
# $  ###
#### ###
#.. .  #
#. $ @##
#### ###
# $$$ ##
## #.$ #
#.     #
## #.  #
########",8,14,8,0,"easy_negative",4195239761544325774
"###########
# #.##   .#
# #.##$$# #
# #.$$$. .#
# .$####$##
# #. # $  #
#     @# ##
###########",11,8,8,0,"easy_negative",5658749924295146838
"###########
####  @   #
#   ### ###
# $    $###
#     $ .##
# #.##   ##
# $ ##.  ##
#   # ##. #
# #    ## #
#   # ##  #
###########",11,11,4,1,"positive",4491179217296879030
"###########
#         #
#  # #$####
#@##. .. .#
#  $$   $##
#### # # ##
#      ####
###########",11,8,4,0,"easy_negative",16341516145825375189
"###########
####  @   #
#   ### ###
# $     ###
#     $ .##
# #.##   ##
# $$##.  ##
#   # ##. #
# #    ## #
#   # ##  #
###########",11,11,4,1,"positive",4491179217296879030
"##############
#+##  #  ### #
#  #  #  ### #
#   $$#  #   #
# . .$ $ .$  #
#### #  #$.# #
#       .    #
##############",14,8,6,1,"positive",12765245456635035990
"###########
####      #
#   ### ###
# $     ###
#     $ .##
# #.##   ##
# $$##.@ ##
#   # ##. #
# #    ## #
#   # ##  #
###########",11,11,4,1,"positive",4491179217296879030
"###########
####      #
#   ### ###
# $     ###
#     $ .##
# #.##   ##
# $$##.  ##
#   # ##. #
# #    ## #
#  @# ##  #
###########",11,11,4,1,"positive",4491179217296879030
"###########
####      #
#   ### ###
# $     ###
#     $ .##
# #.##   ##
# $$##.  ##
#   # ##. #
# #@   ## #
#   # ##  #
###########",11,11,4,1,"positive",4491179217296879030
"##############
## ##    ##  #
#   ##  .##  #
## ##    ##  #
#    # ##### #
#### #    ## #
# $ .#   $   #
#       ## $ #
# ##$#  ##.# #
#.##   $  ####
#  ##  #### ##
##@##     .  #
#####     # ##
##############",14,14,5,0,"easy_negative",12098451065176247554
"##############
####  . ..####
# #   ###  # #
#   #####    #
#  @#  # ## ##
# # ##       #
# $ #  # ## ##
# .#  #  .   #
# $#  ###### #
#  #  #   ## #
#   $       ##
# $   $    ###
####   ###  ##
##############",14,14,5,0,"easy_negative",3965385380686967847
"##############
########.#   #
## # $  .$.# #
#  #$$ # #   #
#     #   ####
# #   # #   @#
#### #####   #
### ##  $    #
###. #  ## # #
#   ##  ##.  #
###   $   #. #
##   # $# ##.#
#         #  #
##############",14,14,7,0,"easy_negative",18211302484445873420
"##############
### #   ## ###
##  #   ## ###
#   #  $ $$  #
# $.  ## # ###
#  # #### $###
#### .##@#.  #
#.  ##.      #
# # #  $ # # #
#    . #######
##############",14,11,6,0,"easy_negative",4543755818828203439
"########
#     ##
#@#   ##
# $ $ ##
###. ###
##  #.##
## $#  #
#   $  #
## .##.#
### ## #
########",8,11,4,0,"easy_negative",4850879588530816214
"########
###  # #
#  # #@#
# ## # #
# $.   #
# $ ## #
#.  ## #
##  $. #
##  $ .#
##  ####
########",8,11,4,1,"positive",7062753834340679809
"########
###  # #
#  # #@#
# ## # #
# $   .#
# $ ## #
#.  ## #
##  $. #
##  $ .#
##  ####
########",8,11,4,1,"positive",7062753834340679809
"########
###  # #
#  # #@#
# ## # #
# $   .#
# $$## #
#.  ## #
##   . #
##  $ .#
##  ####
########",8,11,4,1,"positive",7062753834340679809
"########
###  # #
#  # #@#
# ## # #
# $   .#
# $$## #
#.  ## #
##  .  #
##  $ .#
##  ####
########",8,11,4,1,"positive",7062753834340679809
"########
###  # #
#  #$#@#
# ## # #
# $   .#
# $ ## #
#.  ## #
##  .  #
##  $ .#
##  ####
########",8,11,4,0,"hard_negative",7062753834340679809
"########
###  # #
#  # #@#
# ## # #
# $   .#
# $ ## #
#.  ## #
##  .  #
##  $$.#
##  ####
########",8,11,4,0,"hard_negative",7062753834340679809
"########
###  # #
#  #$#@#
# ## # #
# $   .#
#  $## #
#.  ## #
##  .  #
##  $ .#
##  ####
########",8,11,4,0,"hard_negative",7062753834340679809
"########
# #   .#
#.#$$###
# #..###
# $@$$ #
#.$$$#.#
#### ..#
########",8,8,8,0,"easy_negative",7919616356238547948
"###########
#.###.# ###
# ## . $ ##
#.  #$#  ##
#     #$$ #
#.# $$#$# #
#    $#   #
#. #. @   #
# ## # . ##
#  #    ###
###########",11,11,8,0,"easy_negative",12733362723586658129
"########
###  # #
#  # #@#
# ## # #
# $    #
# $$## #
#.  ##.#
##  .  #
##  $ .#
##  ####
########",8,11,4,0,"hard_negative",7062753834340679809
"########
###  # #
#  # #@#
# ## # #
# $  . #
# $$## #
#.  ## #
##  .  #
##  $ .#
##  ####
########",8,11,4,1,"positive",7062753834340679809
"########
####   #
# $ $###
#  .$###
### .###
##    ##
# $.## #
#   @  #
# ## # #
# ##.  #
########",8,11,4,0,"easy_negative",10542591565352723315
"##############
# ..## ###.  #
### ##$ #    #
###  @  . ####
#### ## ##  .#
## $ #  #  $ #
#    ## ## $ #
### $. # ## ##
###$$#    .  #
#      # ## ##
##############",14,11,7,0,"easy_negative",15250604100532147516
"##############
### # ## .## #
###    # $## #
# . # ##.$   #
##  ### #  # #
##$.    #$####
## .$ @ #  # #
###### . $   #
#   # $###  .#
#         ####
##############",14,11,7,0,"easy_negative",16744028279020523128
"###########
# ##      #
#. #$#.$#.#
#         #
#.$ $@$## #
#  ### ## #
######.   #
####    $ #
## # ## #.#
##   ##   #
###########",11,11,6,1,"positive",8188960244810164483
"##############
## #### . ## #
# .$$$$   ## #
## #    @$ . #
## ## # ## # #
#  .  $. # # #
## ##.#### # #
##############",14,8,6,0,"easy_negative",14475191644905405182
"###########
# ##      #
#. #$#. #.#
#      $  #
#.$ $@$## #
#  ### ## #
######.   #
####    $ #
## # ## #.#
##   ##   #
###########",11,11,6,1,"positive",8188960244810164483
"########
## #  ##
#  .$###
## #$ ##
##     #
###$####
##  .  #
#### $ #
# #  ###
# $ .###
# ##   #
#  #  ##
# ..@###
########",8,14,5,0,"easy_negative",4033641296938049119
"###########
# ##      #
#  #$#. #.#
#      $. #
#.$ $@$## #
#  ### ## #
######.   #
####    $ #
## # ## #.#
##   ##   #
###########",11,11,6,1,"positive",8188960244810164483
"########
###.  .#
###$$# #
# $ $ .#
# ##. @#
# ##$###
#   .###
########",8,8,5,0,"easy_negative",7998020320695344426
"###########
# ##      #
#  #$#. #.#
#      $. #
#.$ $ $## #
#  ### ## #
######.   #
####    $ #
##@# ## #.#
##   ##   #
###########",11,11,6,1,"positive",8188960244810164483
"###########
###       #
#  # # ####
# ##  $# ##
#  $.@ #  #
# #  # #  #
#  .####$ #
#   $ .$. #
# #     ###
#.  ### ###
###$#     #
### #   # #
#.  #     #
###########",11,14,6,0,"easy_negative",879675515830953573
"###########
#.##      #
#  #$#. #.#
#      $. #
#.$ $ $## #
#  ### ## #
######    #
####    $ #
##@# ## #.#
##   ##   #
###########",11,11,6,1,"positive",8188960244810164483
"##############
# @#  .##    #
# ####   # # #
# .###  ##  .#
#  ##  ## # ##
# ###  ##    #
#  ##     # ##
#   # ### ## #
#   ##### #  #
# $$         #
## $ $ # ## ##
##  #. .$    #
##  ## # ## ##
##############",14,14,5,0,"easy_negative",1891357629377569308
"########
### # ##
##     #
#   # ##
#   $  #
# ### .#
# #### #
#  # $@#
#  # # #
# ##   #
#.$.#$##
# #   .#
#   # ##
########",8,14,4,1,"positive",9276678175422744425
"########
### # ##
##     #
#   # ##
#  $   #
# ### .#
# #### #
#  # $@#
#  # # #
# ##   #
#.$.#$##
# #   .#
#   # ##
########",8,14,4,1,"positive",9276678175422744425
"########
### # ##
##   . #
#   # ##
#  $   #
# ###  #
# #### #
#  # $@#
#  # # #
# ##   #
#.$.#$##
# #   .#
#   # ##
########",8,14,4,0,"hard_negative",9276678175422744425
"########
### # ##
##     #
#   # ##
#  $   #
# ### .#
# #### #
#  # $@#
#  # # #
# ##   #
#.$.#$##
# #    #
#  .# ##
########",8,14,4,0,"hard_negative",9276678175422744425
"########
### # ##
##     #
#   #$##
#  $   #
# ### .#
# #### #
#  # $@#
#  # # #
# ##   #
#.$.# ##
# #   .#
#   # ##
########",8,14,4,0,"hard_negative",9276678175422744425
"########
### # ##
##     #
#   # ##
#  $   #
# ### .#
# #### #
#  # $ #
#  # # #
# ##   #
#.$.#$##
#@#   .#
#   # ##
########",8,14,4,1,"positive",9276678175422744425
"########
### # ##
##     #
#   # ##
#  $   #
# ### .#
# #### #
#  # $.#
#  # # #
# ##   #
# $.#$##
#@#   .#
#   # ##
########",8,14,4,0,"hard_negative",9276678175422744425
"########
### # ##
##     #
#   # ##
#      #
# ### .#
# #### #
#  # $ #
#  # # #
# ##   #
#.$.#$##
#@# $ .#
#   # ##
########",8,14,4,0,"hard_negative",9276678175422744425
"########
### # ##
##     #
#   # ##
#. $   #
# ### .#
# #### #
#  # $ #
#  # # #
# ##   #
#.$.#$##
#@#    #
#   # ##
########",8,14,4,0,"hard_negative",9276678175422744425
"########
### # ##
##     #
#   # ##
#  $   #
# ### .#
# #### #
#  # $ #
#  # # #
# ##   #
#.$.#$##
#+#    #
#   # ##
########",8,14,4,0,"hard_negative",9276678175422744425
"########
### # ##
##     #
#   # ##
#  $   #
# ### .#
# #### #
#  # $ #
#  #@# #
# ##   #
#.$.#$##
# #   .#
#   # ##
########",8,14,4,1,"positive",9276678175422744425
"########
#      #
###### #
## ### #
##$#. .#
# $.$$ #
##.# @ #
# ..## #
# # ## #
# $$$  #
##  ####
##  #  #
##.    #
########",8,14,7,0,"easy_negative",10640212630402526317
"###########
####  . # #
# . ##$ # #
#   ##  # #
#    ## . #
#  # ###  #
####   ## #
#         #
#.# $#$ ###
#       ###
# ##$ $   #
#  # #@##.#
#      ## #
###########",11,14,5,0,"easy_negative",5990575961145666947
"########
### # ##
##     #
#  $# ##
#  $   #
# ### .#
# #### #
#  # $ #
#  #@# #
# ##   #
#. .#$##
# #   .#
#   # ##
########",8,14,4,0,"hard_negative",9276678175422744425
"########
### # ##
##     #
#   # ##
#  $   #
# ###  #
# #### #
#  # $ #
#  #@# #
# ## . #
#.$.#$##
# #   .#
#   # ##
########",8,14,4,0,"hard_negative",9276678175422744425
"########
### # ##
##.    #
#   # ##
#  $   #
# ###  #
# #### #
#  # $ #
#  #@# #
# ##   #
#.$.#$##
# #   .#
#   # ##
########",8,14,4,0,"hard_negative",9276678175422744425
"########
### # ##
##     #
#   # ##
#  $   #
# ### .#
# #### #
#  # $ #
#  # # #
# ##   #
#.$.#$##
# # @ .#
#   # ##
########",8,14,4,1,"positive",9276678175422744425
"###########
##        #
## . #   .#
###    ####
#    # #  #
# #$$#.## #
#    # #  #
# #  #@  ##
# #  #$$###
# #  #.  ##
###########",11,11,4,0,"easy_negative",11040925603575023275
"########
##  ####
### .# #
##.@$$ #
# #$#$##
#.# $. #
#.#$# ##
# . ## #
#  $## #
#.     #
########",8,11,7,0,"easy_negative",8299867390968877044
"########
# ######
# .#   #
#  $$. #
#. #$ ##
#@##$###
#  # .##
########",8,8,4,0,"easy_negative",1242487777246177033
"###########
## ##     #
#   # #.  #
## ####.  #
#     $@$##
# # ##   ##
#  $##   ##
##   ##$###
###   # ###
## .   .  #
###########",11,11,4,1,"positive",15006812637581937200
"###########
## ##     #
#   # #.  #
## ####.  #
#      @$##
# # ## $ ##
#  $##   ##
##   ##$###
###   # ###
## .   .  #
###########",11,11,4,1,"positive",15006812637581937200
"###########
## ##     #
#   # #.  #
##$####.  #
#      @$##
# # ## $ ##
#   ##   ##
##   ##$###
###   # ###
## .   .  #
###########",11,11,4,0,"hard_negative",15006812637581937200
"###########
## ##     #
#   # #   #
## ####.. #
#      @$##
# # ## $ ##
#  $##   ##
##   ##$###
###   # ###
## .   .  #
###########",11,11,4,1,"positive",15006812637581937200
"##############
#     ##  # ##
# ##  ## $   #
# ## ###  # ##
###  ####$ ###
###   ## $ ###
#...## #    .#
###$  $# #   #
##  .  .   # #
#   ####$#   #
# ### #   $  #
#  # $  ##. ##
#  ## #@##.###
##############",14,14,8,0,"easy_negative",13615405542108874783
"###########
## ##     #
#   # #   #
## ####.. #
#      @$##
# # ##$$ ##
#  $##   ##
##   ## ###
###   # ###
## .   .  #
###########",11,11,4,1,"positive",15006812637581937200
"###########
## ##     #
#   # #.  #
## ####.  #
#      @$##
# # ##$$ ##
#  $##   ##
##   ## ###
###   # ###
## .   .  #
###########",11,11,4,1,"positive",15006812637581937200
"###########
#       ###
#   ###  ##
####      #
#   ###  .#
##     $$ #
###$ . ####
#   # #  ##
#### $@ ###
## ##$#  ##
#        .#
#### #.####
#    .    #
###########",11,14,5,0,"easy_negative",11488874259894403702
"########
#  .####
# $$.# #
# $$ $.#
###$$###
###.$@##
# ... .#
########",8,8,8,0,"easy_negative",13924210092539540579
"###########
#    #  # #
###  #  # #
###  # $# #
####$$@   #
##  .#$##.#
# $... ## #
# #  # ####
# # ####  #
# #. # ## #
#   ## $. #
#   #   $ #
#      ####
###########",11,14,7,0,"easy_negative",2127591281707281947
"###########
## ##  # ##
#   #  $  #
##.##. #.##
#   #### ##
# #$# #  @#
#    $## ##
#### $ $ ##
#    # $.##
#     ..###
###########",11,11,6,0,"easy_negative",920235248585961417
"##############
###    ##### #
##   #    #  #
# ##    $    #
#    ### #.  #
### .##    # #
###    # #   #
#  $@  $     #
#   #  .#$  ##
#   ##    .###
##############",14,11,4,1,"positive",4107333204498496013
"###########
## #  #####
#     # # #
## #  #   #
### $ ### #
##  $ ### #
#     #   #
## #### .##
#  .$  $###
## #     ##
#.    #  ##
# #  ## .##
#  @  # ###
###########",11,14,4,0,"easy_negative",3783980594225486645
"##############
###    ##### #
##   #    #  #
# ##    $    #
#    ### #.  #
### .##    # #
###    # #   #
#  $@  $   . #
#   #   #$  ##
#   ##    .###
##############",14,11,4,1,"positive",4107333204498496013
"##############
###    ##### #
##   #    #  #
# ##    $    #
#    ### #.  #
### *##    # #
###    # #   #
#  $@      . #
#   #   #$  ##
#   ##    .###
##############",14,11,4,1,"positive",4107333204498496013
"##############
###    ##### #
##   #    #  #
# ##    $    #
#    ### #.  #
### *##    # #
###    # #   #
#  $@      . #
#   # . #$  ##
#   ##     ###
##############",14,11,4,1,"positive",4107333204498496013
"##############
###    ##### #
##   #    #  #
# ##    $    #
#    ### #   #
### *##    # #
###    # #   #
#  $@     .. #
#   # . #$  ##
#   ##     ###
##############",14,11,4,1,"positive",4107333204498496013
"##############
##     #    .#
##  $###  ####
###  ###    .#
#  #$      $ #
#  #  # # ## #
#  ####$. ##.#
#   # $      #
#.###   ##  .#
# ### $ ######
#   # # @ ####
##    . #$#  #
### # #      #
##############",14,14,7,0,"easy_negative",14815321886023505783
"########
####   #
#..#  ##
#    ###
# $ $@ #
##  ## #
### ##.#
###### #
#   ## #
# $ $  #
# $    #
# # #  #
#.. ## #
########",8,14,5,0,"easy_negative",13317415988599081436
"##############
# ##  # ##   #
# ##  # ##  ##
#  .$.#    ###
### # #    ###
###    .## ###
#   # # ##   #
#### ##  #  ##
## $  #  #  ##
###   $@ #  ##
#      .$  ###
#  # #  ## ###
# ##    ##   #
##############",14,14,4,0,"easy_negative",10571331279359137128
"########
####. ##
#  $$###
#.$..@##
####   #
# $  ###
# $$ ###
##  ####
## .  ##
### .###
########",8,11,6,0,"easy_negative",7524523463802635610
"########
####.###
##   ###
# .$$$ #
#@$ .  #
# # .# #
########
########",8,8,4,1,"positive",1588737509889079040
"########
####.###
##   ###
# .$$$ #
#+$ .  #
# #  # #
########
########",8,8,4,1,"positive",1588737509889079040
"########
####.###
##   ###
#  $$$.#
#+$ .  #
# #  # #
########
########",8,8,4,0,"hard_negative",1588737509889079040
"########
####.###
##   ###
# .$$$ #
#.$ . @#
# #  # #
########
########",8,8,4,1,"positive",1588737509889079040
"########
####.###
##   ###
# *$$$ #
#.  . @#
# #  # #
########
########",8,8,4,1,"positive",1588737509889079040
"########
#### ###
##   ###
# *$$$ #
#.. . @#
# #  # #
########
########",8,8,4,0,"hard_negative",1588737509889079040
"########
####.###
##  $###
# *$$  #
#.  . @#
# #  # #
########
########",8,8,4,0,"hard_negative",1588737509889079040
"########
####.###
##   ###
# $$$$ #
#.. . @#
# #  # #
########
########",8,8,4,1,"positive",1588737509889079040
"##############
#####  .#### #
##  #   #### #
# $.#$$ .    #
# $   $# #   #
# #.#. $ @ # #
#   ## #.#   #
##############",14,8,6,0,"easy_negative",17532993446293421545
"###########
##  #######
##.    .$ #
##      . #
#  . ##$###
####  #.###
## #   $  #
#  @ $ $  #
#  ####$#.#
# ##      #
###########",11,11,6,0,"easy_negative",8760396365400703643
"##############
###    .  #.##
### # .# $$. #
# . #####$#$##
#. # $.. $#  #
# ## # $#$#  #
#@ #      ## #
##############",14,8,8,0,"easy_negative",5036443025828822800
"##############
#        ## ##
##### .$ #   #
## ###  ### ##
#      ### .##
# # ###  #  ##
# $    .   ###
# .    #$ ####
###  #.#$$#@ #
###    #     #
##############",14,11,5,0,"easy_negative",4192943547195215844
"########
## ## ##
# @$.$ #
##$## ##
#..  ###
###$# ##
###$#. #
#..$##.#
# $$## #
#     .#
########",8,11,8,0,"easy_negative",8148749693246122023
"########
# #### #
#  ### #
# $$.  #
#  $####
# # # @#
#    . #
#   ####
# #$#  #
#.  $. #
#.$    #
##  .###
#### ###
########",8,14,6,1,"positive",15765294180764942673
"########
# #### #
#  ### #
# $$.  #
#  $####
# # # @#
#    . #
#   ####
# #$#  #
#.  *. #
#.$    #
##   ###
#### ###
########",8,14,6,1,"positive",15765294180764942673
"########
# #### #
#  ### #
# $$.  #
#  $####
# # #  #
#    . #
#   ####
#@#$#  #
#.  *. #
#.$    #
##   ###
#### ###
########",8,14,6,1,"positive",15765294180764942673
"########
# #### #
#  ### #
# $$.  #
#  $####
# # #  #
#    . #
#   ####
#@#$#  #
#.  *. #
#.   $ #
##   ###
#### ###
########",8,14,6,0,"hard_negative",15765294180764942673
"########
# #### #
#  ### #
# $$.  #
#  $####
# # #  #
#    . #
#   ####
#@#$#  #
#.  *. #
# $    #
##.  ###
#### ###
########",8,14,6,1,"positive",15765294180764942673
"########
# #### #
#  ### #
# $$.  #
#  $####
# # #  #
#   $. #
#   ####
#@#$#  #
#.  *. #
#      #
##.  ###
#### ###
########",8,14,6,1,"positive",15765294180764942673
"###########
#. # #  # #
#  # #  # #
#  # #$$# #
# .$      #
# ## #$.# #
# ##      #
#   ##$## #
# # ##  @##
#     ..###
###########",11,11,5,0,"easy_negative",3082725546963060343
"########
#    . #
###.##.#
###$## #
###$####
###$.. #
# .$$$ #
# $.#@ #
# ###$.#
# ###  #
########",8,11,8,0,"easy_negative",8846713795410193470
"###########
#. #  .   #
# ## # $  #
#  # $$####
# # ##    #
# # ##$.# #
# # .  ####
#   $  .  #
#.#  ##$@##
# $$ ##.###
# #.#    ##
# # ## # ##
# # #  ####
###########",11,14,8,0,"easy_negative",7351762362723748603
"###########
####   ####
#  # ## # #
# ## ##.  #
#    ##$###
#.##. #$###
# ##. $ $ #
## ###$ ###
#  $ # # ##
## ###$#. #
#  . @ $  #
###.  ##  #
###.##### #
###########",11,14,8,0,"easy_negative",6826245581090602704
"##############
#  #     #####
#  #  #  #.# #
#  #### .#.. #
#      @#   ##
#### # ###$ ##
# $$    #  $##
# $.#  # # $##
##  #  .    ##
### ## #$# $##
####   .   . #
#      ##  ###
#   #####  ###
##############",14,14,8,0,"easy_negative",13105687374054977226
"###########
# .  #  @.#
#.$ ###$  #
#  $ #   .#
# ##   #  #
# ####### #
#  $ $.#  #
# ## ## $ #
# ## ##$  #
#..       #
###########",11,11,7,1,"positive",10394509508556463190
"##############
#   .     ####
###  # ## $  #
###@   ##    #
#    $     $##
# ##$#..##. ##
# ##    ##  ##
##############",14,8,4,0,"easy_negative",5392724222292680779
"###########
# .  #   .#
#.$ ###$  #
#  $ #   +#
# ##   #  #
# ####### #
#  $ $.#  #
# ## ## $ #
# ## ##$  #
#..       #
###########",11,11,7,1,"positive",10394509508556463190
"###########
# ##  ##  #
# ##$ ##  #
#     ### #
##$####   #
#         #
##$#  .  .#
# $ #####@#
#  .# ##  #
####  # . #
##   #### #
###  #### #
##        #
###########",11,14,4,0,"easy_negative",10858041683951756332
"########
#@##.  #
# ##.###
# $ $###
# . $ .#
#### $ #
#      #
########",8,8,4,1,"positive",2220713354156074922
"########
# ##.  #
# ##.###
#@$ $###
# . $ .#
#### $ #
#      #
########",8,8,4,1,"positive",2220713354156074922
"########
# ##.  #
# ##.###
#@$ $###
# .  $.#
#### $ #
#      #
########",8,8,4,1,"positive",2220713354156074922
"########
# ##.  #
# ##.###
#@$ *###
# .  $ #
#### $ #
#      #
########",8,8,4,1,"positive",2220713354156074922
"########
# ##.  #
# ##.###
# $@*###
# .  $ #
#### $ #
#      #
########",8,8,4,1,"positive",2220713354156074922
"########
#####  #
#  ##. #
#   # .#
#   ##@#
#.# ##.#
# $  $ #
# $    #
####$###
#    ###
########",8,11,4,0,"easy_negative",7967380668445105833
"########
##.    #
##  .$ #
## $####
## $##.#
## $## #
###  .@#
########",8,8,4,0,"easy_negative",1465114061333928942
"##############
# #   .## ####
# # $# ##$ $ #
#.#.      $  #
# ######## # #
#@ #   #   #.#
#          # #
##############",14,8,4,0,"easy_negative",16823458658100949942
"##############
####  # ##   #
##   ## ## ###
###   #  . ###
# #      #####
# #$ # $ #  ##
# # .$$ $# ###
# ## # #   ###
# .######  ###
# .# # #     #
##     # #   #
##@# #    . ##
####   # # ###
##############",14,14,5,0,"easy_negative",10923852866345174841
"########
# ##.#.#
# ## #.#
#@  .# #
##$### #
# $ #. #
##$# $ #
# .$$. #
#   $# #
####   #
########",8,11,7,0,"easy_negative",11841653759150936902
"###########
# .  #   .#
#.$ ###$  #
#  $ #  @.#
# ##   #  #
# ####### #
#  $ $.#  #
# ## ## $ #
# ## ##$  #
#..       #
###########",11,11,7,1,"positive",10394509508556463190
"##############
# #.     .  ##
# #   #  #  ##
# #.$## ## ###
#   $   ######
#  ## .#   # #
# #######$   #
#   @     $###
# ###   #  ###
# ####       #
##############",14,11,4,0,"easy_negative",8775217207287522963
"###########
# .  #   .#
#.$ ###$  #
#  $ #  @ #
# ##   #  #
# ####### #
#  $ $.# .#
# ## ## $ #
# ## ##$  #
#..       #
###########",11,11,7,1,"positive",10394509508556463190
"###########
#   ###  ##
# #$#  @###
#    $   ##
###  # ####
###  #$  .#
# .  #$.$.#
#.  #. # ##
# #$##    #
#   # $#.##
##$  #  ###
##  ###  ##
## . #    #
###########",11,14,8,0,"easy_negative",6251037259943670700
"###########
# .  #   .#
#.$ ###$  #
#  $ #. @ #
# ##   #  #
# ####### #
#  $ $.#  #
# ## ## $ #
# ## ##$  #
#..       #
###########",11,11,7,1,"positive",10394509508556463190
"###########
#      . ##
#    # # ##
####   ####
# $  #$#  #
#### #$#  #
#    # #  #
#.       ##
####$#$ @##
#        ##
## .## #. #
### #.$#  #
##.    #  #
###########",11,14,6,0,"easy_negative",12732699896882408832
"##############
###.@  ####  #
##  .# $..#  #
# $$      #  #
#    ##$ $   #
# ##  # #   ##
# ## .     ###
##############",14,8,5,1,"positive",16210908682726148637
"########
#  . ###
#### .##
#     ##
## #@$ #
#    ###
## #$###
#  . . #
# #$## #
#   ## #
####   #
##  $  #
###    #
########",8,14,4,0,"easy_negative",3558359308908653510
"##############
###.@  ####  #
##  .# $ .#  #
# $$      #  #
#.   ##$ $   #
# ##  # #   ##
# ## .     ###
##############",14,8,5,1,"positive",16210908682726148637
"########
#  ### #
# .## .#
# @#   #
# # #$ #
# # #  #
# # #. #
#   #$##
###  $ #
### #$##
##  #  #
### # ##
##  .###
########",8,14,4,0,"easy_negative",4728107639406413292
"##############
###.@  ####  #
##  .# $ .#  #
# $$    $ #  #
#.   ##$     #
# ##  # #   ##
# ## .     ###
##############",14,8,5,1,"positive",16210908682726148637
"##############
#.  #.#   ## #
# # $  #.$ # #
#  $# ### ## #
#.$$# #  $$ .#
# #@### ## # #
#.     .##   #
##############",14,8,7,0,"easy_negative",15990048659205790796
"##############
###.@  ####  #
##  .# $ .#  #
# $  $  $ #  #
#.   ##$     #
# ##  # #   ##
# ## .     ###
##############",14,8,5,1,"positive",16210908682726148637
"##############
#      .     #
####$  ## ####
#      ## $  #
###$###  $ . #
## @  # # #  #
# .     . ## #
##############",14,8,4,0,"easy_negative",9590803070555513874
"##############
### @  ####  #
##  .# $ .#  #
# $  $  $ #  #
#.   ##$     #
# ##. # #   ##
# ## .     ###
##############",14,8,5,1,"positive",16210908682726148637
"##############
#       ## . #
#.$. ## ## ###
#### ##   .###
####    ##   #
## # ##  # # #
##   #####@  #
#.     .  ####
#   ###$#$#  #
#     $  $$ .#
#  ##   # ## #
#  ###$##### #
# ###   #    #
##############",14,14,7,0,"easy_negative",12554893752079864632
"########
####  ##
# # $ ##
#     ##
#   ####
# # #.##
#.. # .#
# $$$. #
# @ $  #
####   #
########",8,11,5,1,"positive",10420675423483911785
"########
#@## ###
#  #$.##
#  # $##
#  .$$ #
# # ##.#
# . ## #
########",8,8,4,0,"easy_negative",9952890565256749246
"########
####  ##
# # $ ##
#     ##
#   ####
# # #.##
#.* # .#
# $$ . #
# @ $  #
####   #
########",8,11,5,1,"positive",10420675423483911785
"########
####  ##
# # $ ##
#  $  ##
#   ####
# # #.##
#.* # .#
#  $ . #
# @ $  #
####   #
########",8,11,5,0,"hard_negative",10420675423483911785
"##############
## ###      ##
#    .#   $ ##
## # #####  ##
##     ### ###
## #  $$ $  ##
####  $ .  ..#
# . # # .$#$##
# #   .#   @ #
#   # ##### ##
##############",14,11,7,0,"easy_negative",6857794352613840905
"########
####  ##
# #@$ ##
#     ##
#   ####
# # #.##
#.* # .#
# $$ . #
#   $  #
####   #
########",8,11,5,1,"positive",10420675423483911785
"########
####  ##
# # $ ##
#     ##
#   ####
# # #.##
#.* #@.#
# $$ . #
#   $  #
####   #
########",8,11,5,1,"positive",10420675423483911785
"########
####  ##
# # $ ##
#    .##
#   ####
# # # ##
#.* #@.#
# $$ . #
#   $  #
####   #
########",8,11,5,1,"positive",10420675423483911785
"###########
######  ###
#   ## . ##
# $  $.   #
#.  #$#   #
# .#  $   #
# ### #####
# ###   ###
#  ### .###
#####   $ #
#   $  $ @#
##   #.#  #
#### . ####
###########",11,14,7,0,"easy_negative",3011825906951926529
"########
### ## #
##  #  #
##. #@ #
#...  ##
# . $$##
####  ##
## #   #
# $. ###
## # ###
# $    #
# #$$$ #
# . ####
########",8,14,7,0,"easy_negative",8482305922506100809
"########
#      #
####$$.#
#  @   #
#### .##
#  #$###
#  $  ##
#  . ###
# ##  ##
# ##.  #
########",8,11,4,0,"easy_negative",15864453666242692135
"###########
#      #  #
# . $  #  #
####$@$#  #
# ## #  #.#
#  # # $# #
#    #  #.#
#  ..$  $ #
#### #   .#
#      ####
###########",11,11,6,1,"positive",10298831281831138170
"###########
#      #  #
# . $  #  #
#### @$#  #
# ## #  #.#
#  # # $# #
#    # $#.#
#  ..$  $ #
#### #   .#
#      ####
###########",11,11,6,0,"hard_negative",10298831281831138170
"##############
### # #    . #
### .  .##   #
#.$ # #$######
### ##  @$ ###
#  ###  #  ###
# ##   ###.  #
#   $ #   #.##
# # # # ##   #
#   ##  ### ##
## #. #  $$  #
#  $ ## ##  ##
## #  # ######
##############",14,14,7,0,"easy_negative",5141316930853815448
"###########
#      #  #
# . $  #  #
####$@$#  #
# ## #  #.#
#  # # $#.#
#    #  #.#
#  ..$  $ #
#### #    #
#      ####
###########",11,11,6,1,"positive",10298831281831138170
"##############
#  . . #.#  ##
#  $##      ##
# $ ## # #  ##
# #####   ## #
## #  .##$## #
##@    ##    #
#   # #  . ###
# ##    #   ##
# ### #    $##
###    # #   #
##        $  #
#   #### #   #
##############",14,14,5,0,"easy_negative",11812804111734472130
"##############
# #  ###   ###
# #$  ##  #  #
# #  $ #  ## #
#.  # ###    #
# #      # # #
#   #.# ##   #
# # $  $   @ #
# #  #### ####
# #  ####    #
#            #
# #. ## #  # #
#    ##   .  #
##############",14,14,4,1,"positive",14787043374607022467
"###########
## #  @  .#
# $  #.#. #
## ######.#
#. ##     #
# ###  . ##
#. ## $$###
##   ##$$ #
### $##$ ##
##      ###
###########",11,11,7,0,"easy_negative",11239736130106643867
"###########
#      #  #
# . $  #  #
####$@$#  #
# ## #  #.#
#  # # $#.#
#    #  # #
#  ..$  $ #
#### #    #
#  .   ####
###########",11,11,6,1,"positive",10298831281831138170
"###########
####      #
#@  ###  .#
# . $ .   #
#.# ##.####
# # # $$.##
# # #   ###
#  # # # ##
## # #$ $ #
### $# # ##
## #      #
# .   #$  #
## # ##   #
###########",11,14,7,0,"easy_negative",4899663939129962810
"##############
# #  ###   ###
# #   ##  #  #
# #  $ #  ## #
#.  # ###    #
# #      # # #
#   #.# ##   #
# # $  $   @ #
# #$ #### ####
# #  ####    #
#            #
# #. ## #  # #
#    ##   .  #
##############",14,14,4,1,"positive",14787043374607022467
"###########
#  .   #  #
# . $  #  #
####$@$#  #
# ## #  #.#
#  # # $#.#
#    #  # #
#   .$  $ #
#### #    #
#  .   ####
###########",11,11,6,1,"positive",10298831281831138170
"##############
# #  ###   ###
# #   ##  #  #
# #  $ #  ## #
#   # ###    #
# #      # # #
#   #.# ##   #
# # $  $  .@ #
# #$ #### ####
# #  ####    #
#            #
# #. ## #  # #
#    ##   .  #
##############",14,14,4,1,"positive",14787043374607022467
"###########
#  .###   #
# # .#  ###
# .  .$$###
# .####$  #
# ### # # #
# .## .$  #
##  ##    #
## @# #$# #
##    #.  #
##$###### #
# $ $  #  #
## #      #
###########",11,14,8,0,"easy_negative",11451506250468052649
"###########
###.## ## #
### ##$## #
# $ $  $$ #
#########.#
#.  @  ## #
#   . .   #
###########",11,8,5,0,"easy_negative",53707123165459662
"##############
#        . ###
# #$## ### ###
#   ##  .$ . #
## $###### ###
##$.#    ## ##
##  $   $ #  #
# ## #$$  .  #
# ## #  #  ###
#   @# .. .###
##############",14,11,8,0,"easy_negative",8524887843538882729
"##############
# #  ###   ###
# #   ##  #  #
# #  $ #  ## #
#   # ###    #
# #      # # #
#   #.# ##   #
# # $  $   @ #
# #$ #### ####
# #  ####    #
#            #
# #. ## #  #.#
#    ##   .  #
##############",14,14,4,1,"positive",14787043374607022467
"###########
#####.    #
# # #  #  #
#   #  ## #
#  $  .  .#
# ## # $  #
# ##$  ####
#    @.$ ##
#### ## ###
#    ##  ##
###########",11,11,4,0,"easy_negative",13100859540523945694
"##############
# #  ###   ###
# #   ##  #  #
# #  $ #  ## #
#   # ###    #
# #      # # #
#   #.# ##   #
# #    $   @ #
# #$ #### ####
# #  ####    #
#            #
# #. ## # $#.#
#    ##   .  #
##############",14,14,4,1,"positive",14787043374607022467
"########
#   # ##
# #.   #
#   #$##
## ## ##
# $.@$ #
##.## ##
##   $ #
##   # #
##  ####
# . ####
##   # #
###    #
########",8,14,4,0,"easy_negative",8835871026581252062
"###########
#### .    #
## ##  $# #
#  ####@  #
## .###   #
## $ $ $# #
## ..     #
###########",11,8,4,1,"positive",8115984689981233898
"###########
#### . .  #
## ##  $# #
#  ####@  #
## .###   #
## $ $ $# #
## .      #
###########",11,8,4,1,"positive",8115984689981233898
"###########
#### .    #
## ##  $# #
#  ####@  #
## .###   #
## $ $ $# #
## .  .   #
###########",11,8,4,1,"positive",8115984689981233898
"##############
#    # ###   #
# #  # #.    #
#    # @$$$  #
### ### $  ###
##  $ . #  ###
#  .   ###. .#
##############",14,8,5,0,"easy_negative",16788159852683599159
"###########
####     .#
## ##  $# #
#  ####@  #
## .###   #
## $ $ $# #
## .  .   #
###########",11,8,4,1,"positive",8115984689981233898
"###########
####     .#
## ##  $# #
#@ ####   #
## .###   #
## $ $ $# #
## .  .   #
###########",11,8,4,1,"positive",8115984689981233898
"##############
#     # # . ##
# ## .#.#. ###
# ## $# #   ##
# $   $ #    #
# # ###### . #
#  $    #  $ #
#    ###### ##
# #   #      #
#  @      # ##
#    ##  #.  #
### $##  ### #
###      ### #
##############",14,14,6,0,"easy_negative",5556036586378926535
"###########
#  .   #  #
# . $  #  #
####$ $#  #
# ## #  #.#
#  # # $#.#
#    #  # #
# @ .$  $ #
#### #    #
#  .   ####
###########",11,11,6,1,"positive",10298831281831138170
"###########
#   ##.   #
# # #.$@$ #
# $$ ##  .#
##.     .##
###   #$ ##
##   ##  ##
###########",11,8,5,0,"easy_negative",11583912668605440981
"##############
#      ### ###
# # $###. ..##
#    #### ####
# ##$   . ####
# ##$  ## # ##
# $$   ##   ##
# $# ##      #
# .# #### @$ #
#.##  .## ####
##############",14,11,7,0,"easy_negative",12442329670161728603
"##############
#.        ## #
# ## ## # #  #
# ## ##   #  #
#  # $$   $ ##
#  ### $  # ##
# #### #######
#. .#  ### ###
# ###  .#   ##
# ####       #
## #.$ ##. $ #
# @     # ####
## #   ##    #
##############",14,14,6,0,"easy_negative",1094234065519897102
"########
#  #  @#
#  # # #
# $# $ #
# $ #  #
# #.# .#
#.  ##.#
#  .$$ #
#### # #
#      #
########",8,11,5,0,"easy_negative",2544080020180245525
"########
# #   ##
# # $###
#@#   ##
# ## ###
#  # ###
#.$    #
#  ..  #
###  ###
###  ###
#      #
# $ $. #
#   ####
########",8,14,4,1,"positive",7941420592917302895
"########
# #   ##
# #  ###
#@#   ##
# ## ###
#  #$###
#.$    #
#  ..  #
###  ###
###  ###
#      #
# $ $. #
#   ####
########",8,14,4,1,"positive",7941420592917302895
"########
# #   ##
# #  ###
# #   ##
# ##@###
#  #$###
#.$    #
#  ..  #
###  ###
###  ###
#      #
# $ $. #
#   ####
########",8,14,4,1,"positive",7941420592917302895
"########
# #   ##
# #  ###
# #   ##
# ## ###
#  #$###
#.$    #
#  ..  #
###  ###
###  ###
#@     #
# $ $. #
#   ####
########",8,14,4,1,"positive",7941420592917302895
"###########
#      ..##
#  $##$  ##
# .@##..$##
### ###   #
###   $$# #
#         #
###########",11,8,5,0,"easy_negative",1330228478465827973
"########
# #   ##
# #  ###
# #   ##
# ## ###
#  #$###
# $    #
#  ..  #
###  ###
###. ###
#@     #
# $ $. #
#   ####
########",8,14,4,1,"positive",7941420592917302895
"########
#### ###
# . . ##
#   ## #
#  # # #
#  #$# #
# $#$# #
#  $   #
#@#    #
# . ####
#  .$  #
#  # .##
# ######
########",8,14,5,0,"easy_negative",4410389458629332502
"###########
####   ####
##  ##  . #
#   ##    #
# ##   ## #
# ###   # #
#   ##### #
#  $## ## #
###  #$ # #
### ##$##.#
#   .  $  #
####   ####
# @     . #
###########",11,14,4,0,"easy_negative",16897954577820300651
"###########
#######   #
## ## $ # #
##$ ##    #
##$#####  #
# @$ .### #
##.#$###  #
# $$   $. #
#######. ##
# . ... ###
###########",11,11,8,0,"easy_negative",16926516175462629667
"########
#    . #
####$# #
# .    #
# $$.$ #
###. #.#
###.####
# $$ ###
##   ###
###$  @#
## .#. #
## $# ##
##  ####
########",8,14,8,0,"easy_negative",16957827583657196018
"########
# .    #
# # $# #
#.$. $ #
# $  . #
# ##@###
# ## ###
########",8,8,4,1,"positive",11077355139083315334
"########
# .    #
# # $# #
#+$. $ #
# $  . #
# ## ###
# ## ###
########",8,8,4,1,"positive",11077355139083315334
"########
# .    #
# # $# #
#+$..$ #
# $    #
# ## ###
# ## ###
########",8,8,4,0,"hard_negative",11077355139083315334
"########
# .    #
# # $# #
#@$. $ #
# $ .. #
# ## ###
# ## ###
########",8,8,4,1,"positive",11077355139083315334
"########
# .    #
#.# $# #
#@$. $ #
# $  . #
# ## ###
# ## ###
########",8,8,4,1,"positive",11077355139083315334
"########
# .    #
#.#$$# #
#@$. $ #
#    . #
# ## ###
# ## ###
########",8,8,4,1,"positive",11077355139083315334
"########
# .    #
####$###
# $.@###
# ##.  #
## #$$ #
##.    #
########",8,8,4,0,"easy_negative",11166030851540261944
"###########
##. # #   #
##   .    #
###$# #  .#
#   #######
# ##  # .##
# ##    ###
#   $.$####
#     $ # #
#   ###$. #
## ##   @ #
#   #.$$###
## ##   ###
###########",11,14,7,0,"easy_negative",7723920706613532711
"##############
#   ##       #
### #  $# ####
### ###    $ #
##  ##. ##.  #
##$ ## # .## #
##  . $## ## #
#   ##@    ###
#   #   #.$###
#####        #
##############",14,11,5,0,"easy_negative",9800682083396823710
"########
# ## ..#
# ##  ##
#.$$ ###
# $$## #
# #.## #
#    @ #
########",8,8,4,0,"easy_negative",15850436337429147132
"########
#    . #
#   ####
# @ $ .#
##.$.$ #
###$$ ##
##  .###
########",8,8,5,0,"easy_negative",13447008414874413712
"###########
#  .   .  #
# #  ## # #
# $ .##$  #
#   .    ##
###$ #$  ##
###    @ ##
###########",11,8,4,1,"positive",12059068044304333604
"###########
#  .   .  #
# #  ## # #
# $ .##$  #
#   .    ##
###$$#   ##
###    @ ##
###########",11,8,4,1,"positive",12059068044304333604
"###########
#  .   .  #
# #  ## # #
# $ .##   #
#   .  $ ##
###$$#   ##
###    @ ##
###########",11,8,4,1,"positive",12059068044304333604
"###########
#  .   .  #
# #  ## # #
# $ .##   #
#   .  $ ##
###$$#   ##
###     @##
###########",11,8,4,1,"positive",12059068044304333604
"###########
#  .   .  #
# #  ## # #
# $ .##   #
#   .  $ ##
###$$#   ##
### @    ##
###########",11,8,4,1,"positive",12059068044304333604
"##############
###  ### # ###
###$ ## $ $ ##
# $. $ # #$.##
# $ . . ##  ##
####$##.##.@##
#   .##.   ###
##############",14,8,8,0,"easy_negative",13947038595815824876
"##############
#  ## #  . . #
#  #   $ # # #
#  ##.# ##$  #
#   $ # ## $ #
# # . #$#  # #
#### ## ##@ .#
##############",14,8,5,0,"easy_negative",17079148222853195614
"###########
#  .      #
###.# . # #
### ### $ #
#.    $   #
#.#. #  ###
# $ $$  ###
## @# . ###
##  ##   ##
## $#     #
# $ ### ###
##  # #$###
### # .   #
###########",11,14,8,0,"easy_negative",13473711446641495142
"###########
###@#  ####
### #   # #
#   #     #
# $## #   #
#  #      #
#  ## #####
#  .# # ###
# # $ $ ###
#  .# #   #
#.#   # # #
# # $## # #
# #  .# # #
###########",11,14,4,0,"easy_negative",10278676953900111139
"########
##.#.###
# $  ###
##$# . #
##  ## #
###$## #
##   @ #
########",8,8,3,0,"easy_negative",15007636643556090699
"##############
#   ###### ###
# #  #     ###
# . .@$  $   #
#    ####$## #
# # $ ##  ## #
#  .  # .    #
# ### # ## ###
#  #    #   ##
#  ## # ##  ##
##############",14,11,4,1,"positive",10606061945546918460
"###########
#   .  ##.#
#  ### #  #
######. $ #
#   $$ ####
####$#$$ .#
#.  @.    #
###########",11,8,6,0,"easy_negative",1422435201388460196
"##############
#   ###### ###
# #  #    $###
# . .@$      #
#    ####$## #
# # $ ##  ## #
#  .  # .    #
# ### # ## ###
#  #    #   ##
#  ## # ##  ##
##############",14,11,4,0,"hard_negative",10606061945546918460
"##############
#   ###### ###
# #  #     ###
# . .@$  $   #
#    ####$## #
# # $ ##  ## #
#     # .    #
# ### # ## ###
#  #    #   ##
#. ## # ##  ##
##############",14,11,4,1,"positive",10606061945546918460
"###########
###    ## #
## $##### #
# .      .#
##$#  # # #
#   @######
## #  # #.#
#### $  $ #
#..####   #
# ##    $ #
# $  $ . ##
#### ##. ##
#    ## ###
###########",11,14,7,0,"easy_negative",1253680692932920851
"##############
# . ###### ###
# #  #     ###
# . .@$  $   #
#    ####$## #
# # $ ##  ## #
#     #      #
# ### # ## ###
#  #    #   ##
#. ## # ##  ##
##############",14,11,4,0,"hard_negative",10606061945546918460
"##############
#   ###### ###
# #  #     ###
# . .@$  $   #
#    ####$## #
# #   ##  ## #
#     # .    #
# ### # ## ###
#  # $  #   ##
#. ## # ##  ##
##############",14,11,4,0,"hard_negative",10606061945546918460
"##############
#   ###### ###
# #  #     ###
# . .@$$ $   #
#    ####$## #
# #   ##  ## #
#     # .    #
# ### # ## ###
#  #    #   ##
#. ## # ##  ##
##############",14,11,4,0,"hard_negative",10606061945546918460
"##############
#   ###### ###
# #  #     ###
# . .@$      #
# $  ####$## #
# # $ ##  ## #
#     # .    #
# ### # ## ###
#  #    #   ##
#. ## # ##  ##
##############",14,11,4,1,"positive",10606061945546918460
"##############
##. .. #   ###
## # $$#$..###
# ## $ #   . #
# $ ##$   ## #
#  $# @###  ##
#         .###
##############",14,8,7,0,"easy_negative",17239061239968165985
"##############
#   ###### ###
# #  #     ###
# . .@$      #
# $  #### ## #
# # $ ##  ## #
#     # .    #
# ### # ## ###
#  #    # $ ##
#. ## # ##  ##
##############",14,11,4,0,"hard_negative",10606061945546918460
"##############
#   ###### ###
# #  #     ###
# . + $      #
# $  ####$## #
# # $ ##  ## #
#     # .    #
# ### # ## ###
#  #    #   ##
#. ## # ##  ##
##############",14,11,4,1,"positive",10606061945546918460
"##############
#      # ## ##
#   ##.  .   #
###### #$## ##
#         ## #
###@   ##### #
### ###      #
#   ####.#   #
#     $$. $# #
# .  $ # #  .#
# ##   ###   #
# #  #  # $# #
# ##         #
##############",14,14,6,0,"easy_negative",3259920811260988442
"##############
#   ###### ###
# #  #     ###
# . + $      #
# $  ####$## #
# #   ##  ## #
#    $# .    #
# ### # ## ###
#  #    #   ##
#. ## # ##  ##
##############",14,11,4,0,"hard_negative",10606061945546918460
"##############
#   ###### ###
# #  #     ###
# . + $      #
# $  ####$## #
# # $ ##  ## #
#     # .  . #
# ### # ## ###
#  #    #   ##
#  ## # ##  ##
##############",14,11,4,0,"hard_negative",10606061945546918460
"##############
#   ###### ###
# #  #     ###
# . + $      #
# $  ####$## #
# # $.##  ## #
#     # .    #
# ### # ## ###
#  #    #   ##
#  ## # ##  ##
##############",14,11,4,1,"positive",10606061945546918460
"##############
####    ## ###
#    # # #$ ##
#   ####    .#
###$$ .##$# ##
### ##### .  #
#     .   # ##
#.#  $#  $$  #
####  ###   .#
# # @#### ####
#  .      ## #
# ###   # ## #
# ####       #
##############",14,14,7,0,"easy_negative",8548019388549870782
"########
# #   ##
# #  $##
# #  .##
#  $# ##
#.$  $@#
#.. # ##
########",8,8,4,1,"positive",10390392575292036318
"########
# #   ##
# #  $##
# #  .##
#  $# ##
#.$ @$ #
#.. # ##
########",8,8,4,0,"hard_negative",10390392575292036318
"########
# #  @##
# #  $##
# #  .##
#  $# ##
#.$  $ #
#.. # ##
########",8,8,4,0,"hard_negative",10390392575292036318
"########
# #   ##
# #  $##
# #  .##
#  $# ##
#.$@ $ #
#.. # ##
########",8,8,4,0,"hard_negative",10390392575292036318
"########
# #   ##
# #  $##
# #  .##
# $ # ##
#.$  $@#
#.. # ##
########",8,8,4,1,"positive",10390392575292036318
"########
# #   ##
# #. $##
# #  .##
# $ # ##
# $  $@#
#.. # ##
########",8,8,4,1,"positive",10390392575292036318
"########
# #   ##
# #. $##
# #  .##
# $ # ##
#  $ $@#
#.. # ##
########",8,8,4,0,"hard_negative",10390392575292036318
"########
# #   ##
# #. $##
#@#  .##
# $ # ##
# $  $ #
#.. # ##
########",8,8,4,0,"hard_negative",10390392575292036318
"########
# #  .##
# #  $##
# #  .##
# $ # ##
# $  $@#
#.. # ##
########",8,8,4,0,"hard_negative",10390392575292036318
"########
# #   ##
# #. $##
# #  .##
# $ # ##
#.$  $@#
# . # ##
########",8,8,4,1,"positive",10390392575292036318
"########
#.#   ##
# #  $##
# #  .##
# $ # ##
#.$  $@#
# . # ##
########",8,8,4,1,"positive",10390392575292036318
"########
##.  ###
## @ ###
##   $ #
###$## #
###$.# #
# . ## #
########",8,8,3,0,"easy_negative",15102510473739607517
"##############
#   #####.####
# $  # #   # #
#..   .#$$   #
####$ $ $ ## #
# #  #  #### #
#  @  . ##.  #
##############",14,8,6,0,"easy_negative",12995915406178207513
"########
# #    #
# #$$$@#
# #$####
#.  .  #
#### #.#
#.     #
########",8,8,4,0,"easy_negative",5712547588725042705
"##############
#########.####
##   @ ##$$ .#
#     $  .  .#
## ####$$ # ##
#   #    #   #
## # . #### ##
##############",14,8,5,0,"easy_negative",9680936639409298929
"########
#  .. @#
#. #$# #
#.##$$ #
#  $. ##
# #$ ###
#     ##
########",8,8,5,0,"easy_negative",7357849543928164574
"########
##.  ###
##.$$ ##
##.$ .##
# $ # @#
# # #  #
# $ #$ #
#   # ##
#  # . #
#.### ##
########",8,11,6,1,"positive",18076347881082241113
"########
##.  ###
##.$$ ##
##.$ .##
# $ #  #
# # # @#
# $ #$ #
#   # ##
#  # . #
#.### ##
########",8,11,6,1,"positive",18076347881082241113
"########
##.  ###
##.$$ ##
##.  .##
# $ #  #
# # #$@#
# $ #$ #
#   # ##
#  # . #
#.### ##
########",8,11,6,0,"hard_negative",18076347881082241113
"########
##.  ###
##.$$ ##
##.$ .##
# $ #  #
# # #  #
# $ #$ #
#   #@##
#  # . #
#.### ##
########",8,11,6,1,"positive",18076347881082241113
"########
##.  ###
##.$$ ##
##.  .##
# $ #$ #
# # #  #
# $ #$ #
#   #@##
#  # . #
#.### ##
########",8,11,6,0,"hard_negative",18076347881082241113
"########
##   ###
##.$$ ##
##.$..##
# $ #  #
# # #  #
# $ #$ #
#   #@##
#  # . #
#.### ##
########",8,11,6,0,"hard_negative",18076347881082241113
"########
##.  ###
##.$$ ##
##.$ .##
#   #$ #
# # #  #
# $ #$ #
#   #@##
#  # . #
#.### ##
########",8,11,6,0,"hard_negative",18076347881082241113
"########
##   ###
##.$$ ##
##.$ .##
# $ #  #
# # #  #
# * #$ #
#   #@##
#  # . #
#.### ##
########",8,11,6,0,"hard_negative",18076347881082241113
"########
##.  ###
##.$$ ##
##.$ .##
# $ #  #
# # #  #
# $$#  #
#   #@##
#  # . #
#.### ##
########",8,11,6,0,"hard_negative",18076347881082241113
"########
##.  ###
##.$$ ##
##.$ .##
# $ #  #
# # #  #
# $ #$ #
#@  # ##
#  # . #
#.### ##
########",8,11,6,0,"hard_negative",18076347881082241113
"########
##.  ###
##.$$ ##
##.$ .##
# $ #  #
# # #  #
# $ #$ #
#  @# ##
#  # . #
#.### ##
########",8,11,6,0,"hard_negative",18076347881082241113
"########
##.  ###
##.$$ ##
##.$ .##
# $ #  #
# #@#  #
# $ #$ #
#   # ##
#  # . #
#.### ##
########",8,11,6,0,"hard_negative",18076347881082241113
"########
##.  ###
##.$$ ##
##.$@.##
# $ #  #
# # #  #
# $ #$ #
#   # ##
#  # . #
#.### ##
########",8,11,6,1,"positive",18076347881082241113
"########
##   ###
##.$$ ##
##.$@.##
# $ #  #
# # #  #
# $ #$ #
#   # ##
#. # . #
#.### ##
########",8,11,6,0,"hard_negative",18076347881082241113
"########
##.  ###
##.$  ##
##.$@.##
# $ #  #
# # #  #
# $ #$ #
#   #$##
#  # . #
#.### ##
########",8,11,6,0,"hard_negative",18076347881082241113
"########
##.  ###
##.$  ##
##.$@.##
# $ #$ #
# # #  #
# $ #$ #
#   # ##
#  # . #
#.### ##
########",8,11,6,0,"hard_negative",18076347881082241113
"########
##.  ###
##.$$ ##
##.$@.##
# $ #  #
# # #  #
# $ #$ #
#   # ##
#  #  .#
#.### ##
########",8,11,6,0,"hard_negative",18076347881082241113
"########
##.  ###
##.$$ ##
## $@.##
# $ #  #
# # #  #
# $ #$ #
#   # ##
#  #.. #
#.### ##
########",8,11,6,0,"hard_negative",18076347881082241113
"########
##.  ###
##.$$ ##
##.$@ ##
# $ #  #
# # #  #
# $ #$ #
#   #.##
#  # . #
#.### ##
########",8,11,6,1,"positive",18076347881082241113
"########
#  ##@##
# .#   #
#  ## ##
#      #
#### # #
# $.$  #
#      #
##.. # #
### $  #
# $  ###
# ## ###
# ##   #
########",8,14,4,0,"easy_negative",8449300263655536347
"########
###  ###
##    ##
#### . #
#  $  .#
# #$.$ #
#@..####
### # ##
###$.  #
# $$# ##
###  .##
###$  ##
#    ###
########",8,14,7,0,"easy_negative",7740224646380638415
"##############
####   # #   #
##   #.      #
#   .. # #   #
# .##.#   # ##
## #######   #
####.  # ## ##
#       $ $  #
# ##  #$##@  #
# ## ##$######
##        ## #
### $ # #$#  #
##  ###      #
##############",14,14,6,0,"easy_negative",15663462173888585505
"##############
#.##.  #### ##
#  # ##     @#
#    ##   # ##
# ##$## # .  #
## . ## #  ###
###  $. #  ###
# $    #  $$ #
##  #  #  ## #
### ##### ## #
##############",14,11,5,0,"easy_negative",15627212193967258603
"###########
#    . .  #
# #$ # ## #
#      ## #
#.  .$ $ ##
# # $ #@ ##
#.   ## ###
# $ #    ##
#   # ## ##
###########
###########",11,11,5,0,"easy_negative",16558663129912222558
"###########
#####.#####
#  $      #
#   # #  @#
# ##   ## #
# ## # ## #
#       $ #
#   ##   .#
###  #   ##
### ##  ###
### $  $ ##
### ###. ##
#      . ##
###########",11,14,4,1,"positive",3960492692967805608
"###########
#####.#####
#  $      #
#   # #  @#
# ##   ## #
# ## # ## #
#         #
#   ##  $.#
###  #   ##
### ##  ###
### $  $ ##
### ###. ##
#      . ##
###########",11,14,4,1,"positive",3960492692967805608
"###########
#####.#####
#  $      #
#   # #   #
# ##   ## #
# ## # ## #
#  @      #
#   ##  $.#
###  #   ##
### ##  ###
### $  $ ##
### ###. ##
#      . ##
###########",11,14,4,1,"positive",3960492692967805608
"###########
#####+#####
#  $      #
#   # #   #
# ##   ## #
# ## # ## #
#         #
#   ##  $.#
###  #   ##
### ##  ###
### $  $ ##
### ###. ##
#      . ##
###########",11,14,4,1,"positive",3960492692967805608
"##############
#  . ###  #. #
# ## #### #  #
# ##   #  #  #
####        ##
##     ###  ##
#  $###     ##
#    @ ##### #
#  # #$ $ ## #
# ## $  $    #
# ##  .# ## ##
#  ## . #    #
# . ####### ##
##############",14,14,5,0,"easy_negative",9053614417116374829
"##############
#   #### #   #
### . #  $$ .#
### $. #$# $ #
#  @#$#.. ## #
### .$  #. # #
### # ###### #
##############",14,8,7,0,"easy_negative",7778137901894389049
"########
## #   #
# $  ###
## # ###
#     .#
# #.## #
# $@## #
##$$##.#
##  #. #
### ####
########",8,11,4,0,"easy_negative",6709902333235386964
"###########
####. .## #
##@$  ### #
# $$ ##.  #
##$# ## $##
# $   #  ##
## #. . .##
###########",11,8,6,0,"easy_negative",10602497487350542294
"###########
###  .#####
#  #  #  ##
# ## $#   #
#      $. #
# #$### # #
#   .  ####
###       #
##  ##  # #
#   ##   @#
##    $   #
##. ### # #
###    ####
###########",11,14,4,1,"positive",15816422367915000802
"########
####@  #
#  $. ##
# $ $###
#.##$  #
#.##$# #
#  .  .#
########",8,8,5,0,"easy_negative",16591564440349414187
"###########
###  .#####
#  #  #  ##
# ## $#   #
#      $. #
# #$### # #
#      ####
###       #
##  ##. # #
#   ##   @#
##    $   #
##. ### # #
###    ####
###########",11,14,4,0,"hard_negative",15816422367915000802
"###########
###  .#####
#  #$ #  ##
# ## $#   #
#      $. #
# #$### # #
#   .  ####
###       #
##  ##  # #
#   ##   @#
##        #
##. ### # #
###    ####
###########",11,14,4,0,"hard_negative",15816422367915000802
"###########
###  .#####
#  #  #  ##
# ## $#   #
#      $. #
# # ### # #
#   .  ####
###       #
##  ##  # #
#  $##   @#
##    $   #
##. ### # #
###    ####
###########",11,14,4,1,"positive",15816422367915000802
"########
# ### .#
# #### #
#   #  #
### @.##
### #.##
#   ####
# ######
# ##   #
#  $$  #
# #$.$ #
#.#$## #
# # ## #
########",8,14,5,0,"easy_negative",8337778602625770609
"###########
#####@#####
#  $      #
#   # #   #
# ##   ## #
# ## # ## #
#  .      #
#   ##  $.#
###  #   ##
### ##  ###
### $  $ ##
### ###. ##
#      . ##
###########",11,14,4,0,"hard_negative",3960492692967805608
"###########
###  .#####
#  #  #  ##
# ##  #   #
#      $. #
# # ### # #
#   .  ####
###       #
##  ##  # #
#  $##$  @#
##    $   #
##. ### # #
###    ####
###########",11,14,4,0,"hard_negative",15816422367915000802
"###########
###  .#####
#  #  #  ##
# ## $#   #
#      $. #
# # ### # #
#   .  ####
###       #
##  ##  # #
#  $##   @#
##    $   #
##  ### #.#
###    ####
###########",11,14,4,1,"positive",15816422367915000802
"##############
#  . ##   ##.#
# # $ ### ## #
####   ##.   #
#. $   .$    #
####@#  #  # #
# $  .    $  #
# #####$#$ # #
# ###  $#  # #
#   ## .#. # #
##############",14,11,8,0,"easy_negative",15410455987555903091
"###########
###  .#####
#  #  #  ##
# ## $#   #
#      $  #
# # ### # #
#   .  ####
###       #
##  ##  # #
#  $##   @#
##    $ . #
##  ### #.#
###    ####
###########",11,14,4,0,"hard_negative",15816422367915000802
"###########
###  .#####
#  #  #  ##
# ## $#   #
#      $. #
# # ### # #
# @ .  ####
###       #
##  ##  # #
#  $##    #
##    $   #
##  ### #.#
###    ####
###########",11,14,4,1,"positive",15816422367915000802
"###########
###  .#####
#  #  #@ ##
# ## $#   #
#      $. #
# # ### # #
#   .  ####
###       #
##  ##  # #
#  $##    #
##    $   #
##  ### #.#
###    ####
###########",11,14,4,1,"positive",15816422367915000802
"##############
##.# ##  ## ##
# $  ##  #   #
##.# $ $ ## ##
#  #   ###   #
# ## #  $. # #
#  # .     @ #
##############",14,8,4,0,"easy_negative",7210545737922984167
"##############
####. ##  ####
#   $####$$$.#
#     ## .$  #
##.  $.     ##
## .#  #   ###
## @#####   ##
##############",14,8,6,0,"easy_negative",8900607810455307011
"###########
#####+#####
# .$      #
#   # #   #
# ##   ## #
# ## # ## #
#         #
#   ##  $.#
###  #   ##
### ##  ###
### $  $ ##
### ###  ##
#      . ##
###########",11,14,4,0,"hard_negative",3960492692967805608
"###########
#####+#####
#  $      #
#   # #   #
# ##   ## #
# ## # ## #
#         #
#   ##  $.#
###  #   ##
### ##  ###
### $  * ##
### ###  ##
#      . ##
###########",11,14,4,1,"positive",3960492692967805608
"##############
# ###. ###   #
#  ##  # # ###
#   #    #.###
# .  ###  @  #
#  # ###   # #
# ## $ ##$   #
# ##   $$ ####
# ## ##      #
#   .#####   #
##############",14,11,4,0,"easy_negative",6555129619695799049
"##############
# #    .#@  ##
# #.$# ###  ##
# #$    #  ###
#.$ # #   ## #
# # ### $ #  #
#    .       #
##############",14,8,4,1,"positive",10845380692983866898
"##############
# #    .#   ##
# #.$# ###  ##
# #$@   #  ###
#.$ # #   ## #
# # ### $ #  #
#    .       #
##############",14,8,4,1,"positive",10845380692983866898
"##############
# #    .#   ##
# #.$# ###  ##
# #$@   #  ###
#.$ # #$  ## #
# # ###   #  #
#    .       #
##############",14,8,4,1,"positive",10845380692983866898
"##############
# #    .#   ##
# #.$#$###  ##
# #$@   #  ###
#.$ # #   ## #
# # ###   #  #
#    .       #
##############",14,8,4,0,"hard_negative",10845380692983866898
"##############
# #    .#   ##
# # $# ###  ##
# #$@   #  ###
#.$ # #$  ## #
# # ###   #  #
#    .    .  #
##############",14,8,4,0,"hard_negative",10845380692983866898
"##############
# #    .#   ##
# # $# ###  ##
# #$@   #  ###
#.$ # #$  ## #
# # ###   #  #
#   ..       #
##############",14,8,4,0,"hard_negative",10845380692983866898
"##############
#       #### #
# # . #@####.#
#.$  ##  $   #
####$ # # #$##
#     # #    #
#     # # # ##
#  ##   .#   #
#  ##  # #   #
#  ##  #######
##############",14,11,4,0,"easy_negative",5431927799191801388
"##############
####  .# #   #
# $   .    # #
#      # #$  #
#   # #    $ #
##      #. ###
### # # . $###
# #####  #   #
#.### #  ##  #
#   #    #####
#  @       ###
#### #$### ###
#            #
##############",14,14,5,0,"easy_negative",13547577783535095406
"##############
# #     #   ##
# #.$# ###  ##
# #$@   #  ###
#.$ # #$  ## #
# # ###   #  #
#    .      .#
##############",14,8,4,0,"hard_negative",10845380692983866898
"##############
# #    .#   ##
# #.$# ###  ##
# #$@ $ #  ###
#.$ # #   ## #
# # ###   #  #
#    .       #
##############",14,8,4,0,"hard_negative",10845380692983866898
"##############
# #    .#   ##
# #. # ###  ##
# #$@ $ #  ###
#.$ # #$  ## #
# # ###   #  #
#    .       #
##############",14,8,4,0,"hard_negative",10845380692983866898
"##############
# #    .#   ##
# #.$# ###  ##
# #$@$  #  ###
#.  # #$  ## #
# # ###   #  #
#    .       #
##############",14,8,4,0,"hard_negative",10845380692983866898
"##############
# #    .#   ##
# #.$# ###  ##
# # @ $ #  ###
#.$ # #$  ## #
# # ###   #  #
#    .       #
##############",14,8,4,0,"hard_negative",10845380692983866898
"##############
# # .   #   ##
# #.$# ###  ##
# #$@   #  ###
#.$ # #$  ## #
# # ###   #  #
#    .       #
##############",14,8,4,1,"positive",10845380692983866898
"##############
# # .   #   ##
# # $# ###  ##
# #$@   #  ###
#.$ # #$  ##.#
# # ###   #  #
#    .       #
##############",14,8,4,0,"hard_negative",10845380692983866898
"##############
# # .   #   ##
# #.$# ###  ##
# # @   #  ###
#.$$# #$  ## #
# # ###   #  #
#    .       #
##############",14,8,4,1,"positive",10845380692983866898
"###########
#.###### ##
#.## . $..#
# $$$$ #$##
# ## .#..@#
## #$ # $ #
##   ##   #
###########",11,8,8,0,"easy_negative",5873597861914891329
"########
########
#.#. # #
# $$$$ #
#...#@ #
# #$# ##
#   ####
########",8,8,5,0,"easy_negative",8726440264689292403
"###########
#       . #
#  # $ ## #
# ##   ## #
## ## ## ##
# $    $  #
## ## ## ##
## #   ## #
####$#.#  #
#    . . @#
###########",11,11,4,0,"easy_negative",17917825512277139112
"########
# ##  ##
#@## ###
#   . ##
# #  $ #
#### #.#
# # $$.#
#  .   #
# #$  ##
#    ###
########",8,11,4,1,"positive",3361268188018573260
"########
# ##  ##
# ## ###
#   . ##
# #  $ #
#### #.#
# #@$$.#
#  .   #
# #$  ##
#    ###
########",8,11,4,1,"positive",3361268188018573260
"########
#.##  ##
# ## ###
#   . ##
# #  $ #
#### #.#
# #@$$ #
#  .   #
# #$  ##
#    ###
########",8,11,4,0,"hard_negative",3361268188018573260
"########
# ##  ##
# ## ###
#   . ##
# #  $ #
#### #.#
# #@$$.#
#  .$  #
# #   ##
#    ###
########",8,11,4,1,"positive",3361268188018573260
"########
# ##  ##
# ## ###
#   . ##
# #  $ #
#### #.#
# # $$.#
#  .$  #
# # @ ##
#    ###
########",8,11,4,1,"positive",3361268188018573260
"##############
#    #########
#  # #       #
#.## ##    . #
#   ##  .$# ##
# ### # # ####
# ##  # @ $$ #
#   $   #$   #
#  .### #$  ##
####    #  ###
#   ###.  ####
# #  #  # .# #
####   ###   #
##############",14,14,6,0,"easy_negative",7148248416452032662
"########
# ##  ##
# ## ###
#   . ##
# #  $ #
#### #.#
# # $ .#
# $.$  #
# # @ ##
#    ###
########",8,11,4,1,"positive",3361268188018573260
"##############
#      ##### #
# #     #  # #
#######   ## #
#  ##@#  ### #
#.##     ##  #
#. ##$#  #   #
#   #$# ##   #
#  $ $$  #.# #
##### #      #
#######  # . #
#  #   . ### #
#        ### #
##############",14,14,5,0,"easy_negative",6384851154158639066
"##############
#  ## #   ##.#
# ##    # ##@#
#  ##$# $    #
#   # # ###.##
# # $$ .##   #
#   #.#   # ##
##############",14,8,4,0,"easy_negative",12985771803705269273
"###########
#   #### ##
#  $.# $ .#
#.$ $$ # ##
# # #$ .###
##### # ###
# #. ## $ #
# $ #.#   #
# #  @  ###
#   #.#.###
###########",11,11,8,0,"easy_negative",5319432226758960008
"###########
#  @      #
#   ##.## #
#  $##.##.#
##$ $ #.  #
##$ $##. ##
##    #####
###########",11,8,5,0,"easy_negative",8514041756677598314
"###########
###    .@ #
###$### ###
# .$  $$###
#   $ .  ##
###.# $ ###
###.##  .##
###########",11,8,6,1,"positive",11331916522150190451
"###########
###    .@ #
###$### ###
# .$  $$###
#   $    ##
###.# $ ###
###.## ..##
###########",11,8,6,1,"positive",11331916522150190451
"########
# . ####
#..  # #
# $ $$ #
# ## @##
# ## ###
# $ $.##
#  #. .#
# $# $ #
#  # . #
# ### ##
# .# $ #
#  ## ##
########",8,14,8,0,"easy_negative",18067532204856927239
"###########
###    .+ #
###$### ###
# .$  $$###
#   $    ##
###.# $ ###
###.##  .##
###########",11,8,6,1,"positive",11331916522150190451
"###########
###    .. #
###$###@###
# .$  $$###
#   $    ##
###.# $ ###
###.##  .##
###########",11,8,6,1,"positive",11331916522150190451
"###########
###    .  #
###$###@###
# .$  $*###
#   $    ##
###.# $ ###
###.##  .##
###########",11,8,6,1,"positive",11331916522150190451
"########
# .    #
###$$.##
###$####
###.  @#
###$ #.#
#   ####
########",8,8,4,0,"easy_negative",8559536161446873192
"###########
##  #######
### # # .##
## .  # ###
# $#$##.$ #
# $#.#  ###
# $# ## ###
## ## #.  #
# @ $ $ ###
## ##.#.###
###########",11,11,7,0,"easy_negative",4091071364120184580
"########
##. .# #
###$$# #
## $$# #
#.$$$. #
#.# @###
#..  ###
########",8,8,7,0,"easy_negative",12638879900380574323
"########
## #   #
#    $.#
##$#####
#    .##
# # $###
# $  .##
##.  @##
##  # ##
##  ####
########",8,11,4,0,"easy_negative",11404646977937456020
"###########
###      ##
## $ # # ##
#.   $ ## #
##     $ .#
##  ##.$ ##
##. ## @###
###########",11,8,4,1,"positive",7247216960477442694
"###########
###      ##
## $ # # ##
#.   $ ## #
##     * .#
##  ##.$ ##
##  ## @###
###########",11,8,4,1,"positive",7247216960477442694
"###########
###      ##
## $ # # ##
#.   $ ## #
##   $ . .#
##  ##.$ ##
##  ## @###
###########",11,8,4,1,"positive",7247216960477442694
"###########
###      ##
## $ # # ##
#.   $ ## #
##     . .#
## $##.$ ##
##  ## @###
###########",11,8,4,1,"positive",7247216960477442694
"###########
###      ##
## $ # # ##
#.   $ ## #
##   @ . .#
## $##.$ ##
##  ##  ###
###########",11,8,4,1,"positive",7247216960477442694
"##############
#    ###  ####
####$ ##   # #
#   $  ##    #
#### @$ . $  #
##       $## #
### ###   ## #
##  .  ###  .#
## # .  . #  #
#######   ####
##############",14,11,5,0,"easy_negative",366913841109712901
"###########
#.  # #####
# .#   $ ##
# ###$#.$ #
# ##. # # #
# ##$##$#@#
#  .  # # #
###########",11,8,5,0,"easy_negative",11075273202632309247
"##############
##### #   # ##
## $$$  #. $ #
###$#.#.$ # ##
##..##### @###
## $ #   # ###
##   .  ##  .#
##############",14,8,7,0,"easy_negative",16389569777784453653
"##############
#  .      ## #
# # . $ ###. #
#   ### ##.$ #
#  #  .$ $ . #
#@ # ####$$###
#  # ####  ###
##############",14,8,6,0,"easy_negative",17610172578017351003
"########
#      #
# #$##.#
#  @##.#
# #### #
#. ##  #
# $.####
#    $ #
# ##$# #
# ##   #
########",8,11,4,0,"easy_negative",393199489405081190
"########
### ####
###  # #
#  $.  #
#@.$ $.#
# # .###
#  $ ###
#     ##
####  ##
#    ###
########",8,11,4,1,"positive",6914520635534541313
"########
### ####
###  # #
#  $.  #
#@.$ $.#
# #  ###
#  $.###
#     ##
####  ##
#    ###
########",8,11,4,1,"positive",6914520635534541313
"########
### ####
###  # #
#  $.. #
#@.$ $ #
# #  ###
#  $.###
#     ##
####  ##
#    ###
########",8,11,4,1,"positive",6914520635534541313
"########
### ####
###  # #
#  $.. #
# .$ $@#
# #  ###
#  $.###
#     ##
####  ##
#    ###
########",8,11,4,1,"positive",6914520635534541313
"########
### ####
###  # #
#  $*. #
# .  $@#
# #  ###
#  $.###
#     ##
####  ##
#    ###
########",8,11,4,0,"hard_negative",6914520635534541313
"########
### ####
### .# #
#  $ . #
# .$ $@#
# #  ###
#  $.###
#     ##
####  ##
#    ###
########",8,11,4,1,"positive",6914520635534541313
"###########
##@# ## #.#
# $ $ # # #
##$#  #.# #
##$ #.#$ .#
## $.#  # #
## .### $ #
###$### ###
##  .    ##
#### . ####
###########",11,11,8,0,"easy_negative",6495803122699532221
"########
##     #
###$$ ##
## . ###
##.#   #
####  ##
# $$$###
#  .  .#
#  # # #
# ##   #
#   ## #
###@## #
### .  #
########",8,14,5,0,"easy_negative",18327105630419399165
"###########
#     .   #
# # ## #. #
#   ## ## #
##.### ####
#   ##    #
## #  @.$ #
# #####$ ##
# ##  #$###
#   $  . ##
# ## $$.###
#  # # $###
#  ####.  #
###########",11,14,7,0,"easy_negative",16739712340552320437
"###########
#      ####
## $###.  #
###..   $ #
#    #   ##
# # ### ###
# $$ #  @##
#   #     #
#.# #   ###
#   #   ###
###########",11,11,4,0,"easy_negative",4119666077598750973
"###########
#    # .  #
###  # $# #
###  #$$ .#
# ##   ####
# ## .    #
#.  ### $ #
## .# ##$##
###.. @$$ #
##  # ## ##
###########",11,11,7,0,"easy_negative",16239438391835638687
"###########
#   ###   #
# #  #  # #
####  $ . #
#   @. $ .#
#  $## $# #
#   ##    #
###      ##
##  .    ##
#######  ##
###########",11,11,4,1,"positive",15953857719578285100
"###########
#   ###   #
# #  #  # #
####  $ . #
#    . $ .#
#  $## $# #
#@  ##    #
###      ##
##  .    ##
#######  ##
###########",11,11,4,1,"positive",15953857719578285100
"##############
# ###.## # @ #
#  #   $.$$  #
#   # ## #####
# #   $ #. ###
#.# #   #   ##
# # ### #  $ #
# $    #### ##
# #  # # . $ #
####   .. # ##
##############",14,11,7,0,"easy_negative",4237564946462510997
"###########
#   ###   #
# #  #  # #
####    . #
#    . $ .#
#  $## $# #
#@  ##    #
###      ##
## $.    ##
#######  ##
###########",11,11,4,0,"hard_negative",15953857719578285100
"###########
#   ###   #
# #  #  # #
####  $ . #
#    * $ .#
#   ## $# #
#@  ##    #
###      ##
##  .    ##
#######  ##
###########",11,11,4,1,"positive",15953857719578285100
"###########
#   ###   #
# #  #  # #
####  $ . #
#    * $ .#
#   ##  # #
#@  ##    #
### $    ##
##  .    ##
#######  ##
###########",11,11,4,1,"positive",15953857719578285100
"##############
#       . ####
# ## #  # #  #
#.##   ##### #
## #.##.    @#
# $ .## #$####
## #$$  $ # ##
# $# $  $    #
#  #  ##   # #
#..######.   #
##############",14,11,8,0,"easy_negative",14066969290656977315
"########
####   #
# .#.. #
# $$$$ #
## #$@##
####$$##
#.. ..##
########",8,8,7,0,"easy_negative",2435026747228463244
"###########
#  ####.  #
# ##.#@ # #
#  #$$ ####
## .$##   #
## $$ #$# #
##..   .  #
###########",11,8,6,0,"easy_negative",2148571148926155383
"###########
#.  ###   #
# #  #  # #
####  $ . #
#    $ $ .#
#   ##  # #
#@  ##    #
### $    ##
##  .    ##
#######  ##
###########",11,11,4,0,"hard_negative",15953857719578285100
"###########
#   ###   #
# #  #  # #
####  $ . #
#    * $ .#
#   ##  # #
#  @##    #
### $    ##
##  .    ##
#######  ##
###########",11,11,4,1,"positive",15953857719578285100
"##############
#      ##.   #
# ##   ## ## #
#.## $$   ##@#
# # ## .$  ###
# # ## ###  ##
# # $   $$  .#
####   # #####
##   # .  $ ##
#  .  .# #   #
##############",14,11,7,0,"easy_negative",827045742984721393
"###########
### ### # #
##.$   .# #
#       # #
# $# ##  @#
#  # ##$# #
#  #    . #
#  $.     #
# #  #  ###
#    $  ###
#  .$ #.  #
#  # ##  ##
# ##  #####
###########",11,14,6,1,"positive",17617398670696345748
"###########
### ### # #
##.$   .# #
#       # #
# $# ##  @#
#  # ##$# #
#  #    . #
#  $      #
# #. #  ###
#    $  ###
#  .$ #.  #
#  # ##  ##
# ##  #####
###########",11,14,6,1,"positive",17617398670696345748
"###########
### ### # #
##.$   .# #
#       # #
# $# ##  @#
#. # ##$# #
#  #    . #
#  $      #
# #. #  ###
#    $  ###
#  .$ #   #
#  # ##  ##
# ##  #####
###########",11,14,6,1,"positive",17617398670696345748
"###########
### ### # #
##.$   .# #
#       # #
# $# ##  @#
#. # ##$# #
#  #      #
# .$      #
# #. #  ###
#    $  ###
#  .$ #   #
#  # ##  ##
# ##  #####
###########",11,14,6,1,"positive",17617398670696345748
"##############
#     ## # ###
# #  .#     ##
#     ## #$. #
## # $$ ##$ ##
#   #  # #  ##
##.### #  .$##
## ##  .     #
#   # # #$##.#
## #@## .$## #
#   .##   $ ##
###  ## #   ##
###         ##
##############",14,14,8,0,"easy_negative",18169158621455110825
"########
#  #.  #
#.$#$###
#.$# ###
# $$.$ #
#. #@###
# ##$###
# ##$. #
## ..  #
### ####
########",8,11,8,0,"easy_negative",3314593303980296867
"##############
#      ##@####
#   #####.. ##
# . $   .$ ###
## $ ### # ###
###  #    $###
##   ### #   #
##############",14,8,4,0,"easy_negative",16740398721759230161
"##############
## .   # ##  #
## . #   .#  #
##$ $$ # ## @#
#  .#######$##
##   .$    $ #
### .     # ##
##############",14,8,6,0,"easy_negative",6412970562553700276
"###########
### ### # #
##.$   .# #
#       # #
# $# ##   #
#.@# ##$# #
#  #      #
# .$      #
# #. #  ###
#    $  ###
#  .$ #   #
#  # ##  ##
# ##  #####
###########",11,14,6,1,"positive",17617398670696345748
"###########
# ..#     #
# #$#  $$ #
# ..#  ####
#    #   ##
# .####$ ##
#.##@#  .##
#. $  $ ###
# #$ # $ ##
#      ####
###########",11,11,8,0,"easy_negative",11492043992508111993
"########
###   ##
##  .###
##@ $ ##
#   $ ##
# #$  ##
#  $ ###
###  ###
###  ###
#.     #
##  ####
###  # #
##..   #
########",8,14,4,1,"positive",15947001552076485917
"##############
#      ###   #
#  ##  # # # #
######   #.$ #
#   ###      #
# #  #  # # .#
# $  $@##### #
#  # #   $ $ #
#  # # ## ## #
# .#.# ## ##.#
###    ###  ##
### #  $    ##
#   ## .    ##
##############",14,14,6,0,"easy_negative",18276564195796359803
"########
###   ##
##  .###
##@ $ ##
#   $ ##
# #$  ##
#  $.###
###  ###
###  ###
#.     #
##  ####
###  # #
##.    #
########",8,14,4,1,"positive",15947001552076485917
"########
# .  ###
#@##$###
# ##$$ #
#.$... #
###$ ###
###  ###
########",8,8,5,0,"easy_negative",850763432250729093
"########
###   ##
##  .###
##@$$ ##
#   $ ##
# #$  ##
#   .###
###  ###
###  ###
#.     #
##  ####
###  # #
##.    #
########",8,14,4,1,"positive",15947001552076485917
"###########
####     ##
#. .###$###
#@.      ##
## ### #  #
#####.$## #
#  $   #  #
#  #   $$ #
#.## #   ##
#  #### ###
###########",11,11,5,0,"easy_negative",752627251809403484
"########
###   ##
##  .###
##@ $ ##
#   $ ##
# #$  ##
#   *###
###  ###
###  ###
#.     #
##  ####
###  # #
##.    #
########",8,14,4,1,"positive",15947001552076485917
"########
###   ##
##  .###
##  $ ##
#   $ ##
# #$  ##
# @ *###
###  ###
###  ###
#.     #
##  ####
###  # #
##.    #
########",8,14,4,1,"positive",15947001552076485917
"###########
## #  .   #
#. $ #$  ##
##.#    ###
#   ##   ##
### #   ###
###      ##
#    # $  #
#   ###$# #
####.#  $ #
# ## $$.# #
#  # #  # #
# . .  @# #
###########",11,14,7,0,"easy_negative",14229548465498952719
"##############
# ##### .  ###
#@## # ### ###
#..     $   .#
## #.    $#$ #
# $ ##$## #$ #
## ###.## #  #
##############",14,8,6,0,"easy_negative",14450609262643932840
"###########
#######   #
#   # $ $.#
#   $   . #
### # #$ ##
##    @ ###
## .#.#  ##
###########",11,8,4,1,"positive",15282780064579685350
"###########
#######   #
#   # $ $.#
#   $   . #
### # #$ ##
## .  @ ###
##  #.#  ##
###########",11,8,4,1,"positive",15282780064579685350
"###########
#######   #
#   # $  .#
#   $   . #
### # #$ ##
## . $@ ###
##  #.#  ##
###########",11,8,4,1,"positive",15282780064579685350
"###########
#######   #
#   # $  .#
#   $   . #
### # #$ ##
## . $  ###
##  #.# @##
###########",11,8,4,1,"positive",15282780064579685350
"###########
#######   #
#   # $ @.#
#   $   . #
### # #$ ##
## . $  ###
##  #.#  ##
###########",11,8,4,1,"positive",15282780064579685350
"##############
#    @ # ## ##
## .  # $. $ #
### #### ## ##
# . $$ ###   #
#  .# .  #$###
#   ##   $ ###
#  ###$##   .#
# .###$#  ## #
#  #   #  ##.#
##############",14,11,8,0,"easy_negative",2611886545044525684
"###########
#. # # .###
# .#$#$.###
#  # #$   #
## $.$$ . #
##@ $ ##  #
##.  #### #
###########",11,8,7,0,"easy_negative",2479937480770536506
"##############
## .   #.    #
### ## # .  .#
## $##$##$####
###$  .. $ $ #
##   # $#  #@#
#   ###.     #
##############",14,8,7,0,"easy_negative",14094605539220499645
"###########
####    ###
## # # .###
## $   @  #
## #### # #
##### #$#.#
#   $ #.# #
# $## #.  #
#  #### # #
# .#      #
#    ## $ #
#     #   #
###########
###########",11,14,5,0,"easy_negative",9964292706136616703
"########
#  ..  #
# # $#.#
#.$$$..#
# $$$# #
###.$#.#
###  #@#
########",8,8,8,0,"easy_negative",10587898623445852611
"###########
#         #
##   # ####
###   @# ##
#   #.##  #
##. $  #  #
### # ##  #
### #  $  #
### #  ## #
#   #  ## #
####.$.   #
# #    $  #
#   ###   #
###########",11,14,4,1,"positive",2184109184882531473
"###########
#         #
##   # ####
###   @# ##
#   # ##  #
##. $  #  #
### # ##  #
### #  $  #
### #. ## #
#   #  ## #
####.$.   #
# #    $  #
#   ###   #
###########",11,14,4,1,"positive",2184109184882531473
"###########
#         #
##   # ####
###    # ##
#   # ##  #
##. $  #  #
### # ##  #
###@#  $  #
### #. ## #
#   #  ## #
####.$.   #
# #    $  #
#   ###   #
###########",11,14,4,1,"positive",2184109184882531473
"##############
#   # # ##  .#
# $$  $$##.  #
#####@# $ $  #
#### ##  . ###
#  # ## ###  #
# $   . #### #
## #    ##   #
# $ ##. ##.###
## ###. .  ###
##############",14,11,8,0,"easy_negative",16953951565672964177
"########
# . .  #
#.#$####
#  .   #
###$#$##
## $   #
##  # ##
###$$$ #
##  ## #
## @## #
####  .#
# # $. #
#  . . #
########",8,14,8,0,"easy_negative",16747363049308844906
"###########
##  # #   #
##$$  $ # #
##$$#.#  .#
# @$   ## #
#..#. . # #
######### #
###########",11,8,6,0,"easy_negative",7130210560749831383
"###########
#         #
##   # ####
###    # ##
#   # ##  #
##. $  #  #
### # ##  #
###@#  $  #
### #. ## #
#.  #  ## #
#### $.   #
# #    $  #
#   ###   #
###########",11,14,4,0,"hard_negative",2184109184882531473
"###########
#         #
##   # ####
###    # ##
#   # ##  #
##. $  #  #
### # ##  #
###@#  $  #
### #. ## #
#   #  ## #
####.$.   #
# #  $    #
#   ###   #
###########",11,14,4,0,"hard_negative",2184109184882531473
"###########
#         #
##   # ####
### .  # ##
#   # ##  #
##. $  #  #
### # ##  #
###@#  $  #
### #. ## #
#   #  ## #
####.$    #
# #    $  #
#   ###   #
###########",11,14,4,1,"positive",2184109184882531473
"###########
#         #
##   # ####
### .  # ##
# @ # ##  #
##. $  #  #
### # ##  #
### #  $  #
### #. ## #
#   #  ## #
####.$    #
# #    $  #
#   ###   #
###########",11,14,4,1,"positive",2184109184882531473
"########
#      #
#.#$ # #
#@.$$$ #
#.##.$ #
# # $###
# ## ###
#   #.##
###.$  #
###.# ##
########",8,11,7,0,"easy_negative",15302179043946436801
"########
## #   #
#.$ $  #
##.#.  #
#   #$ #
#   #.##
#@$$.###
## #####
#    # #
## #   #
########",8,11,5,0,"easy_negative",1870150480072852435
"###########
#   # #   #
#    $    #
#.  # #   #
## $## #.##
### ##    #
##  .$ # ##
#   ###   #
#      #  #
####@  ## #
######   ##
#   ## $###
#      . ##
###########",11,14,4,1,"positive",3421607540038936497
"###########
#   # #   #
#    $    #
#.  # #   #
## $## #.##
### ##    #
##   * # ##
#   ###   #
#      #  #
####@  ## #
######   ##
#   ## $###
#      . ##
###########",11,14,4,1,"positive",3421607540038936497
"###########
#   # # @ #
#    $    #
#.  # #   #
## $## #.##
### ##    #
##   * # ##
#   ###   #
#      #  #
####   ## #
######   ##
#   ## $###
#      . ##
###########",11,14,4,1,"positive",3421607540038936497
"###########
#   # # @ #
#  $      #
#.  # #   #
## $## #.##
### ##    #
##   * # ##
#   ###   #
#      #  #
####   ## #
######   ##
#   ## $###
#      . ##
###########",11,14,4,1,"positive",3421607540038936497
"###########
#   # #   #
#  $      #
#.  # #@  #
## $## #.##
### ##    #
##   * # ##
#   ###   #
#      #  #
####   ## #
######   ##
#   ## $###
#      . ##
###########",11,14,4,1,"positive",3421607540038936497
"########
#.   .##
####$###
#    .##
#  @## #
# #$## #
# $.$$ #
#  .$  #
# #$ # #
# . .  #
########",8,11,7,0,"easy_negative",4319714071141152128
"###########
#   ##### #
# ## # #  #
# ##    $ #
# $  ###  #
# #  ###$ #
#   .  #  #
# ####   ##
# ###   ###
#.   ##. ##
#.## $ #  #
#  # # ## #
###@   #  #
###########",11,14,4,0,"easy_negative",18247748711464322716
"###########
###       #
#  # #  # #
# ## $    #
#.$@ #    #
# # ####  #
#    # ####
####$#   ##
# .# #  ###
# ##.#   ##
#      ## #
###$####  #
###    .  #
###########",11,14,4,0,"easy_negative",18444678046354052614
"########
######.#
#   ## #
# $$ $ #
#   #.##
# # $$ #
#. @#$##
#  $.. #
# .# .##
# ######
########",8,11,7,0,"easy_negative",11212521316005804834
"###########
###  .  ###
### #    ##
# .$##  $ #
# #@ $ $$ #
# #  # ## #
# # ##### #
#   . . ###
#######.###
## #      #
## #     .#
# $    #  #
## ###### #
###########",11,14,6,0,"easy_negative",5060770327997169907
"##############
# #  ##   # ##
# #  ##.#    #
# # $@   .# ##
#.$$  #  #   #
##    ## #$# #
####  ###.   #
##############",14,8,4,1,"positive",7674967659224370490
"##############
# #  ##   # ##
# #  ##.#    #
# #$$@   .# ##
#.$   #  #   #
##    ## #$# #
####  ###.   #
##############",14,8,4,1,"positive",7674967659224370490
"##############
# #  ##   # ##
# #  ##+#    #
# #$$    .# ##
#.$   #  #   #
##    ## #$# #
####  ###.   #
##############",14,8,4,1,"positive",7674967659224370490
"##############
# #  ##   # ##
# #  ##+#    #
# # $    .# ##
#.$  $#  #   #
##    ## #$# #
####  ###.   #
##############",14,8,4,1,"positive",7674967659224370490
"##############
# #  ##   #.##
# #  ##@#    #
# # $    .# ##
#.$  $#  #   #
##    ## #$# #
####  ###.   #
##############",14,8,4,0,"hard_negative",7674967659224370490
"##############
# #  ##   # ##
# # $##+#    #
# # $    .# ##
#.$  $#  #   #
##    ## # # #
####  ###.   #
##############",14,8,4,0,"hard_negative",7674967659224370490
"##############
# #  ##   # ##
# #  ##+#    #
# # $    .# ##
#.$  $#  #   #
##    ## #$# #
####  ### .  #
##############",14,8,4,1,"positive",7674967659224370490
"##############
#   # # ##   #
# #     ## # #
#   # #      #
######.     ##
## ### $#  ###
##  $  $ .  ##
# $     ##   #
#### #  ## #.#
# @       .  #
##############",14,11,4,0,"easy_negative",15105019385443489100
"##############
# #        ###
# # ### .  ###
# #  . ###$$ #
#  ### ##    #
#  ##  #   # #
#  #   #     #
#      ###   #
#  @  $$  #  #
# . ###   ## #
## #    # ## #
#    . ####  #
## #    #    #
##############",14,14,4,0,"easy_negative",12364216749750277043
"###########
########@##
#. .  $   #
#.     # ##
### #  ## #
### ## #  #
# $ #     #
#   .#    #
###$##### #
###$ # ## #
#    .$ # #
#       # #
#   ### # #
###########",11,14,5,0,"easy_negative",15483051801809067802
"##############
#   ###..    #
# $.# $ ######
#   $$  ## @ #
# $#. # .   ##
#  #  #### ###
#  #  #     ##
##############",14,8,5,0,"easy_negative",17951473608841773688
"########
#   #.##
#.#@ $ #
#   # ##
# ###$.#
#  ##$ #
#####  #
########",8,8,3,0,"easy_negative",14109451029552019851
"##############
#            #
#.#  #  ######
#       ##   #
#  #. ..   # #
# ##$#  #$####
#  #       # #
## #   $     #
#   $# ####@ #
## #      ## #
##############",14,11,4,1,"positive",4708396866086693497
"##############
# . # ####   #
# ##     . # #
# ### #     .#
#  $ #  ## # #
# #$ #$ ######
#    #     # #
## #$        #
#      ## ##@#
## #   ## ##.#
##############",14,11,4,0,"easy_negative",671412099151862040
"##############
#            #
#.#  #  ######
#       ##   #
#  #. .. $ # #
# ##$#  # ####
#  #       # #
## #   $     #
#   $# ####@ #
## #      ## #
##############",14,11,4,0,"hard_negative",4708396866086693497
"##############
#            #
#.#  #  ######
#       ##   #
#  #. ..   # #
# ## #  #$####
#  #       # #
## #  $$     #
#   $# ####@ #
## #      ## #
##############",14,11,4,0,"hard_negative",4708396866086693497
"###########
##  ##.. ##
### ## $ ##
##      $##
##    #$ .#
### $##.# #
##    #  @#
###########",11,8,4,1,"positive",11364380906934806824
"###########
##  ##.. ##
### ## $ ##
##       ##
## $  #$ .#
### $##.# #
##    #  @#
###########",11,8,4,0,"hard_negative",11364380906934806824
"###########
##  ##.. ##
###$## $ ##
##      $##
##    #  .#
### $##.# #
##    #  @#
###########",11,8,4,0,"hard_negative",11364380906934806824
"###########
##  ##.. ##
### ## $ ##
##      $##
##  @ #$ .#
### $##.# #
##    #   #
###########",11,8,4,1,"positive",11364380906934806824
"###########
##  ##.. ##
### ## $ ##
##      $##
##    #$ .#
### $##.#@#
##    #   #
###########",11,8,4,1,"positive",11364380906934806824
"###########
##  ##.. ##
### ## $ ##
## $    $##
##    #$ .#
###  ##.#@#
##    #   #
###########",11,8,4,1,"positive",11364380906934806824
"###########
##  ##.. ##
###@## $ ##
## $    $##
##    #$ .#
###  ##.# #
##    #   #
###########",11,8,4,1,"positive",11364380906934806824
"##############
#      ###   #
# # #    $  ##
######$    ###
#    $$ ##@###
#.# $#   # ###
####.   .#.. #
##############",14,8,5,0,"easy_negative",3446078261519773800
"##############
######## ## ##
#   $ .   @  #
#    . #$## ##
####### .    #
#     #$#$## #
#         ##.#
##############",14,8,4,0,"easy_negative",5639919541328125197
"##############
###        # #
##   ####  # #
# $  #### .# #
# ##  $ #    #
# ##   ###.  #
#  .   .# ####
## #  #  $.$ #
#     #@ # # #
## # ##### $.#
####     $ . #
##   ### $  ##
###  ####  ###
##############",14,14,7,0,"easy_negative",13682629185529647398
"##############
#   ######  ##
# # #    # ###
#           ##
#   ###    ###
###.  ####  ##
###  .$   .  #
# ## $   # .##
# ###  # #  ##
#.$ ## ###  ##
# #   $# ##$ #
# #  #    #  #
# #   @# ##  #
##############",14,14,5,1,"positive",6630509080254667964
"##############
#   ######  ##
# # #    # ###
#           ##
#   ###    ###
###.  ####  ##
###  .$   .  #
#@## $   # .##
# ###  # #  ##
#.$ ## ###  ##
# #   $# ##$ #
# #  #    #  #
# #    # ##  #
##############",14,14,5,0,"hard_negative",6630509080254667964
"##############
#   ######  ##
# # #    # ###
#           ##
#   ###    ###
###.  ####  ##
###  .$   *  #
# ## $   # .##
# ###  # #  ##
#.$ ## ###  ##
# #    # ##$ #
# #  #    #  #
# #   @# ##  #
##############",14,14,5,1,"positive",6630509080254667964
"##############
#   ######  ##
# # #    # ###
#           ##
#   ###    ###
###.  ####  ##
###  .$   *  #
# ## $   #  ##
# ###  # #  ##
#.$ ## ###  ##
# #    # ##* #
# #  #    #  #
# #   @# ##  #
##############",14,14,5,1,"positive",6630509080254667964
"########
### #  #
##  #  #
#.$.#  #
#    $##
# .# $##
# ##  ##
#@ ## ##
#  #   #
#.###$##
# ##   #
#  ### #
###### #
########",8,14,4,0,"easy_negative",13113329437724232645
"###########
# @.      #
# . ##$ .##
#  $##$####
## $ #   ##
##  ### ###
###$ # . ##
#   ####$##
### #  .  #
###  . # ##
###########",11,11,6,0,"easy_negative",17072338423241856826
"##############
# ###  ##### #
#  ###.$  ## #
#  ##     $ .#
## #  #$######
# $$@ #$ #   #
## #..#  .  .#
##############",14,8,6,0,"easy_negative",17374575716856987425
"###########
#  .##  #@#
# #.#   # #
# $ #   # #
# #  . $  #
#.# $#$ # #
# #    ####
###########",11,8,4,0,"easy_negative",3484869668364668171
"##############
###   .   .#.#
###  #  #  # #
#   ###  $ # #
#  ##  ## #  #
## ##  #  #  #
### #     #  #
#  .    # $  #
####$  ###   #
##@#    #    #
#   # #  #  ##
#    $   # ###
##### #  #  ##
##############",14,14,4,0,"easy_negative",8679267559075185430
"##############
#            #
#.#  #  ######
#       ##   #
#  #.  .   # #
# ##$#  #$####
#  #       # #
## #   $     #
#   $# ####@ #
## #      ##.#
##############",14,11,4,0,"hard_negative",4708396866086693497
"##############
###  .  ###  #
##  $#   ##  #
##    .   # @#
# .# $      ##
#  # # ##$  ##
# ##   ##   ##
# .    ###   #
# ##$# # #   #
# ##     #   #
##############",14,11,4,1,"positive",12179960313615246911
"##############
#            #
#.#  #  ######
#       ##   #
#  #. ..   # #
# ##$#  #$####
#  #      @# #
## #   $     #
#   $# ####  #
## #      ## #
##############",14,11,4,1,"positive",4708396866086693497
"##############
#            #
#.#  #  ######
#     @ ##   #
#  #. ..   # #
# ##$#  #$####
#  #       # #
## #   $     #
#   $# ####  #
## #      ## #
##############",14,11,4,1,"positive",4708396866086693497
"##############
####   # #   #
##   #$   $ .#
### $  #.#####
#  .       ###
#### #$@#   ##
#           .#
##############",14,8,4,0,"easy_negative",16647000349694221311
"##############
#        @   #
#.#  #  ######
#       ##   #
#  #. ..   # #
# ##$#  #$####
#  #       # #
## #   $     #
#   $# ####  #
## #      ## #
##############",14,11,4,1,"positive",4708396866086693497
"##############
#        @   #
#.#  #  ######
#       ##   #
#  #  ..   # #
# ##$#  #$####
#  #       # #
## #   $.    #
#   $# ####  #
## #      ## #
##############",14,11,4,1,"positive",4708396866086693497
"##############
#.  #  # #  .#
# ###     $.##
# ###@$#$# ###
#.$.$.   #$  #
#   ###$ # # #
# .      #   #
##############",14,8,7,0,"easy_negative",13088759478705256750
"########
#.     #
# # ## #
# $$##.#
###$.$ #
###$####
# . .  #
#@.#####
# ## # #
#  #   #
#   #$##
# #    #
##### ##
########",8,14,6,0,"easy_negative",786106763232268090
"###########
####.     #
# .$.# ## #
#.$$ $ ## #
####$$$##@#
## .   #  #
# . ###  .#
###########",11,8,7,0,"easy_negative",12871670674383070558
"########
## #   #
#. @$# #
## # . #
# $.$. #
# # $# #
#      #
########",8,8,4,0,"easy_negative",2889262147991744914
"##############
#   ######  ##
# # #    # ###
#           ##
#   ###    ###
###.  ####  ##
###  .$   $  #
# ## $   #  ##
# ###  # #  ##
#.$ ## ###  ##
# #    # ##* #
# #  #    #  #
# #   @# ## .#
##############",14,14,5,0,"hard_negative",6630509080254667964
"##############
#   ######  ##
# # #    # ###
#           ##
#   ###    ###
###.  ####  ##
###  .$   *  #
# ## $   #  ##
# ###  # #  ##
#.$ ## ###  ##
# #    # ##* #
#@#  #    #  #
# #    # ##  #
##############",14,14,5,0,"hard_negative",6630509080254667964
"##############
###     ###  #
##. $#   ##  #
##    .   # @#
# .# $      ##
#  # # ##$  ##
# ##   ##   ##
# .    ###   #
# ##$# # #   #
# ##     #   #
##############",14,11,4,0,"hard_negative",12179960313615246911
"##############
###  .  ###  #
##  $#   ##  #
##    .   # @#
#  # $    . ##
#  # # ##$  ##
# ##   ##   ##
# .    ###   #
# ##$# # #   #
# ##     #   #
##############",14,11,4,1,"positive",12179960313615246911
"##############
###  +  ###  #
##  $#   ##  #
##    .   #  #
#  # $    . ##
#  # # ##$  ##
# ##   ##   ##
# .    ###   #
# ##$# # #   #
# ##     #   #
##############",14,11,4,1,"positive",12179960313615246911
"##############
###  +  ###  #
##  $#   ##  #
##    .   #  #
#  # $    . ##
#  # # ##   ##
# ##   ##   ##
# .    ### $ #
# ##$# # #   #
# ##     #   #
##############",14,11,4,1,"positive",12179960313615246911
"##############
###  .  ###  #
##  $#   ##  #
##    +   #  #
#  # $    . ##
#  # # ##   ##
# ##   ##   ##
# .    ### $ #
# ##$# # #   #
# ##     #   #
##############",14,11,4,1,"positive",12179960313615246911
"###########
###   .   #
##. ##### #
##  # ### #
# ##    $ #
# ###. .# #
#.. ## @  #
##$# #### #
# $$  ### #
## #$     #
# ## $ $ ##
# ##.##$###
#   .##  ##
###########",11,14,8,0,"easy_negative",5466300992402814399
"##############
# #@ ##    .##
# # $#####  ##
# #$   # #  ##
#  .### $ .  #
###     .$## #
###   .$ $## #
#    ##.#    #
# #  ## #  # #
####    #    #
##############",14,11,6,0,"easy_negative",2697694894918988528
"###########
#    .###.#
# .#@ ### #
#### ##   #
## # $$$ ##
# $$..$# ##
## #  .####
###########",11,8,6,0,"easy_negative",230270108773588117
"##############
#    # .   .##
#### #$$##$###
#    #  ## .##
####   #### ##
## #    #  $ #
# .# .    # ##
## ###$###   #
#   ##  #    #
## #@  # #   #
#         #.##
# ## # $ #   #
# ##    ### ##
##############",14,14,6,0,"easy_negative",6158126868215092648
"##############
#   ######  ##
# # #    # ###
#           ##
#   ###    ###
###.  ####  ##
###  .$   *  #
# ## $   #  ##
# ###  # #. ##
#.$ ## ###  ##
# #    # ##$ #
# #  #    #  #
# #   @# ##  #
##############",14,14,5,0,"hard_negative",6630509080254667964
"##############
#   ######  ##
# # #    # ###
#      .    ##
#   ###    ###
###.  ####  ##
###  .$   *  #
# ## $   #  ##
# ###  # #  ##
#.$ ## ###  ##
# #    # ##$ #
# #  #    #  #
# #   @# ##  #
##############",14,14,5,0,"hard_negative",6630509080254667964
"##############
#   ######  ##
# # #    # ###
#           ##
#   ###    ###
###.  ####  ##
###  .$   $  #
# ## $   #  ##
# ### .# #  ##
#.$ ## ###  ##
# #    # ##* #
# #  #    #  #
# #   @# ##  #
##############",14,14,5,1,"positive",6630509080254667964
"###########
###  #### #
### $ ### #
#. $ .  $ #
# $  # $# #
# # ### #.#
#  @ #. #.#
###########",11,8,5,0,"easy_negative",7520458985560592811
"##############
#   ######  ##
# # #    # ###
#           ##
#   ###    ###
###.  ####  ##
###  .$      #
# ## $   #  ##
# ### .# #  ##
#.$ ## ###  ##
# #    # ##* #
# #  # $  #  #
# #   @# ##  #
##############",14,14,5,0,"hard_negative",6630509080254667964
"##############
#   ######  ##
#@# #    # ###
#           ##
#   ###    ###
###.  ####  ##
###  .$   $  #
# ## $   #  ##
# ### .# #  ##
#.$ ## ###  ##
# #    # ##* #
# #  #    #  #
# #    # ##  #
##############",14,14,5,1,"positive",6630509080254667964
"##############
## .###   #  #
### $$  $ #$ #
##      $ #  #
#   @#  # .  #
# #  # ###$###
#    #  #  ###
## ..##  #   #
##    #  # ###
###   . .# ###
##############",14,11,6,0,"easy_negative",3333617144728421845
"########
# .    #
#.#   ##
# $$$###
#  @ .##
# ### ##
# ######
########",8,8,3,1,"positive",14589383236791746136
"########
# .    #
#.#   ##
# $$$###
#    .##
#@### ##
# ######
########",8,8,3,1,"positive",14589383236791746136
"########
# .    #
# #   ##
#.$$$###
#    .##
#@### ##
# ######
########",8,8,3,1,"positive",14589383236791746136
"########
# .   @#
# #   ##
#.$$$###
#    .##
# ### ##
# ######
########",8,8,3,1,"positive",14589383236791746136
"########
# .    #
# #   ##
#.$$$###
#@   .##
# ### ##
# ######
########",8,8,3,1,"positive",14589383236791746136
"########
#.@  .##
# #.  ##
# $   ##
#  ### #
# #### #
#  #  .#
## $$  #
###$#  #
##  ####
########",8,11,4,0,"easy_negative",5507792383835917943
"##############
###         .#
##.$###.##$###
#   $$  ##.###
#. @ ##  $  .#
# # $ # #    #
####      ####
##############",14,8,6,0,"easy_negative",3341384963336961153
"###########
#   .     #
#.##   ####
# ##.$$$$ #
###. # $. #
###$### ###
#  .@#  ###
###########",11,8,6,0,"easy_negative",10287336166940244946
"##############
#   ##    .  #
### ## ####  #
###    $  ## #
# @  ##.  #  #
## $ ## # # ##
####      ####
##  #$# ######
###  $   ## ##
##  # #  #  ##
## . ## .   ##
##   #      ##
##   ##### ###
##############",14,14,4,0,"easy_negative",4258982820030055405
"########
#. #####
# ### ##
#  ##  #
# $ $  #
#   ..##
####$###
#@     #
# $.## #
#   ## #
########",8,11,4,0,"easy_negative",12138184265499443580
"########
#   ####
# #  # #
#..$   #
## $ $ #
### ##@#
##  ##.#
#  $ ###
##.  ###
###    #
########",8,11,4,1,"positive",11928804034899766467
"########
#   ####
# #  # #
#..$   #
## $ $@#
### ## #
##  ##.#
#  $ ###
##.  ###
###    #
########",8,11,4,1,"positive",11928804034899766467
"########
#   ####
# #  # #
#..$   #
## $.$@#
### ## #
##  ##.#
#  $ ###
##   ###
###    #
########",8,11,4,1,"positive",11928804034899766467
"########
#   ####
# #  # #
#..$   #
## $. @#
### ## #
##  ##.#
# $$ ###
##   ###
###    #
########",8,11,4,0,"hard_negative",11928804034899766467
"########
#   ####
# #  # #
#..$   #
## $. @#
### ## #
##  ##.#
#  $ ###
##  $###
###    #
########",8,11,4,0,"hard_negative",11928804034899766467
"########
#   ####
# #  # #
#..$   #
## $.$@#
### ## #
##  ##.#
# $  ###
##   ###
###    #
########",8,11,4,0,"hard_negative",11928804034899766467
"########
#   ####
# #  # #
#..$$  #
## $.$@#
### ## #
##  ##.#
#    ###
##   ###
###    #
########",8,11,4,0,"hard_negative",11928804034899766467
"########
#   ####
# #  # #
# .$   #
## $.$@#
### ## #
##  ##.#
#. $ ###
##   ###
###    #
########",8,11,4,1,"positive",11928804034899766467
"########
#   ####
# #  # #
# .$   #
## $*$@#
### ## #
##  ##.#
#.   ###
##   ###
###    #
########",8,11,4,0,"hard_negative",11928804034899766467
"########
#   ####
# #  # #
# .$   #
## $ $@#
### ## #
##  ##.#
#..$ ###
##   ###
###    #
########",8,11,4,1,"positive",11928804034899766467
"########
## .  .#
##.$$#.#
##.$$  #
# . ####
# ##   #
# ##.$ #
#  $.$ #
# $ ####
#    @ #
########",8,11,8,0,"easy_negative",574923025774993437
"##############
##@#    . ## #
#     $## #  #
## #  $##.$  #
#.####  $.####
#.####  #$$  #
#          . #
##############",14,8,6,0,"easy_negative",15724812748240472417
"########
#   ..##
#. #  ##
#.##  ##
# $ ####
#   $$ #
# $$$  #
# ##@ ##
# #  ###
# ##..##
########",8,11,6,0,"easy_negative",3034333798934533678
"##############
#  ..    @# ##
#  ### ## $  #
#.#### ## # ##
#   $$ $$ #  #
#  # #  . # ##
#.#####   ####
##############",14,8,5,0,"easy_negative",1610600373097058320
"########
## #####
# $   ##
##.# ###
#@$ .  #
# #$ # #
#     .#
####$###
#.  .###
# $$$  #
##.#  .#
# $ ##.#
## ### #
########",8,14,8,0,"easy_negative",16583423567512722815
"##############
# ##    ##.  #
#.## #   #$###
#  $    $#.###
#  ## $   $..#
# #### #   # #
#  ##  ###@  #
##############",14,8,5,1,"positive",11701426966576815936
"##############
# ##    ##.  #
#.## #   # ###
#  $    $#.###
#  ## $   $..#
# #### # $ # #
#  ##  ###@  #
##############",14,8,5,1,"positive",11701426966576815936
"##############
# ##    ##+  #
#.## #   # ###
#  $    $#.###
#  ## $   $..#
# #### # $ # #
#  ##  ###   #
##############",14,8,5,1,"positive",11701426966576815936
"##############
# ##    ##.  #
#.## #   # ###
#  $    $#.###
#  ## $   $..#
# #### # $ # #
# @##  ###   #
##############",14,8,5,1,"positive",11701426966576815936
"###########
#     .   #
#..# #$   #
# ## . ####
# ##$##  .#
#  #.##@# #
####    $ #
#   ## $ ##
# #  #$ ###
#   ##   ##
##     $ .#
###$#  #  #
##  ## ## #
###########",11,14,7,0,"easy_negative",15721482151982983210
"##############
# ##    ##.  #
#.## #  @# ###
#  $    $#.###
#  ## $   $..#
# #### # $ # #
#  ##  ###   #
##############",14,8,5,1,"positive",11701426966576815936
"###########
##.#   ####
#  $ #.#  #
## #   ## #
# ##   $. #
# ## #   ##
# $ .  $###
# @ ##$. .#
# ### $## #
# ##   ## #
###########",11,11,6,0,"easy_negative",15936204789546339232
"###########
#      #. #
## $ # #  #
###   $# @#
#. .$    ##
# $  #$ ###
####   $ ##
###    ####
##   ###  #
# .  #### #
## #      #
#  .. # # #
## # ##   #
###########",11,14,6,0,"easy_negative",10587849796276189804
"########
#@ ....#
# #.$# #
# .$$$.#
#.##$$ #
## $$###
###  ###
########",8,8,8,0,"easy_negative",16774372066702548699
"##############
# ## ##.  # ##
#. # ## #    #
#. $$.    # ##
# ###### # ###
#  #   $@$ ###
####   # #   #
##############",14,8,4,0,"easy_negative",14805172698729345336
"########
##   . #
##  #  #
##  ## #
# $ $  #
# #$ # #
#  $.  #
# .@ . #
#  #   #
# ######
########",8,11,4,1,"positive",11038292800753048140
"########
##   . #
##  # @#
##  ## #
# $ $  #
# #$ # #
#  $.  #
# .  . #
#  #   #
# ######
########",8,11,4,1,"positive",11038292800753048140
"########
##   . #
##  #  #
##  ## #
# $ $  #
# #$ # #
#  $.  #
# .  . #
#  # @ #
# ######
########",8,11,4,1,"positive",11038292800753048140
"########
##   . #
##  #  #
##  ## #
# $ $  #
# #$ #.#
#  $   #
# .  . #
#  # @ #
# ######
########",8,11,4,1,"positive",11038292800753048140
"###########
###   . # #
###$  # # #
#.   ## # #
# $.###$$ #
#@# #  $  #
#   ##    #
#  ### #. #
#  ##. #  #
#  #####  #
###########",11,11,5,0,"easy_negative",6828184166219214963
"########
## # # #
#@  $# #
## #$# #
# .  $.#
##  ## #
### ##.#
########",8,8,3,0,"easy_negative",4334023630236772952
"########
##   . #
##  #  #
##@ ## #
# $ $  #
# #$ #.#
#  $   #
# .  . #
#  #   #
# ######
########",8,11,4,1,"positive",11038292800753048140
"##############
# . .    #   #
# # $# $ ### #
#    $.$#### #
#  .###$$. . #
###$#@ $#.####
### ##  .    #
##############",14,8,8,0,"easy_negative",6426873226538836397
"########
#  . . #
# #.$ ##
#@$ $###
# # $ ##
# #   ##
# #$..##
### #  #
###$# ##
#.   ###
########",8,11,6,0,"easy_negative",2849082365248225514
"###########
###########
## ##.   .#
##    $$$ #
# . ####  #
####  ### #
#  $   #.@#
#  $.$$ . #
##.  # ## #
### ##### #
###########",11,11,7,0,"easy_negative",17095839765263303721
"########
#  . ###
# # $.##
#. .$$##
#.$  $.#
# #$## #
#@  ## #
########",8,8,6,1,"positive",4221598241221785834
"########
#  . ###
# # $.##
#. .$$##
#.$  $.#
# #$## #
#  @## #
########",8,8,6,1,"positive",4221598241221785834
"###########
#    .    #
# #$  # . #
#   #######
##       ##
##   ## @##
##   ##$ ##
## # #.   #
#######$###
#  ..#  ###
##$# $    #
#   ###  ##
## #    ###
###########",11,14,5,0,"easy_negative",3418744284125554455
"########
#  . ###
#.# $.##
#.  $$##
#.$  $.#
# #$## #
#  @## #
########",8,8,6,1,"positive",4221598241221785834
"########
########
#  @.# #
# $  $ #
# #  $.#
# #. ###
# #  ###
########",8,8,3,0,"easy_negative",8605323155526254208
"########
#  . ###
#.# $.##
#.  $$##
#.$  $.#
# #$## #
# @ ## #
########",8,8,6,1,"positive",4221598241221785834
"########
#  . ###
#.# $.##
#.  $ ##
#.$$ $.#
# #$## #
# @ ## #
########",8,8,6,0,"hard_negative",4221598241221785834
"########
#  . ###
#.# $+##
#.  $$##
#.$  $.#
# #$## #
#   ## #
########",8,8,6,1,"positive",4221598241221785834
"##############
###  ### #####
###  ##   .  #
# $.   # #   #
# $ ##    ## #
### # ### # ##
### $ ###   ##
##  ###    . #
##. $$  #    #
##    .###   #
## # ##   ## #
#@$$ ## ####.#
## #    ##  .#
##############",14,14,7,0,"easy_negative",4890593552245612928
"########
#@..####
#.$   ##
# $  ###
# $#   #
# $## .#
#  ### #
# ##   #
#.# $.##
# ##$###
#. # ###
#  #$###
#  #   #
########",8,14,7,0,"easy_negative",10135624798907755854
"###########
##  ### # #
##   #  # #
##      # #
#   $ .#. #
###  # #  #
###    #  #
#     ### #
### # ##  #
### ###  .#
#      # ##
#.@  $$ $ #
#   #### ##
###########",11,14,4,0,"easy_negative",13920194700832078250
"##############
#####       ##
##  #   #   ##
# $.# .###  ##
# @  $     ###
# ### $ #   ##
#.####    ## #
#    $ # #   #
#### # ### ###
#     .    ###
##############",14,11,4,1,"positive",5768458146498493808
"##############
#####       ##
##  #   #   ##
# $.# .###  ##
#    $     ###
#@### $ #   ##
#.####    ## #
#    $ # #   #
#### # ### ###
#     .    ###
##############",14,11,4,1,"positive",5768458146498493808
"###########
#    .  @ #
###$ #  . #
###.#######
### $ $$  #
##. #  $. #
#   ###   #
###########",11,8,5,0,"easy_negative",3071428970222820697
"###########
###. #### #
###$$###  #
#. @   #  #
#  ##. # ##
# $##   $ #
#. ##$ #$##
# . # #  .#
# $     # #
# . # #   #
###########",11,11,7,0,"easy_negative",17383933508724537466
"##############
#####       ##
##  #   #   ##
#  .# .###  ##
#    $   $ ###
#@### $ #   ##
#.####    ## #
#    $ # #   #
#### # ### ###
#     .    ###
##############",14,11,4,0,"hard_negative",5768458146498493808
"##############
#####       ##
##  #   #   ##
# $.# .###  ##
#    $    @###
# ### $ #   ##
#.####    ## #
#    $ # #   #
#### # ### ###
#     .    ###
##############",14,11,4,1,"positive",5768458146498493808
"##############
#####       ##
##  #   #   ##
# $.# .###  ##
#    $    @###
# ### $ #   ##
#.####    ## #
#    * # #   #
#### # ### ###
#          ###
##############",14,11,4,1,"positive",5768458146498493808
"##############
#  .###   ## #
# #   #$#@## #
####. $ $$   #
#    ## #  # #
# #   #### # #
#    .# #  # #
## $ ##   ## #
###$. # .  # #
##       .## #
##############",14,11,6,0,"easy_negative",514133059372190471
"###########
####@.  ###
#.$ $ $  ##
# $.### . #
# # ##### #
####   ## #
# #  $    #
#   #     #
### #  ####
### ##  . #
###########",11,11,5,0,"easy_negative",9792435586891731302
"##############
#####       ##
##  #   #   ##
# $.#  ###  ##
#    $    @###
# ### $ #   ##
#.####    ## #
#    * # #   #
#### # ### ###
# .        ###
##############",14,11,4,0,"hard_negative",5768458146498493808
"##############
#####       ##
##  #   #   ##
# $.# .###  ##
#    $    @###
# ###   #   ##
#.####$   ## #
#    * # #   #
#### # ### ###
#          ###
##############",14,11,4,1,"positive",5768458146498493808
"##############
###    #   @ #
##.#.###  ####
#  # ###     #
#    $ .#    #
# $  #$ #  # #
####    #    #
#####$#      #
##      #  # #
###.# ####   #
##############",14,11,4,0,"easy_negative",9888938055409991806
"##############
#        .  .#
# # .# #  ## #
#   $$.##$## #
#  $ ##    $ #
#  #@#.$  ## #
#### ##  .## #
##############",14,8,6,1,"positive",55362685123930019
"##############
# .      .  .#
# # .# #  ## #
#   $$.##$## #
#  $ ##    $ #
#  #@#.$  ## #
#### ##   ## #
##############",14,8,6,1,"positive",55362685123930019
"##############
# .      .  .#
# # .# #  ## #
#    $.##$## #
#  $ ##    $ #
#  #@#.$ $## #
#### ##   ## #
##############",14,8,6,0,"hard_negative",55362685123930019
"##############
#  . #### ####
# #   ##  .# #
#   ####     #
##   $.#  ## #
##   ###  #  #
## .$### $ ###
# $#  .      #
##@####   $###
###    ###$###
###  $$    ###
##  #  . #  ##
# ..## #######
##############",14,14,8,0,"easy_negative",16384334767999179387
"##############
# .      .  .#
# # .# #  ## #
#   $$.##$## #
# @$ ##    $ #
#  # #.$  ## #
#### ##   ## #
##############",14,8,6,0,"hard_negative",55362685123930019
"###########
##### #   #
##  .$ .#@#
# $ #.#  .#
###$ $ #$ #
##.$$# #. #
##   . #  #
###########",11,8,7,0,"easy_negative",13702410066598659744
"##############
# .      .  .#
# # .# #  ## #
#    $.##$## #
#  $ ## $  $ #
#  #@#.$  ## #
#### ##   ## #
##############",14,8,6,0,"hard_negative",55362685123930019
"##############
#        .  .#
# # .# #  ## #
#   $$.##$## #
#  $ ##    $ #
#  #@#.$  ##.#
#### ##   ## #
##############",14,8,6,1,"positive",55362685123930019
"###########
#. . ######
# $ # ## @#
# $.#$ .  #
###$#$#$###
###$..$  ##
#.  # #. ##
###########",11,8,8,0,"easy_negative",17142196683327426201
"##############
#        .  .#
# # .# #  ## #
#   *$ ##$## #
#  $ ##    $ #
#  #@#.$  ##.#
#### ##   ## #
##############",14,8,6,1,"positive",55362685123930019
"##############
# . @ #   ####
# ##$ #.#  .##
# ##$$# $    #
# ##$. . #   #
##.#$#$$##   #
##  . .  #####
##############",14,8,8,0,"easy_negative",11495802393639110447
"##############
#        .  .#
# # .# #  ## #
#@  *$ ##$## #
#  $ ##    $ #
#  # #.$  ##.#
#### ##   ## #
##############",14,8,6,0,"hard_negative",55362685123930019
"##############
#        .  .#
# # .# #  ## #
#  @*$ ##$## #
#  $ ##    $ #
#  # #.$  ##.#
#### ##   ## #
##############",14,8,6,0,"hard_negative",55362685123930019
"##############
#        .  .#
# # .# #  ## #
#   *$@##$## #
#  $ ##    $ #
#  # #.$  ##.#
#### ##   ## #
##############",14,8,6,0,"hard_negative",55362685123930019
"##############
#        .  .#
# # .# #  ## #
#   .$ ##$## #
#  $ ##    $ #
#  #@#.$$ ##.#
#### ##   ## #
##############",14,8,6,0,"hard_negative",55362685123930019
"##############
#        .  .#
# # *# #  ## #
#   *$ ##$## #
#  $ ##    $ #
#  #@#.   ##.#
#### ##   ## #
##############",14,8,6,0,"hard_negative",55362685123930019
"##############
#        .  .#
# #$.# #  ## #
#   *$ ##$## #
#    ##    $ #
#  #@#.$  ##.#
#### ##   ## #
##############",14,8,6,1,"positive",55362685123930019
"##############
# ## # #     #
# ## #@## $# #
# .  # #     #
#  # $    ## #
#  ###    .# #
# ####$##### #
#    #  .#   #
# . ###$## # #
#    #   #   #
##############",14,11,4,0,"easy_negative",3185760435710262808
"##############
###   . ##   #
###  #  ##   #
#.  $  $   $ #
#  @$.  #   ##
# #$.# ### .##
#       #  ###
##############",14,8,5,1,"positive",4211095063262269315
"##############
#   #       ##
### # #### ###
### ###. $  ##
#.   .   $   #
### $#  #  # #
### .$ ###   #
#@  #  # ## ##
# # # #  $.$ #
# .  ### ## ##
##############",14,11,6,0,"easy_negative",16796314955556193827
"##############
#### ##    .##
# .$ ##  .  ##
#  . $ ### $##
#.$ #$ ##    #
#  ##  ## $# #
#.###      @ #
##############",14,8,6,1,"positive",9813801266087094843
"########
###  . #
###$ # #
#   $  #
## ### #
# . #  #
## #   #
###.#@##
###$   #
#.$$# ##
# .$$$ #
#.#..  #
########
########",8,14,8,0,"easy_negative",14225267225935310003
"##############
#### ##    .##
# .$ ##  .  ##
#  . $ ###@$##
#.$ #$ ##    #
#  ##  ## $# #
#.###        #
##############",14,8,6,1,"positive",9813801266087094843
"##############
#### ##    .##
# .$$##  .  ##
#  . $ ###@$##
#.$ #  ##    #
#  ##  ## $# #
#.###        #
##############",14,8,6,0,"hard_negative",9813801266087094843
"########
# . ####
#.# # .#
#   $  #
## ##$##
#  . $ #
##$## ##
##$#####
# $  # #
## #  .#
#  @   #
# .  # #
####   #
########",8,14,6,0,"easy_negative",15166844434424957914
"##############
#### ##    .##
# .$ ##  .  ##
#  . $ ### $##
#.$ #$ ##    #
#  ##  ## $# #
#.###       @#
##############",14,8,6,1,"positive",9813801266087094843
"###########
#   ###.  #
#.  . # .##
####    ###
#####$# ###
## $$ $@###
#   # #   #
###########",11,8,4,0,"easy_negative",14900974423550213901
"##############
###   . ##   #
###  #  ##   #
#.  $  $   $ #
# @ $.  #   ##
# #$.# ### .##
#       #  ###
##############",14,8,5,1,"positive",4211095063262269315
"##############
###   . ##   #
###  #  ##   #
#.  $$ $     #
# @ $.  #   ##
# #$.# ### .##
#       #  ###
##############",14,8,5,1,"positive",4211095063262269315
"########
#      #
# #$  .#
#  $####
#. $ ###
#  #.###
# ##$$ #
# $  $ #
# #.####
#.@.   #
# # ####
# #$ . #
# #  . #
########",8,14,8,0,"easy_negative",13809638185887591738
"###########
#     .#  #
# ## #$#$ #
# ##   #  #
#     $   #
#  @.# ## #
####   ## #
## ## # ###
#  .  $ ###
## ##.#   #
### #$#   #
###       #
# . # #####
###########",11,14,5,0,"easy_negative",7967917833603332309
"##############
###   . ##   #
###  #$ ##   #
#.  $$       #
# @ $.  #   ##
# #$.# ### .##
#       #  ###
##############",14,8,5,1,"positive",4211095063262269315
"##############
#.     ##  ###
#   $ ##.. ###
# .@###.$$ $ #
##.#      ## #
# $ $ $####. #
## #         #
##############",14,8,7,0,"easy_negative",16176775430866096338
"##############
#### ##    .##
# .  ##  .  ##
#  . $ ###$$##
#.$ #$ ##    #
#  ##  ## $# #
#.###       @#
##############",14,8,6,0,"hard_negative",9813801266087094843
"##############
#### ##    .##
# .$ ##  .  ##
#  .@$ ### $##
#.$ #$ ##    #
#  ##  ## $# #
#.###        #
##############",14,8,6,0,"hard_negative",9813801266087094843
"##############
#### ##    .##
# .$ ##  .  ##
#  . $ ### $##
#.$ #$ ##    #
#@ ##  ## $# #
#.###        #
##############",14,8,6,0,"hard_negative",9813801266087094843
"##############
#### ##    .##
# .$ ##  .  ##
#  . $ ### $##
#+$ #$ ##    #
#  ##  ## $# #
#.###        #
##############",14,8,6,0,"hard_negative",9813801266087094843
"##############
#### ##    .##
# *$ ##  .  ##
#  . $ ### $##
#.$ #$ ##    #
#  ##  ##  # #
#.###       @#
##############",14,8,6,0,"hard_negative",9813801266087094843
"##############
#### ##    +##
# .$ ##  .  ##
#  . $ ### $##
#.$ #$ ##    #
#  ##  ## $# #
#.###        #
##############",14,8,6,1,"positive",9813801266087094843
"##############
#### ##    +##
# .$ ##     ##
#  . $ ### $##
#.$ #$ ##    #
#  ##  ## $# #
#.### .      #
##############",14,8,6,1,"positive",9813801266087094843
"##############
## #   ####  #
#   .#    #$.#
## ####  $#  #
#  $.$ ##$   #
# $  .@#  $# #
#.  #### .$  #
# #####. ## ##
#  #  #  #.  #
#    ## ### ##
##############",14,11,8,0,"easy_negative",10500519672013737072
"########
###    #
###  # #
#   $$.#
#. .$###
#### ###
#.     #
#   #  #
# # # ##
# $ @###
###$.  #
##     #
####   #
########",8,14,5,0,"easy_negative",7481158202812652881
"##############
###   . ##   #
###  #$ ##   #
#.  $$       #
#   $.  #   ##
# #$.# ### .##
# @     #  ###
##############",14,8,5,1,"positive",4211095063262269315
"###########
# ###.##  #
# # $  ## #
# ###$## .#
# #@# #   #
# #$$.  # #
# #$#$#.  #
#      #  #
#   ## # .#
#   ##.#  #
###########",11,11,6,0,"easy_negative",2619259112944240258
"########
# ##.  #
#. #$ ##
#    ###
# $$ . #
# #@####
#      #
#  $$. #
###  # #
### .  #
########",8,11,5,1,"positive",1392381827812248914
"########
# ##.  #
#  #$ ##
#    ###
# $$ . #
# #@####
#     .#
#  $$. #
###  # #
### .  #
########",8,11,5,1,"positive",1392381827812248914
"########
# ##.  #
#  #$ ##
#    ###
# $$   #
# #@####
#     .#
#  *$. #
###  # #
### .  #
########",8,11,5,1,"positive",1392381827812248914
"########
# ##.  #
#  #$ ##
#    ###
# $$   #
# # ####
#     .#
#  *$. #
###  # #
### +  #
########",8,11,5,1,"positive",1392381827812248914
"########
# ##.  #
#  #$ ##
#    ###
# $$   #
#.# ####
#     .#
#  *$. #
###  # #
### @  #
########",8,11,5,1,"positive",1392381827812248914
"##############
### ##### # ##
##.   ##  $. #
####$ .   # ##
####$$ ##$ ###
#   $# # $  ##
#.@. .. ##   #
##############",14,8,7,0,"easy_negative",14136412719341187915
"##############
# ... #      #
####  ###  ###
## #  ###.$###
#   # ##    @#
###  $ # $$# #
### # ##     #
## #    ##  ##
#     $ ##  ##
##$####$.  ###
##  ##    . .#
##  ## ## #  #
##     ## ## #
##############",14,14,7,0,"easy_negative",479500137025672297
"########
# .  ###
####$###
## #$  #
#@  . ##
### $ ##
### . ##
########",8,8,3,0,"easy_negative",5475149156403679775
"########
# ..####
#     ##
####$$ #
#.$  ###
# . $###
####$. #
# $ $$ #
###..# #
### . @#
########",8,11,8,0,"easy_negative",6930828853951165504
"###########
# # ##### #
# #   ##  #
#.# $## $ #
# .#$  #$ #
# ## ###..#
#  #$###  #
##$# ##. .#
#..$@##$# #
## #      #
###########",11,11,8,0,"easy_negative",14659400884367237479
"##############
## #      ####
# .@ # ##  $ #
## #   ##    #
#  .## ##   ##
# $$#  # $ ###
#.         .##
##############",14,8,4,1,"positive",1132303385928616010
"##############
## #      ####
# .@ # ##$   #
## #   ##    #
#  .## ##   ##
# $$#  # $ ###
#.         .##
##############",14,8,4,1,"positive",1132303385928616010
"##############
## #      ####
# .@ # ##    #
## #   ##    #
#  .##$##   ##
# $$#  # $ ###
#.         .##
##############",14,8,4,1,"positive",1132303385928616010
"##############
## #      ####
# .@ # ##    #
## #   ##    #
#  .## ## $ ##
# $$#  # $ ###
#.         .##
##############",14,8,4,1,"positive",1132303385928616010
"###########
#    ## ###
# ## #   ##
# ## ##$$ #
####  .  .#
# # ##  # #
# .@##$ $.#
#.$$## ## #
# # #  #. #
#         #
###########",11,11,6,0,"easy_negative",5225212098659447192
"########
####   #
## # # #
# $#  .#
#      #
###  # #
###.   #
##@# ###
#  ..###
## #   #
##$  $ #
##$   ##
##   ###
########",8,14,4,0,"easy_negative",14732375553593771450
"##############
####      #.##
#.#  #$ ##@$ #
#   $ $.###$##
#.### #..    #
## $   $# ## #
### # #  .## #
##############",14,8,7,0,"easy_negative",4531459239134134091
"##############
## #      ####
# .@ # ##    #
## #   ##    #
#  .## ## $ ##
#  $#  # $$###
#.         .##
##############",14,8,4,0,"hard_negative",1132303385928616010
"##############
## #      ####
# . @# ##    #
## #   ##    #
#  .## ## $ ##
# $$#  # $ ###
#.         .##
##############",14,8,4,1,"positive",1132303385928616010
"##############
#       ##  ##
#  #### ## @##
# ##    $ $ ##
# ### #### # #
# ####  #  # #
#   # # $. # #
#      # .   #
# ##$# ##.####
# ##   # .   #
##############",14,11,4,0,"easy_negative",9228298980930385399
"###########
#  @##. . #
# #$## #  #
#    ..## #
# ##.# $$ #
#  ####$# #
#.$# #  $ #
#   .##   #
#  $ #### #
####   ## #
###########",11,11,7,0,"easy_negative",1802882089529732686
"########
###.   #
##  $#.#
# . $ .#
#   $$@#
###  # #
###    #
########",8,8,4,1,"positive",9394484269224526839
"########
###.   #
##   #.#
# * $ .#
#   $$@#
###  # #
###    #
########",8,8,4,1,"positive",9394484269224526839
"########
###.   #
##   #.#
# $ $ .#
#   $$+#
###  # #
###    #
########",8,8,4,1,"positive",9394484269224526839
"########
###..  #
##   #.#
# $ $ .#
#   $$@#
###  # #
###    #
########",8,8,4,1,"positive",9394484269224526839
"########
###..  #
##   #.#
#@$ $ .#
#   $$ #
###  # #
###    #
########",8,8,4,1,"positive",9394484269224526839
"###########
#.  .. @  #
### . # $ #
### $##   #
## # $ # ##
#    $    #
## ##### ##
###########",11,8,4,0,"easy_negative",8008717914783648423
"########
##  .  #
##  ...#
###$####
#@$    #
###.$###
###$$###
#    ###
###$  ##
###.## #
##  .  #
## #$###
#### ###
########",8,14,7,0,"easy_negative",12138233581904767508
"########
#.. . ##
#.$$ ###
####  ##
#@  $ ##
####$ ##
# $ . ##
#    $ #
# ## #.#
# ##   #
########",8,11,6,0,"easy_negative",411397535023242546
"###########
#   # ## ##
###    $  #
### # ##.##
# #$   $  #
# #@ #  # #
# #$### . #
#     ### #
###   ##  #
###.  #   #
###$# #   #
###      ##
#.  #.#####
###########",11,14,5,0,"easy_negative",11123058746953440806
"########
##  # ##
##.$$$ #
##$.#$##
#@  #$ #
#.#.#$ #
#. .# .#
########",8,8,7,0,"easy_negative",10426292375587617312
"###########
#   . ## .#
# .$. ## .#
####  ##  #
#    $$   #
# $ @  $  #
#   ###   #
###########",11,8,5,1,"positive",519024021331906755
"##############
### ##    #  #
### #  ## # .#
#      ## #  #
#  $  ####   #
# #  ## #    #
#  @  #  $.$.#
#     $    .##
#### #   #  ##
#      ###  ##
##############",14,11,4,1,"positive",11439655556430594738
"##############
#. @  #### ###
# $ # #  .  ##
#   ##. $    #
##    ##  #  #
##   ###  #$ #
## $  ### #$ #
#  ##   $    #
#.#### .# ####
#  ##  .     #
##############",14,11,6,0,"easy_negative",15460004516068306209
"##############
###### #    @#
#   #  #$$## #
# $    #  ## #
# . ###  $   #
###.  #####  #
### .###.### #
#      $.$   #
# ## ###   # #
# ## #### $  #
#       ## ###
##   #.  #  ##
### #####.   #
##############",14,14,7,0,"easy_negative",3369498439376485230
"###########
#   . ## .#
# .$. ## .#
####  ##  #
#    $$@  #
# $    $  #
#   ###   #
###########",11,8,5,1,"positive",519024021331906755
"##############
### ##    #  #
### #  ## # .#
#      ## #  #
#  $  ####   #
# #  ## #    #
#  @  #  $.$.#
#   $      .##
#### #   #  ##
#      ###  ##
##############",14,11,4,1,"positive",11439655556430594738
"###########
#   . ## .#
# .$. ## .#
####  ##  #
#    $$   #
#@$    $  #
#   ###   #
###########",11,8,5,1,"positive",519024021331906755
"###########
#   . ## .#
# .$. ## .#
####  ##  #
#  @ $$   #
# $    $  #
#   ###   #
###########",11,8,5,1,"positive",519024021331906755
"##############
### ##    #  #
### #  ## # .#
#      ## #  #
#  $  ####   #
# #  ## #    #
#     #  $+$.#
#   $      .##
#### #   #  ##
#      ###  ##
##############",14,11,4,1,"positive",11439655556430594738
"###########
#   . ##  #
# .$. ## .#
####  ##  #
#  @ $$   #
# $    $  #
#   ###.  #
###########",11,8,5,1,"positive",519024021331906755
"##############
#   # ##     #
#      ##  # #
#   # ## $   #
#. #   # #   #
#  #     $$# #
#  #  .# #   #
## ## #   ####
#   ###$ ## ##
## # .@ ###$ #
##   #  ##   #
##  ### ##.###
##.  #     ###
##############",14,14,5,0,"easy_negative",13502346743197880450
"###########
## #  # ###
# .   #  ##
##.#$##  .#
##$$ # # ##
## $ # $  #
##   # # ##
# .# ## . #
## # ## ###
###    @###
###########",11,11,5,0,"easy_negative",6510247702855827217
"########
########
#. #   #
# ##$ .#
# $ $ ##
##.$$.##
###@$###
# ##   #
#  #$###
# $  ###
#.#### #
#  ### #
#.. .  #
########",8,14,8,0,"easy_negative",5652687532834929794
"##############
#           ##
### #  .#  ###
### ## .    ##
# #### #.#$  #
#.####  ##   #
#     $# #####
# # $ $# ## ##
# # $#$   .  #
# #   @# ##.##
##############",14,11,6,0,"easy_negative",6794701505553877696
"##############
### ##    #  #
### #  ## # .#
#@     ## #  #
#  $  ####   #
# #  ## #    #
#     #  $.$.#
#   $      .##
#### #   #  ##
#      ###  ##
##############",14,11,4,1,"positive",11439655556430594738
"###########
#####     #
#   ##$  ##
#   #.$ ###
# #$$  # ##
# # .# .$.#
# #$.  #$##
#     $.  #
#   ### ###
#### .  ###
#    #  ###
###@###  ##
###  #.   #
###########",11,14,8,0,"easy_negative",16233875142485612506
"##############
#   #     ####
#  ## #  $   #
# ## ##    . #
# $ $   ###.##
# #$##$ #    #
#  @##..### ##
####       ###
#    # # .  ##
#   ##### ####
##############",14,11,5,0,"easy_negative",3834246296488855614
"########
#    ###
###..###
###$$$ #
#..$## #
#@#$ # #
#.  ## #
########",8,8,5,0,"easy_negative",3652389565001151022
"##############
### ##    #  #
### #  ## #  #
#@     ## #  #
#  $  ####   #
# #  ## #    #
#     #  $.$.#
#   $      .##
#### # . #  ##
#      ###  ##
##############",14,11,4,1,"positive",11439655556430594738
"###########
##     # ##
### $##  .#
##   ###@##
##$####  .#
# $$.# .# #
## #   ####
###########",11,8,4,0,"easy_negative",14641185882492859163
"########
# ##   #
# #  # #
# ##.  #
#  $   #
# # $# #
#    $.#
## $ ###
##   ###
###.. @#
########",8,11,4,1,"positive",2842914820013506910
"########
# ##   #
# #  # #
# ##.  #
#  $@  #
# # $# #
#    $.#
## $ ###
##   ###
###..  #
########",8,11,4,1,"positive",2842914820013506910
"########
#@##   #
# #  # #
# ##.  #
#  $   #
# # $# #
#    $.#
## $ ###
##   ###
###..  #
########",8,11,4,1,"positive",2842914820013506910
"########
#+##   #
# #  # #
# ##.  #
#  $   #
# # $# #
#    $ #
## $ ###
##   ###
###..  #
########",8,11,4,1,"positive",2842914820013506910
"########
#.##   #
# #  # #
# ##.  #
#  $   #
# # $#@#
#    $ #
## $ ###
##   ###
###..  #
########",8,11,4,1,"positive",2842914820013506910
"###########
#@. .#   ##
#  .###$$##
# $. # $ ##
# # $  # ##
# # ### $ #
# #.   #.##
###########",11,8,6,0,"easy_negative",7396523303758887481
"###########
#### . ####
#@ # ##   #
# $$ ##.$ #
# #.  #.  #
####$ ### #
# #   ### #
#.  #   $ #
### # $#  #
###.#  ## #
###########",11,11,6,0,"easy_negative",7340891026178372713
"###########
#   ###   #
###@ # $# #
###   $$ .#
#   ## .  #
##.. # $ ##
### ##  ###
###########",11,8,4,0,"easy_negative",13825017341038584105
"########
#  #####
#  #   #
# .#   #
##$# #.#
# .$ # #
##$#@#.#
#.$.# ##
# $ $$ #
#.  # ##
########",8,11,7,0,"easy_negative",699183528719324232
"###########
#. . #    #
# ##$#  #.#
# ##$# $. #
## .$##$ ##
##    #$$##
## . . @ ##
###########",11,8,7,0,"easy_negative",9802033036606618714
"##############
### @ ###   ##
###   ##  # ##
#.    #   ## #
####  $.  $. #
#   $#$  # # #
#  .    ######
##############",14,8,4,1,"positive",5878464782848568669
"##############
#### . # #   #
#  $ ##     ##
# $. ### #####
###$###     ##
### # # #  ###
#     #     ##
# ### # .#   #
# ##   @ #$###
#   # # .# ###
##############",14,11,4,0,"easy_negative",4180703466637138582
"##############
###   ###   ##
###   ##  # ##
#.    #   ## #
####  $.  $. #
#   $#$  # #@#
#  .    ######
##############",14,8,4,1,"positive",5878464782848568669
"##############
###   ###   ##
###   ##  # ##
#.    #   ## #
####  $.  $. #
#   $#$  # # #
# @.    ######
##############",14,8,4,1,"positive",5878464782848568669
"##############
###   ###   ##
###   ##  # ##
#.    #   ## #
####  $.  $. #
#   $#$  #@# #
#  .    ######
##############",14,8,4,0,"hard_negative",5878464782848568669
"##############
###   ###   ##
###   ##  # ##
#.    #   ## #
####  $.   . #
# $ $#$  # # #
# @.    ######
##############",14,8,4,1,"positive",5878464782848568669
"##############
###   ###   ##
### @ ##  # ##
#.    #   ## #
####  $.   . #
# $ $#$  # # #
#  .    ######
##############",14,8,4,1,"positive",5878464782848568669
"###########
######    #
# . ## ## #
#      ## #
####$######
# .   ## ##
# .$## $$##
# .$ ##   #
##@ $ # # #
###    . .#
###########",11,11,6,0,"easy_negative",17566814111087589251
"##############
##  ###      #
## $  # #$  ##
##  @##    ###
#  #  ## ##  #
## # ##  .#  #
####  ##.##  #
## #$$#  .# ##
#   . # #  $ #
## #  #####$##
###    # #   #
##    .      #
##  ####.#####
##############",14,14,6,0,"easy_negative",10561488791266604075
"########
#    # #
# ## # #
# ##$#@#
## #  .#
#     ##
## #.###
###.$  #
## .$#.#
#### $ #
#   $. #
### $###
###  ###
########",8,14,6,0,"easy_negative",1525105008003405253
"########
####   #
## # #.#
## $$. #
#   #  #
# #### #
# ###  #
# ##   #
# ##.# #
#. $$  #
#   # ##
##@ $  #
### #.##
########",8,14,5,0,"easy_negative",2295000727211443435
"###########
##   ##   #
###   ### #
##     ## #
#    $    #
# # $###  #
#  .@#### #
## $     ##
###  .#$ ##
##.. ##  ##
###########",11,11,4,1,"positive",10971483463782553078
"###########
#       ###
# ## # ..##
# ##  .$  #
#.     ####
#### ## @ #
#    ## $ #
# #### $###
# #### $###
#         #
###########",11,11,4,0,"easy_negative",4844155018587740304
"###########
##   ##  .#
###   ### #
##     ## #
#    $    #
# # $###  #
#  .@#### #
## $     ##
###  .#$ ##
## . ##  ##
###########",11,11,4,1,"positive",10971483463782553078
"###########
##   ##  .#
###   ### #
##     ## #
#    $    #
# # $###  #
#  . ####@#
## $     ##
###  .#$ ##
## . ##  ##
###########",11,11,4,1,"positive",10971483463782553078
"##############
#   .  .  #  #
####$##.$$## #
#    ##.  # .#
#@#$#### $## #
# #$$. ##$## #
# #  . #    .#
##############",14,8,8,0,"easy_negative",17093275201547912635
"###########
##   ##  .#
###$  ### #
##     ## #
#    $    #
# #  ###  #
#  . ####@#
## $     ##
###  .#$ ##
## . ##  ##
###########",11,11,4,1,"positive",10971483463782553078
"###########
##   ##  .#
###$  ### #
##     ## #
#    $    #
# #  ###  #
#  . ####@#
##.$     ##
###  .#$ ##
##   ##  ##
###########",11,11,4,1,"positive",10971483463782553078
"########
#   ####
#.#.#@##
#  $ $##
# .$$ .#
# #$.# #
#   .  #
# ##$  #
#  #$.##
###  ###
########",8,11,7,0,"easy_negative",6830628679212551020
"########
#  ## ##
#  #.  #
#.$##.##
#  @   #
####$###
#    ###
#   .$.#
##  ####
### # ##
### $$ #
### ## #
#   ## #
########",8,14,5,0,"easy_negative",14263420398417159362
"##############
###@   ##.## #
###  #$.# ## #
#      ##    #
#####  ##$# ##
#  ## $## ####
#   #$$ $   .#
# ##   $## . #
# ## ## #   ##
#    ## ## ###
## # .  # $. #
#   ### #    #
##.#   .# ####
##############",14,14,8,0,"easy_negative",10713569605670165582
"###########
#  #  @#  #
#  # ###  #
# ## #### #
#  $  .   #
#   #####.#
# .    ## #
#### . $  #
# # $# $  #
#      ####
###########",11,11,4,1,"positive",13164382202347288942
"###########
#  #  @#  #
#  # ###  #
# ## #### #
#  $  .   #
#   #####.#
# . .  ## #
####   $  #
# # $# $  #
#      ####
###########",11,11,4,1,"positive",13164382202347288942
"###########
######.   #
#  .##  # #
#   $     #
# ## # #$##
# #####   #
#    #@# ##
# #     $ #
# # .$  # #
# # ###.  #
###########",11,11,4,0,"easy_negative",14831414067967449328
"###########
#  #   #  #
#  # ###  #
# ## #### #
#  $  .   #
#   #####.#
#@. .  ## #
####   $  #
# # $# $  #
#      ####
###########",11,11,4,1,"positive",13164382202347288942
"###########
#  #.  #  #
#  # ###  #
# ## #### #
#  $      #
#   #####.#
#@. .  ## #
####   $  #
# # $# $  #
#      ####
###########",11,11,4,0,"hard_negative",13164382202347288942
"###########
#     #   #
#.# # # # #
#.@ ###$  #
#.  # #   #
# #  $$ # #
#   # # . #
## # $    #
#### ##  ##
#    ## ###
###########",11,11,4,0,"easy_negative",17837100785593385731
"###########
#  #   #  #
#  # ###  #
# ## #### #
#  $  .   #
#  .#####.#
#@  .  ## #
####   $  #
# # $# $  #
#      ####
###########",11,11,4,0,"hard_negative",13164382202347288942
"###########
#  #   #  #
#  # ###  #
# ## #### #
#     *   #
#   #####.#
#@. .  ## #
####   $  #
# # $# $  #
#      ####
###########",11,11,4,1,"positive",13164382202347288942
"###########
#  #   #  #
#  # ###  #
# ## #### #
#     *   #
#   #####.#
# . .  ## #
####   $  #
# # $# $  #
#   @  ####
###########",11,11,4,1,"positive",13164382202347288942
"##############
###        # #
##   #  #  # #
#          # #
#   #$#.. ## #
####     .## #
## ## ####   #
#       ##  ##
# ##  # @#  ##
# ## #### $ ##
#  #   ## # ##
#  #$ $#     #
#  #.     # ##
##############",14,14,4,0,"easy_negative",13919556935778407653
"###########
#### ### ##
#.#  ## $ #
# $  $.# ##
### ## $@ #
##  # $ #.#
####    . #
#   ## ## #
### ## ## #
###     . #
###########",11,11,5,0,"easy_negative",6346208887829177029
"##############
#   ###      #
# #    ## $# #
# $$   ## @ .#
#  ###  $ .. #
# ###  # .## #
#  # #### ## #
#. #    $.   #
#  ###$ ##   #
#  ###  ######
##############",14,11,6,0,"easy_negative",12958298939138603396
"########
#      #
###  # #
###  $ #
#   #  #
# #.#  #
# $ ## #
#   #.@#
#.# #. #
#   #$ #
###$ $ #
###.   #
#   ####
########",8,14,5,1,"positive",12809497316856281204
"########
#      #
###  # #
###  $ #
#   #  #
# #.#  #
# $ ## #
#   #.@#
#.# #  #
#   #$ #
###$ $ #
###.   #
#.  ####
########",8,14,5,0,"hard_negative",12809497316856281204
"########
#      #
###  # #
###  $ #
#   #  #
# #.#  #
# $ ## #
#   #.@#
#.#$#. #
#   #$ #
###  $ #
###.   #
#   ####
########",8,14,5,1,"positive",12809497316856281204
"##############
# .       # ##
# ## #    $. #
# ##### . #$##
#   $. ###.  #
# # $. #  ## #
# $ ##### ## #
#. ## $@$    #
## ##  ## #  #
#####  ## ####
##############",14,11,7,0,"easy_negative",7517198844223450232
"########
#      #
###  # #
###  $ #
#   #  #
# #+#  #
# $ ## #
#   #. #
#.#$#. #
#   #$ #
###  $ #
###.   #
#   ####
########",8,14,5,1,"positive",12809497316856281204
"########
#      #
###  # #
###  $ #
#   #  #
# #+#  #
# $ ## #
#   #. #
#.# #. #
# $ #$ #
###  $ #
###.   #
#   ####
########",8,14,5,1,"positive",12809497316856281204
"###########
#@  ### # #
##    # # #
#### $  #.#
#   # $## #
#  ###.## #
# ###  $  #
#     $ ###
# #. #  ###
# .       #
###########",11,11,4,0,"easy_negative",8322364304261223554
"###########
#.   #   ##
###  #  .##
### .# . ##
## #   ####
#    #.# ##
## # @$$ ##
#    # ####
#  $### # #
#    #    #
## $$    ##
###   # ###
##  ###  ##
###########",11,14,5,0,"easy_negative",3351458115673157227
"########
## #  ##
#   $.##
##$#$$##
#  @$  #
#.# $# #
####   #
##.#$  #
#  .   #
##.#####
## # ###
#   .###
## #.  #
########",8,14,7,0,"easy_negative",3150236564200677861
"########
#      #
###  # #
###  $ #
#   #  #
# #@#. #
# $ ## #
#   #. #
#.# #. #
# $ #$ #
###  $ #
###.   #
#   ####
########",8,14,5,0,"hard_negative",12809497316856281204
"########
#     ##
# $ #@##
#   ## #
# #    #
#.#$.# #
# #. $ #
##.$ ###
## # ###
####   #
########",8,11,4,1,"positive",12855299378816458869
"########
#     ##
# $ #+##
#   ## #
# #    #
#.#$.# #
# #  $ #
##.$ ###
## # ###
####   #
########",8,11,4,0,"hard_negative",12855299378816458869
"########
#     ##
# $ #@##
#   ## #
# #    #
# #$.# #
# #. $ #
##.$ ###
## #.###
####   #
########",8,11,4,0,"hard_negative",12855299378816458869
"########
#     ##
# $ # ##
#   ## #
# #    #
#+#$.# #
# #. $ #
##.$ ###
## # ###
####   #
########",8,11,4,1,"positive",12855299378816458869
"########
#     ##
# $ # ##
#   ## #
# #    #
#+#$.# #
# #. $ #
## $.###
## # ###
####   #
########",8,11,4,0,"hard_negative",12855299378816458869
"########
#     ##
#.$ # ##
#   ## #
# #    #
#@#$.# #
# #. $ #
##.$ ###
## # ###
####   #
########",8,11,4,1,"positive",12855299378816458869
"########
#     ##
#.$ # ##
# $ ## #
# #    #
#@# .# #
# #. $ #
##.$ ###
## # ###
####   #
########",8,11,4,1,"positive",12855299378816458869
"########
#     ##
#.  # ##
# $ ## #
# # $  #
#@# .# #
# #. $ #
##.$ ###
## # ###
####   #
########",8,11,4,0,"hard_negative",12855299378816458869
"########
#     ##
#.$ # ##
# $ ## #
# # @  #
# # .# #
# #. $ #
##.$ ###
## # ###
####   #
########",8,11,4,1,"positive",12855299378816458869
"##############
# ## ##  #.# #
# #  ##$.# # #
# ##     # # #
#  $ ##  .   #
#   #    # #.#
#   ## ###   #
# #$ ###     #
#.#   ##@ ####
# #.####     #
# $ #####$#$##
## $# ## .   #
###   #   # ##
##############",14,14,7,0,"easy_negative",10395060292022705133
"########
#      #
###  # #
###  $ #
# $ #  #
# #+#  #
# $ ## #
#   #. #
#.# #. #
# $ #$ #
###    #
###.   #
#   ####
########",8,14,5,0,"hard_negative",12809497316856281204
"##############
#   . #  #  ##
# #@  # ## ###
####  #$ #  ##
# ## $  $  ###
#  ###     ###
#  ### ###  .#
##.#   $$ ## #
#. . #  # ## #
## #         #
##############",14,11,5,0,"easy_negative",3793418792600474318
"###########
#      ## #
# # ##### #
# . $   $ #
### ##    #
###  #  # #
# ..##  @ #
# $### ## #
#  ###$# ##
#  #     ##
#   # #   #
# #. #    #
#   #######
###########",11,14,4,0,"easy_negative",15346041430080073104
"########
#      #
###  # #
###  $ #
#   #$ #
# #+#  #
#   ## #
#   #. #
#.# #. #
# $ #$ #
###  $ #
###.   #
#   ####
########",8,14,5,0,"hard_negative",12809497316856281204
"########
#      #
###  # #
###  $ #
#   #  #
# #.#  #
# $ ## #
#   #. #
#.# #.@#
# $ #$ #
###  $ #
###.   #
#   ####
########",8,14,5,1,"positive",12809497316856281204
"########
# #### #
#.###@ #
# $$$  #
#.. $###
###.$###
###.   #
########",8,8,5,0,"easy_negative",17063584817498116085
"###########
## #      #
# $  . ####
## ####   #
#   ## #$ #
# # #. #  #
#  @$  #  #
# ##$#    #
# ## # ## #
# .  #.## #
###########",11,11,4,0,"easy_negative",4343785901056927695
"###########
#  ..##   #
##    # # #
### ###   #
#.  ## # ##
#@###  .$ #
# ## $$# ##
#  $   # ##
#   ###   #
#      # ##
###########",11,11,4,0,"easy_negative",4984477623772316183
"###########
#  .      #
# # $##$ .#
#  . ##   #
##$    #$##
##.  # $ .#
###..  # ##
## #$$ ####
# @  #    #
## #      #
###########",11,11,7,1,"positive",6990241887278988209
"###########
# # # .   #
# # #$.## #
# # #. ## #
# $   $# ##
# #$$$$  .#
# $ #### ##
#.  #######
# ##     ##
#@##   .  #
#..  #### #
# #  ###  #
####   #  #
###########",11,14,8,0,"easy_negative",5093670381965611761
"###########
#  .      #
# # $##$ .#
#  . ##   #
##$    #$##
##.  # $ .#
###..  # ##
## #$$ ####
#    #    #
## #@     #
###########",11,11,7,1,"positive",6990241887278988209
"##############
#    . # ### #
### ##$  .#  #
### ##.#.#   #
#.  #  # # ###
#  ##   $  ###
#####  # # $ #
## #@  # #   #
# $.  $$  ## #
## #   # ### #
##############",14,11,6,0,"easy_negative",17153336824337318116
"###########
#  . @    #
# # $##$ .#
#  . ##   #
##$    #$##
##.  # $ .#
###..  # ##
## #$$ ####
#    #    #
## #      #
###########",11,11,7,1,"positive",6990241887278988209
"##############
# ##   # #   #
# ## $@ $. # #
# $ $  # # ..#
## ##  ##.# ##
#   #   # $  #
## ##. ## # ##
##############",14,8,5,0,"easy_negative",15218065306723624442
"##############
####      ####
# #  ##   #@ #
#    ##  $ ..#
####$  #.#   #
##  $  $   # #
#    . # #   #
##############",14,8,4,1,"positive",1080232077068575022
"##############
####      ####
# #  ##$  #@ #
#    ##  $ ..#
####$  #.#   #
##  $      # #
#    . # #   #
##############",14,8,4,0,"hard_negative",1080232077068575022
"###########
## ### ####
#  @## #  #
## # $ $. #
# $ $#    #
# ##$#$## #
# ## # ## #
#   $##. .#
# #.  # # #
#  .  $ ..#
## ## #.  #
#    #    #
## ########
###########",11,14,8,0,"easy_negative",11831158595440716051
"##############
####      ####
# #  ##   #@ #
#    ##    *.#
####$  #.#   #
##  $  $   # #
#    . # #   #
##############",14,8,4,1,"positive",1080232077068575022
"##############
####      ####
# #  ##   #@ #
#    ##    $.#
####$  #.#   #
##  $  $   # #
# .  . # #   #
##############",14,8,4,1,"positive",1080232077068575022
"##############
####      ####
# #  ##   #@ #
#    ##    $.#
####$  # #   #
##  $  $   # #
# .  . #.#   #
##############",14,8,4,1,"positive",1080232077068575022
"##############
####      ####
# #  ##$  #@ #
#    ##    $.#
####   # #   #
##  $  $   # #
# .  . #.#   #
##############",14,8,4,0,"hard_negative",1080232077068575022
"##############
####      ####
# #  ##   #@ #
#    ##.   $ #
####$  # #   #
##  $  $   # #
# .  . #.#   #
##############",14,8,4,1,"positive",1080232077068575022
"###########
##.########
#  @   # ##
##$# $..$##
#    $    #
#   ### ###
#  .# #$###
##### # . #
##  $ $ ###
#   #.#.###
###########",11,11,7,0,"easy_negative",14110962985798240043
"########
# ######
# ### @#
#.  ## #
#.  ...#
### $# #
### $$ #
####$$##
## # $##
##.   ##
########",8,11,6,0,"easy_negative",10645208277487395376
"###########
## .#  ####
##  #    ##
##  #  $ .#
# .   #   #
# #   #####
# $   ## ##
# ##$##   #
# ##  # $ #
#.$   . $ #
###### #  #
# @ ##.# ##
#       ###
###########",11,14,6,0,"easy_negative",4522596581935231505
"##############
####    # # ##
##  $#  #    #
#      $#.#.##
# #### .  $  #
#  ## ### $ ##
# $ ..###. ###
#  $##@   ####
##  ##.#    ##
####   ##$ ###
#   ###   ## #
##   #  #$# .#
####         #
##############",14,14,8,0,"easy_negative",9319525329729342957
"########
#.   .@#
# #$$# #
#  ..$ #
#. #$$ #
# ## # #
#  #   #
########",8,8,5,1,"positive",17981544703209633343
"########
#.   .@#
# #*$# #
#   .$ #
#. #$$ #
# ## # #
#  #   #
########",8,8,5,0,"hard_negative",17981544703209633343
"########
#.   .@#
# #$$# #
#  ..$ #
#  #$$ #
# ##.# #
#  #   #
########",8,8,5,0,"hard_negative",17981544703209633343
"########
#. @ . #
# #$$# #
#  ..$ #
#. #$$ #
# ## # #
#  #   #
########",8,8,5,1,"positive",17981544703209633343
"########
#.   + #
# #$$# #
#  ..$ #
#. #$$ #
# ## # #
#  #   #
########",8,8,5,1,"positive",17981544703209633343
"########
#.   + #
# # $# #
# $..$ #
#. #$$ #
# ## # #
#  #   #
########",8,8,5,1,"positive",17981544703209633343
"########
#.   + #
# # $# #
# $*.$ #
#. # $ #
# ## # #
#  #   #
########",8,8,5,0,"hard_negative",17981544703209633343
"########
#.   + #
# # $# #
# $ .$ #
#. #$$.#
# ## # #
#  #   #
########",8,8,5,1,"positive",17981544703209633343
"##############
#   ####  .  #
### # .# #$$ #
### .  ###  @#
###  #    #$##
### ###    $ #
#.   #    # ##
##############",14,8,4,0,"easy_negative",15842420868224928493
"########
##.#.  #
#. .   #
##@#   #
####$$##
# $ . ##
# $$ ###
### # ##
###. $ #
#   # ##
########",8,11,6,0,"easy_negative",13910490576513864579
"###########
##     ..@#
## $$##$# #
##  .##$$ #
#. #. # $.#
#  #  ### #
#  #  ### #
###########",11,8,6,0,"easy_negative",16500750464237654470
"##############
#      # #   #
## $# $  $ # #
### #### #####
#.  #.@.  # ##
#  $# # # $  #
#.   ##.  # ##
##############",14,8,5,0,"easy_negative",16506260954763155437
"########
#  . . #
#  ### #
#.#### #
# $ ## #
# #$# ##
# $$@ ##
##  $.##
###   ##
##  .###
# $.$$ #
#.# ## #
######.#
########",8,14,8,0,"easy_negative",13759279285657202370
"###########
#  . @    #
# # $##$ .#
#  .$##   #
##$    #$##
##.  # $ .#
###..  # ##
## # $ ####
#    #    #
## #      #
###########",11,11,7,0,"hard_negative",6990241887278988209
"###########
#  .      #
# # $##$ .#
#  . ##   #
##$    #$##
##.  # $ .#
###..  # ##
## #$$ ####
#@   #    #
## #      #
###########",11,11,7,1,"positive",6990241887278988209
"########
#@   ###
####$###
# . $ .#
#  $   #
#### ###
#.$  ###
##.  ###
##$$ .##
##  ####
## #   #
#  . $ #
##.#   #
########",8,14,7,0,"easy_negative",13505514624733306222
"###########
#  .      #
# # $##$ .#
#  . ##   #
##$    #$##
##.  # $ .#
###..  # ##
## #$$ ####
#    #@   #
## #      #
###########",11,11,7,1,"positive",6990241887278988209
"##############
#   ##### ## #
#    $ ##$## #
# $.$ .      #
#### .###$@  #
# .#$.###$####
# .   #    . #
##############",14,8,7,0,"easy_negative",15492431369409727278
"########
#   ####
#.$$#.##
#     ##
##$ .  #
##  ####
##.$   #
#  $## #
#@# #  #
#   .  #
########",8,11,5,1,"positive",8273864500970479209
"########
#   ####
#.$$#.##
#     ##
##$    #
##  ####
##.$   #
#  $## #
#@# #  #
#   . .#
########",8,11,5,1,"positive",8273864500970479209
"##############
###    ##    #
###$#####  # #
#.  $$   @   #
#.  ##$#. #  #
### #. ##$# ##
###.####  ####
##############",14,8,5,0,"easy_negative",32311131150848799
"##############
#  .       ###
#### #  #  ###
# $  . .     #
####   # ## ##
#    ##@     #
#    ### ## ##
#### .$  #####
## # ### ##  #
# .#$#### ## #
##   $ .$$ . #
##  ##$$# #  #
## .##    ## #
##############",14,14,8,0,"easy_negative",3080850558789598300
"########
#   ####
#.$ #.##
#  $  ##
##$    #
##  ####
##.$   #
#  $## #
#@# #  #
#   . .#
########",8,11,5,1,"positive",8273864500970479209
"##############
###      .   #
##   # ##### #
#. $###   ##.#
###  . @  # ##
###$#.$ ## $ #
#.  ##  ### ##
#  #### $  . #
# $#  #   ## #
# $# ####### #
## #    ##   #
# $ .## ##   #
## # ##   ####
##############",14,14,8,0,"easy_negative",9992835215125976084
"########
#   ####
#.$ #.##
#  $  ##
##$    #
##  ####
##.$   #
#  $## #
#@# #  #
# . .  #
########",8,11,5,0,"hard_negative",8273864500970479209
"########
###    #
##@ ##.#
##.$##.#
##.  $ #
## $ # #
##  $ .#
###$.###
## $ ###
#      #
########",8,11,6,1,"positive",6168896134160625493
"########
###    #
##  ##.#
##.$##.#
##.  $ #
## $ # #
##  $ .#
###$.###
## $@###
#      #
########",8,11,6,1,"positive",6168896134160625493
"########
#   ####
# $ #.##
#  $  ##
##$    #
##  ####
##.$   #
#. $## #
#@# #  #
#   . .#
########",8,11,5,1,"positive",8273864500970479209
"########
###  @ #
##  ##.#
##.$##.#
##.  $ #
## $ # #
##  $ .#
###$.###
## $ ###
#      #
########",8,11,6,1,"positive",6168896134160625493
"########
#   ####
# $ #.##
#  $  ##
##$    #
##  ####
##.$  @#
#. $## #
# # #  #
#   . .#
########",8,11,5,1,"positive",8273864500970479209
"########
###  @ #
##  ##.#
##.$##.#
##.  $ #
## $$# #
##    .#
###$.###
## $ ###
#      #
########",8,11,6,1,"positive",6168896134160625493
"########
#   # ##
# # $  #
#####@##
##...  #
###$.###
## $$###
# .$ $ #
####$###
# . .###
########",8,11,7,0,"easy_negative",9919063092233994516
"##############
##   .       #
## ####$#$## #
#####.# $ ## #
### $    ##@ #
### #  $ ### #
#   ###$ ##  #
#.####    #  #
# ### .##### #
#  .###   #  #
###$####.##. #
## $ # .  ## #
##     # ##  #
##############",14,14,8,0,"easy_negative",4750909708684785538
"########
# ######
#  #  ##
# $$$ .#
# . ##.#
###$#..#
###$#  #
#  .#$##
# ##  @#
# ### ##
########",8,11,6,0,"easy_negative",2286006721636831761
"###########
# ##   #.##
# ##$#@   #
#.$    # ##
# ##$ .## #
# ## #$## #
#       . #
# .$ #  .##
#### # $ ##
#    #  ###
###########",11,11,6,0,"easy_negative",8651341736960883548
"########
#  .   #
######.#
##.### #
#    # #
###$$# #
###@$#.#
## .$$ #
## .$$ #
##. ####
########",8,11,7,0,"easy_negative",3356754459400198997
"########
###  @ #
##  ##.#
##.$##.#
##.  $ #
##  $# #
##  $ .#
###$.###
## $ ###
#      #
########",8,11,6,1,"positive",6168896134160625493
"###########
#####.#  .#
## #.$$$ ##
#. ## #$###
#.  ## . ##
### # $$ ##
###    @###
###########",11,8,6,0,"easy_negative",7281456178010176659
"##############
#   ##### . .#
#   # @#.#   #
#   ## $$# . #
### # #  ## ##
##    $ $# $ #
## .# #  ## ##
#  $ #     $ #
# $  #  # #  #
#### #   .## #
###      .  ##
### . ####  ##
#   ###     ##
##############",14,14,8,0,"easy_negative",6457174241876388769
"##############
#   # ## #   #
# #  .  .$   #
#   # ## #####
### # #      #
###     # ####
#   # #   $  #
###  $$  .   #
##  #  ####  #
#  .## @  ## #
##############",14,11,4,1,"positive",11111384222453175383
"##############
#   # ## #   #
# #  .  .$   #
#   # ## #####
### # #      #
###     # ####
#   # #   $$ #
###   $  .   #
##  #  ####  #
#  .## @  ## #
##############",14,11,4,0,"hard_negative",11111384222453175383
"##############
#   # ## #   #
# #  .  .    #
#   #$## #####
### # #      #
###     # ####
#   # #   $  #
###  $$  .   #
##  #  ####  #
#  .## @  ## #
##############",14,11,4,1,"positive",11111384222453175383
"##############
#   # ## #   #
# #  .  .    #
#   #$## #####
### # #      #
###     # ####
#   # #      #
###  $$  *   #
##  #  ####  #
#  .## @  ## #
##############",14,11,4,1,"positive",11111384222453175383
"##############
# @ # ### #.##
# .$   #   $.#
# $ # ##  # ##
# #$### $  ###
# #.#  .   ###
# #    ###.  #
#.#$# ## ## ##
# #$.#    $  #
# # #### ## ##
##############",14,11,8,0,"easy_negative",1079732975203210130
"###########
# ##   . ##
#.#####  ##
# $$$  @ ##
#   ##. ###
#  ## $$###
# ##   .. #
###########",11,8,5,0,"easy_negative",14404180153670579275
"##############
## ###  ## ###
#  $ # $ # ###
## ###   #@  #
#.$ ###     ##
# .. #    $ ##
#### . ###  ##
##############",14,8,4,0,"easy_negative",3033668318621752781
"##############
#   # ## #   #
# #     .    #
#   #$## #####
### # #      #
###     # ####
#   # #      #
###  $$  *   #
##  #  ####  #
# ..## @  ## #
##############",14,11,4,0,"hard_negative",11111384222453175383
"##############
#   # ## #   #
# #  .  . @  #
#   #$## #####
### # #      #
###     # ####
#   # #      #
###  $$  *   #
##  #  ####  #
#  .##    ## #
##############",14,11,4,0,"hard_negative",11111384222453175383
"##############
#   # ## #   #
# #  .  .    #
#   #$## #####
### # #      #
###     # ####
#   # #  .   #
###  $$  *   #
##  #  ####  #
#   ## @  ## #
##############",14,11,4,1,"positive",11111384222453175383
"##############
#   # ## #   #
# #     .    #
#   #$## #####
### # #      #
###     # ####
#   # #  .   #
###  $*  *   #
##  #  ####  #
#   ## @  ## #
##############",14,11,4,1,"positive",11111384222453175383
"########
# ## ###
#. #$@##
#      #
###$####
##.$#  #
#    . #
########",8,8,3,0,"easy_negative",12159976312833989873
"###########
#         #
#   # $####
#@  ##$ $ #
##$#.$ #$##
#... ..   #
## #   # ##
###########",11,8,6,0,"easy_negative",10483014088595003144
"###########
######    #
#   ## ####
#   $..$@ #
#  #$   # #
# .# #$ # #
# ##   .# #
###########",11,8,4,1,"positive",2188939434225396148
"###########
######    #
#   ## ####
#  $$..$@ #
#  #    # #
# .# #$ # #
# ##   .# #
###########",11,8,4,0,"hard_negative",2188939434225396148
"###########
######    #
#   ## ####
#   $..$@ #
#  #$   # #
# .# # $# #
# ##   .# #
###########",11,8,4,1,"positive",2188939434225396148
"###########
######    #
#   ## ####
#   $ .$@ #
#  #$   #.#
# .# # $# #
# ##   .# #
###########",11,8,4,0,"hard_negative",2188939434225396148
"###########
######    #
#  .## ####
#   $. $@ #
#  #$   # #
# .# # $# #
# ##   .# #
###########",11,8,4,1,"positive",2188939434225396148
"###########
######    #
#  .## ####
#   $  $@ #
#  #$ . # #
# .# # $# #
# ##   .# #
###########",11,8,4,0,"hard_negative",2188939434225396148
"###########
######@   #
#  .## ####
#   $. $  #
#  #$   # #
# .# # $# #
# ##   .# #
###########",11,8,4,0,"hard_negative",2188939434225396148
"###########
######    #
# @.## ####
#   $. $  #
#  #$   # #
# .# # $# #
# ##   .# #
###########",11,8,4,0,"hard_negative",2188939434225396148
"###########
######    #
#  .##$####
#   $.  @ #
#  #$   # #
# .# # $# #
# ##   .# #
###########",11,8,4,0,"hard_negative",2188939434225396148
"###########
######   @#
#  .## ####
#   $. $  #
#  #$   # #
# .# # $# #
# ##   .# #
###########",11,8,4,0,"hard_negative",2188939434225396148
"###########
######    #
#@ .## ####
#   $. $  #
#  #$   # #
# .# # $# #
# ##   .# #
###########",11,8,4,0,"hard_negative",2188939434225396148
"###########
######    #
#  .## ####
#   $.@$  #
#  #$   # #
# .# # $# #
# ##   .# #
###########",11,8,4,0,"hard_negative",2188939434225396148
"###########
######    #
#  .## ####
#   $  $@ #
#  #$   # #
# .# # $# #
#.##   .# #
###########",11,8,4,1,"positive",2188939434225396148
"###########
######    #
#  .## ####
#   $  $@ #
#  #$ $ # #
# .# #  # #
#.##   .# #
###########",11,8,4,0,"hard_negative",2188939434225396148
"###########
######    #
#  .## ####
#   $  $+ #
#  #$   # #
#  # # $# #
#.##   .# #
###########",11,8,4,1,"positive",2188939434225396148
"###########
# ##    ###
#.##### ###
#.. # # $ #
###$$  @  #
## $.#$####
#    .    #
###########",11,8,5,0,"easy_negative",11851444131391494151
"###########
#    ### ##
# ##. #   #
# ###### ##
#      $  #
#   $##.  #
#### ## . #
# @   .#  #
# $ ####  #
#    $ #  #
##  ##    #
##  ## ## #
##     ## #
###########",11,14,4,0,"easy_negative",7098875733221403263
"########
######.#
#.# # .#
#   @$.#
# $### #
# $###.#
# $# $ #
# $ #$ #
#.# #$ #
#.  #. #
########",8,11,8,0,"easy_negative",9057178981900697647
"###########
# ##. .   #
# ##$$$## #
# $ @ .##.#
## $$ # . #
###$$## # #
##  . #.. #
###########",11,8,8,0,"easy_negative",4595898123341188150
"###########
#        .#
#   ###.# #
####      #
# #####   #
#.@##  # .#
#  #   ## #
##$#   $$ #
# $ $#.#  #
## #  $## #
### $  .###
## . ##  ##
#    ######
###########",11,14,7,0,"easy_negative",8343074746219856542
"###########
###.  #####
##  $ ##  #
#     #   #
#####     #
#   ## $ ##
#   #   ###
# $ #$#   #
### . .  .#
### # # $ #
#   # #@$##
###.    .##
### # #  ##
###########",11,14,6,1,"positive",2597936241646990389
"##############
#. ###  # .# #
# ####$ #  # #
# @#    #  # #
#   .# $     #
#.#  #       #
#    #$#######
# # # $# # ###
# # ##  $   ##
# #$# $#.#####
#.     # #   #
#### ##    # #
#    ### #  .#
##############",14,14,7,0,"easy_negative",11230153749920034200
"###########
###.  #####
##  $ ##  #
#     # $ #
#####     #
#   ## $ ##
#   #   ###
# $ # #   #
### . .  .#
### # # $ #
#   # #@$##
###.    .##
### # #  ##
###########",11,14,6,1,"positive",2597936241646990389
"##############
# ## ##      #
# ##$##  #####
#     . ## . #
## # ##### $ #
# .  ##   $#@#
## #   $     #
#####.#   ####
#  ###  #$# ##
# . # #   #$.#
## #   # #   #
#    .    $ ##
## ##### # ###
##############",14,14,7,0,"easy_negative",14713078391084585043
"###########
###.  #####
##  $ ##  #
#     # $ #
#####     #
#   ##   ##
#   #   ###
# $ # #   #
### . .  .#
### # # $ #
#   # #@$##
###.$   .##
### # #  ##
###########",11,14,6,1,"positive",2597936241646990389
"########
#    # #
# # .# #
#### # #
## #  .#
# $  # #
##.#.  #
#   ####
# #.@#.#
# $$   #
#.$$$$.#
# ##$# #
# ##   #
########",8,14,8,0,"easy_negative",16538188323186720766
"###########
###.  #####
##  $ ##  #
#     # $ #
#####     #
#   ##   ##
#   #   ###
#   # #$  #
### . .  .#
### # # $ #
#   # #@$##
###.$   .##
### # #  ##
###########",11,14,6,1,"positive",2597936241646990389
"###########
##  #@    #
##  # #.###
##$ ###$###
# . # #$###
# # . $ .##
#   # #   #
###########",11,8,4,0,"easy_negative",16086640082432735021
"########
#@    ##
# #$  ##
#.$   ##
#  $.###
#.#$.###
#      #
########",8,8,4,1,"positive",10315717192831212785
"########
#     ##
# #$  ##
#.$   ##
# @$.###
#.#$.###
#      #
########",8,8,4,1,"positive",10315717192831212785
"########
#     ##
# #$  ##
#.$   ##
#@ $.###
#.#$.###
#      #
########",8,8,4,1,"positive",10315717192831212785
"########
#     ##
# #$  ##
#.$   ##
#+ $.###
#.#$ ###
#      #
########",8,8,4,1,"positive",10315717192831212785
"########
#     ##
# #$  ##
# $   ##
#+ $.###
#.#* ###
#      #
########",8,8,4,1,"positive",10315717192831212785
"###########
#.## ##.  #
#  # ##   #
#     $ $.#
# $# ### ##
#  # @#.  #
#  ### #$##
# . ## $  #
### # #  ##
###   #####
###########",11,11,5,0,"easy_negative",9435841308406495813
"###########
## #    . #
# $$ ##$# #
##$# ##  .#
# .# $.#$##
#..#.@$.$ #
#  ##### ##
###########",11,8,8,0,"easy_negative",6659482689356186822
"########
#      #
# # $$.#
#..$####
#  $ # #
##.  #@#
###  # #
#  $$. #
#  #.  #
# ######
########",8,11,6,0,"easy_negative",10261166582972610580
"###########
##### #   #
##.  $  ###
# $.# # ###
#   # #####
###  $$ # #
### #.#@. #
###########",11,8,4,0,"easy_negative",14293934173457617607
"########
## #   #
#@  $$.#
##$#   #
# $ #.##
#  # $ #
#.### ##
#.######
# ### ##
#  .  ##
########",8,11,5,0,"easy_negative",7917306334952222699
"###########
###.  #####
##  $ ##  #
#     # $ #
#####     #
#   ## @ ##
#   #   ###
#   # #$  #
### . .  .#
### # # $ #
#   # # $##
###.$   .##
### # #  ##
###########",11,14,6,1,"positive",2597936241646990389
"###########
#      # ##
# # #     #
#   ## # ##
#       ###
#### ## @##
#  $ ##  ##
## # .# . #
### $ ### #
## #  ###.#
#   $   ###
#   .$   ##
#   #######
###########",11,14,4,0,"easy_negative",16961244482801814038
"########
#.#    #
# #  # #
# #$$  #
#.$. ###
# @ $ ##
####.  #
########",8,8,4,1,"positive",2368496154865960217
"########
#.#    #
# #  # #
# #$$  #
#.$. ###
#   $ ##
####. @#
########",8,8,4,1,"positive",2368496154865960217
"########
#.#    #
# #  # #
# # $  #
#.$.$###
#   $ ##
####. @#
########",8,8,4,0,"hard_negative",2368496154865960217
"########
#.#    #
# #  # #
# #$$  #
#.$. ###
#  @$ ##
####.  #
########",8,8,4,1,"positive",2368496154865960217
"########
#.#    #
# #  # #
# #$$  #
#.$. ###
#@  $ ##
####.  #
########",8,8,4,1,"positive",2368496154865960217
"########
#.#  . #
# #  # #
# #$$  #
#.$  ###
#@  $ ##
####.  #
########",8,8,4,1,"positive",2368496154865960217
"###########
####.     #
#  # ####.#
#  $ ####.#
## # # #  #
#### #.#  #
# @$ # # .#
#### # $$ #
## #.# ## #
## $ # ##.#
# $$##   ##
#   #  # ##
#####  ####
###########",11,14,7,0,"easy_negative",5859530598312108411
"########
#..    #
# $$$###
####$###
#     .#
#. ###@#
# #### #
########",8,8,4,0,"easy_negative",8803842764193841341
"########
####@###
# #  .##
#    $.#
#.$..  #
###  ###
### $###
####   #
# $ $  #
#      #
########",8,11,5,0,"easy_negative",10480472147421968905
"##############
##. # ##  ## #
###   @## #  #
##  # ##  #  #
#   ##. #  # #
###.## .#  # #
###   $ #  # #
## #### $ $$ #
#        ### #
## #   ##### #
#         ## #
##   # ####  #
###        ###
##############",14,14,4,0,"easy_negative",3870712600665023867
"###########
#   #. ####
#...#$ #  #
#@  #$ ## #
# ##  $$$ #
# ## ##  .#
#    ######
###########",11,8,5,0,"easy_negative",11730138819378987620
"##############
#    #       #
# #  # ####  #
#    #.# ### #
#   ##    #  #
# # ##. # ## #
# .  $ ####  #
#   $ $@ .   #
# ###   $    #
# #####   ####
##############",14,11,4,1,"positive",17139036287250867832
"##############
#    #       #
# #  # ####  #
#    #.# ### #
#   ##    #  #
# # ##. # ## #
# .  $ ####  #
#   $ $@ .$  #
# ###        #
# #####   ####
##############",14,11,4,1,"positive",17139036287250867832
"##############
#    #       #
# #  # ####  #
#    #.# ### #
#   ##    #@ #
# # ##. # ## #
# .  $ ####  #
#   $ $  .$  #
# ###        #
# #####   ####
##############",14,11,4,1,"positive",17139036287250867832
"##############
#    #    # ##
#   #####    #
#    # ## # ##
#### #  #   ##
#    # ### ###
#    #  #   ##
#.  # #@  #  #
# #$ $ .### ##
#   # # ## ###
## ##    $   #
# . #  ###$  #
##.###       #
##############",14,14,4,0,"easy_negative",7511347597920013400
"##############
#    #       #
# #  # ####  #
#    #.# ### #
#   ##  $ #@ #
# # ##. # ## #
# .  $ ####  #
#   $    .$  #
# ###        #
# #####   ####
##############",14,11,4,0,"hard_negative",17139036287250867832
"##############
#    #       #
# #  # ####  #
#    #.# ### #
#   ##    #@ #
# # ##. # ## #
# .    ####  #
#   $ $ $.$  #
# ###        #
# #####   ####
##############",14,11,4,1,"positive",17139036287250867832
"##############
#    #       #
# #  # ####  #
#    #.# ### #
#  $##    #@ #
# # ##. # ## #
# .    ####  #
#   $ $  .$  #
# ###        #
# #####   ####
##############",14,11,4,1,"positive",17139036287250867832
"########
#.  .###
###$$@##
### ####
# . .  #
# #### #
# ####.#
# $ # ##
# ##   #
# ### ##
#   $$ #
# #  # #
#      #
########",8,14,5,0,"easy_negative",1867059915608799830
"##############
#    . ## ####
###. #$#  $ ##
###.@$$   $ .#
#.$ #   #### #
# #$## # ### #
# . #  #   . #
##############",14,8,7,0,"easy_negative",13559946939401421271
"##############
#   .  #  ####
# #  ###     #
#    ###   $ #
## #$      # #
#    # ###$# #
## #   .   # #
##  #  ## ####
##  #  ## #. #
## $#      . #
###   @  ##  #
##   #   ##  #
####    ###  #
##############",14,14,4,0,"easy_negative",2700622532705509125
"########
## #   #
# $  #.#
##.#   #
#  .#  #
# ###$ #
# ###  #
#   ####
#      #
####$  #
# ##$###
# ##$###
#  . .@#
########",8,14,5,0,"easy_negative",8389750964477273790
"##############
###       ####
##   # $#  .##
##   $     ###
###$ ##  $ . #
###  ##$###  #
#   $.  #### #
#   . #.##   #
##  #.# #### #
### ## @  ## #
##############",14,11,6,1,"positive",1342113254180056985
"##############
##   . ####  #
###$      #  #
##. ###   #  #
#   .    $   #
#   ## ### ###
######  $  ###
#   #### #.$ #
#    $     # #
# .    # #@  #
##############",14,11,5,0,"easy_negative",2309510804621134652
"##############
###       ####
##   # $#  .##
##   $     ###
###$$##  $ . #
###  ## ###  #
#   $.  #### #
#   . #.##   #
##  #.# #### #
### ## @  ## #
##############",14,11,6,1,"positive",1342113254180056985
"##############
#      ###  ##
#  ####  # ###
# ##..$     ##
# ## # $. #  #
# #####.# #  #
#  @ #    #  #
####     $## #
# #    ## ## #
#      ##$   #
#   ##### #  #
# ###  ## #  #
# ####    #  #
##############",14,14,4,0,"easy_negative",6749214446266113744
"##############
###       ####
##   # $#  .##
##   $     ###
###$$##  $ . #
###  ## ###  #
#   $+  #### #
#   . #.##   #
##  #.# #### #
### ##    ## #
##############",14,11,6,1,"positive",1342113254180056985
"##############
#   ##  ..# ##
##  ##  # $  #
###  $ ####.##
# #     ###  #
# #  #$ ###  #
# #   $   #  #
#   ## # #.  #
## @##     # #
###    # #####
##############",14,11,4,0,"easy_negative",14458443856312703991
"########
# ######
#@ ##  #
#  $   #
# .   ##
# #  .##
####  ##
## # $ #
#.$ .$ #
## #   #
########",8,11,4,1,"positive",4669668456575811108
"########
# ######
#  ##  #
#  $@  #
# .   ##
# #  .##
####  ##
## # $ #
#.$ .$ #
## #   #
########",8,11,4,1,"positive",4669668456575811108
"########
# ######
#  ##  #
#  $@  #
# .   ##
# # $.##
####  ##
## # $ #
#.$ .  #
## #   #
########",8,11,4,1,"positive",4669668456575811108
"########
# ######
#  ##  #
#  $@  #
# .   ##
# # $.##
####  ##
## #   #
#.$ .$ #
## #   #
########",8,11,4,1,"positive",4669668456575811108
"########
# ######
#  ##  #
#  $@  #
# .  .##
# # $.##
####  ##
## #   #
# $ .$ #
## #   #
########",8,11,4,0,"hard_negative",4669668456575811108
"########
# ######
#  ##  #
# $ @  #
# .   ##
# # $.##
####  ##
## #   #
#.$ .$ #
## #   #
########",8,11,4,1,"positive",4669668456575811108
"###########
###@### ###
## .  $ ###
#  ..  $  #
##### ##$ #
#  $   # ##
#.  # #####
###########",11,8,4,0,"easy_negative",17792364426766416424
"########
#     ##
# ...###
####$ ##
####$$ #
# # $@ #
#   .  #
########",8,8,4,0,"easy_negative",4286320842960363315
"########
#   . @#
# #. ###
# $ $###
###.   #
##  $# #
##$$   #
#  $ $ #
# #### #
#.####.#
# ##  .#
#.## ###
#    ###
########",8,14,7,0,"easy_negative",2372008107740231891
"########
#   .. #
#.##$# #
# ##@$ #
## # ###
# $$$###
##.#.  #
########",8,8,5,0,"easy_negative",3367116432465147323
"##############
#  .     .   #
# #$ # $#  # #
#  $ .$ .    #
##$#     @##.#
# $ #.  #  # #
## ### ##### #
##############",14,8,6,0,"easy_negative",258673766085057528
"##############
###       ####
##   # $#  .##
##   $     ###
###$$##  $ . #
###  ## ### @#
#   $.  #### #
#   . #.##   #
##  #.# #### #
### ##    ## #
##############",14,11,6,1,"positive",1342113254180056985
"###########
###    ## #
###  #.## #
#   $.    #
#  $$    ##
###  # $###
###.### @##
#   #### ##
#  ##  .  #
# ##   # ##
#   $    ##
# ##### ###
# ## .   ##
###########",11,14,5,0,"easy_negative",11989025219793060752
"###########
## #   ####
#.$ . $@# #
## #  $   #
##.  #  . #
## $###  ##
##   #  ###
###########",11,8,4,1,"positive",15076537168536862537
"###########
## #   ####
#.$ . $ # #
## #  $   #
##.  #  . #
## $### @##
##   #  ###
###########",11,8,4,1,"positive",15076537168536862537
"###########
## #   ####
#.$ .   # #
## #  $   #
##.  #  . #
## $###$@##
##   #  ###
###########",11,8,4,0,"hard_negative",15076537168536862537
"###########
## #   ####
#.$ . $ # #
## #  $   #
##.  #    #
## *### @##
##   #  ###
###########",11,8,4,0,"hard_negative",15076537168536862537
"###########
## #   ####
#.$ . $ # #
## #  $   #
##.  #    #
## $###.@##
##   #  ###
###########",11,8,4,1,"positive",15076537168536862537
"###########
## #   ####
#.$ . $ # #
## #  $   #
##.  #   @#
## $###. ##
##   #  ###
###########",11,8,4,1,"positive",15076537168536862537
"###########
## #   ####
#.$ .   # #
## #  $ $ #
##.  #   @#
## $###. ##
##   #  ###
###########",11,8,4,1,"positive",15076537168536862537
"########
#.    .#
# #$$###
# $$.###
#.@#$$ #
#.##$###
#. #.###
########",8,8,7,0,"easy_negative",9715698070833519894
"##############
## # #   #  .#
#. $ #$ ##$###
## # #   # ###
####   $     #
#    #.   ####
#  @###     .#
##############",14,8,4,0,"easy_negative",11006137986048365916
"###########
# ##@     #
#.## # ####
#   $  $. #
## .$ #   #
### $## .##
##    #####
###########",11,8,4,0,"easy_negative",9199313641778931296
"###########
#### ### ##
# #  .#   #
#      # ##
#  ##     #
#@$## #####
# .####   #
#  ## # # #
#  #  $ # #
#  ## # # #
##$ ###  ##
## ..# $ ##
###      ##
###########",11,14,4,0,"easy_negative",13925261704878903345
"###########
##.# #### #
#    #### #
##$#  .$  #
#.. @ #   #
#  ## # # #
# ####    #
# $$ ######
# ## ### ##
# ##   # .#
# ## #   ##
#  # # $ ##
#### #  ###
###########",11,14,5,0,"easy_negative",6851513681561447582
"###########
##     . ##
##  ##$  ##
##  ##   ##
#  $ ## ###
# # $##  ##
#.   @$$$ #
# ##  . . #
#. ##. ## #
#  ###### #
###########",11,11,6,1,"positive",10889721074339439460
"########
#   ####
# # #  #
# .$##.#
###.## #
### ## #
#. $   #
# # $  #
####$# #
# #    #
#.$$@  #
###.$#.#
###    #
########",8,14,7,0,"easy_negative",8660487020116819004
"###########
##     . ##
## @##$  ##
##  ##   ##
#  $ ## ###
# # $##  ##
#.    $$$ #
# ##  . . #
#. ##. ## #
#  ###### #
###########",11,11,6,1,"positive",10889721074339439460
"###########
##     . ##
## @##$  ##
##  ##   ##
#    ## ###
# # $##  ##
#.   $$$$ #
# ##  . . #
#. ##. ## #
#  ###### #
###########",11,11,6,0,"hard_negative",10889721074339439460
"##############
####  . ######
#   ##   ## ##
# $ ##   .#  #
## $ #### #$##
###  #### $  #
##   @ .  # ##
###  # ### ###
## .###  # .##
##   # $     #
#   #.# ### ##
#  $  $  #   #
##### #  ##.##
##############",14,14,7,0,"easy_negative",6471664841555729102
"###########
##     . ##
##  ##$  ##
##  ##@  ##
#  $ ## ###
# # $##  ##
#.    $$$ #
# ##  . . #
#. ##. ## #
#  ###### #
###########",11,11,6,1,"positive",10889721074339439460
"###########
##     . ##
##  ##$  ##
##  ##@  ##
#  $ ##$###
# #  ##  ##
#.    $$$ #
# ##  . . #
#. ##. ## #
#  ###### #
###########",11,11,6,0,"hard_negative",10889721074339439460
"###########
##     . ##
##  ##$  ##
##  ##@$ ##
#    ## ###
# # $##  ##
#.    $$$ #
# ##  . . #
#. ##. ## #
#  ###### #
###########",11,11,6,0,"hard_negative",10889721074339439460
"########
# . ####
##  $.##
### .###
## # @ #
# $$$. #
## #####
#      #
### ## #
### ## #
#   ## #
#  $#. #
#   ####
########",8,14,5,0,"easy_negative",14504582561560707925
"###########
##     . ##
##  ##$. ##
##  ##@  ##
#  $ ## ###
# # $##  ##
#.    $$$ #
# ##  .   #
#. ##. ## #
#  ###### #
###########",11,11,6,1,"positive",10889721074339439460
"##############
#     # ##  .#
#.# # # ##$# #
#  $### . $. #
# # ## #@##  #
# # # $   # .#
# # $$ # ##  #
## # $  ##.  #
#    # $ # ###
## ####.  .###
##############",14,11,8,0,"easy_negative",3405488875945581288
"##############
###       ####
##   # $#  .##
##   $     ###
###$$##  $ . #
###  ## ### @#
#    .$ #### #
#   . #.##   #
##  #.# #### #
### ##    ## #
##############",14,11,6,1,"positive",1342113254180056985
"########
#  #  ##
# ##  ##
#  #@ ##
##.  $ #
##   # #
##     #
##$# . #
#   # .#
## ### #
## # .##
# $ $ ##
## # ###
########",8,14,4,0,"easy_negative",2167661713686466982
"###########
##     . ##
##  ##$. ##
##  ##   ##
#  $ ## ###
# # $##  ##
#. @  $$$ #
# ##  .   #
#. ##. ## #
#  ###### #
###########",11,11,6,1,"positive",10889721074339439460
"########
# ##   #
# #.$ .#
# ##$$ #
# ##$# #
#.## # #
#.  @# #
########",8,8,4,0,"easy_negative",7997676172286789444
"########
#### ###
##@   ##
### ####
##. ####
##   $ #
##.$.  #
## ##$##
#.$    #
## ## ##
#.$ # ##
# . $$ #
#####.##
########",8,14,7,1,"positive",10777947547731307240
"########
#### ###
##    ##
### ####
##. ####
##   $ #
##.$.  #
##@##$##
#.$    #
## ## ##
#.$ # ##
# . $$ #
#####.##
########",8,14,7,1,"positive",10777947547731307240
"########
#### ###
##    ##
### ####
##. ####
##   $ #
##.$.  #
## ##$##
#.$ @  #
## ## ##
#.$ # ##
# . $$ #
#####.##
########",8,14,7,1,"positive",10777947547731307240
"########
#### ###
##    ##
### ####
##. ####
##   $ #
##.$.  #
## ##$##
#.$    #
## ## ##
#.$@# ##
# . $$ #
#####.##
########",8,14,7,0,"hard_negative",10777947547731307240
"########
#### ###
##    ##
### ####
##. ####
##   $ #
##.$.  #
## ##$##
#.* @  #
## ## ##
# $ # ##
# . $$ #
#####.##
########",8,14,7,0,"hard_negative",10777947547731307240
"########
#### ###
##    ##
### ####
##. ####
##   $ #
##.$.  #
## ##$##
#.$ @  #
## ## ##
#.$ #$##
# .  $ #
#####.##
########",8,14,7,0,"hard_negative",10777947547731307240
"##############
###    .  ..##
## $ ###    ##
##   #####$ ##
####$  #.# ###
## #  #.$.  ##
## $$###$# .##
#  $@  # .   #
# ##   ##  # #
# ######     #
##############",14,11,8,0,"easy_negative",6098263396265955566
"########
#### ###
##    ##
### ####
##. ####
##     #
##.$.$ #
## ##$##
#.$ @  #
## ## ##
#.$ # ##
# . $$ #
#####.##
########",8,14,7,1,"positive",10777947547731307240
"########
#### ###
##    ##
### ####
##. ####
##     #
##.$.$ #
## ##$##
#.$ @  #
##.## ##
# $ # ##
# . $$ #
#####.##
########",8,14,7,0,"hard_negative",10777947547731307240
"########
#### ###
##    ##
### ####
##. ####
##     #
##.$.$ #
## ##$##
#.$    #
## ## ##
#+$ # ##
# . $$ #
#####.##
########",8,14,7,1,"positive",10777947547731307240
"##############
##  ## ####. #
##  #@  .##  #
### ### ###  #
#       .   ##
# ##$####  ###
# ## ####   ##
# ### .###$$ #
#  ###$   $# #
#####  .$    #
#  .    #  $ #
#  $###### ###
#  . .  #  ###
##############",14,14,8,0,"easy_negative",9985112708956137638
"###########
# . @     #
# # .## # #
# .$ ######
## #    # #
#  $  # # #
## #$## # #
# $$.##   #
##  $.#####
####.     #
###########",11,11,6,0,"easy_negative",9987222196206560684
"########
## #  .#
# $$@#.#
## #$$.#
#      #
#.#$####
#  .   #
########",8,8,5,0,"easy_negative",9012896234088038255
"##############
###  #####  .#
## #@ # # .###
#  # . $$  ###
# .$ #$   ## #
# #  #  # ## #
#### #       #
##############",14,8,4,0,"easy_negative",7844486427365940150
"##############
####  .  @.###
# #         ##
#   $  #######
###$$##  # # #
##   ##$ # # #
#.       # # #
# #  ####    #
# #   ###  # #
# #    .     #
##############",14,11,4,1,"positive",11063620215853625860
"##############
#       . #.##
# #$$#   #.  #
#  .    ### ##
## $# # .$$.##
##.. $  ##$$##
##  # # ## @##
##############",14,8,8,0,"easy_negative",213635524030413787
"##############
####  .  @.###
# #         ##
#   $  #######
###$*##  # # #
##   ##$ # # #
#        # # #
# #  ####    #
# #   ###  # #
# #    .     #
##############",14,11,4,1,"positive",11063620215853625860
"###########
# ## ##   #
#  #$##.###
# .#    ###
##.    ####
##  #### ##
## $ $ #$ #
#  ##  @  #
#. ##  $###
#  ### .###
###########",11,11,5,0,"easy_negative",10822829068147834598
"##############
####  .  @.###
# #         ##
#   $  #######
###$*##  # # #
##   ##$ # # #
#        # # #
# #  ####.   #
# #   ###  # #
# #          #
##############",14,11,4,0,"hard_negative",11063620215853625860
"########
#    # #
# #$ # #
# .$ # #
## # #.#
#  $.# #
##@# # #
##.# $ #
# .$ # #
## #   #
########",8,11,5,1,"positive",18144931049414192470
"########
#    # #
#@#$ # #
# .$ # #
## # #.#
#  $.# #
## # # #
##.# $ #
# .$ # #
## #   #
########",8,11,5,1,"positive",18144931049414192470
"########
#    # #
#@#$ #.#
# .$ # #
## # # #
#  $.# #
## # # #
##.# $ #
# .$ # #
## #   #
########",8,11,5,1,"positive",18144931049414192470
"###########
#.#  ######
# #  .#. ##
#.# ##  ###
#  $  .# ##
# . ##$@  #
###### #$##
#  $    $##
# ##  $# ##
# ##   ####
###########",11,11,6,0,"easy_negative",9470331313915481319
"########
#    #@#
# #$ #.#
# .$ # #
## # # #
#  $.# #
## # # #
##.# $ #
# .$ # #
## #   #
########",8,11,5,1,"positive",18144931049414192470
"########
#   @# #
# #$ #.#
# .$ # #
## # # #
#  $.# #
## # # #
##.# $ #
# .$ # #
## #   #
########",8,11,5,1,"positive",18144931049414192470
"##############
#  #  ###.  ##
#  #$.###  @##
#  #.$#    .##
##      ##$$ #
## #### ##$###
####.      ###
##############",14,8,5,0,"easy_negative",12196192180067894907
"##############
####  .   .###
# #         ##
#  @$  #######
###$*##  # # #
##   ##$ # # #
#        # # #
# #  ####    #
# #   ###  # #
# #    .     #
##############",14,11,4,1,"positive",11063620215853625860
"##############
# ##  . ##   #
# ## #  ##$# #
#   ###$   . #
##  ###$  ## #
## . @ $#$ # #
###  . .  ## #
##############",14,8,5,0,"easy_negative",10794577747883654845
"###########
####.     #
# $   $##.#
#   .. ## #
#   #$#####
## $$    ##
### #.#@  #
###########",11,8,5,0,"easy_negative",11237021976902148722
"########
#####.##
# .  . #
#  .#$##
#.   $##
# #  $##
# $$$ ##
# .### #
# #### #
#  #.  #
# $$.# #
# #  # #
#   @# #
########",8,14,8,0,"easy_negative",7490026455271691369
"##############
####  .   .###
# #         ##
#  @$  #######
### *##  # # #
##   ##$ # # #
#        # # #
# #  ####    #
# #   ### $# #
# #    .     #
##############",14,11,4,1,"positive",11063620215853625860
"##############
# #####   ## #
# ## #    ## #
#  $    .    #
##  ## # #  .#
##$ # #.   # #
##    ## #  .#
# ## ###.# ###
# ## #    $ ##
#   $### # $ #
#      ###   #
# #$$# #   # #
# @    ## .. #
##############",14,14,7,0,"easy_negative",2462934636101278828
"##############
####  .   .###
# #         ##
#   $  #######
### *##@ # # #
##   ##$ # # #
#        # # #
# #  ####    #
# #   ### $# #
# #    .     #
##############",14,11,4,1,"positive",11063620215853625860
"###########
#######  .#
#    # .#.#
# $       #
### ##  $ #
###. .#$# #
#  $ ##   #
##$.##@# ##
## $#     #
##     # ##
###########",11,11,6,0,"easy_negative",2884623054961261535
"########
##### ##
## $$$ #
#   # ##
#.####@#
# ####.#
#      #
###$####
###$ #.#
#    ..#
########",8,11,5,0,"easy_negative",445535590369672447
"##############
#   ######. ##
# #   ##@.  ##
#      ##  $##
#   # ####$$ #
##    . $    #
### # # .    #
##############",14,8,4,1,"positive",2952345649987432565
"##############
#   ######. ##
# #   ##@   ##
#      ## .$##
#   # ####$$ #
##    . $    #
### # # .    #
##############",14,8,4,1,"positive",2952345649987432565
"##############
#   ######. ##
# #   ##   @##
#      ## .$##
#   # ####$$ #
##    . $    #
### # # .    #
##############",14,8,4,1,"positive",2952345649987432565
"##############
#@  ######. ##
# #   ##    ##
#      ## .$##
#   # ####$$ #
##    . $    #
### # # .    #
##############",14,8,4,0,"hard_negative",2952345649987432565
"##############
#   ######. ##
# #   ## $ @##
#      ## . ##
#   # ####$$ #
##    . $    #
### # # .    #
##############",14,8,4,0,"hard_negative",2952345649987432565
"##############
#   ######. ##
# #   ##    ##
#      ##@.$##
#   # ####$$ #
##    . $    #
### # # .    #
##############",14,8,4,1,"positive",2952345649987432565
"##############
#   ######. ##
# # $ ##    ##
#      ##@. ##
#   # ####$$ #
##    . $    #
### # # .    #
##############",14,8,4,1,"positive",2952345649987432565
"###########
## # ##   #
#  $  # # #
##$#. #   #
## ## #  ##
#      $###
## ## #  ##
## ####   #
# $  #    #
## #   $  #
# .#. # #.#
# ## ## #.#
#  #  # #@#
###########",11,14,5,0,"easy_negative",4405650230974355663
"##############
#### . ##  . #
# #  .### $ ##
# $$ ##    ###
#.$$# # $$## #
# #  .. #$#  #
#   #.# . @  #
##############",14,8,8,0,"easy_negative",4832943051080947996
"###########
#      ##.#
# # ##### #
# $.  $$  #
# ##   #..#
#  ###$#$ #
# . ## #  #
##$# $ #  #
# $ @# ## #
##.#  .#. #
###########",11,11,8,0,"easy_negative",14246856780087928981
"###########
##   ..####
##  #   $ #
##  ##    #
###    ####
##   ##   #
##   ##   #
#  ###. # #
# ###  ####
#  ## . # #
#   ### $ #
## $  @$# #
###       #
###########",11,14,4,0,"easy_negative",8862247417991914814
"########
## # ###
# $$.###
##$#.$ #
# $$.#.#
###  #.#
###@ # #
#. $#  #
#.  #  #
#   #  #
########",8,11,7,0,"easy_negative",4304858006201725367
"########
#. #####
#. #   #
#  #$ @#
#  # $##
#.##. ##
#  # $##
# $. $ #
#      #
####   #
########",8,11,5,1,"positive",229846289343090989
"###########
#    #    #
####.# ## #
#. . #@## #
## $##  # #
##  ## ####
##      # #
#  ##$$ $ #
# ### #.# #
#  ########
###########",11,11,4,0,"easy_negative",1814769690103553499
"########
#. #####
#. #   #
#  #$ @#
#  # $##
#.##  ##
#  # $##
# $. $ #
#      #
#### . #
########",8,11,5,1,"positive",229846289343090989
"########
#. #####
#. #   #
#  #$ @#
#  #$$##
#.##  ##
#  #  ##
# $. $ #
#      #
#### . #
########",8,11,5,0,"hard_negative",229846289343090989
"##############
####    ##   #
# # ### @# # #
#      $     #
###  ## #    #
##    #$# .# #
##  ### # ####
# ## ## #  # #
# ##  #.#  # #
#    .#$# $# #
## ##        #
#   # # # ##.#
## ####   ## #
##############",14,14,4,0,"easy_negative",3335906051687525631
"########
#  #####
#. #   #
#  #$ @#
#. # $##
#.##  ##
#  # $##
# $. $ #
#      #
#### . #
########",8,11,5,1,"positive",229846289343090989
"########
#  #####
#. #   #
#  #$ @#
#. # $##
#.##  ##
#  # $##
# $.   #
#  $   #
#### . #
########",8,11,5,1,"positive",229846289343090989
"###########
###     ###
##  ##  ###
##  ##$$  #
####    ###
## .###$###
###      .#
####   #  #
#  # # # ##
# ## $ ####
#         #
#.# @#  $.#
# .    ####
###########",11,14,5,0,"easy_negative",10451136806320617114
"##############
# ##      ####
# .#  #.   # #
# $  #####$$.#
# .$$$  #   ##
##.@###### ###
###.    #   ##
##############",14,8,6,0,"easy_negative",13554966604710073737
"########
#  #####
#. #   #
#  #$ @#
#. # $##
#.##  ##
#  # $##
# $    #
#  $  .#
#### . #
########",8,11,5,1,"positive",229846289343090989
"########
##### ##
#@#..$ #
#  .# ##
##$### #
# $ ## #
##$#  .#
# $ ..##
# $$$###
####..##
########",8,11,8,0,"easy_negative",18333209521536739115
"########
####   #
#.$  # #
#      #
#   #  #
# #$## #
#   # .#
#    $ #
# # ## #
# $ ##@#
#.   # #
##.  # #
#### # #
########",8,14,4,1,"positive",2101847078982925435
"########
####   #
#.$  # #
#      #
#   #  #
# #$##@#
#   # .#
#    $ #
# # ## #
# $ ## #
#.   # #
##.  # #
#### # #
########",8,14,4,1,"positive",2101847078982925435
"########
####   #
#.$  # #
#      #
# $ #  #
# #$##@#
#   # .#
#    $ #
# # ## #
#   ## #
#.   # #
##.  # #
#### # #
########",8,14,4,1,"positive",2101847078982925435
"###########
# ##      #
# ##$# #  #
#      ##.#
###### #  #
#.  ## #  #
#    $ #  #
## #  @# ##
#### #    #
#     .# ##
####$ $  ##
## ..#$  ##
#        ##
###########",11,14,5,0,"easy_negative",15018506858452461052
"###########
##    . ###
## # ##  ##
####$##  ##
#  $$. #@##
#.#    $$ #
# $ #### ##
# #####   #
# ## # .# #
# .      .#
###########",11,11,6,0,"easy_negative",10320645295830300472
"########
####   #
#.$  # #
#      #
# $ #  #
#@#$## #
#   # .#
#    $ #
# # ## #
#   ## #
#.   # #
##.  # #
#### # #
########",8,14,4,1,"positive",2101847078982925435
"##############
# ###     # ##
# ###$ $##   #
#.. #.  ### ##
#      #@##  #
##        #  #
### #### ##$ #
# ##   #$#   #
#.##       # #
#      # #####
##############",14,11,4,0,"easy_negative",15462882052178364709
"##############
#  @##    ####
#   . #$###. #
####$##.#### #
#.$ ...$ $   #
# # $##$##$# #
#   .## ##   #
##############",14,8,8,0,"easy_negative",6711218894582358321
"########
####   #
#.$  # #
#      #
# $ #  #
# #$## #
#   # .#
#  @ $ #
# # ## #
#   ## #
#.   # #
##.  # #
#### # #
########",8,14,4,1,"positive",2101847078982925435
"########
#  . ###
### $ ##
###.## #
#@   #.#
####$#.#
# $ .#.#
# $$$$ #
# ##.$ #
#.##   #
########",8,11,8,0,"easy_negative",15700530728261201884
"########
#####  #
#   # .#
#.$$#  #
#     .#
##  $$ #
####. @#
########",8,8,4,1,"positive",15999499618163850737
"########
#####  #
#   # .#
#.$$#  #
#    ..#
##  $$ #
####  @#
########",8,8,4,1,"positive",15999499618163850737
"########
#####  #
#   # .#
#.$$#. #
#    . #
##  $$ #
####  @#
########",8,8,4,1,"positive",15999499618163850737
"########
#####  #
#   # .#
#.$$#. #
#  @ . #
##  $$ #
####   #
########",8,8,4,1,"positive",15999499618163850737
"########
##### @#
#   # .#
#.$$#. #
#    . #
##  $$ #
####   #
########",8,8,4,1,"positive",15999499618163850737
"##############
#  #### ######
#  # #  #    #
#  #   @##   #
# ###  ##    #
# #### #  ####
#   #  # $   #
# $     $ ## #
# ## #  ###  #
# #####.###  #
#.    #.####.#
###$  ##  ## #
###   ###    #
##############",14,14,4,0,"easy_negative",11395377123920578537
"########
###  #.#
##.$.#.#
#.##$# #
# $$$$@#
# .#$#.#
# ##   #
########",8,8,7,0,"easy_negative",5555128737587188117
"###########
## ##    ##
#.$ #$@ ###
##.##$$$ ##
#  ..  # .#
# # ####$ #
#    $ #$ #
#.#  ##   #
# #  ######
# #    .. #
###########",11,11,8,0,"easy_negative",16320544257386547612
"##############
#   # ## # # #
#.## $    $# #
# ###$## #.#.#
#   $   ##.  #
# #####  #$@ #
# ##      .  #
##############",14,8,5,0,"easy_negative",13642000456449230916
"##############
### # ## #   #
##         # #
## @# ##$#  .#
####### $ ## #
#     #   ## #
#    ##  .   #
### # ###### #
###. $    #  #
#   # #. .#  #
# ##   # #   #
# ##    $ $  #
#   #### #   #
##############",14,14,5,0,"easy_negative",13332314911424481731
"###########
###     . #
###@$ $.$.#
#   ### $.#
###$ #### #
##  $##  ##
##  .  .###
###########",11,8,6,1,"positive",18243687162933685723
"###########
###     . #
###@$  .$.#
#  $### $.#
###$ #### #
##  $##  ##
##  .  .###
###########",11,8,6,0,"hard_negative",18243687162933685723
"###########
###     . #
###@$ $.$ #
#   ### $.#
###$ #### #
##  $## .##
##  .  .###
###########",11,8,6,0,"hard_negative",18243687162933685723
"###########
###     . #
### $ $.$.#
#   ### $.#
###$ #### #
##  $##  ##
##@ .  .###
###########",11,8,6,0,"hard_negative",18243687162933685723
"###########
###     . #
###@  $.$.#
#  $### $.#
###$ #### #
##  $##  ##
##  .  .###
###########",11,8,6,0,"hard_negative",18243687162933685723
"###########
###     ..#
###@$ $ $.#
#   ### $.#
###$ #### #
##  $##  ##
##  .  .###
###########",11,8,6,1,"positive",18243687162933685723
"###########
###     ..#
###@$   $.#
#   ### $.#
###$ #### #
## $$##  ##
##  .  .###
###########",11,8,6,0,"hard_negative",18243687162933685723
"###########
###     ..#
###@$ $ $ #
#   ### $.#
###$.#### #
##  $##  ##
##  .  .###
###########",11,8,6,1,"positive",18243687162933685723
"###########
###     ..#
### $ $ $ #
#   ### $.#
###$.#### #
##  $##  ##
##  .  +###
###########",11,8,6,0,"hard_negative",18243687162933685723
"###########
###     ..#
###@$ $ $ #
#   ###  .#
###$.#### #
## $$##  ##
##  .  .###
###########",11,8,6,0,"hard_negative",18243687162933685723
"###########
###     ..#
### $ $ $ #
#   ###@$.#
###$.#### #
##  $##  ##
##  .  .###
###########",11,8,6,1,"positive",18243687162933685723
"###########
###     ..#
### $ $ $ #
# $ ###@$.#
###$.#### #
##   ##  ##
##  .  .###
###########",11,8,6,0,"hard_negative",18243687162933685723
"###########
###     ..#
### $  $$ #
#   ###@$.#
###$.#### #
##  $##  ##
##  .  .###
###########",11,8,6,1,"positive",18243687162933685723
"###########
#  ##### ##
#  #.$$ $ #
# .# . # ##
# ##### $ #
# @#     .#
#      ####
###########",11,8,4,0,"easy_negative",16750565655884436690
"##############
##     #     #
##  ####.# # #
##   $ ###   #
#  .@##      #
###   #   ####
###          #
#   ## ## #  #
#####  ## # ##
## #   $ $####
## #.####$   #
#     ###  ###
## ###.    ###
##############",14,14,4,0,"easy_negative",10730960912347567578
"###########
#  @   # ##
# $ #     #
#   ##$# ##
#.####. ###
# ###    ##
# $ . $ . #
## # # #  #
# $. # #$ #
## #.# #  #
###########",11,11,6,0,"easy_negative",15501279575948487559
"########
# ##   #
# ##.# #
#.$ $  #
# $ #@##
# #$####
#.    .#
########",8,8,4,0,"easy_negative",801030242325965479
"##############
#    ##   # ##
#.#   #  #   #
####  $ ### ##
###@  $      #
##  $#$###.###
##. .      ###
##############",14,8,4,0,"easy_negative",4188457313229563559
"##############
### ###      #
###  #  #. # #
#.      $$$  #
#  $   ##.  .#
### $ ##.  # #
###  ###   @ #
##############",14,8,5,1,"positive",5566256535797928647
"########
#    ..#
# #  # #
#  .$$ #
# ##. .#
#  #  ##
# $ $###
#     ##
#### $##
# $$  ##
#. #@  #
# ##  ##
#. #####
########",8,14,7,0,"easy_negative",836542176862926264
"##############
### ###      #
###  #  #. # #
#.   $  $$$  #
#      ##.  .#
### $ ##.  # #
###  ###   @ #
##############",14,8,5,1,"positive",5566256535797928647
"###########
## # . @###
#   ### ###
##.#  $ $ #
#.  $#.   #
# ##$# ##.#
# ## # ## #
### $$.####
### $#   ##
#      .###
###########",11,11,7,0,"easy_negative",247843907450417413
"##############
### ###      #
###. #  #  # #
#.   $  $$$  #
#      ##.  .#
### $ ##.  # #
###  ###   @ #
##############",14,8,5,1,"positive",5566256535797928647
"########
####  .#
# #  . #
# $$$  #
#@#.#  #
#####  #
# # #  #
#    $ #
#### # #
#.     #
########",8,11,4,0,"easy_negative",5065258501814151936
"##############
### ###      #
###. #  #  # #
#.   $  $$$  #
#  $   ##.  .#
###   ##.  # #
###  ###   @ #
##############",14,8,5,1,"positive",5566256535797928647
"########
#     .#
#.##$# #
# ##   #
#   #  #
###$#$ #
###$#@ #
### $$.#
## .$ ##
# ...###
########",8,11,7,0,"easy_negative",16058891683220207765
"##############
### ###      #
###. #  #  # #
#.   $  $$$  #
#  $   ##   .#
### . ##.  # #
###  ###   @ #
##############",14,8,5,1,"positive",5566256535797928647
"########
#.# . ##
# #$.$##
#.#  $##
# . # ##
## $$@ #
##### ##
########",8,8,5,0,"easy_negative",2045886912328759588
"########
##    ##
###  ###
##    ##
#  $$  #
###  #.#
###.$  #
##@ $  #
##  ##.#
###.## #
########",8,11,4,1,"positive",254074249693193597
"########
##    ##
###  ###
##    ##
#  $*  #
###  # #
###.$  #
##@ $  #
##  ##.#
###.## #
########",8,11,4,1,"positive",254074249693193597
"########
##    ##
### @###
##    ##
#  $*  #
###  # #
###.$  #
##  $  #
##  ##.#
###.## #
########",8,11,4,1,"positive",254074249693193597
"########
##    ##
###  ###
##    ##
#  $*  #
###  # #
###.$  #
##  $  #
##  ##.#
###.##@#
########",8,11,4,1,"positive",254074249693193597
"########
##    ##
###  ###
##    ##
#  $*  #
###  # #
### $. #
##  $  #
##  ##.#
###.##@#
########",8,11,4,1,"positive",254074249693193597
"###########
#.        #
####.#$## #
#      ## #
### # #####
###$   .# #
# $ # #   #
#   ####$##
###   # . #
###.@  # ##
# .     $ #
###$###$  #
###      .#
###########",11,14,7,0,"easy_negative",17600158123787249321
"##############
# ...        #
#.# #####  ###
#  $$  ## @###
#.## ##   $###
#.##$##$# $ ##
#           ##
##############",14,8,6,0,"easy_negative",800494333917463665
"##############
#  @# ###### #
# # $   # #  #
#   # #.  #  #
## ####      #
#   .  ### . #
## #         #
####   ##  #.#
#    #  # ####
#   $$ ##$ # #
## #  # . ## #
#  $  ### ## #
## # ####    #
##############",14,14,5,0,"easy_negative",5902811469245124912
"########
#### ###
##..@###
# $   .#
###. . #
### ####
#  $ $.#
# # $$ #
# #$ # #
# # ####
########",8,11,6,0,"easy_negative",9420954170893909808
"##############
##  .     .  #
###.  #### # #
## $###  @.  #
##   $ #### ##
## # $     $ #
####      # ##
##############",14,8,4,0,"easy_negative",7676589855888180293
"###########
#.#  . .###
# # $#  .##
# #  . $ ##
# $$$##. ##
# #  ##$ ##
#@       ##
###########",11,8,6,1,"positive",7669103037577379867
"###########
#.#  . .###
# # $#  .##
# #  . $ ##
# $$$##  ##
# #  ##$ ##
#@.      ##
###########",11,8,6,1,"positive",7669103037577379867
"###########
#.#  . .###
# # $#$ .##
# #  . $ ##
# $$$##  ##
# #  ##  ##
#@.      ##
###########",11,8,6,1,"positive",7669103037577379867
"###########
#.#  . .###
# # $#$ .##
# #  .   ##
# $$$##  ##
# # $##  ##
#@.      ##
###########",11,8,6,0,"hard_negative",7669103037577379867
"###########
#.#  . .###
# # $#$ .##
# #  . $ ##
# $$$##  ##
# #  ##  ##
# .     @##
###########",11,8,6,1,"positive",7669103037577379867
"########
#  ### #
#  ### #
#  # $ #
##   . #
###$####
## .  .#
## ### #
# $ #  #
##$#   #
# $@.$##
###.. ##
###   ##
########",8,14,6,0,"easy_negative",13503881978253207474
"##############
# .  ####    #
# $ #  # . # #
#@$ ## $     #
### .  #$#####
### ##   .   #
#   ## # #   #
##############",14,8,4,0,"easy_negative",3323991327497586588
"##############
#   ## ##    #
###.## ##$.# #
### $     $  #
#   . $ ##   #
####### ###  #
#    .$ . ##.#
####@## . ## #
#  $$###  #  #
#      ## #  #
##############",14,11,7,0,"easy_negative",10428029944572244081
"########
#  # ###
#.## .##
#  #  ##
#  @$ ##
# ##  ##
# ##$ ##
### $. #
###  ###
#    ###
# $ ####
##     #
###.   #
########",8,14,4,0,"easy_negative",7519657037060331036
"###########
#.#  .  ###
# # $#$ .##
# #  . $ ##
#.$$$##  ##
# #  ##  ##
# .     @##
###########",11,8,6,1,"positive",7669103037577379867
"##############
# @   ### .# #
# ### ###  # #
#.#### $$ $# #
#    ####$ $.#
# #  #### #  #
#### $   $## #
#.. ###   ## #
# #$ # ####  #
#. .      .  #
##############",14,11,8,0,"easy_negative",11792935796472734369
"###########
#     #####
# ### # # #
#@####    #
#        .#
#   ##  # #
######    #
####      #
#    #  ###
# $     ###
#  # ##. ##
# $##.$$ ##
#  ###  .##
###########",11,14,4,1,"positive",17590989942466749277
"###########
#     #####
# ### # # #
# ####    #
#        .#
#   ##  # #
######    #
####      #
#    #  ###
# $     ###
#  # ##+ ##
# $##.$$ ##
#  ###  .##
###########",11,14,4,1,"positive",17590989942466749277
"###########
#     #####
# ### # # #
# ####    #
#@       .#
#   ##  # #
######    #
####      #
#    #  ###
# $     ###
#  # ##. ##
# $##.$$ ##
#  ###  .##
###########",11,14,4,1,"positive",17590989942466749277
"##############
###### # #####
#   #     # ##
#    ###$##  #
# $ ###  @$$ #
##    $$  #  #
###  . #####.#
## # ####    #
#   $ ###. # #
##.#         #
##  ######   #
##    ##  .###
##    .## .###
##############",14,14,7,0,"easy_negative",8402156675542400625
"###########
#     #####
# ### # # #
# ####    #
#@      ..#
#   ##  # #
######    #
####      #
#    #  ###
# $     ###
#  # ##  ##
# $##.$$ ##
#  ###  .##
###########",11,14,4,1,"positive",17590989942466749277
"###########
#     #####
# ### #.# #
# ####    #
#@      . #
#   ##  # #
######    #
####      #
#    #  ###
# $     ###
#  # ##  ##
# $##.$$ ##
#  ###  .##
###########",11,14,4,1,"positive",17590989942466749277
"###########
###   # ..#
## $ ## #.#
# ##  # $ #
# $ #$### #
# ##    # #
#.### ### #
# ## $  . #
#.#####   #
# $ $.    #
# @ # ### #
# # .$ ## #
#   # #   #
###########",11,14,8,0,"easy_negative",13445325786919201858
"##############
# ########   #
# ##    # $  #
#    $ $     #
#   # ## # ###
# #  # $    ##
#   #### #  ##
# #####   ####
#  #  $ ##   #
####  ..## . #
####  #    # #
#     #@#  # #
#    .#  . # #
##############",14,14,5,0,"easy_negative",290244762647981979
