LevelName	Status	LURD_Path	Runtime_ms	Pushes	Moves	GeneratedStates	ExpandedNodes	TotalChildren	EffectiveChildren	RepeatedNodes	Deadlocks	BranchingReal	BranchingEffective	BranchingClassic	Redundancy	ClosedListLength	PathStates	PathBoxLines	PathBoxChanges	PathBranchingRealTotalNodes	PathBranchingRealMin	PathBranchingRealMax	PathBranchingRealAvg	PathBranchingEffectiveTotalNodes	PathBranchingEffectiveMin	PathBranchingEffectiveMax	PathBranchingEffectiveAvg	PathTotalChildrenGenerated	PathRepeatedNodes	PathDeadlocks	PathRedundancy
1 - Lee J. Haywood - 1 [likes=3, dislikes=0, completion=0.847736625514403, like_ratio=1.0, like_rate=0.0123456790123457, tedium=3.2]	SOLVED	DrddrruuLrddlllluUrDrdrruulDrdLuuL	9.38666	8	34	38	48	960	246	53	82	20	5.125	1.62239	18.1132	38	0	0	0	0	0.0	0.0	0.0	0	0.0	0.0	0.0	0	0	0	0.0
27 - Lee J. Haywood - 2 [likes=2, dislikes=0, completion=0.0580645161290323, like_ratio=1.0, like_rate=0.0064516129032258, tedium=9.33333333333333]	SOLVED	DDuurrrDLullddlddrrrruUdLdllluurDldRuuuulDurrrdLrDrddlUUdL	15.5848	15	58	415	789	18936	2141	1156	1312	24	2.71356	1.56005	16.3806	415	0	0	0	0	0.0	0.0	0.0	0	0.0	0.0	0.0	0	0	0	0.0
4 - Lee J. Haywood - 3 [likes=3, dislikes=0, completion=0.591489361702128, like_ratio=1.0, like_rate=0.0127659574468085, tedium=7.25]	SOLVED	ruLulldRRdrruuLLdRllluurDldRR	8.11768	10	29	43	63	1008	104	52	119	16	1.65079	1.51333	19.3846	43	0	0	0	0	0.0	0.0	0.0	0	0.0	0.0	0.0	0	0	0	0.0
1 - Razorflame - 4 [likes=8, dislikes=0, completion=0.833948339483395, like_ratio=1.0, like_rate=0.029520295202952, tedium=7.57142857142857]	SOLVED	uLLuLDLDlddrruLrUllluuurrDDurrdrDulullulldddddrruruUluRdrUdllLdlUdddrUluuUdddrrUruLLrurrUddlddllU	20.8705	24	97	632	1273	35644	3299	2309	2401	28	2.59152	1.347	15.437	632	0	0	0	0	0.0	0.0	0.0	0	0.0	0.0	0.0	0	0	0	0.0
2 - Razorflame - 5 [likes=5, dislikes=0, completion=0.471774193548387, like_ratio=1.0, like_rate=0.0201612903225806, tedium=13.0]	SOLVED	RRurrddLUruuuulldRurDDDDllldRuuRUUruLLLLdRRurrddlUruLLdrdddrUUUlulL	29.6694	27	67	1272	3168	63360	5600	4492	3659	20	1.76768	1.3479	14.1051	1272	0	0	0	0	0.0	0.0	0.0	0	0.0	0.0	0.0	0	0	0	0.0
4 - Razorflame - 6 [likes=5, dislikes=0, completion=0.705179282868526, like_ratio=1.0, like_rate=0.0199203187250996, tedium=11.6666666666667]	SOLVED	RRurRDrUllldRDDldLurrRdLuuuurrdLDlddrUUUruLLrddlUUruLddddlldRRuuuuuLLrrddlUruL	36.8215	28	78	1386	3338	80112	6149	6932	4513	24	1.84212	1.3361	11.5568	1386	0	0	0	0	0.0	0.0	0.0	0	0.0	0.0	0.0	0	0	0	0.0
32 - Monry - 7 [likes=6, dislikes=0, completion=0.762135922330097, like_ratio=1.0, like_rate=0.029126213592233, tedium=12.6666666666667]	SOLVED	ulllDurrrdddlluUluRdddrruuLrddlllUUdrU	8.33512	8	38	18	21	252	34	14	22	12	1.61905	1.46311	18	18	0	0	0	0	0.0	0.0	0.0	0	0.0	0.0	0.0	0	0	0	0.0
12 - Monry - 8 [likes=7, dislikes=0, completion=0.774774774774775, like_ratio=1.0, like_rate=0.0315315315315315, tedium=31.5]	SOLVED	llluurrUUddllddrrrrrruullUdrrddlllllluurruulluurrDDrRddrrddlllllluurrUdllddrrrrrruulluulL	8.58931	9	89	24	38	304	70	11	29	8	1.84211	1.49807	27.6364	24	0	0	0	0	0.0	0.0	0.0	0	0.0	0.0	0.0	0	0	0	0.0
22 - Monry - 9 [likes=6, dislikes=0, completion=0.765765765765766, like_ratio=1.0, like_rate=0.027027027027027, tedium=53.5]	SOLVED	rrrdddrdrruLLLuuuurrrddlDuruulldlddllddrUluRdrUUddrdrruLLruuruulldLurrrddlddlLuuuLrddllddrUluRdrUUddrruuruulllldRullldR	9.4156	20	119	72	87	696	154	95	90	8	1.77011	1.25019	7.32632	72	0	0	0	0	0.0	0.0	0.0	0	0.0	0.0	0.0	0	0	0	0.0
37 - Monry - 10 [likes=4, dislikes=0, completion=0.588932806324111, like_ratio=1.0, like_rate=0.0158102766798419, tedium=18.6666666666667]	SOLVED	luRRllluurRDullddrRuuRurrdLLLdddrrUUddlluuururrdLddLdlUU	14.1864	16	56	269	521	6252	760	780	515	12	1.45873	1.47844	8.01538	269	0	0	0	0	0.0	0.0	0.0	0	0.0	0.0	0.0	0	0	0	0.0
21 - Monry - 11 [likes=4, dislikes=0, completion=0.75107296137339, like_ratio=1.0, like_rate=0.0171673819742489, tedium=17.5]	SOLVED	LdlUrrUdllUdrruruulDlLddrrUdlluurRllLrrrurDllllLulD	9.09833	13	51	32	43	344	80	6	43	8	1.86047	1.33552	57.3333	32	0	0	0	0	0.0	0.0	0.0	0	0.0	0.0	0.0	0	0	0	0.0
72 - Marko Dzekic - 12 [likes=5, dislikes=0, completion=0.817813765182186, like_ratio=1.0, like_rate=0.0202429149797571, tedium=7.0]	SOLVED	drrUdlluRuurrdDuulllDrdRlulDuurrD	9.97711	8	33	13	14	224	49	4	21	16	3.5	1.3908	56	13	0	0	0	0	0.0	0.0	0.0	0	0.0	0.0	0.0	0	0	0	0.0
25 - Marko Dzekic - 13 [likes=4, dislikes=0, completion=0.935344827586207, like_ratio=1.0, like_rate=0.0172413793103448, tedium=3.33333333333333]	SOLVED	LulDurrrDDL	8.39007	6	11	14	16	192	62	18	28	12	3.875	1.5874	10.6667	14	0	0	0	0	0.0	0.0	0.0	0	0.0	0.0	0.0	0	0	0	0.0
7 - Marko Dzekic - 14 [likes=3, dislikes=0, completion=0.930747922437673, like_ratio=1.0, like_rate=0.0083102493074792, tedium=5.0]	SOLVED	dddrUUddllluRUrrdLdlU	8.01282	7	21	12	12	144	44	7	31	12	3.66667	1.42616	20.5714	12	0	0	0	0	0.0	0.0	0.0	0	0.0	0.0	0.0	0	0	0	0.0
49 - Marko Dzekic - 15 [likes=3, dislikes=0, completion=0.80564263322884, like_ratio=1.0, like_rate=0.0094043887147335, tedium=7.5]	SOLVED	ullDurrdLddlluUddrruLdrrUllUddlUrrrU	8.65618	9	36	18	23	368	81	11	22	16	3.52174	1.41678	33.4545	18	0	0	0	0	0.0	0.0	0.0	0	0.0	0.0	0.0	0	0	0	0.0
12 - Marko Dzekic - 16 [likes=3, dislikes=0, completion=0.895454545454546, like_ratio=1.0, like_rate=0.0136363636363636, tedium=5.0]	SOLVED	uLLDlddrrrUdllUdrruUdLULrddlluR	8.43436	11	31	18	22	440	45	7	27	20	2.04545	1.32446	62.8571	18	0	0	0	0	0.0	0.0	0.0	0	0.0	0.0	0.0	0	0	0	0.0
204 - Marko Dzekic - 17 [likes=2, dislikes=0, completion=0.874458874458874, like_ratio=1.0, like_rate=0.0086580086580086, tedium=3.75]	SOLVED	ULulDuurrrdDlluR	8.0752	6	16	10	12	192	39	0	12	16	3.25	1.51309	0	10	0	0	0	0	0.0	0.0	0.0	0	0.0	0.0	0.0	0	0	0	0.0
39 - Marko Dzekic - 18 [likes=4, dislikes=0, completion=0.581081081081081, like_ratio=1.0, like_rate=0.018018018018018, tedium=9.5]	SOLVED	llldddrrrUdllluuurrDDrdLuuurDlddLruuullddR	8.90321	8	42	25	31	496	81	25	56	16	2.6129	1.5361	19.84	25	0	0	0	0	0.0	0.0	0.0	0	0.0	0.0	0.0	0	0	0	0.0
15 - Marko Dzekic - 19 [likes=4, dislikes=0, completion=0.862068965517241, like_ratio=1.0, like_rate=0.0172413793103448, tedium=3.25]	SOLVED	lluRUddrruULL	8.90848	6	13	22	26	416	77	11	45	16	2.96154	1.72119	37.8182	22	0	0	0	0	0.0	0.0	0.0	0	0.0	0.0	0.0	0	0	0	0.0
22 - Marko Dzekic - 20 [likes=4, dislikes=0, completion=0.801169590643275, like_ratio=1.0, like_rate=0.0116959064327485, tedium=6.33333333333333]	SOLVED	rdLulDrrrddllUdrruuullldRdRluurD	8.45067	7	32	16	16	192	58	13	45	12	3.625	1.48599	14.7692	16	0	0	0	0	0.0	0.0	0.0	0	0.0	0.0	0.0	0	0	0	0.0
20 - Marko Dzekic - 21 [likes=4, dislikes=0, completion=0.869369369369369, like_ratio=1.0, like_rate=0.018018018018018, tedium=5.33333333333333]	SOLVED	rdLuuulldRurrddlUddLruuruL	8.55449	6	26	9	9	108	44	5	13	12	4.88889	1.44225	21.6	9	0	0	0	0	0.0	0.0	0.0	0	0.0	0.0	0.0	0	0	0	0.0
2 - Marko Dzekic - 22 [likes=4, dislikes=1, completion=0.869888475836431, like_ratio=0.8, like_rate=0.0148698884758364, tedium=6.0]	SOLVED	ulldddrrUdrUUdlLrUddllUURR	9.22823	10	26	27	39	624	132	17	43	16	3.38462	1.44247	36.7059	27	0	0	0	0	0.0	0.0	0.0	0	0.0	0.0	0.0	0	0	0	0.0
27 - Marko Dzekic - 23 [likes=3, dislikes=0, completion=0.941391941391941, like_ratio=1.0, like_rate=0.010989010989011, tedium=4.66666666666667]	SOLVED	dllUdrruuurDlddlluUddrUrurDllluR	8.10913	7	32	16	17	204	74	11	23	12	4.35294	1.49892	18.5455	16	0	0	0	0	0.0	0.0	0.0	0	0.0	0.0	0.0	0	0	0	0.0
10 - Marko Dzekic - 24 [likes=4, dislikes=0, completion=0.888235294117647, like_ratio=1.0, like_rate=0.0117647058823529, tedium=3.75]	SOLVED	rrdDuurDDuullldRurrddlL	8.75305	6	23	10	10	160	47	6	9	16	4.7	1.4678	26.6667	10	0	0	0	0	0.0	0.0	0.0	0	0.0	0.0	0.0	0	0	0	0.0
1 - Thinking Rabbit - 25 [likes=5, dislikes=0, completion=0.891089108910891, like_ratio=1.0, like_rate=0.0247524752475248, tedium=15.25]	SOLVED	luuurrdLurrrrddddddlllluRRuurruuLullllldddrrRlluluurrrrrdrdddddlluRdrUUUUUlLullllddrUruLrrrdLLrrrrruLLLLdlLrruLdlddrrRRlddrruUUdllllluururrrrrdLLLLL	14.298	32	148	418	572	9152	2265	790	203	16	3.95979	1.21946	11.5848	418	0	0	0	0	0.0	0.0	0.0	0	0.0	0.0	0.0	0	0	0	0.0
5 - Thinking Rabbit - 26 [likes=6, dislikes=0, completion=0.826923076923077, like_ratio=1.0, like_rate=0.0288461538461538, tedium=5.75]	SOLVED	lllDlddRluurrdrUdlLurrruLddllddrrUdlluurD	9.14271	8	41	50	60	960	346	54	167	16	5.76667	1.66828	17.7778	50	0	0	0	0	0.0	0.0	0.0	0	0.0	0.0	0.0	0	0	0	0.0
4 - Thinking Rabbit - 27 [likes=10, dislikes=0, completion=0.5260663507109, like_ratio=1.0, like_rate=0.04739336492891, tedium=12.5]	SOLVED	lLLUlDrrruLdllulldRRRRuLLuurDlddlluRdrrddlUrururrdLL	13.1231	17	52	350	629	10064	1046	772	1166	16	1.66296	1.46092	13.0363	350	0	0	0	0	0.0	0.0	0.0	0	0.0	0.0	0.0	0	0	0	0.0
No. 01-01 - Thinking Rabbit - 28 [likes=4, dislikes=1, completion=0.592105263157895, like_ratio=0.8, like_rate=0.0087719298245614, tedium=23.3333333333333]	SOLVED	dDDllddrrUUUdlldRuruUluRRddldlddrUUUUdrrrrddllUdrruulLLulDDuuruRldlluRRddldlddrUUUruulldRdrU	9.62587	27	92	248	295	3540	363	86	215	12	1.23051	1.23445	41.1628	248	0	0	0	0	0.0	0.0	0.0	0	0.0	0.0	0.0	0	0	0	0.0
No. 02-01 - Thinking Rabbit - 29 [likes=2, dislikes=0, completion=0.552380952380952, like_ratio=1.0, like_rate=0.0095238095238095, tedium=16.0]	SOLVED	llddlluRdlddrUluururrrddrrdddllUlLdlluurDrrrRlllluluururrrddDuuullldDrUdllddrrrRlllluuuruRddlldddRuUU	11.0872	15	101	158	207	4140	658	204	509	20	3.17874	1.42691	20.2941	158	0	0	0	0	0.0	0.0	0.0	0	0.0	0.0	0.0	0	0	0	0.0
No. 01-02 - Thinking Rabbit - 30 [likes=4, dislikes=0, completion=0.436170212765957, like_ratio=1.0, like_rate=0.0106382978723404, tedium=13.5]	SOLVED	urrdrUdlddrUUlulldRurDrruLLuurDlddlluRdrrddlUrururrdLL	13.2403	13	54	376	674	10784	1085	904	1229	16	1.60979	1.6504	11.9292	376	0	0	0	0	0.0	0.0	0.0	0	0.0	0.0	0.0	0	0	0	0.0
No. 01-03 - Thinking Rabbit - 31 [likes=2, dislikes=0, completion=0.565989847715736, like_ratio=1.0, like_rate=0.0050761421319797, tedium=6.6]	SOLVED	lllDrDulldddrrrUruuullddDLruRluurrdLdlUlldRddlU	13.1766	11	47	286	344	6880	2152	484	803	20	6.25581	1.70058	14.2149	286	0	0	0	0	0.0	0.0	0.0	0	0.0	0.0	0.0	0	0	0	0.0
No. 02-10 - Thinking Rabbit - 32 [likes=8, dislikes=1, completion=0.411467116357504, like_ratio=0.888888888888889, like_rate=0.0134907251264755, tedium=9.16666666666667]	SOLVED	dRluuRlddrUrRdLrdrruLLuuurrdLDlddrruLulllluurDldRRllddrUluR	14.9068	16	59	521	1031	24744	1318	1014	2070	24	1.27837	1.54287	24.4024	521	0	0	0	0	0.0	0.0	0.0	0	0.0	0.0	0.0	0	0	0	0.0
No. 01-01 - Thinking Rabbit - 33 [likes=10, dislikes=1, completion=0.258958145137007, like_ratio=0.909090909090909, like_rate=0.0030111412225233, tedium=29.6666666666667]	SOLVED	rrDDDDrddlluRdrUluRRlluuuulldRurDDDDrddlluRurrRdrUUdllllddrUluRluuulldRurDDDrRRllddlluRurrrdrUllllddrUluRRR	8.60105	32	107	128	154	1848	250	23	219	12	1.62338	1.17047	80.3478	128	0	0	0	0	0.0	0.0	0.0	0	0.0	0.0	0.0	0	0	0	0.0
No. 01-10 - Thinking Rabbit - 34 [likes=8, dislikes=1, completion=0.493975903614458, like_ratio=0.888888888888889, like_rate=0.0096385542168674, tedium=7.2]	SOLVED	dRRRurruullDDLdlluRRRuulDurrrddLruulldlDuurrD	9.52728	14	45	154	241	4820	422	233	546	20	1.75104	1.4796	20.6867	154	0	0	0	0	0.0	0.0	0.0	0	0.0	0.0	0.0	0	0	0	0.0
No. 02-01 - Thinking Rabbit - 35 [likes=8, dislikes=1, completion=0.554830287206266, like_ratio=0.888888888888889, like_rate=0.010443864229765, tedium=14.25]	SOLVED	ullldllluRdrrurrdrrUlllldlluuulDrdRlulldRdrruRdllluRdrruRRdrruLLrrruullDurrddldlluLrdrruruLdLLrruulDrdL	13.2228	19	103	446	834	13344	1161	1064	1331	16	1.39209	1.42477	12.5414	446	0	0	0	0	0.0	0.0	0.0	0	0.0	0.0	0.0	0	0	0	0.0
No. 01-07 - Thinking Rabbit - 36 [likes=8, dislikes=1, completion=0.538363171355499, like_ratio=0.888888888888889, like_rate=0.010230179028133, tedium=15.8]	SOLVED	dddlUlLullDDDuuurrdrrdddlluLdLLrrrrruuullullddDuuurrdrrruulDrddlddlllLrrrruuruLdddllulluuurrdLDlddrrrruuuLLrrdddlllluurDrdrruuullulDDlddRluuruulDDDurD	10.8855	25	150	256	345	6900	754	280	410	20	2.18551	1.26332	24.6429	256	0	0	0	0	0.0	0.0	0.0	0	0.0	0.0	0.0	0	0	0	0.0
No. 01-08 - Thinking Rabbit - 37 [likes=8, dislikes=1, completion=0.576470588235294, like_ratio=0.888888888888889, like_rate=0.0104575163398693, tedium=8.8]	SOLVED	lddlluLLLrrrdrruLuLrdLLLUdrruLLLrrrrruulllDLddrruLL	9.76513	17	51	88	98	1960	314	38	126	20	3.20408	1.30958	51.5789	88	0	0	0	0	0.0	0.0	0.0	0	0.0	0.0	0.0	0	0	0	0.0
No. 03-03 - Thinking Rabbit - 38 [likes=6, dislikes=1, completion=0.546082949308756, like_ratio=0.857142857142857, like_rate=0.0138248847926267, tedium=7.5]	SOLVED	ruuuuulLLrrdrddlUdrddlUruuuullldlddrURRllUddlddrUUdRluUddrRlluurrUdllddrrUUdLrrUdlddrUluurUdlddllUruLddrrrUUdllllU	11.6715	26	114	207	278	8896	799	195	395	32	2.8741	1.24166	45.6205	207	0	0	0	0	0.0	0.0	0.0	0	0.0	0.0	0.0	0	0	0	0.0
No. 01-05 - Thinking Rabbit - 39 [likes=10, dislikes=1, completion=0.538968166849616, like_ratio=0.909090909090909, like_rate=0.0109769484083425, tedium=28.5]	SOLVED	rRRddrruLrULLruullllDDldRuuurrrrddlLLrrruulllldDrrrrrruLdlllllDuuurrrrDullllddrDuluurrrrdrdLLLLrrrddlUruLLrruulllldDldRuuurrrrddllLrrruulllldD	10.6066	28	142	266	384	6144	708	307	589	16	1.84375	1.23679	20.013	266	0	0	0	0	0.0	0.0	0.0	0	0.0	0.0	0.0	0	0	0	0.0
No. 02-03 - Thinking Rabbit - 40 [likes=5, dislikes=1, completion=0.519094766619519, like_ratio=0.833333333333333, like_rate=0.007072135785007, tedium=7.25]	SOLVED	dlLdlluRRurrddLLddrrUdlluuulldR	8.89684	8	31	55	68	1088	176	54	163	16	2.58824	1.69459	20.1481	55	0	0	0	0	0.0	0.0	0.0	0	0.0	0.0	0.0	0	0	0	0.0
No. 01-02 - Thinking Rabbit - 41 [likes=5, dislikes=0, completion=0.449297971918877, like_ratio=1.0, like_rate=0.0039001560062402, tedium=14.75]	SOLVED	dllluRRuurruuulllllddldRuuurrrrrdddllddRluurruuullllldddRluuurrrrrdddlldddrrUlluurruuulldlLulldddrrRRllluluurrdLddrrUdrddrrUUUdddlluullluuurrrdLLrddrddrruuuUruLLLLLLrdrddrRlddrruUUUruLLLLL	15.7972	33	188	413	574	9184	2320	921	485	16	4.04181	1.21228	9.97177	413	0	0	0	0	0.0	0.0	0.0	0	0.0	0.0	0.0	0	0	0	0.0
No. 02-09 - Thinking Rabbit - 42 [likes=8, dislikes=1, completion=0.49622641509434, like_ratio=0.888888888888889, like_rate=0.0150943396226415, tedium=16.0]	SOLVED	ululuurrrDDrdLuuullDRurDDrddlUdlluRdrrrruLdlUdlluRllUluurrdrDuullldRRurD	10.8731	18	72	188	337	5392	529	423	470	16	1.56973	1.38173	12.747	188	0	0	0	0	0.0	0.0	0.0	0	0.0	0.0	0.0	0	0	0	0.0
No. 01-03 - Thinking Rabbit - 43 [likes=11, dislikes=1, completion=0.529554655870445, like_ratio=0.916666666666667, like_rate=0.0089068825910931, tedium=6.6]	SOLVED	RDrDrddLLrruulDLdRuuulDDuuuurDDDD	8.36207	15	33	34	35	700	60	4	20	20	1.71429	1.26747	175	34	0	0	0	0	0.0	0.0	0.0	0	0.0	0.0	0.0	0	0	0	0.0
No. 02-05 - Thinking Rabbit - 44 [likes=6, dislikes=1, completion=0.49777117384844, like_ratio=0.857142857142857, like_rate=0.0089153046062407, tedium=14.0]	SOLVED	luuRRUUddllddrrUUUdddrruLdlUdlluuurrrDulldlddrruUruLdddrUlulUdrdrUlulU	9.63022	17	70	72	101	1616	157	111	113	16	1.55446	1.3119	14.5586	72	0	0	0	0	0.0	0.0	0.0	0	0.0	0.0	0.0	0	0	0	0.0
25 - Werner Ettinger - 45 [likes=2, dislikes=0, completion=0.807692307692308, like_ratio=1.0, like_rate=0.0096153846153846, tedium=5.25]	SOLVED	DrruulDldRllUrUdrrDldLuulluurRdLdlUrurRddddlL	10.0792	13	45	128	140	2240	1058	127	147	16	7.55714	1.46247	17.6378	128	0	0	0	0	0.0	0.0	0.0	0	0.0	0.0	0.0	0	0	0	0.0
7 - Jacques Duthen - 46 [likes=6, dislikes=0, completion=0.919678714859438, like_ratio=1.0, like_rate=0.0240963855421687, tedium=6.0]	SOLVED	ruulllddRUluRRlddRluR	8.00845	7	21	12	12	144	26	1	12	12	2.16667	1.42616	144	12	0	0	0	0	0.0	0.0	0.0	0	0.0	0.0	0.0	0	0	0	0.0
33 - Jacques Duthen - 47 [likes=7, dislikes=0, completion=0.905, like_ratio=1.0, like_rate=0.035, tedium=11.0]	SOLVED	ullDLdRulLulldRRRRdRUluR	8.95035	12	24	28	31	248	58	10	19	8	1.87097	1.33131	24.8	28	0	0	0	0	0.0	0.0	0.0	0	0.0	0.0	0.0	0	0	0	0.0
28 - Jacques Duthen - 48 [likes=6, dislikes=0, completion=0.917874396135266, like_ratio=1.0, like_rate=0.0289855072463768, tedium=12.0]	SOLVED	dllUUlldRuuurDlddRdrruulDlluRddRuluR	8.14589	10	36	16	20	160	61	10	15	8	3.05	1.34928	16	16	0	0	0	0	0.0	0.0	0.0	0	0.0	0.0	0.0	0	0	0	0.0
1 - Jacques Duthen - 49 [likes=5, dislikes=0, completion=0.820855614973262, like_ratio=1.0, like_rate=0.0133689839572193, tedium=11.0]	SOLVED	LruullldDDuuurrrddlLrruulDrdLuLLDurrdLuullDDDuurrdLulD	8.96738	16	54	60	74	1184	195	40	98	16	2.63514	1.30866	29.6	60	0	0	0	0	0.0	0.0	0.0	0	0.0	0.0	0.0	0	0	0	0.0
19 - Jacques Duthen - 50 [likes=7, dislikes=0, completion=0.886699507389163, like_ratio=1.0, like_rate=0.0344827586206897, tedium=9.33333333333333]	SOLVED	urrrrddllUdrruulDlLuRllldRRRdRluRluR	8.34625	11	36	37	52	624	124	26	48	12	2.38462	1.43219	24	37	0	0	0	0	0.0	0.0	0.0	0	0.0	0.0	0.0	0	0	0	0.0
15 - Jacques Duthen - 51 [likes=6, dislikes=0, completion=0.909090909090909, like_ratio=1.0, like_rate=0.025974025974026, tedium=8.5]	SOLVED	DRllddrrruUllDldRR	8.04498	7	18	14	14	112	29	7	6	8	2.07143	1.45792	16	14	0	0	0	0	0.0	0.0	0.0	0	0.0	0.0	0.0	0	0	0	0.0
55 - Jacques Duthen - 52 [likes=8, dislikes=0, completion=0.665, like_ratio=1.0, like_rate=0.04, tedium=13.0]	SOLVED	dlllUlldlluRdllluRdrruRdllluRdrruRRdrrruullulDrrrddllUdrruulLdLLrruulDrrrdL	10.2424	15	75	128	253	4048	384	270	327	16	1.51779	1.44613	14.9926	128	0	0	0	0	0.0	0.0	0.0	0	0.0	0.0	0.0	0	0	0	0.0
38 - Jacques Duthen - 53 [likes=8, dislikes=0, completion=0.802816901408451, like_ratio=1.0, like_rate=0.0375586854460094, tedium=13.0]	SOLVED	ulDLLulldRRRRDrUdddlUruulldR	8.722	12	28	42	54	432	73	25	39	8	1.35185	1.39433	17.28	42	0	0	0	0	0.0	0.0	0.0	0	0.0	0.0	0.0	0	0	0	0.0
59 - Jacques Duthen - 54 [likes=5, dislikes=0, completion=0.668181818181818, like_ratio=1.0, like_rate=0.0227272727272727, tedium=10.75]	SOLVED	drrRllluuurrdDLdlUrruurrddDlLLuruRlddrruUlldllDuU	9.06572	12	49	61	82	1312	246	50	69	16	3	1.44373	26.24	61	0	0	0	0	0.0	0.0	0.0	0	0.0	0.0	0.0	0	0	0	0.0
18 - Jacques Duthen - 55 [likes=9, dislikes=0, completion=0.881278538812785, like_ratio=1.0, like_rate=0.0410958904109589, tedium=8.33333333333333]	SOLVED	UddlluuurRRlllddRRRdrUlllluRurDldRR	8.81787	12	35	38	40	480	107	33	46	12	2.675	1.35989	14.5455	38	0	0	0	0	0.0	0.0	0.0	0	0.0	0.0	0.0	0	0	0	0.0
3 - Jacques Duthen - 56 [likes=8, dislikes=0, completion=0.908730158730159, like_ratio=1.0, like_rate=0.0317460317460317, tedium=6.0]	SOLVED	dllUdrruulDlluRRdldR	8.2524	6	20	10	10	80	26	2	9	8	2.6	1.4678	40	10	0	0	0	0	0.0	0.0	0.0	0	0.0	0.0	0.0	0	0	0	0.0
17 - Jacques Duthen - 57 [likes=8, dislikes=0, completion=0.828996282527881, like_ratio=1.0, like_rate=0.0297397769516729, tedium=9.5]	SOLVED	DDuurrdLullddrUluRR	7.96281	7	19	14	16	128	21	7	10	8	1.3125	1.48599	18.2857	14	0	0	0	0	0.0	0.0	0.0	0	0.0	0.0	0.0	0	0	0	0.0
16 - Jacques Duthen - 58 [likes=8, dislikes=0, completion=0.76824034334764, like_ratio=1.0, like_rate=0.0343347639484979, tedium=13.6666666666667]	SOLVED	RuLdlddrrUdlluururrDLLrddlluluuRDDldRuuuRR	10.2298	13	42	34	55	660	86	57	56	12	1.56364	1.36105	11.5789	34	0	0	0	0	0.0	0.0	0.0	0	0.0	0.0	0.0	0	0	0	0.0
20 - Jacques Duthen - 59 [likes=8, dislikes=0, completion=0.829457364341085, like_ratio=1.0, like_rate=0.0310077519379845, tedium=12.6666666666667]	SOLVED	urrrrddlUruulldRurDDullllddrUluRdRRlluRR	8.72288	11	40	29	38	456	96	42	66	12	2.52632	1.39193	10.8571	29	0	0	0	0	0.0	0.0	0.0	0	0.0	0.0	0.0	0	0	0	0.0
5 - Jacques Duthen - 60 [likes=10, dislikes=0, completion=0.899628252788104, like_ratio=1.0, like_rate=0.0371747211895911, tedium=10.0]	SOLVED	dllULulldRRRRurDllluRR	8.28874	10	22	17	18	144	42	9	9	8	2.33333	1.33514	16	17	0	0	0	0	0.0	0.0	0.0	0	0.0	0.0	0.0	0	0	0	0.0
8 - Jacques Duthen - 61 [likes=7, dislikes=0, completion=0.869767441860465, like_ratio=1.0, like_rate=0.0325581395348837, tedium=14.0]	SOLVED	dlllUruLulldRldRRRurDldRullluRRR	9.27078	12	32	25	29	232	92	25	32	8	3.17241	1.32393	9.28	25	0	0	0	0	0.0	0.0	0.0	0	0.0	0.0	0.0	0	0	0	0.0
10 - Jacques Duthen - 62 [likes=9, dislikes=0, completion=0.839228295819936, like_ratio=1.0, like_rate=0.0289389067524116, tedium=11.0]	SOLVED	ullDDuurrdddlLuuRlddrruU	8.20723	6	24	7	8	64	21	1	0	8	2.625	1.41421	64	7	0	0	0	0	0.0	0.0	0.0	0	0.0	0.0	0.0	0	0	0	0.0
47 - Jacques Duthen - 63 [likes=8, dislikes=0, completion=0.849056603773585, like_ratio=1.0, like_rate=0.0377358490566038, tedium=4.75]	SOLVED	dllURlluurrDLrRDLdlU	9.32655	9	20	27	31	496	107	14	52	16	3.45161	1.46456	35.4286	27	0	0	0	0	0.0	0.0	0.0	0	0.0	0.0	0.0	0	0	0	0.0
5 - Jacques Duthen - 64 [likes=7, dislikes=0, completion=0.781395348837209, like_ratio=1.0, like_rate=0.0325581395348837, tedium=12.3333333333333]	SOLVED	ullllddrUluurrdrrddlULuullddRRRdrruulDlluRullldRR	9.06357	11	49	36	42	504	100	35	99	12	2.38095	1.40465	14.4	36	0	0	0	0	0.0	0.0	0.0	0	0.0	0.0	0.0	0	0	0	0.0
4 - Jacques Duthen - 65 [likes=6, dislikes=0, completion=0.845814977973568, like_ratio=1.0, like_rate=0.026431718061674, tedium=8.33333333333333]	SOLVED	dDuurrdDuullddldRuRDuluurrdrdLrdL	8.59935	8	33	20	24	288	57	20	30	12	2.375	1.48774	14.4	20	0	0	0	0	0.0	0.0	0.0	0	0.0	0.0	0.0	0	0	0	0.0
6 - Ghislain Martin - 66 [likes=5, dislikes=0, completion=0.736318407960199, like_ratio=1.0, like_rate=0.0248756218905473, tedium=30.0]	SOLVED	ruuuuuullllllddrrrdrdLuullluurrrrrrddddddlddddllllluullluluRddrrrddrrrrruuuuruuuuuullllllddllldDuurrruurrrrrrddddddlddddllllluullluuRlddrrrddrrrrruuuuruuuuuullllllddlllddDuuurrrrrrddLruulllllldddDlddrrrrrrruUddllllllluurDuuuuurrruurrrrrrddddddlddddllllluurrruuUUruullllllldddddldRRRlluurRlluuuurrrrrrrddlUdlLrruruLLL	19.328	21	316	354	510	8160	2168	1268	251	16	4.25098	1.34565	6.43533	354	0	0	0	0	0.0	0.0	0.0	0	0.0	0.0	0.0	0	0	0	0.0
1 - Ghislain Martin - 67 [likes=7, dislikes=1, completion=0.908296943231441, like_ratio=0.875, like_rate=0.0305676855895196, tedium=36.0]	SOLVED	dddllUUUUUruLLLdlluRRRRdrUUUluurDDDD	8.61244	20	36	19	19	76	19	0	2	4	1	1.15861	0	19	0	0	0	0	0.0	0.0	0.0	0	0.0	0.0	0.0	0	0	0	0.0
17 - Ghislain Martin - 68 [likes=4, dislikes=0, completion=0.762135922330097, like_ratio=1.0, like_rate=0.0194174757281553, tedium=14.8]	SOLVED	rrRRRRRRdrRRuuLDLLLLLLLLLrrrrrrrrrrdRldLruullllllllllLrrrrrrrrrrrddlUlldRuulllllllllLrrrrrrrrruRdllllllllllLrrrrrrrrrrdrrrrRRRRRRRRurrdLLLLLLLLLLL	4146.94	47	146	6433	387335	7746700	726662	878911	949440	20	1.87606	1.31491	8.81398	6433	0	0	0	0	0.0	0.0	0.0	0	0.0	0.0	0.0	0	0	0	0.0
2 - Ghislain Martin - 69 [likes=10, dislikes=0, completion=0.827731092436975, like_ratio=1.0, like_rate=0.0420168067226891, tedium=82.0]	SOLVED	rrrrUUruLLLdlluRRRRdrUUUluRRlddddlddrddrruuuuuuuruulDDDDDDDDuuuuuuullddddlddrddrRR	8.91865	25	82	24	24	96	25	13	6	4	1.04167	1.13556	7.38462	24	0	0	0	0	0.0	0.0	0.0	0	0.0	0.0	0.0	0	0	0	0.0
13 - Games 4 Brains - 70 [likes=4, dislikes=0, completion=0.679841897233202, like_ratio=1.0, like_rate=0.0158102766798419, tedium=6.66666666666667]	SOLVED	drrrruullullluurrDDuurrdLulDulDrrddrrddllUUddlluRdrUdrU	28.9068	11	55	580	919	22056	2289	946	1315	24	2.49075	1.85948	23.315	580	0	0	0	0	0.0	0.0	0.0	0	0.0	0.0	0.0	0	0	0	0.0
12 - Games 4 Brains - 71 [likes=3, dislikes=0, completion=0.659420289855073, like_ratio=1.0, like_rate=0.0108695652173913, tedium=5.0]	SOLVED	ddlluuuRldddrruuLuurrrdddLruuulllddrRlUdrdrUlllDurDuullDrrrrUdlUdlllD	12.875	13	69	97	123	2952	723	87	236	24	5.87805	1.44798	33.931	97	0	0	0	0	0.0	0.0	0.0	0	0.0	0.0	0.0	0	0	0	0.0
23 - Games 4 Brains - 72 [likes=4, dislikes=0, completion=0.603864734299517, like_ratio=1.0, like_rate=0.0193236714975845, tedium=11.6]	SOLVED	uuurrddDLdllluuuuRRddDrruuuLulDllddddrRuuLDrrruuullDulldDuurrdDllDurrD	13.4059	16	70	171	240	4800	742	176	236	20	3.09167	1.40852	27.2727	171	0	0	0	0	0.0	0.0	0.0	0	0.0	0.0	0.0	0	0	0	0.0
1 - Games 4 Brains - 73 [likes=12, dislikes=2, completion=0.414184397163121, like_ratio=0.857142857142857, like_rate=0.0170212765957447, tedium=9.0]	SOLVED	ldlUrrUdrdrUUdllllUUddrruUddrruUddlllluuluRdddrrrruuruL	8.54602	11	55	34	40	480	98	10	28	12	2.45	1.39843	48	34	0	0	0	0	0.0	0.0	0.0	0	0.0	0.0	0.0	0	0	0	0.0
19 - Games 4 Brains - 74 [likes=3, dislikes=0, completion=0.731707317073171, like_ratio=1.0, like_rate=0.0146341463414634, tedium=8.5]	SOLVED	urrRRllllddrrUdddrruuLrddllululuurururrddDuuulldldlddrdrdrrururuuL	10.7361	7	66	74	88	1408	297	175	52	16	3.375	1.89576	8.04571	74	0	0	0	0	0.0	0.0	0.0	0	0.0	0.0	0.0	0	0	0	0.0
15 - Games 4 Brains - 75 [likes=3, dislikes=0, completion=0.653153153153153, like_ratio=1.0, like_rate=0.0135135135135135, tedium=4.0]	SOLVED	rdrruruuLUlDLrrrddlUruulldlDRulUdrRD	12.1779	11	36	89	117	2808	529	69	274	24	4.52137	1.54176	40.6957	89	0	0	0	0	0.0	0.0	0.0	0	0.0	0.0	0.0	0	0	0	0.0
14 - Games 4 Brains - 76 [likes=3, dislikes=0, completion=0.82843137254902, like_ratio=1.0, like_rate=0.0147058823529412, tedium=4.5]	SOLVED	ddlluuRUrDDuuurrddLUdDuulldDrUU	12.6284	11	31	97	109	2616	574	119	470	24	5.26606	1.53187	21.9832	97	0	0	0	0	0.0	0.0	0.0	0	0.0	0.0	0.0	0	0	0	0.0
18 - Games 4 Brains - 77 [likes=2, dislikes=0, completion=0.570776255707763, like_ratio=1.0, like_rate=0.0091324200913242, tedium=4.66666666666667]	SOLVED	ddlluuuRldddrruuLulDururrrdddLruuulllddrRdrU	9.23618	7	44	22	25	600	138	11	120	24	5.52	1.58382	54.5455	22	0	0	0	0	0.0	0.0	0.0	0	0.0	0.0	0.0	0	0	0	0.0
22 - Games 4 Brains - 78 [likes=3, dislikes=0, completion=0.676190476190476, like_ratio=1.0, like_rate=0.0142857142857143, tedium=8.4]	SOLVED	drrRllluurrDuurrdLrrrddldlluRUddllluluururrrrdrddL	11.9441	7	50	101	141	2820	535	283	257	20	3.79433	2.02783	9.96466	101	0	0	0	0	0.0	0.0	0.0	0	0.0	0.0	0.0	0	0	0	0.0
3 - Games 4 Brains - 79 [likes=8, dislikes=0, completion=0.699404761904762, like_ratio=1.0, like_rate=0.0238095238095238, tedium=13.0]	SOLVED	ruLuuururDDDrdLLruuulllulldRRRRurDDDrdL	11.7659	15	39	142	221	2652	400	234	267	12	1.80995	1.43315	11.3333	142	0	0	0	0	0.0	0.0	0.0	0	0.0	0.0	0.0	0	0	0	0.0
17 - Games 4 Brains - 80 [likes=3, dislikes=0, completion=0.676855895196507, like_ratio=1.0, like_rate=0.0131004366812227, tedium=7.0]	SOLVED	UllDRuluurrrrddDuuullllddrrDldRuulluurrrrdddLruuullllddrrDulluurrDDuurrdddlLulD	12.4849	13	79	94	139	2780	367	182	85	20	2.64029	1.46166	15.2747	94	0	0	0	0	0.0	0.0	0.0	0	0.0	0.0	0.0	0	0	0	0.0
16 - Games 4 Brains - 81 [likes=2, dislikes=0, completion=0.685106382978723, like_ratio=1.0, like_rate=0.0085106382978723, tedium=7.5]	SOLVED	ddrruLruuLrddlUddllluuRlddrrruuUdddllluurRllddrrruruulDllluururrD	11.3262	9	65	75	110	2640	256	204	426	24	2.32727	1.68586	12.9412	75	0	0	0	0	0.0	0.0	0.0	0	0.0	0.0	0.0	0	0	0	0.0
20 - Games 4 Brains - 82 [likes=3, dislikes=0, completion=0.704453441295547, like_ratio=1.0, like_rate=0.0121457489878543, tedium=9.0]	SOLVED	dlluuuururDrrddDuuullDDDuuurrdddLruuullllddddrRlluuuurrddLruulldDDurrDulD	10.0793	13	73	49	67	1340	206	34	39	20	3.07463	1.38187	39.4118	49	0	0	0	0	0.0	0.0	0.0	0	0.0	0.0	0.0	0	0	0	0.0
2 - Games 4 Brains - 83 [likes=11, dislikes=0, completion=0.745562130177515, like_ratio=1.0, like_rate=0.0325443786982249, tedium=28.6666666666667]	SOLVED	uurrdLurrrdLLullDDuurrdLurrrrrddddllllllluRRdrrurrruuullllllDDuurrrrrrddddllllluRdllluRdrruRdllluuurrrrRurDDullllllddR	12.7154	18	118	151	235	2820	492	402	235	12	2.09362	1.35433	7.01493	151	0	0	0	0	0.0	0.0	0.0	0	0.0	0.0	0.0	0	0	0	0.0
11 - Games 4 Brains - 84 [likes=6, dislikes=1, completion=0.67965367965368, like_ratio=0.857142857142857, like_rate=0.025974025974026, tedium=8.5]	SOLVED	lldddrRRdrUlllluuurrdLrDuullDurrrrdL	9.48816	8	36	43	49	784	156	49	45	16	3.18367	1.62658	16	43	0	0	0	0	0.0	0.0	0.0	0	0.0	0.0	0.0	0	0	0	0.0
8 - Games 4 Brains - 85 [likes=5, dislikes=0, completion=0.604651162790698, like_ratio=1.0, like_rate=0.0166112956810631, tedium=5.75]	SOLVED	ddRDuluuRldddrrRdrUUUUdddllluluurDrRDrUlllDurrUddLuluRdddLruulldDuurDrdLurrrdLL	28.823	23	79	546	956	30592	2514	984	1374	32	2.62971	1.34767	31.0894	546	0	0	0	0	0.0	0.0	0.0	0	0.0	0.0	0.0	0	0	0	0.0
7 - Games 4 Brains - 86 [likes=6, dislikes=0, completion=0.738170347003155, like_ratio=1.0, like_rate=0.0189274447949527, tedium=28.0]	SOLVED	LLLLrrrruLUUdddlluRdrUUddlllLululuurrrrrurrdLLLLLLulDDDrdrdrrururUdddllllLuuluurrrrrurrdLLLLLLulDD	12.5355	31	98	136	187	2244	491	290	400	12	2.62567	1.18382	7.73793	136	0	0	0	0	0.0	0.0	0.0	0	0.0	0.0	0.0	0	0	0	0.0
6 - Games 4 Brains - 87 [likes=6, dislikes=0, completion=0.704861111111111, like_ratio=1.0, like_rate=0.0208333333333333, tedium=20.3333333333333]	SOLVED	rDDDrrrddddddllluUluurUUddlddrUdddrrruuuuuulllUUluRdddrrrddddddllluuuUUdddddrrruuuLrdddllluuuuuUrrrdddlLdlUrrruuulllUUddrrrdddlllUUUU	10.2619	23	133	64	90	1080	210	77	145	12	2.33333	1.21609	14.026	64	0	0	0	0	0.0	0.0	0.0	0	0.0	0.0	0.0	0	0	0	0.0
12 - Games 4 Brains - 88 [likes=2, dislikes=0, completion=0.604477611940298, like_ratio=1.0, like_rate=0.0074626865671641, tedium=34.6666666666667]	SOLVED	rrrddLLdLUUdlldRuruUddrrrdddllllUdrrrruuuuulluulldRdddrrrdddlllluUddrrrruuuuullluurDldddrrrdddlllluuluRdddrrrruuulldLUUUddrrrdddlllluUruuuRuulldRdddrrruuLrddlldllluRdrUUUUluR	15.0515	27	174	217	327	3924	530	420	416	12	1.6208	1.23917	9.34286	217	0	0	0	0	0.0	0.0	0.0	0	0.0	0.0	0.0	0	0	0	0.0
1 - Games 4 Brains - 89 [likes=7, dislikes=1, completion=0.503067484662577, like_ratio=0.875, like_rate=0.0143149284253579, tedium=10.5]	SOLVED	lLLrrrRlllullDrrrrrurrdLLLLLL	8.1373	11	29	26	26	208	33	16	19	8	1.26923	1.34473	13	26	0	0	0	0	0.0	0.0	0.0	0	0.0	0.0	0.0	0	0	0	0.0
15 - Games 4 Brains - 90 [likes=2, dislikes=0, completion=0.641791044776119, like_ratio=1.0, like_rate=0.0074626865671641, tedium=33.6666666666667]	SOLVED	LLLLLulldddrrrrrrUruLLrddlllllluuuuurrrrrrdDldLurrrdLuuullllllddrrdLuluurrrrrrddlldLLrrurrdddlllllluUUrrdLulDrrrrurruullllllDurrrrrrdddLLLLL	14.1886	25	140	175	277	3324	518	499	380	12	1.87004	1.25227	6.66132	175	0	0	0	0	0.0	0.0	0.0	0	0.0	0.0	0.0	0	0	0	0.0
14 - Games 4 Brains - 91 [likes=2, dislikes=1, completion=0.622710622710623, like_ratio=0.666666666666667, like_rate=0.0073260073260073, tedium=28.6666666666667]	SOLVED	rddDlLdlddrrruUddllluuruulUUrrrddrdLdddllluuUUddddrrruuuLLulUdrdrruuulluullddRluurrdLulDrdddrddlUUUURuulldRddddrrruuuL	27.9524	22	118	470	829	9948	1464	1287	961	12	1.76598	1.35726	7.7296	470	0	0	0	0	0.0	0.0	0.0	0	0.0	0.0	0.0	0	0	0	0.0
3 - Games 4 Brains - 92 [likes=5, dislikes=0, completion=0.749090909090909, like_ratio=1.0, like_rate=0.0181818181818182, tedium=15.6666666666667]	SOLVED	uurrrddddddllluUluuruuUdddlddrUdddrrruuuuuullluUddrrrddddddllluuuUddddrrruuuuuullluuluRdddrrrddddddllluuuuUUUUddrrrdddLLdlUUUUU	9.93431	18	127	57	80	960	184	74	135	12	2.3	1.27564	12.973	57	0	0	0	0	0.0	0.0	0.0	0	0.0	0.0	0.0	0	0	0	0.0
17 - Games 4 Brains - 93 [likes=2, dislikes=0, completion=0.638392857142857, like_ratio=1.0, like_rate=0.0089285714285714, tedium=19.6666666666667]	SOLVED	ulldRdddddrrruuulLrrdddlluluUUUluRRRllddddddrrrddlllUUrrruuullluuurrdLLddrrrdddlllUUUUU	10.7925	18	87	91	125	1500	220	109	140	12	1.76	1.30766	13.7615	91	0	0	0	0	0.0	0.0	0.0	0	0.0	0.0	0.0	0	0	0	0.0
16 - Games 4 Brains - 94 [likes=3, dislikes=0, completion=0.697211155378486, like_ratio=1.0, like_rate=0.0119521912350598, tedium=41.6666666666667]	SOLVED	rrrddddlluLLdRRRdrUUdlllldlluuRlddrrurrrruUUdddlllldlluRRRRdrruuuuruLLrdddddllullluRdrrdrruuuuulLLLullddrUluRdrrrrrdddddlluRdrUUUddlluulDrdrruuUruLLLrrddddllulldRRdrruuuuullLLLulDrrrrrrdddddlluRdrUUUUruLLLLLruLdLruL	60.0027	51	215	1736	2928	35136	4527	3509	2394	12	1.54611	1.16942	10.0131	1736	0	0	0	0	0.0	0.0	0.0	0	0.0	0.0	0.0	0	0	0	0.0
2 - Games 4 Brains - 95 [likes=7, dislikes=0, completion=0.664615384615385, like_ratio=1.0, like_rate=0.0215384615384615, tedium=23.0]	SOLVED	LLLLLulldddrrrrrrUruulldlllLulDrrrrrurrdLLLLLL	8.37295	15	46	24	24	192	39	7	22	8	1.625	1.23599	27.4286	24	0	0	0	0	0.0	0.0	0.0	0	0.0	0.0	0.0	0	0	0	0.0
5 - Games 4 Brains - 96 [likes=6, dislikes=2, completion=0.664634146341463, like_ratio=0.75, like_rate=0.0182926829268293, tedium=4.83333333333333]	SOLVED	uRldlDuurrRdrdDDlllllLLuUUdddrrrrrrruuululldldDldlluuuruRR	10.2043	13	58	38	55	1320	262	32	171	24	4.76364	1.36105	41.25	38	0	0	0	0	0.0	0.0	0.0	0	0.0	0.0	0.0	0	0	0	0.0
10 - Games 4 Brains - 97 [likes=4, dislikes=0, completion=0.636904761904762, like_ratio=1.0, like_rate=0.0119047619047619, tedium=7.66666666666667]	SOLVED	rDDlddrURRurUUruRRdrdDuulullulDLLrrrrrdrddDuuulullllldldDuururrrrrdrdddlllulldlLrruruUddldlluuururR	14.1163	19	99	144	199	4776	614	91	456	24	3.08543	1.32127	52.4835	144	0	0	0	0	0.0	0.0	0.0	0	0.0	0.0	0.0	0	0	0	0.0
12 - Erim Sever - 98 [likes=2, dislikes=0, completion=0.154545454545455, like_ratio=1.0, like_rate=0.009090909090909, tedium=7.33333333333333]	SOLVED	lluluururRurrDulldDuurrdDRdrUlluullddRRRlllulldlddrdrrurUdldlluluururrdRlulldRllddrRlluurrRlllddrUluRR	33.0124	18	102	556	760	27360	2344	532	1343	36	3.08421	1.44559	51.4286	556	0	0	0	0	0.0	0.0	0.0	0	0.0	0.0	0.0	0	0	0	0.0
1 - Erim Sever - 99 [likes=5, dislikes=0, completion=0.476987447698745, like_ratio=1.0, like_rate=0.0209205020920502, tedium=7.5]	SOLVED	rrdRullldRurrdDRluulldRurDurrdLdddlluRdllluRUddrruLdrrU	20.5309	13	55	329	563	13512	860	754	964	24	1.52753	1.62771	17.9204	329	0	0	0	0	0.0	0.0	0.0	0	0.0	0.0	0.0	0	0	0	0.0
7 - Erim Sever - 100 [likes=8, dislikes=0, completion=0.441176470588235, like_ratio=1.0, like_rate=0.0336134453781513, tedium=5.125]	SOLVED	rrrrdrddldlllluRRdrruruuullldDuurrdrddlUruulllddRRlluurrDulllldDRddlUdrrrUL	139.569	13	75	1547	2897	92704	10392	6410	9372	32	3.58716	1.84631	14.4624	1547	0	0	0	0	0.0	0.0	0.0	0	0.0	0.0	0.0	0	0	0	0.0
35 - Erim Sever - 101 [likes=3, dislikes=0, completion=0.737068965517241, like_ratio=1.0, like_rate=0.0129310344827586, tedium=8.0]	SOLVED	drDDuuullldRdDuuurrdddDuLDLruruuulldRurDlldDlDurDuuurrDD	10.7966	16	56	114	143	2860	339	69	103	20	2.37063	1.36367	41.4493	114	0	0	0	0	0.0	0.0	0.0	0	0.0	0.0	0.0	0	0	0	0.0
39 - Erim Sever - 102 [likes=4, dislikes=0, completion=0.835748792270531, like_ratio=1.0, like_rate=0.0193236714975845, tedium=21.6666666666667]	SOLVED	uRUrUrrdddllUdrruuuuullDlDDuururrddlLrrdddlluUdLrdrruuuuulldlDururrdddddllulLrrdrruuuuulldldDrdLrdrruuulLulDD	9.76319	18	109	37	69	828	151	82	50	12	2.18841	1.2652	10.0976	37	0	0	0	0	0.0	0.0	0.0	0	0.0	0.0	0.0	0	0	0	0.0
3 - Erim Sever - 103 [likes=5, dislikes=0, completion=0.728813559322034, like_ratio=1.0, like_rate=0.0169491525423729, tedium=11.0]	SOLVED	rdrRURlLdlUruLdrrrRdLrrddllUUruLLLdlUdrRurrdrddlluUruLLdlU	12.6033	20	58	122	211	4220	381	217	274	20	1.80569	1.30682	19.447	122	0	0	0	0	0.0	0.0	0.0	0	0.0	0.0	0.0	0	0	0	0.0
2 - Erim Sever - 104 [likes=4, dislikes=0, completion=0.710714285714286, like_ratio=1.0, like_rate=0.0142857142857143, tedium=35.5]	SOLVED	rrrrrdLrddrruuLLuuuurrdLulDDDDrrddllUUUUdlllldddrruURuruUddldlddlluuurRllddRluurrdrRuuuluRRdrUdlldddddrruuLrddlluUUUUluRRdldddlluRdrUUUluRdrUdlddlllldddrrUUdlluurRRdrUUUluR	76.8509	43	172	1898	3517	56272	4396	4141	4148	16	1.24993	1.20912	13.589	1898	0	0	0	0	0.0	0.0	0.0	0	0.0	0.0	0.0	0	0	0	0.0
31 - Erim Sever - 105 [likes=7, dislikes=0, completion=0.875555555555556, like_ratio=1.0, like_rate=0.0311111111111111, tedium=7.66666666666667]	SOLVED	uulllDurrrddllURlluRddrrU	8.62736	6	25	10	10	120	24	0	16	12	2.4	1.4678	0	10	0	0	0	0	0.0	0.0	0.0	0	0.0	0.0	0.0	0	0	0	0.0
33 - Erim Sever - 106 [likes=4, dislikes=1, completion=0.89922480620155, like_ratio=0.8, like_rate=0.0155038759689922, tedium=3.8]	SOLVED	llululuRddrdrruUddlluluRRlddrU	8.11532	6	30	11	11	220	44	3	20	20	4	1.4913	73.3333	11	0	0	0	0	0.0	0.0	0.0	0	0.0	0.0	0.0	0	0	0	0.0
32 - Erim Sever - 107 [likes=6, dislikes=0, completion=0.437275985663082, like_ratio=1.0, like_rate=0.021505376344086, tedium=6.0]	SOLVED	luuRlddrUrruuLDrdL	9.43626	6	18	8	9	108	12	3	19	12	1.33333	1.44225	36	8	0	0	0	0	0.0	0.0	0.0	0	0.0	0.0	0.0	0	0	0	0.0
15 - Erim Sever - 108 [likes=4, dislikes=1, completion=0.751219512195122, like_ratio=0.8, like_rate=0.0195121951219512, tedium=27.3333333333333]	SOLVED	LLLLLLLLulldRRRRRRlllllddddddDldRRRRRRRRRRllllllllluuuuuuuurrrrrRllllllddddddddrrrrrrrrrurrdLuluuuuuUUdddddddrddlUUUUUUdddddllllllllluuuuuuuurrrrrrRRllllllllddddddddrrrrrrrrruuuuuUddddddllllllllluuuuuuuurrrrrrrrRUdlllllllllddddddddrrrrrrrrruuuuuuUU	65.2955	43	248	697	2833	33996	4924	877	333	12	1.73809	1.20305	38.764	697	0	0	0	0	0.0	0.0	0.0	0	0.0	0.0	0.0	0	0	0	0.0
4 - Erim Sever - 109 [likes=3, dislikes=0, completion=0.815, like_ratio=1.0, like_rate=0.015, tedium=8.0]	SOLVED	drDDuuullldRdDuuurrdddDuLDLruruuulldRurDlldDlDurDuuurrDD	10.4845	16	56	114	143	2860	339	69	103	20	2.37063	1.36367	41.4493	114	0	0	0	0	0.0	0.0	0.0	0	0.0	0.0	0.0	0	0	0	0.0
68 - Spiros Mantzoukis - 110 [likes=2, dislikes=0, completion=0.810185185185185, like_ratio=1.0, like_rate=0.0092592592592592, tedium=12.6666666666667]	SOLVED	rruullDurrddlLdlluuRDrrruulDrdLLruulDDLulD	9.65911	12	42	53	68	816	125	32	92	12	1.83824	1.42138	25.5	53	0	0	0	0	0.0	0.0	0.0	0	0.0	0.0	0.0	0	0	0	0.0
11 - Spiros Mantzoukis - 111 [likes=5, dislikes=0, completion=0.921397379912664, like_ratio=1.0, like_rate=0.0218340611353712, tedium=1.4]	SOLVED	LrULdrRDuUddLDLD	8.97355	11	16	33	39	1560	96	0	6	40	2.46154	1.39522	0	33	0	0	0	0	0.0	0.0	0.0	0	0.0	0.0	0.0	0	0	0	0.0
1 - Brian Kent - 112 [likes=5, dislikes=1, completion=0.857740585774059, like_ratio=0.833333333333333, like_rate=0.0209205020920502, tedium=39.0]	SOLVED	LruulldlddrUrrRlllUdrruurrdrddlUUUUdddlllluUUdddrrrrrrrruulululLLrddddlllllllluurururRddrruUUdddlluuRlddrruU	9.84009	18	108	51	65	520	155	105	23	8	2.38462	1.26101	4.95238	51	0	0	0	0	0.0	0.0	0.0	0	0.0	0.0	0.0	0	0	0	0.0
6 - David W. Skinner - 113 [likes=6, dislikes=0, completion=0.729064039408867, like_ratio=1.0, like_rate=0.0295566502463054, tedium=18.0]	SOLVED	ruRdllluRluurDDlddrruruLddlluRUrrdLrrruLLLrruulDrddlluRdrUdlldlluuRRRdldlU	12.2367	19	74	106	197	3152	275	253	425	16	1.39594	1.32057	12.4585	106	0	0	0	0	0.0	0.0	0.0	0	0.0	0.0	0.0	0	0	0	0.0
12 - David W. Skinner - 114 [likes=4, dislikes=0, completion=0.570731707317073, like_ratio=1.0, like_rate=0.0195121951219512, tedium=31.25]	SOLVED	rrruuLrddlluUruullllddrRlluurrrrddrdLuuullllddrrRllluurrrrdDrddlllUdrrruuluullllddrRRUruLLLulDrrrddlddrUUUruLLLrrddddrruuLrddlluUUruLddrrdLuuulLrddlddrUUUruL	38.8523	31	157	639	1624	25984	1918	2851	3039	16	1.18103	1.26931	9.114	639	0	0	0	0	0.0	0.0	0.0	0	0.0	0.0	0.0	0	0	0	0.0
1 - David W. Skinner - 115 [likes=9, dislikes=0, completion=0.657407407407407, like_ratio=1.0, like_rate=0.0277777777777778, tedium=22.6666666666667]	SOLVED	dllllUUddrruLdlluurDldRurrdrruLLLLdRululuurDDlDRdrRlldlUUUddrrruLdlluuruulDrdDldRuuulD	18.3927	24	86	279	582	6984	697	998	717	12	1.19759	1.30378	6.998	279	0	0	0	0	0.0	0.0	0.0	0	0.0	0.0	0.0	0	0	0	0.0
19 - David W. Skinner - 116 [likes=4, dislikes=1, completion=0.443089430894309, like_ratio=0.8, like_rate=0.016260162601626, tedium=9.125]	SOLVED	rUdlluRRlllululuurrrdrdDuululllddrdrRlluluurrrdDuulllddrRlluurDurrdLLrdddrdrruLULU	29.8586	15	82	561	694	22208	1727	571	2769	32	2.48847	1.54676	38.8932	561	0	0	0	0	0.0	0.0	0.0	0	0.0	0.0	0.0	0	0	0	0.0
3 - David W. Skinner - 117 [likes=8, dislikes=0, completion=0.733082706766917, like_ratio=1.0, like_rate=0.0300751879699248, tedium=17.3333333333333]	SOLVED	luuRDldddrrruulLrrddllUlUUdddrrruulLulDuruurrdLullDurrdL	11.557	12	56	117	157	1884	275	247	248	12	1.75159	1.52402	7.62753	117	0	0	0	0	0.0	0.0	0.0	0	0.0	0.0	0.0	0	0	0	0.0
2 - David W. Skinner - 118 [likes=8, dislikes=0, completion=0.654545454545455, like_ratio=1.0, like_rate=0.0290909090909091, tedium=16.0]	SOLVED	ddLUlldRRuruulDrdLdlluuRlddrruruulDrdrdLuulllddrUluR	8.71928	12	52	18	21	252	36	15	39	12	1.71429	1.2888	16.8	18	0	0	0	0	0.0	0.0	0.0	0	0.0	0.0	0.0	0	0	0	0.0
11 - David W. Skinner - 119 [likes=6, dislikes=0, completion=0.635, like_ratio=1.0, like_rate=0.03, tedium=57.6666666666667]	SOLVED	drrrrRuRlddrUUluRddlllllluuurrrdDuullldddrrRRRuurRurrdLdLLulDrDLLrurrruulDlddllLrruurrrdLullddllLLrruuulllddlddrUUdrrrrruurrdLulDrdLLLLrrrddrUlulllLrrrrdrUluurrdLulDrdLLLuuullllddrUluRddlddrUrRllluuurRldlddrUluurrRlllddrUluRdddrrdrUllluuuRldddrrrU	117.885	51	247	2038	5094	61128	6032	9686	6700	12	1.18414	1.18219	6.31096	2038	0	0	0	0	0.0	0.0	0.0	0	0.0	0.0	0.0	0	0	0	0.0
5 - David W. Skinner - 120 [likes=5, dislikes=0, completion=0.672645739910314, like_ratio=1.0, like_rate=0.0224215246636771, tedium=24.6666666666667]	SOLVED	lluRlLulldRRddlUruLdrrruLdrrruLLdllluurDldRRRuLdlluurDldRurrrrdLulllullldRRurD	10.935	21	78	129	169	2028	255	226	245	12	1.50888	1.2767	8.97345	129	0	0	0	0	0.0	0.0	0.0	0	0.0	0.0	0.0	0	0	0	0.0
4 - David W. Skinner - 121 [likes=6, dislikes=0, completion=0.817777777777778, like_ratio=1.0, like_rate=0.0266666666666667, tedium=8.75]	SOLVED	rddddLruuuulllddrRlluurrrdDlDuruulDrdLdDrddlUUUdrUddllluR	11.5929	13	57	112	152	2432	280	139	193	16	1.84211	1.47175	17.4964	112	0	0	0	0	0.0	0.0	0.0	0	0.0	0.0	0.0	0	0	0	0.0
10 - David W. Skinner - 122 [likes=4, dislikes=0, completion=0.641860465116279, like_ratio=1.0, like_rate=0.0186046511627907, tedium=15.2]	SOLVED	dlUruulllddRRdrUllluurrDullddrRuulllldRurrrddllddlluRUrrruullDulldRurrrdddrruLdlU	10.401	14	81	80	102	2040	137	46	162	20	1.34314	1.39146	44.3478	80	0	0	0	0	0.0	0.0	0.0	0	0.0	0.0	0.0	0	0	0	0.0
6 - David W. Skinner - 123 [likes=5, dislikes=0, completion=0.515981735159817, like_ratio=1.0, like_rate=0.0228310502283105, tedium=17.8]	SOLVED	rrrdLdDldllluRRdrRuuuulldRullldRDuurrdLurrrdLdddlllluRdrrruuuLullDDDldRRluuuurrdLulDDDldR	46.0877	23	89	1091	1976	39520	2966	2795	2417	20	1.50101	1.3909	14.1395	1091	0	0	0	0	0.0	0.0	0.0	0	0.0	0.0	0.0	0	0	0	0.0
1 - David W. Skinner - 124 [likes=11, dislikes=0, completion=0.754098360655738, like_ratio=1.0, like_rate=0.0300546448087432, tedium=10.0]	SOLVED	DlddrUluRdddrruuLLdlUruuruulDD	8.95671	9	30	39	52	624	82	53	39	12	1.57692	1.5512	11.7736	39	0	0	0	0	0.0	0.0	0.0	0	0.0	0.0	0.0	0	0	0	0.0
4 - David W. Skinner - 125 [likes=4, dislikes=0, completion=0.78099173553719, like_ratio=1.0, like_rate=0.0165289256198347, tedium=16.5]	SOLVED	lLrrdrUlllLdlluRRluurDDRRRdrruLLLLLulDuurrrDullddrRRdrruLLLLrrrruulDrdLL	10.7446	27	72	129	163	2608	183	91	196	16	1.1227	1.20763	28.6593	129	0	0	0	0	0.0	0.0	0.0	0	0.0	0.0	0.0	0	0	0	0.0
1 - David W. Skinner - 126 [likes=9, dislikes=0, completion=0.75462962962963, like_ratio=1.0, like_rate=0.0416666666666667, tedium=15.0]	SOLVED	DLdlluRRRurrdLdLLullddrUruRdllluRR	8.64621	13	34	17	19	152	23	11	38	8	1.21053	1.2542	13.8182	17	0	0	0	0	0.0	0.0	0.0	0	0.0	0.0	0.0	0	0	0	0.0
2 - David W. Skinner - 127 [likes=6, dislikes=0, completion=0.477272727272727, like_ratio=1.0, like_rate=0.0227272727272727, tedium=20.5]	SOLVED	rrruulDrrrruulDLdllLruRdlldlluRRRurRRldLdLLuRlllddrUrrrUrururrdLdLLLruRdlldlluRuRRllddllluRR	18.9553	27	92	370	561	8976	702	641	1300	16	1.25134	1.26419	14.0031	370	0	0	0	0	0.0	0.0	0.0	0	0.0	0.0	0.0	0	0	0	0.0
91 - David W. Skinner - 129 [likes=10, dislikes=2, completion=0.703448275862069, like_ratio=0.833333333333333, like_rate=0.0229885057471264, tedium=11.25]	SOLVED	rrdrrruulDrdLuLrdLuLLullllddrrUdlluurRdRRllulldRRRluR	11.0552	15	53	177	274	4384	417	145	206	16	1.5219	1.45384	30.2345	177	0	0	0	0	0.0	0.0	0.0	0	0.0	0.0	0.0	0	0	0	0.0
116 - David W. Skinner - 130 [likes=10, dislikes=0, completion=0.623762376237624, like_ratio=1.0, like_rate=0.033003300330033, tedium=12.6]	SOLVED	drrrdrruUruulldRlllDurrrdddlluURlluRdlLrrddrruUlllldRllluRdrrurrrddllUUdllluRdrU	18.8219	15	80	245	415	8300	802	439	725	20	1.93253	1.49464	18.9066	245	0	0	0	0	0.0	0.0	0.0	0	0.0	0.0	0.0	0	0	0	0.0
29 - David W. Skinner - 131 [likes=24, dislikes=2, completion=0.712484237074401, like_ratio=0.923076923076923, like_rate=0.030264817150063, tedium=52.0]	SOLVED	ullldRurrdrrddllllllluuRurrdRullldRurrdRRlullldllddrrrrrrruUllullldRRllllddrrrrrrruuUdddllllllluurrrrRlllllddrrrrrrruuuUddddllllllluurrrrrRllllllddrrrrrrruUUruuLDDDuuuulldRurDD	12.6299	23	176	75	186	1488	204	296	296	8	1.09677	1.25509	5.02703	75	0	0	0	0	0.0	0.0	0.0	0	0.0	0.0	0.0	0	0	0	0.0
100 - David W. Skinner - 132 [likes=16, dislikes=0, completion=0.602150537634409, like_ratio=1.0, like_rate=0.0344086021505376, tedium=38.75]	SOLVED	lddrDuluurDrrrDldddrruuLrddlluUrrdLuuullllddrUluRRlddlddrUluuurrRurDDDuullldlddrUluurrrrddlUdrrddllUUrrdLuuuLLLulDDDrUluRRRurDDDlUdrrddllUdrruuluuLdrdrddlluUrrdLuuulLLulDDurrrrddlUdrddlUUruuLLLulDrrrrddlUruLLL	65.0094	53	209	1661	3225	51600	3462	4643	4025	16	1.07349	1.16466	11.1135	1661	0	0	0	0	0.0	0.0	0.0	0	0.0	0.0	0.0	0	0	0	0.0
68 - David W. Skinner - 133 [likes=16, dislikes=0, completion=0.598911070780399, like_ratio=1.0, like_rate=0.029038112522686, tedium=32.6666666666667]	SOLVED	rUdlluuurrrRdrruLLLLLulDDlddrrruUddllluururRRRdLullldlddrrruUddllluurDuurRdrruLdrrruLdlluLLrdrrruLdllululDDurrdrruLLLulD	18.5689	29	120	307	615	7380	795	695	684	12	1.29268	1.24787	10.6187	307	0	0	0	0	0.0	0.0	0.0	0	0.0	0.0	0.0	0	0	0	0.0
13 - David W. Skinner - 134 [likes=26, dislikes=1, completion=0.716234652114598, like_ratio=0.962962962962963, like_rate=0.0177353342428377, tedium=17.3333333333333]	SOLVED	rDlDDRddlUrrruLdllUUUruLdlUdrdddrruLdlUUUrDlddrruLuuuLddrddlUUruL	10.1483	22	65	67	88	1056	169	40	93	12	1.92045	1.2257	26.4	67	0	0	0	0	0.0	0.0	0.0	0	0.0	0.0	0.0	0	0	0	0.0
44 - David W. Skinner - 135 [likes=30, dislikes=6, completion=0.966013071895425, like_ratio=0.833333333333333, like_rate=0.0392156862745098, tedium=1.0]	SOLVED	R	11.2584	2	1	1	1	4	1	0	0	4	1	1	0	1	0	0	0	0	0.0	0.0	0.0	0	0.0	0.0	0.0	0	0	0	0.0
52 - David W. Skinner - 136 [likes=21, dislikes=0, completion=0.762345679012346, like_ratio=1.0, like_rate=0.0216049382716049, tedium=6.5]	SOLVED	ddLruulDlldddrRdrUUdlluRlluurrDulldR	9.04427	9	36	28	28	448	119	12	27	16	4.25	1.44809	37.3333	28	0	0	0	0	0.0	0.0	0.0	0	0.0	0.0	0.0	0	0	0	0.0
72 - David W. Skinner - 137 [likes=11, dislikes=1, completion=0.691943127962085, like_ratio=0.916666666666667, like_rate=0.0173775671406003, tedium=35.0]	SOLVED	llLDDDrrddlULLruuulluRRddddrruLdlUdldlluurDrruUddllDurruuUluurDRRllDurrdrruLLLLdDDrdLLdlluurDrruuulluRdrdddlllddRluurDurruuuluurDDDDrdLLdllddrUluRluurD	45.7727	41	151	876	1962	23544	2183	1653	2121	12	1.11264	1.20312	14.2432	876	0	0	0	0	0.0	0.0	0.0	0	0.0	0.0	0.0	0	0	0	0.0
25 - David W. Skinner - 138 [likes=23, dislikes=0, completion=0.726998491704374, like_ratio=1.0, like_rate=0.0173453996983409, tedium=9.66666666666667]	SOLVED	urrdLulluurDldRlddrUrruuLLulD	8.67939	8	29	16	17	204	35	13	32	12	2.05882	1.42497	15.6923	16	0	0	0	0	0.0	0.0	0.0	0	0.0	0.0	0.0	0	0	0	0.0
7 - David W. Skinner - 139 [likes=35, dislikes=3, completion=0.784013605442177, like_ratio=0.921052631578947, like_rate=0.0198412698412698, tedium=4.33333333333333]	SOLVED	rruulUdrddlllluurUdlddrrrUruullDllddrUluuuurrD	13.8548	7	46	80	93	2232	576	150	426	24	6.19355	1.91079	14.88	80	0	0	0	0	0.0	0.0	0.0	0	0.0	0.0	0.0	0	0	0	0.0
33 - David W. Skinner - 140 [likes=28, dislikes=0, completion=0.635338345864662, like_ratio=1.0, like_rate=0.0263157894736842, tedium=13.6666666666667]	SOLVED	ulLLrrrddlLrruullDllUdddrUluurrrrddlLLruulldDrruL	12.0118	11	49	78	124	1488	297	156	94	12	2.39516	1.54993	9.53846	78	0	0	0	0	0.0	0.0	0.0	0	0.0	0.0	0.0	0	0	0	0.0
64 - David W. Skinner - 141 [likes=19, dislikes=0, completion=0.614334470989761, like_ratio=1.0, like_rate=0.0324232081911263, tedium=23.75]	SOLVED	ldlluulUluurrrddLLrruulDrdLdddrrurrdLLLdlUUUUruulDDDDuuuulldRurrddlddDuuuruulDDDDulUruulldRurDDDuullldRRurD	17.9336	31	107	270	500	8000	578	602	701	16	1.156	1.22198	13.289	270	0	0	0	0	0.0	0.0	0.0	0	0.0	0.0	0.0	0	0	0	0.0
120 - David W. Skinner - 142 [likes=8, dislikes=0, completion=0.737642585551331, like_ratio=1.0, like_rate=0.0304182509505703, tedium=45.75]	SOLVED	lluuRlddrddldRuuuluurRRRRRurDlllllllddrdddlddrUluuruuluurrrrrrrDDrdLuuulllllllddrUdddlddrUUUUluuRRRRRRurDDrddlLLdlldLrurruulDrrrruulDuulllllllddrUluRRRRRRurDDrddLLrruulullllllddddlddrUrruRldllUUUluurrrrrrrdrddllLulDrrrruulDuulllllllddrUluRRRRRRurDDrddLLLrrruulDrdLL	60.7829	65	265	2608	3014	48224	4424	1226	2518	16	1.46782	1.13116	39.3344	2608	0	0	0	0	0.0	0.0	0.0	0	0.0	0.0	0.0	0	0	0	0.0
48 - David W. Skinner - 143 [likes=17, dislikes=0, completion=0.734662576687117, like_ratio=1.0, like_rate=0.0260736196319018, tedium=21.3333333333333]	SOLVED	rddDLruuullddlddrUUdrrurDrddlUruLLLrrddlUruLuuulllddrDuluurDurrdddL	12.0124	15	67	81	137	1644	264	206	193	12	1.92701	1.38819	7.98058	81	0	0	0	0	0.0	0.0	0.0	0	0.0	0.0	0.0	0	0	0	0.0
136 - David W. Skinner - 144 [likes=8, dislikes=1, completion=0.654320987654321, like_ratio=0.888888888888889, like_rate=0.0246913580246914, tedium=33.5]	SOLVED	rddLruullldllluRdrrurrrddlLrruullldlluuurrrrDulllldddrruLdllddrrrUrrruuLLruulllldDuurrrrddlLLrrrrddlllUdrrruullLdlLrrdrrUruLuulllldDlDRuuurrrrddddlluuLLuurrrrddLLLrrruulllldD	23.79	26	174	445	734	11744	1428	1048	971	16	1.9455	1.2889	11.2061	445	0	0	0	0	0.0	0.0	0.0	0	0.0	0.0	0.0	0	0	0	0.0
49 - David W. Skinner - 145 [likes=18, dislikes=0, completion=0.780152671755725, like_ratio=1.0, like_rate=0.0274809160305344, tedium=27.3333333333333]	SOLVED	ldddRluRluurDDuurrddLDDDldRRluuuuruulldlddRluuurrrddlDDDlddrruLdrrruLdlluuuulluurDldRurDDD	10.9909	22	90	112	166	1992	242	108	245	12	1.45783	1.26158	18.4444	112	0	0	0	0	0.0	0.0	0.0	0	0.0	0.0	0.0	0	0	0	0.0
6 - David W. Skinner - 146 [likes=36, dislikes=1, completion=0.757201646090535, like_ratio=0.972972972972973, like_rate=0.0296296296296296, tedium=35.6666666666667]	SOLVED	ulldllllulllddRluurDRRRRlllllddrrUdlluuurrrdrrRlllulldRddlUruRRRdrrrruullDurrddlLLLuRdrrruullDurrddlLullllullldRurrdrrrrdLulllulldRRRRRdrrruullDurrddlL	12.5682	30	151	143	191	2292	398	151	241	12	2.08377	1.19134	15.1788	143	0	0	0	0	0.0	0.0	0.0	0	0.0	0.0	0.0	0	0	0	0.0
32 - David W. Skinner - 147 [likes=26, dislikes=1, completion=0.527808069792803, like_ratio=0.962962962962963, like_rate=0.0283533260632497, tedium=11.6666666666667]	SOLVED	ullDullddrUrurrdLLLddrUluRurrdLululD	9.76288	10	36	30	36	432	52	25	88	12	1.44444	1.43097	17.28	30	0	0	0	0	0.0	0.0	0.0	0	0.0	0.0	0.0	0	0	0	0.0
24 - David W. Skinner - 148 [likes=26, dislikes=0, completion=0.670673076923077, like_ratio=1.0, like_rate=0.03125, tedium=17.5]	SOLVED	ullDDlddrruLuuurrdLulDDDullddrRuulD	8.75131	10	35	20	25	200	42	10	20	8	1.68	1.37973	20	20	0	0	0	0	0.0	0.0	0.0	0	0.0	0.0	0.0	0	0	0	0.0
73 - David W. Skinner - 149 [likes=10, dislikes=1, completion=0.678504672897196, like_ratio=0.909090909090909, like_rate=0.0186915887850467, tedium=34.0]	SOLVED	uulllluurDDDurruLdrrruLLdrddddlllluuRuuluurDldRRRurDulLdrrDDDuuulllddlddrrrdrruLLLrruuuulllluurDrdrrddddllLrrruuuuulllDDurrrddddllldlUU	15.4115	26	135	196	383	4596	536	493	445	12	1.39948	1.25705	9.32252	196	0	0	0	0	0.0	0.0	0.0	0	0.0	0.0	0.0	0	0	0	0.0
53 - David W. Skinner - 150 [likes=19, dislikes=0, completion=0.709844559585492, like_ratio=1.0, like_rate=0.0328151986183074, tedium=9.25]	SOLVED	lUluuRurrDrddLUUdddlluUdRdrUlluUddrrruulLrrddlU	9.89978	13	47	56	66	1056	117	49	72	16	1.77273	1.38027	21.551	56	0	0	0	0	0.0	0.0	0.0	0	0.0	0.0	0.0	0	0	0	0.0
45 - David W. Skinner - 151 [likes=18, dislikes=0, completion=0.752463054187192, like_ratio=1.0, like_rate=0.0221674876847291, tedium=15.0]	SOLVED	ruLdlluuuurrrdLullddddrruUUruLddddlluuuRldddrruuUddLdlUUU	9.43452	12	57	38	44	528	91	22	21	12	2.06818	1.37074	24	38	0	0	0	0	0.0	0.0	0.0	0	0.0	0.0	0.0	0	0	0	0.0
12 - David W. Skinner - 152 [likes=33, dislikes=0, completion=0.747582205029014, like_ratio=1.0, like_rate=0.0319148936170213, tedium=24.5]	SOLVED	uululldRdRluurDrDDrddlluRuuulldRurDDrrrddllUdlluR	10.1429	12	49	16	16	128	23	0	17	8	1.4375	1.25992	0	16	0	0	0	0	0.0	0.0	0.0	0	0.0	0.0	0.0	0	0	0	0.0
86 - David W. Skinner - 153 [likes=9, dislikes=0, completion=0.689342403628118, like_ratio=1.0, like_rate=0.0204081632653061, tedium=26.25]	SOLVED	drrrUrruullDlDururrddlLdLLdlluurDldRuuuRRllddrrrurruullDlDururrddlLdLLrruulluRdrdrruululDldDulldDuurrdrdLLruuurDurrddlLulDrdL	13.5163	26	125	180	234	3744	607	228	451	16	2.59402	1.23346	16.4211	180	0	0	0	0	0.0	0.0	0.0	0	0.0	0.0	0.0	0	0	0	0.0
69 - David W. Skinner - 154 [likes=12, dislikes=1, completion=0.696691176470588, like_ratio=0.923076923076923, like_rate=0.0220588235294118, tedium=41.6666666666667]	SOLVED	urrrurrrDrrddllUUrULLLulDrdLurrruurDDldddrruuLrddlluUddrUruLuLLLdlLrruulDrrrrddlUruLLLdddllluUUdddrrruuLLrruulDrdddllluluurDDuuluurDlddddRuurRllluurDldRddR	95.3479	38	155	1645	4097	49164	4960	7970	5653	12	1.21064	1.2447	6.16863	1645	0	0	0	0	0.0	0.0	0.0	0	0.0	0.0	0.0	0	0	0	0.0
28 - David W. Skinner - 155 [likes=29, dislikes=1, completion=0.694087403598972, like_ratio=0.966666666666667, like_rate=0.0372750642673522, tedium=16.5]	SOLVED	rDulldRddrruLdlUUluurrdDldRuuulDD	9.52122	10	33	17	19	152	24	15	31	8	1.26316	1.34238	10.1333	17	0	0	0	0	0.0	0.0	0.0	0	0.0	0.0	0.0	0	0	0	0.0
90 - David W. Skinner - 156 [likes=9, dislikes=0, completion=0.71875, like_ratio=1.0, like_rate=0.0200892857142857, tedium=16.0]	SOLVED	lDurrrrdLdDldllluRdrruruuLrddldlluRdrRuuuullldDuurrdrdddlllluRdrrrurrdLLuuulLulDDDldR	62.084	17	85	927	1567	25072	3498	2279	1411	16	2.23229	1.54151	11.0013	927	0	0	0	0	0.0	0.0	0.0	0	0.0	0.0	0.0	0	0	0	0.0
74 - David W. Skinner - 157 [likes=11, dislikes=0, completion=0.611208406304729, like_ratio=1.0, like_rate=0.0192644483362522, tedium=29.25]	SOLVED	lulDDDRRlluurrDRRRurrddlUruLdllllullddrddrruUddlluuluurrdRRRRurDllluRRdllldddlluuRlddrruUlllldRurrrddllUluRluurrdRRRRllldddlluuRlddrruUluRRRurD	40.0296	35	143	699	1235	19760	1931	1305	1104	16	1.56356	1.22556	15.1418	699	0	0	0	0	0.0	0.0	0.0	0	0.0	0.0	0.0	0	0	0	0.0
23 - David W. Skinner - 158 [likes=34, dislikes=1, completion=0.694550063371356, like_ratio=0.971428571428571, like_rate=0.0430925221799747, tedium=28.0]	SOLVED	dlUrruulluRdrddllUdrruululldRddrruuruLLrdddlluuRurDllluRdrrD	8.35128	11	60	17	19	152	23	26	25	8	1.21053	1.30692	5.84615	17	0	0	0	0	0.0	0.0	0.0	0	0.0	0.0	0.0	0	0	0	0.0
1 - David W. Skinner - 159 [likes=133, dislikes=8, completion=0.639371381306865, like_ratio=0.943262411347518, like_rate=0.0550041356492969, tedium=16.5]	SOLVED	dlUrrrdLullddrUluRuulDrddrruLdlUU	8.509	9	33	13	14	112	17	8	19	8	1.21429	1.34075	14	13	0	0	0	0	0.0	0.0	0.0	0	0.0	0.0	0.0	0	0	0	0.0
62 - David W. Skinner - 160 [likes=15, dislikes=0, completion=0.674782608695652, like_ratio=1.0, like_rate=0.0260869565217391, tedium=16.0]	SOLVED	LLLLullDRdLurRldlLLrruulDLrrrrRlllllddlluRluRRRRRRlllllddrUluRRurrddlLuRlllddrUluRdrruRdllluRR	15.656	31	94	111	186	2976	316	85	271	16	1.69892	1.18361	35.0118	111	0	0	0	0	0.0	0.0	0.0	0	0.0	0.0	0.0	0	0	0	0.0
19 - David W. Skinner - 161 [likes=23, dislikes=1, completion=0.665895953757225, like_ratio=0.958333333333333, like_rate=0.0265895953757225, tedium=20.5]	SOLVED	urrDDDlddrUUUUruLLLdRllluRdrrurDllluRdrrDDlddrUUUU	11.24	21	50	61	99	792	109	59	82	8	1.10101	1.2446	13.4237	61	0	0	0	0	0.0	0.0	0.0	0	0.0	0.0	0.0	0	0	0	0.0
58 - David W. Skinner - 162 [likes=19, dislikes=0, completion=0.636220472440945, like_ratio=1.0, like_rate=0.0299212598425197, tedium=14.6666666666667]	SOLVED	luluurDRDulldRddrruruuLrddlLdlUrrruulLLrrrddllUdrruulL	9.68184	12	54	22	30	360	51	13	34	12	1.7	1.32768	27.6923	22	0	0	0	0	0.0	0.0	0.0	0	0.0	0.0	0.0	0	0	0	0.0
147 - David W. Skinner - 163 [likes=9, dislikes=0, completion=0.737051792828685, like_ratio=1.0, like_rate=0.0358565737051793, tedium=48.6666666666667]	SOLVED	lllllldddRRuLdlUUluRRlddrrrDrddlUddlluUluurrdLdddrruuruLullluurRRRRlllllddrddlUUUluRRlddrrrdLullddrUluuurRRRdrrrruullDurrdddllluluRllllldddrruLdlUUluRRRRRdrdrruLrruullDLLrrurrdddlllUluLLrrdrRRdrUllllullLLrrrrdrruLL	210.841	51	214	2468	8514	102168	8837	14924	9114	12	1.03794	1.19416	6.84589	2468	0	0	0	0	0.0	0.0	0.0	0	0.0	0.0	0.0	0	0	0	0.0
97 - David W. Skinner - 164 [likes=11, dislikes=0, completion=0.549792531120332, like_ratio=1.0, like_rate=0.0228215767634855, tedium=32.8]	SOLVED	urrRlllddrRlluurrrRdddddllluUluuurrruurDrRRRRRllllllldllldddrddrruruuuUlllldddrruRldlluuurrruRRRlldlllldddrddrruruUlldlluRdddrruruuUddddllluuuluurrrurrrRRRlllllldlllddrRdlddrruruuuUluRdllllddrrRldlddrruruUUdlllluurrrurRRRRllllldlllddrrrruUluRRRdLurRlllldlllddrrrruUluRRR	28.506	42	270	460	794	15880	1727	1086	1224	20	2.17506	1.17231	14.6225	460	0	0	0	0	0.0	0.0	0.0	0	0.0	0.0	0.0	0	0	0	0.0
110 - David W. Skinner - 165 [likes=11, dislikes=1, completion=0.714659685863874, like_ratio=0.916666666666667, like_rate=0.0287958115183246, tedium=13.25]	SOLVED	uuuulluurDldddlluRdrUUddrrddlUruuurrdLulDDLLrddrUlululldRuruRuulD	34.9046	15	65	1094	1541	24656	2650	866	1992	16	1.71966	1.63125	28.4711	1094	0	0	0	0	0.0	0.0	0.0	0	0.0	0.0	0.0	0	0	0	0.0
39 - David W. Skinner - 166 [likes=17, dislikes=0, completion=0.759643916913947, like_ratio=1.0, like_rate=0.0252225519287834, tedium=42.5]	SOLVED	ruuLLLuullddRluurrdDrrrddlUruLLLDDuuuullddRRddllddrrUUUURRurDldRullllluurrDullddrRRRdrUddrruL	12.1416	28	93	103	158	1264	172	90	101	8	1.08861	1.19818	14.0444	103	0	0	0	0	0.0	0.0	0.0	0	0.0	0.0	0.0	0	0	0	0.0
81 - David W. Skinner - 167 [likes=14, dislikes=0, completion=0.663326653306613, like_ratio=1.0, like_rate=0.0280561122244489, tedium=15.3333333333333]	SOLVED	luuurrdLDldddrruLUUUruulldDrddlluRdrUdddlUUluR	9.43038	13	46	42	55	660	114	29	85	12	2.07273	1.36105	22.7586	42	0	0	0	0	0.0	0.0	0.0	0	0.0	0.0	0.0	0	0	0	0.0
15 - David W. Skinner - 168 [likes=23, dislikes=1, completion=0.760355029585799, like_ratio=0.958333333333333, like_rate=0.0226824457593688, tedium=18.5]	SOLVED	DrdddllUUddrruuulLLLdlluRRRRdddrruuLrddlluU	8.6031	13	43	25	35	280	44	12	22	8	1.25714	1.31454	23.3333	25	0	0	0	0	0.0	0.0	0.0	0	0.0	0.0	0.0	0	0	0	0.0
42 - David W. Skinner - 169 [likes=19, dislikes=0, completion=0.61546499477534, like_ratio=1.0, like_rate=0.0198537095088819, tedium=15.6666666666667]	SOLVED	rdddLdllluurrRUruulDDDlllddrrrUrUUlDlllddrrUdlluurRdRluRuuurD	11.9492	16	61	129	212	2544	247	237	293	12	1.16509	1.39764	10.7342	129	0	0	0	0	0.0	0.0	0.0	0	0.0	0.0	0.0	0	0	0	0.0
55 - David W. Skinner - 170 [likes=15, dislikes=0, completion=0.710097719869707, like_ratio=1.0, like_rate=0.0244299674267101, tedium=32.0]	SOLVED	drrrrddlUdrddlUruuuLLrdrddlUruullLulldRRRRurDDDlUddRuuuLdddrRluuulLLulldRRRRurDDDldR	10.5537	28	84	72	141	1128	166	109	80	8	1.1773	1.19332	10.3486	72	0	0	0	0	0.0	0.0	0.0	0	0.0	0.0	0.0	0	0	0	0.0
43 - David W. Skinner - 171 [likes=18, dislikes=0, completion=0.761904761904762, like_ratio=1.0, like_rate=0.0295566502463054, tedium=20.3333333333333]	SOLVED	dddllLDLdlluurRRRldldlUluRdrrurRdrUUdllldlddrUluluRRRRurDuluurDlddlllddrUluRRR	15.0639	23	78	217	334	4008	534	434	364	12	1.5988	1.28744	9.23502	217	0	0	0	0	0.0	0.0	0.0	0	0.0	0.0	0.0	0	0	0	0.0
14 - David W. Skinner - 172 [likes=29, dislikes=0, completion=0.662640207075065, like_ratio=1.0, like_rate=0.0250215703192407, tedium=25.5]	SOLVED	uulllldddrrUlluurrrrddLLLdlUrrrruullDurrddlLdlluRRuullD	8.82211	11	55	13	15	120	18	11	19	8	1.2	1.27914	10.9091	13	0	0	0	0	0.0	0.0	0.0	0	0.0	0.0	0.0	0	0	0	0.0
80 - David W. Skinner - 173 [likes=9, dislikes=0, completion=0.785536159600998, like_ratio=1.0, like_rate=0.0224438902743142, tedium=32.75]	SOLVED	lddrrruuLuullluUddrrrddrddlUUUUUdllluuluurDrrdRRRllddllluUddrrruurrurDDulllddddddlluuRlddrruUUUUdddlldRuruullluuluurDrrdRRRdrUdlddrUluullddddlddrUUUUUdllluUluurDrrdRRRllddllluUluR	62.0743	39	179	1460	2446	39136	3018	3133	3795	16	1.23385	1.22147	12.4915	1460	0	0	0	0	0.0	0.0	0.0	0	0.0	0.0	0.0	0	0	0	0.0
107 - David W. Skinner - 174 [likes=15, dislikes=0, completion=0.701631701631702, like_ratio=1.0, like_rate=0.034965034965035, tedium=3.45454545454545]	SOLVED	uuuLDlluRdrruuullDDuulllddRRdRUllluurD	24.6818	11	38	218	381	16764	1140	540	2383	44	2.99213	1.71644	31.0444	218	0	0	0	0	0.0	0.0	0.0	0	0.0	0.0	0.0	0	0	0	0.0
38 - David W. Skinner - 175 [likes=22, dislikes=0, completion=0.602442333785617, like_ratio=1.0, like_rate=0.0298507462686567, tedium=12.3333333333333]	SOLVED	llluuurrrdDuurrrrddllLrrrddlllULUdLurRR	8.61246	9	39	17	17	204	30	14	28	12	1.76471	1.36999	14.5714	17	0	0	0	0	0.0	0.0	0.0	0	0.0	0.0	0.0	0	0	0	0.0
96 - David W. Skinner - 176 [likes=9, dislikes=0, completion=0.618811881188119, like_ratio=1.0, like_rate=0.0222772277227723, tedium=30.6666666666667]	SOLVED	LrRRdrruLLdrddLruuulLrdrddlLdlluRuuUUUddlLulldRRRRRluuruLdddrRdrruLLdrddlLrruuulLrdrddlldlluRRRlluuUUUruulDDuulldRurrddlDDuuruulDD	196.262	38	130	1055	6950	83400	7013	14677	10378	12	1.00906	1.26213	5.68236	1055	0	0	0	0	0.0	0.0	0.0	0	0.0	0.0	0.0	0	0	0	0.0
79 - David W. Skinner - 177 [likes=9, dislikes=0, completion=0.743833017077799, like_ratio=1.0, like_rate=0.0170777988614801, tedium=16.0]	SOLVED	lLLdlluRRRRRdrUllllluurDurrDulldDrRdrruLrruulDrddlluLLrdrrruLL	9.95149	19	62	65	90	1080	125	54	115	12	1.38889	1.26723	20	65	0	0	0	0	0.0	0.0	0.0	0	0.0	0.0	0.0	0	0	0	0.0
59 - David W. Skinner - 178 [likes=15, dislikes=1, completion=0.647149460708783, like_ratio=0.9375, like_rate=0.0231124807395994, tedium=59.3333333333333]	SOLVED	dlllllldddlUruurrrrruullllllllddddRluuuurrrrrrrrddllllldRurrrruullllllllddddrRlluuuurrrrrrrrddlllldRurrruullllllllddddrrdrUllluuuurrrrrrrrddllllllDRurrrrruullllllllddddrRdrUUluRddllluuuurrrrrrrrddllldLrurrruullllllllddddrruurRllddrUruRRRlldllluRdrrurrdLurRldlLLrurrrurDDDrddlluRuuuuulllllllllddddrruurRRlllddrUrrrrurrddddrUluuulldlluRRdllllluRddllluuuurrrrrrrrdrddddrUluuuulllllllllddddrruurRdrrurRurDDDrdLuuurDDuullldllluRRRRurDDD	89.595	51	431	1308	2954	35448	4825	7385	4050	12	1.63338	1.16963	4.8	1308	0	0	0	0	0.0	0.0	0.0	0	0.0	0.0	0.0	0	0	0	0.0
18 - David W. Skinner - 179 [likes=18, dislikes=2, completion=0.748723186925434, like_ratio=0.9, like_rate=0.0183861082737487, tedium=35.5]	SOLVED	ruuuulllddrRDrUdddlUruuUdllluuurrrrdLddddlUruuuulldlddrRdrUllluuurrrdLulldddrrrUdllluuurrdLurrrdL	8.74305	14	97	28	31	248	65	25	21	8	2.09677	1.27799	9.92	28	0	0	0	0	0.0	0.0	0.0	0	0.0	0.0	0.0	0	0	0	0.0
63 - David W. Skinner - 181 [likes=17, dislikes=0, completion=0.707865168539326, like_ratio=1.0, like_rate=0.0318352059925094, tedium=50.5]	SOLVED	llllLLulLLLLLLulldRurDrrrrrrrddlUruLLLLLLLulldRRRRRRRRurDllllllddlUrurrrrrdRRlullllllLrrrrrrdrrRRlllulllllllulldRRRRRRRRdrrrrRRlllllUdrrrrrdrruLLLLLL	15.4545	51	149	220	509	4072	576	247	283	8	1.13163	1.12999	16.4858	220	0	0	0	0	0.0	0.0	0.0	0	0.0	0.0	0.0	0	0	0	0.0
22 - David W. Skinner - 183 [likes=20, dislikes=1, completion=0.725030826140567, like_ratio=0.952380952380952, like_rate=0.0246609124537608, tedium=23.5]	SOLVED	drrruulDLdlUUdrrrdLulluUddddrUluuuluRRdldddrruLdlUUUruLdddrruruuL	10.7774	16	65	64	100	800	127	144	199	8	1.27	1.33352	5.55556	64	0	0	0	0	0.0	0.0	0.0	0	0.0	0.0	0.0	0	0	0	0.0
75 - David W. Skinner - 184 [likes=9, dislikes=0, completion=0.73828125, like_ratio=1.0, like_rate=0.017578125, tedium=23.0]	SOLVED	ddlluLuLLrrRllldRurrddlUruLddrrruuLrddlluluLdrdrrruulLddrUllllUUluRRRlldddrrruLLdlUdrrrrruLLdllulUluRRldddrrruLLdlUUluRdlldRRdrruLdlUU	22.1559	35	134	475	810	12960	1159	1015	1321	16	1.43086	1.21088	12.7685	475	0	0	0	0	0.0	0.0	0.0	0	0.0	0.0	0.0	0	0	0	0.0
132 - David W. Skinner - 185 [likes=10, dislikes=0, completion=0.517751479289941, like_ratio=1.0, like_rate=0.029585798816568, tedium=38.75]	SOLVED	DrrDDllUdrruulLddrrrruLdrrruLLdlllluurrDullddrRRRuLdllluurrDullddrRRulullulDrddddrrUdlluuuurrdrdLLrddlluUUdrruulLrrdrrrrddlUruLLLdllluurrDrdLLrddlluUrrurrrdLLLddlluuUdddrruuLrddlluU	39.8143	38	181	910	1970	31520	2303	2758	3178	16	1.16904	1.22095	11.4286	910	0	0	0	0	0.0	0.0	0.0	0	0.0	0.0	0.0	0	0	0	0.0
124 - David W. Skinner - 186 [likes=10, dislikes=1, completion=0.534954407294833, like_ratio=0.909090909090909, like_rate=0.0303951367781155, tedium=81.6666666666667]	SOLVED	urrDDuulldRullldRdddddrrrrrrrrrruuuuulllddllldlluRRRRdrruLuurrrdddddlllllllllluuuuuurrdLurrrdLddrrRdrUUdlllluuulldRullldRurrrDulllddddddrrrrrrrrrruuuuuulllldRurrdrdddddlllllllllluuuuuurrdrDuulllddddddrrrrrrrrrruuuuuullldRlddllldlluRRluuullldRurrdddrRRdrUUdlllluuulldRurDDullldddddrrrrrrrrrruuuuuulldRullldRRlddllldlluRRRRdrUU	15.4717	40	325	222	311	3732	549	352	300	12	1.76527	1.1543	10.6023	222	0	0	0	0	0.0	0.0	0.0	0	0.0	0.0	0.0	0	0	0	0.0
60 - David W. Skinner - 187 [likes=22, dislikes=1, completion=0.684115523465704, like_ratio=0.956521739130435, like_rate=0.0397111913357401, tedium=42.25]	SOLVED	urrrrrrdddLLulldRRlDurRlldDrddlUUUddLLdlluRRlUdrRlluUluuruurrrrrrddDDDuullulldRRRllddrddlUUdllluuluuruurrrrrrddDDuuuullllllddlddrddrrruUddllluuluurDDDuuuuurrrrrrdddllulldRRRlldddlldlluRRRlluuuuuurrrrrrddDlllddrddlUUUddllluuuuuurrrrrrdddllulldRRR	29.9354	45	245	631	861	13776	1454	458	408	16	1.68873	1.16204	30.0786	631	0	0	0	0	0.0	0.0	0.0	0	0.0	0.0	0.0	0	0	0	0.0
37 - David W. Skinner - 188 [likes=21, dislikes=0, completion=0.812816188870152, like_ratio=1.0, like_rate=0.0354131534569983, tedium=23.6666666666667]	SOLVED	drruulLuLLdRulullddRluurrdrdRullullddrRurrdRlulldRululDrdrRulllldRurrdrddrruUUUddddlluuRlddrruUllullldRurrdrrUdllulldRRRlddrruU	20.0335	24	127	114	174	2088	322	196	208	12	1.85057	1.23981	10.6531	114	0	0	0	0	0.0	0.0	0.0	0	0.0	0.0	0.0	0	0	0	0.0
3 - David W. Skinner - 189 [likes=66, dislikes=1, completion=0.620515411824154, like_ratio=0.985074626865672, like_rate=0.0333501768569985, tedium=20.5]	SOLVED	ruuLLLulDrrrrddlUruLLLddllluurRDrdLuuurDD	10.668	14	41	48	50	400	70	17	30	8	1.4	1.32238	23.5294	48	0	0	0	0	0.0	0.0	0.0	0	0.0	0.0	0.0	0	0	0	0.0
21 - David W. Skinner - 190 [likes=28, dislikes=3, completion=0.68936170212766, like_ratio=0.903225806451613, like_rate=0.0297872340425532, tedium=8.5]	SOLVED	dllUdlUluurDRddlU	8.65858	6	17	9	11	88	12	7	18	8	1.09091	1.4913	12.5714	9	0	0	0	0	0.0	0.0	0.0	0	0.0	0.0	0.0	0	0	0	0.0
76 - David W. Skinner - 191 [likes=11, dislikes=0, completion=0.721973094170404, like_ratio=1.0, like_rate=0.0246636771300448, tedium=60.3333333333333]	SOLVED	ddrdrdrrrrUUlDrdLLruuuuurrdLulDDDrddllLdlUrrrruuUdddllllUluuuuurrddddLddrrrruuuluurrdLddddllllulUUddrdrrrruulDrdLLLdlUUluuluuurrrddddLruuuulldlddrUluurrrddddldlUdrdrrruuuruulDDrdddlllluulluurUdlddrdrdrrruruulDrddlllluulUddrdrrrruulDrdLLLdlUUluuUluuRurrdddddLdlUluuuurRurDDulllddrUluRurrddDuuulldddlddrUluuurRldlddrUUluRurrDDuulldRurD	67.7802	57	333	1211	2076	24912	3058	2632	1563	12	1.47303	1.1434	9.46505	1211	0	0	0	0	0.0	0.0	0.0	0	0.0	0.0	0.0	0	0	0	0.0
149 - David W. Skinner - 192 [likes=8, dislikes=1, completion=0.646090534979424, like_ratio=0.888888888888889, like_rate=0.0329218106995885, tedium=23.5]	SOLVED	RurDDDlddrdDldRuuuluurDRRRlllDurrrRlllldDDuuuuuurrdLulDDldRRRRllldddlddrUUUUluRRRddddLruuuulldddlddrUUUUluRR	31.3525	36	108	563	908	14528	1111	682	1003	16	1.22357	1.20828	21.3021	563	0	0	0	0	0.0	0.0	0.0	0	0.0	0.0	0.0	0	0	0	0.0
56 - David W. Skinner - 193 [likes=16, dislikes=0, completion=0.74453781512605, like_ratio=1.0, like_rate=0.026890756302521, tedium=11.5]	SOLVED	uulLulldRurDrddllURuulD	9.33962	7	23	8	8	64	12	6	16	8	1.5	1.3459	10.6667	8	0	0	0	0	0.0	0.0	0.0	0	0.0	0.0	0.0	0	0	0	0.0
128 - David W. Skinner - 194 [likes=8, dislikes=1, completion=0.730909090909091, like_ratio=0.888888888888889, like_rate=0.0290909090909091, tedium=22.0]	SOLVED	rrurruulllulldRRlldlluRRurrddLruRRlldlDuruulldldRuurrdLLrrrrurrdLddlldlLuUrurRllulldRRdldddlluRdrU	22.7427	20	98	388	825	13200	1226	750	1742	16	1.48606	1.39902	17.6	388	0	0	0	0	0.0	0.0	0.0	0	0.0	0.0	0.0	0	0	0	0.0
17 - David W. Skinner - 195 [likes=23, dislikes=1, completion=0.722413793103448, like_ratio=0.958333333333333, like_rate=0.0198275862068966, tedium=8.33333333333333]	SOLVED	dlDurrDulldRddlUdrrruLdlUrUdllUdrU	8.97049	10	34	20	32	384	63	18	59	12	1.96875	1.41421	21.3333	20	0	0	0	0	0.0	0.0	0.0	0	0.0	0.0	0.0	0	0	0	0.0
104 - David W. Skinner - 196 [likes=7, dislikes=0, completion=0.703947368421053, like_ratio=1.0, like_rate=0.0153508771929825, tedium=26.3333333333333]	SOLVED	ulLLLDlluRRRRurrddddllllUUddrrurruuulldlLrrDDuulldlluRRdddrRlluuuRldddrrurruuullDDDrruuLulDrrddlDLddrUluurruullDD	17.7972	28	113	270	463	5556	708	645	643	12	1.52916	1.24509	8.61395	270	0	0	0	0	0.0	0.0	0.0	0	0.0	0.0	0.0	0	0	0	0.0
95 - David W. Skinner - 197 [likes=7, dislikes=1, completion=0.813648293963255, like_ratio=0.875, like_rate=0.0183727034120735, tedium=3.125]	SOLVED	ddRuurrDLrrrddLUdddllUlluurDlddrruR	10.6925	9	35	57	61	1952	348	44	211	32	5.70492	1.57896	44.3636	57	0	0	0	0	0.0	0.0	0.0	0	0.0	0.0	0.0	0	0	0	0.0
94 - David W. Skinner - 198 [likes=17, dislikes=0, completion=0.603854389721627, like_ratio=1.0, like_rate=0.0364025695931477, tedium=27.6666666666667]	SOLVED	rdRRurDDulllulldRRRllDurrRurrdLdDllldlluRuurrRurrdLLLrrddrddlUruLLruullLulldRRRRurDDDrddlUruL	17.2096	30	93	433	687	8244	739	472	642	12	1.07569	1.24327	17.4661	433	0	0	0	0	0.0	0.0	0.0	0	0.0	0.0	0.0	0	0	0	0.0
82 - David W. Skinner - 199 [likes=11, dislikes=0, completion=0.72108843537415, like_ratio=1.0, like_rate=0.0249433106575964, tedium=17.3333333333333]	SOLVED	drrruUlUdrruLuLLulldRDDlddrrrruuuulLrrddddlllUdrrruuuullulDrrrddlUruLL	9.3101	15	70	29	37	444	46	16	53	12	1.24324	1.27217	27.75	29	0	0	0	0	0.0	0.0	0.0	0	0.0	0.0	0.0	0	0	0	0.0
152 - David W. Skinner - 200 [likes=11, dislikes=0, completion=0.520134228187919, like_ratio=1.0, like_rate=0.0369127516778524, tedium=58.25]	SOLVED	lluuUrrdrrrrrdrdLLLLLLuurruurrrrdrdrddrruuululululllDurrrdrdrdrdddllLLululllllddrrrrRRululllllulldddRluuurrdrrrrrddrRlululllllulldddrRuurrrrrddrrRllululllllddRluurrrrrddrrruulululLrrdrdrddllululllllddrRRRlllluurruuuulllldDrdrdrrrrrdrdrruululullLrrrdrdrddllululllllddrrrrRRulullllluulluurrrdrDDuuullllddrdrdddlluuUdddrrrrrrruullLLrrrrddllllllluuuUdrrDDurrrrrddllllLL	212.42	36	365	1680	6619	105904	11847	15599	7992	16	1.78985	1.27683	6.78915	1680	0	0	0	0	0.0	0.0	0.0	0	0.0	0.0	0.0	0	0	0	0.0
129 - David W. Skinner - 201 [likes=14, dislikes=0, completion=0.66015625, like_ratio=1.0, like_rate=0.0546875, tedium=19.8]	SOLVED	rdRRurDlllulldRRlldlluRRurrddLDuruRRllulldldRuurrdLLrrrrddldlLuUrurrurrddLruulldllulldRRdldddlluRdrUrrurU	98.8717	23	105	1137	5001	100020	7586	5775	14827	20	1.5169	1.4482	17.3195	1137	0	0	0	0	0.0	0.0	0.0	0	0.0	0.0	0.0	0	0	0	0.0
16 - David W. Skinner - 202 [likes=26, dislikes=2, completion=0.676923076923077, like_ratio=0.928571428571429, like_rate=0.0235294117647059, tedium=33.3333333333333]	SOLVED	lddrUdrruLLdlUUUrrDuluLLLulDrrrdrrdLuullllDurrrdrdddrruLuululllldDuurrrdrdrddlluUruullllddldRdrUluuurrrrddlUruLLrddddrUluuulLrrdrrdLuulllulDrrrdrddlUruullllDDlddrruLdlUruuurrrrddlUruLLLulDDDDldR	51.753	40	194	1075	2425	29100	3357	4320	2911	12	1.38433	1.21512	6.73611	1075	0	0	0	0	0.0	0.0	0.0	0	0.0	0.0	0.0	0	0	0	0.0
41 - David W. Skinner - 203 [likes=20, dislikes=0, completion=0.720440881763527, like_ratio=1.0, like_rate=0.0200400801603206, tedium=16.6666666666667]	SOLVED	urDurrDulldRurrdddlllUluurrdRullldRRurrDulldRllddrrURdllluuurrDurD	8.6246	14	66	24	32	384	54	33	67	12	1.6875	1.28089	11.6364	24	0	0	0	0	0.0	0.0	0.0	0	0.0	0.0	0.0	0	0	0	0.0
57 - David W. Skinner - 204 [likes=27, dislikes=0, completion=0.530510585305106, like_ratio=1.0, like_rate=0.0336239103362391, tedium=30.0]	SOLVED	dddrdrruLdlLrruLdlUUUddlldRRRuluuruulDDDDldRurrrddlUruLLLdRllluRdrrurDllluRR	11.9253	24	76	83	224	1792	227	180	170	8	1.01339	1.25293	9.95556	83	0	0	0	0	0.0	0.0	0.0	0	0.0	0.0	0.0	0	0	0	0.0
77 - David W. Skinner - 205 [likes=12, dislikes=0, completion=0.6875, like_ratio=1.0, like_rate=0.025, tedium=47.25]	SOLVED	ddddrrurrruLdrrruLdlllldlluuuurrrrrrDDrdLuuullllldldddrruLdlUUUrurrrrrdddLLuRdlLLdlluuururrrrrdDldllluRdrrurrdLLuruullllldldddrruurRldldlluuururrrrrdddlLuRlllddlluuururrrrrdDuullllldlluRddddrruurrrrrdLullllddlluuuuRRldldddrruLdlUUdrrurrdLLdlluuUrurRlldldddrruurrrrdLulldldlluuururrRllldldddrruurrrdLullddlluuuluRRRRlldldddrruLdlUUUluRRRldlddrrurrdLLLdlUUUluRR	47.6899	56	359	1474	2191	35056	4717	2238	2456	16	2.1529	1.14724	15.664	1474	0	0	0	0	0.0	0.0	0.0	0	0.0	0.0	0.0	0	0	0	0.0
20 - David W. Skinner - 206 [likes=25, dislikes=3, completion=0.700507614213198, like_ratio=0.892857142857143, like_rate=0.0317258883248731, tedium=25.0]	SOLVED	urDDDlddrUUrrruulLLLrrrrddlllUdrrruullulldRullldRurrdRullldRurrdRlulldRR	9.77006	17	72	54	74	592	86	49	38	8	1.16216	1.28812	12.0816	54	0	0	0	0	0.0	0.0	0.0	0	0.0	0.0	0.0	0	0	0	0.0
2 - David W. Skinner - 207 [likes=51, dislikes=4, completion=0.786103542234332, like_ratio=0.927272727272727, like_rate=0.0347411444141689, tedium=5.33333333333333]	SOLVED	rddLruulDuullddR	8.66663	4	16	3	3	36	4	2	4	12	1.33333	1.31607	18	3	0	0	0	0	0.0	0.0	0.0	0	0.0	0.0	0.0	0	0	0	0.0
61 - David W. Skinner - 208 [likes=16, dislikes=0, completion=0.610142630744849, like_ratio=1.0, like_rate=0.0253565768621236, tedium=25.0]	SOLVED	lDDlDDrrULdlUruuuruullllldddddrRRdrUUUddlllluuuuurrrrrddLLrdddlluRdrUUddrruLdllllluuuuurrrrrddLruullllldddddrrrrUU	12.1729	22	114	88	132	2112	236	103	133	16	1.78788	1.2485	20.5049	88	0	0	0	0	0.0	0.0	0.0	0	0.0	0.0	0.0	0	0	0	0.0
50 - David W. Skinner - 209 [likes=19, dislikes=0, completion=0.690121786197564, like_ratio=1.0, like_rate=0.0257104194857916, tedium=38.0]	SOLVED	llulDDulldRRurrrrrdddlllllUUluRRldddrrrrruuulldlLrrurrdddllllluUruRdllluRdrruRRldllluRRR	9.16233	18	88	29	38	304	75	46	23	8	1.97368	1.22396	6.6087	29	0	0	0	0	0.0	0.0	0.0	0	0.0	0.0	0.0	0	0	0	0.0
46 - David W. Skinner - 210 [likes=19, dislikes=0, completion=0.605222734254992, like_ratio=1.0, like_rate=0.0291858678955453, tedium=23.5]	SOLVED	dlluuRuRDrUdlllddrrUdlluururrdLddlluuluururrrDD	8.44799	9	47	13	14	112	20	13	14	8	1.42857	1.34075	8.61538	13	0	0	0	0	0.0	0.0	0.0	0	0.0	0.0	0.0	0	0	0	0.0
11 - David W. Skinner - 211 [likes=33, dislikes=1, completion=0.734069668649108, like_ratio=0.970588235294118, like_rate=0.0280373831775701, tedium=39.0]	SOLVED	ulllddddrrrruLdllluuuurrrdDlDurrddlLrruLdlLLullddrUluRdrUdrrruulDrdLLLullddrUrrruuruullldD	9.80584	17	90	53	75	600	102	76	107	8	1.36	1.28913	7.89474	53	0	0	0	0	0.0	0.0	0.0	0	0.0	0.0	0.0	0	0	0	0.0
85 - David W. Skinner - 212 [likes=11, dislikes=0, completion=0.624497991967871, like_ratio=1.0, like_rate=0.0220883534136546, tedium=51.6666666666667]	SOLVED	luuuurrurrdRullldlluRdrRurrdLLLLrrurrrrdLLulldlluRRRRdrruulDllllllDurrrrrdLulldllDuurrrrrrrdLulldLurrrdLulllldldDDuuuurrrdLurrrdLullllddddldRRRlluuuuurrdLurrrdLulllDDuurrrdLullddDDldRRlddrrrruuuulldDRlllddrrrruUlllluuuuurrdLulDDDDldRddrrrruuUruLddddlllluuRRDullddrR	73.9967	52	265	1528	2741	32892	4930	4650	2007	12	1.79861	1.16443	7.07355	1528	0	0	0	0	0.0	0.0	0.0	0	0.0	0.0	0.0	0	0	0	0.0
9 - David W. Skinner - 214 [likes=45, dislikes=1, completion=0.606584362139918, like_ratio=0.978260869565217, like_rate=0.037037037037037, tedium=15.0]	SOLVED	urrDulldRdRluurDrDDlUruLdlUruL	8.51197	11	30	14	14	112	15	2	28	8	1.07143	1.27114	56	14	0	0	0	0	0.0	0.0	0.0	0	0.0	0.0	0.0	0	0	0	0.0
102 - David W. Skinner - 215 [likes=13, dislikes=0, completion=0.635933806146572, like_ratio=1.0, like_rate=0.0307328605200946, tedium=37.25]	SOLVED	rurrurrrddddLruulDuruulDLLLdllluurrDrrrrrddlUdrddlUUruuLLrrddlUruulldLurrrdLddddlluRdrruuuuullldLdLLrrururrdddrddlUruuuullldlddlllluuurrrDrdLdllUdrruLrurrurrdLrdrddlUruullLLrrrrddlUruLulldlddlllluuurrrDrddlluLdrrruururrdLLLddllulUddrrruLdlluuluRdddrruLdlUdlUrrrUdlllUdrU	48.18	45	270	1139	1882	30112	3931	2930	2395	16	2.08874	1.18241	10.2771	1139	0	0	0	0	0.0	0.0	0.0	0	0.0	0.0	0.0	0	0	0	0.0
66 - David W. Skinner - 216 [likes=16, dislikes=0, completion=0.760778859527121, like_ratio=1.0, like_rate=0.0222531293463143, tedium=23.0]	SOLVED	DDDurrdrddddldLruruuuululldDlddrdDrdLuuuluuruulldlddddrdRluluuuururrddlddrUddDDrddlluRdrUluuuuuUU	13.2474	16	97	105	131	1572	384	182	163	12	2.9313	1.35622	8.63736	105	0	0	0	0	0.0	0.0	0.0	0	0.0	0.0	0.0	0	0	0	0.0
31 - David W. Skinner - 217 [likes=22, dislikes=2, completion=0.688413948256468, like_ratio=0.916666666666667, like_rate=0.0247469066366704, tedium=5.66666666666667]	SOLVED	DuRurDDrddlluUluR	8.73154	7	17	18	23	276	66	5	38	12	2.86957	1.56507	55.2	18	0	0	0	0	0.0	0.0	0.0	0	0.0	0.0	0.0	0	0	0	0.0
5 - David W. Skinner - 218 [likes=44, dislikes=3, completion=0.805523590333717, like_ratio=0.936170212765957, like_rate=0.0168776371308017, tedium=6.25]	SOLVED	LuurrdLrrddlUluulldDrdRdllluR	10.2425	7	29	18	19	304	128	25	85	16	6.73684	1.52293	12.16	18	0	0	0	0	0.0	0.0	0.0	0	0.0	0.0	0.0	0	0	0	0.0
27 - David W. Skinner - 219 [likes=33, dislikes=0, completion=0.63183125599233, like_ratio=1.0, like_rate=0.0316395014381592, tedium=25.0]	SOLVED	dlULddlluuuurrrDulllddddrruuLrdrruLuullldDrRdrUlllDurrrU	8.84813	11	56	29	35	280	48	20	26	8	1.37143	1.38156	14	29	0	0	0	0	0.0	0.0	0.0	0	0.0	0.0	0.0	0	0	0	0.0
70 - David W. Skinner - 220 [likes=8, dislikes=1, completion=0.739030023094688, like_ratio=0.888888888888889, like_rate=0.0184757505773672, tedium=19.5]	SOLVED	drrrrddlUruLLLdRulullddRDDldRurDuluuluurDDDDldRuuuurrdLulDurrrrdLulldlDDDuuuurrrdLLulDDD	10.0425	27	88	58	67	1072	182	30	135	16	2.71642	1.16851	35.7333	58	0	0	0	0	0.0	0.0	0.0	0	0.0	0.0	0.0	0	0	0	0.0
71 - David W. Skinner - 221 [likes=14, dislikes=1, completion=0.71599045346062, like_ratio=0.933333333333333, like_rate=0.0334128878281623, tedium=60.0]	SOLVED	urDDuulllddddddrrrrrrrrrruuuuulllddllldlluRuuullldRurrdddRRRdrUUdlllluuulldRurDDullldddddrrrrrrrrrruuuuullulldRRRllddllldlluRRRRdrUU	11.4932	22	132	80	91	728	129	87	77	8	1.41758	1.22757	8.36782	80	0	0	0	0	0.0	0.0	0.0	0	0.0	0.0	0.0	0	0	0	0.0
26 - David W. Skinner - 222 [likes=20, dislikes=0, completion=0.666666666666667, like_ratio=1.0, like_rate=0.0233100233100233, tedium=13.6666666666667]	SOLVED	drddlUdrddlUUlldRurruuulldRDrdLrddlUruuluurDD	9.83778	11	45	47	58	696	82	44	81	12	1.41379	1.44648	15.8182	47	0	0	0	0	0.0	0.0	0.0	0	0.0	0.0	0.0	0	0	0	0.0
119 - David W. Skinner - 223 [likes=9, dislikes=0, completion=0.701807228915663, like_ratio=1.0, like_rate=0.0271084337349398, tedium=43.6666666666667]	SOLVED	drddrruruuuulullldDDuuurrrdrddddldlluuruuLrddlddrruruuuulullldDrDDDuuullddRluuruurrrdrddddldlLLrrruruuuululllddrdDDuuuluurrrdrddddldldlluRuuuulDrddddllluRdrruuuulldRurDD	13.3219	19	169	137	191	2292	385	309	342	12	2.01571	1.31842	7.41748	137	0	0	0	0	0.0	0.0	0.0	0	0.0	0.0	0.0	0	0	0	0.0
30 - David W. Skinner - 224 [likes=22, dislikes=0, completion=0.797797797797798, like_ratio=1.0, like_rate=0.022022022022022, tedium=7.0]	SOLVED	uluurDldddrrUruuLLulD	8.97404	6	21	6	8	96	23	5	10	12	2.875	1.41421	19.2	6	0	0	0	0	0.0	0.0	0.0	0	0.0	0.0	0.0	0	0	0	0.0
4 - David W. Skinner - 225 [likes=41, dislikes=3, completion=0.754407294832827, like_ratio=0.931818181818182, like_rate=0.0249240121580547, tedium=7.66666666666667]	SOLVED	ullDullddrRuLurrrdLLrrddlUruL	8.78758	8	29	12	18	216	59	23	66	12	3.27778	1.43519	9.3913	12	0	0	0	0	0.0	0.0	0.0	0	0.0	0.0	0.0	0	0	0	0.0
67 - David W. Skinner - 226 [likes=19, dislikes=1, completion=0.603149606299213, like_ratio=0.95, like_rate=0.0299212598425197, tedium=12.3333333333333]	SOLVED	uurrdDuullddRluurrdrddLruulullddrRdrrddllUlURuuullddR	8.50641	9	53	25	28	336	42	15	39	12	1.5	1.44809	22.4	25	0	0	0	0	0.0	0.0	0.0	0	0.0	0.0	0.0	0	0	0	0.0
135 - David W. Skinner - 228 [likes=8, dislikes=0, completion=0.634969325153374, like_ratio=1.0, like_rate=0.0245398773006135, tedium=33.75]	SOLVED	dlddRRuuluulllldddrRurruullDurrddrddllUllluuurrdDRRRRlluulllldddrRurrrrRllluulllldRurDDrrrddllUdrruurrddLLuuluullddRRRddrruuurDDldlluuRlddrruUllllddRRuulllullddrRurrrddllUdrrRllluluRRRRRdrU	83.1719	37	189	1499	3300	52800	4241	7200	3420	16	1.28515	1.24479	7.33333	1499	0	0	0	0	0.0	0.0	0.0	0	0.0	0.0	0.0	0	0	0	0.0
92 - David W. Skinner - 229 [likes=14, dislikes=0, completion=0.799539170506912, like_ratio=1.0, like_rate=0.032258064516129, tedium=42.0]	SOLVED	uuullllLLrrddllULUUdRdlLrurRldlldlluRRRuuluurDDDrrRRlddllUdrruurRllddlluLrdrruurrRlllddllulLrrdrruurrrRuurrddLruulldDDDuullllddlluluRRRRRlllldlldlluRRRurrrrrRlllddllUdrruurrrRllllddlluluRddrruurrrruurrddLrddlluUddrddlUUrruullllllddlluuRRRRR	79.2588	49	240	1204	2526	30312	2898	2884	1880	12	1.14727	1.17338	10.5104	1204	0	0	0	0	0.0	0.0	0.0	0	0.0	0.0	0.0	0	0	0	0.0
8 - David W. Skinner - 230 [likes=30, dislikes=1, completion=0.745454545454545, like_ratio=0.967741935483871, like_rate=0.0227272727272727, tedium=48.5]	SOLVED	llDDDDDDldddrruuLuuuuuuurrdLulDDDDDDlllddrrUdlluurRdddrruuLUUddrddlluUruuUUUUluRdddddddldlluurRdrUUUUUU	15.0146	33	103	96	118	944	155	25	42	8	1.31356	1.15554	37.76	96	0	0	0	0	0.0	0.0	0.0	0	0.0	0.0	0.0	0	0	0	0.0
103 - David W. Skinner - 231 [likes=9, dislikes=1, completion=0.67258883248731, like_ratio=0.9, like_rate=0.0228426395939086, tedium=8.75]	SOLVED	dllddlluRdrUllluurrDRlDuuuurrdLulDrDLddrUUU	21.5745	13	43	326	445	7120	927	556	920	16	2.08315	1.59853	12.8058	326	0	0	0	0	0.0	0.0	0.0	0	0.0	0.0	0.0	0	0	0	0.0
84 - David W. Skinner - 232 [likes=10, dislikes=0, completion=0.703030303030303, like_ratio=1.0, like_rate=0.0202020202020202, tedium=67.0]	SOLVED	dRluuRDrDDuulldRurruLuullllddddddrrrRRRlllllluuuuuurrrrdddDuuuullllddddddrrrrrrdrruLLLLLLdlluuuuuuurrrrddddDuuuuulllldddddddrrurRllLdlUUUUdddrrrruuulluRddrddlllluuuUddddrrrrRllllluuuuluurrrrrdDDuuulllllddrddddrrrrrRlllllluuuuluurrrrrdddDuuuulllllddrddddrrrrrrdrruLLLLLLdlluuuuuluurrrrrddddDuuuuulllllddrUluRRldddddddrruLdlUUUUUluurrRlllddrddddrrrRlllluuuuUdddddrrrrRllllluuuuuluRRlddddddrrrrrRdrruLLLLLLLdlUUUUUUluR	201.236	69	415	3311	7603	91236	8199	13687	7637	12	1.07839	1.13827	6.66589	3311	0	0	0	0	0.0	0.0	0.0	0	0.0	0.0	0.0	0	0	0	0.0
10 - David W. Skinner - 233 [likes=31, dislikes=2, completion=0.688768606224628, like_ratio=0.93939393939394, like_rate=0.0209742895805142, tedium=29.6666666666667]	SOLVED	rddrruuLLddrrrruuuuurrdddLruuullddDLLddrrUdlllluuRlddrrrruUUUddddlllluurRddlllluuRlddrrrruuRlddrruUUdddlllllluurRRRRlddrruU	11.4525	22	123	68	136	1632	180	116	133	12	1.32353	1.2502	14.069	68	0	0	0	0	0.0	0.0	0.0	0	0.0	0.0	0.0	0	0	0	0.0
47 - David W. Skinner - 234 [likes=17, dislikes=0, completion=0.696160267111853, like_ratio=1.0, like_rate=0.0283806343906511, tedium=41.5]	SOLVED	rrruuulldRRddlllluuRRRurDDuurrdLulldlllddrrrRRllllluurrurrDllllddrrrrrRdrruLLLLLLdlluuurrrrDulllldddrrurRlldlluRR	10.2657	23	113	79	126	1008	143	121	82	8	1.13492	1.23402	8.33058	79	0	0	0	0	0.0	0.0	0.0	0	0.0	0.0	0.0	0	0	0	0.0
51 - David W. Skinner - 235 [likes=16, dislikes=0, completion=0.794594594594595, like_ratio=1.0, like_rate=0.0288288288288288, tedium=17.0]	SOLVED	rddllulURuLdddrrruuLrddllululluurDrrDullldRR	8.50647	9	44	13	15	120	30	15	27	8	2	1.35107	8	13	0	0	0	0	0.0	0.0	0.0	0	0.0	0.0	0.0	0	0	0	0.0
29 - David W. Skinner - 236 [likes=6, dislikes=0, completion=0.782222222222222, like_ratio=1.0, like_rate=0.0266666666666667, tedium=17.0]	SOLVED	ruRlddrruLulDlluuurrrDDldRdrruuLrddllullddrUluluuurrrdD	9.99427	10	55	24	30	360	66	42	60	12	2.2	1.40512	8.57143	24	0	0	0	0	0.0	0.0	0.0	0	0.0	0.0	0.0	0	0	0	0.0
44 - David W. Skinner - 237 [likes=5, dislikes=0, completion=0.655502392344498, like_ratio=1.0, like_rate=0.0239234449760766, tedium=57.0]	SOLVED	lUlldddrrrrruuruuLLdLLLulDDDuurrrruulDrrrddddlllddlllluuRlddrrrruurruuruulldLurrrddddlllddlllluuruuuurRldldddlddrrrruurruuruulldlLullddddRluuuurrdrruulDlllddddrRRRlllluuuurrdLurrrrrdddddlUruuuulldLulllDurrrdLulldDDuuurrdLulDDuurrrrrrddddlllddlllluuRRllddrrrruurrruuuulldlllldDuuurrrrrrddddlllddlllluuRuuuurrrrrrddlDrdLL	46.044	37	319	689	1609	19308	2314	3125	2604	12	1.43816	1.22085	6.17856	689	0	0	0	0	0.0	0.0	0.0	0	0.0	0.0	0.0	0	0	0	0.0
52 - David W. Skinner - 238 [likes=4, dislikes=0, completion=0.78921568627451, like_ratio=1.0, like_rate=0.0196078431372549, tedium=15.3333333333333]	SOLVED	drrdLulLrrdLLuruuruulDDDDlddlluuRlddrruRldlluurRdrUllldRurrUUruulDDDD	14.0443	20	69	185	304	3648	395	320	422	12	1.29934	1.33089	11.4	185	0	0	0	0	0.0	0.0	0.0	0	0.0	0.0	0.0	0	0	0	0.0
25 - David W. Skinner - 239 [likes=6, dislikes=0, completion=0.714285714285714, like_ratio=1.0, like_rate=0.0214285714285714, tedium=8.5]	SOLVED	ululuurDuurrdLrrddlUddllluurDRddlU	10.7348	7	34	67	93	1488	143	114	201	16	1.53763	1.91079	13.0526	67	0	0	0	0	0.0	0.0	0.0	0	0.0	0.0	0.0	0	0	0	0.0
7 - David W. Skinner - 240 [likes=7, dislikes=0, completion=0.822006472491909, like_ratio=1.0, like_rate=0.0226537216828479, tedium=23.5]	SOLVED	uuLLrrddllluUrrruullDurrddddllluuRRluurrdDlllluRdrrruullD	8.31826	10	57	18	20	160	27	18	21	8	1.35	1.34928	8.88889	18	0	0	0	0	0.0	0.0	0.0	0	0.0	0.0	0.0	0	0	0	0.0
64 - David W. Skinner - 242 [likes=4, dislikes=0, completion=0.632558139534884, like_ratio=1.0, like_rate=0.0186046511627907, tedium=15.0]	SOLVED	ullDurrdrddlllldlluuluurDrRdddlluUddrrurruLdrrruululDDldldlluuluRdddrrurRuuulDrddlldlluuuRRRurrdrddLruululldlD	29.3717	16	110	476	782	12512	1883	1312	1283	16	2.40793	1.51644	9.53659	476	0	0	0	0	0.0	0.0	0.0	0	0.0	0.0	0.0	0	0	0	0.0
49 - David W. Skinner - 243 [likes=4, dislikes=0, completion=0.785714285714286, like_ratio=1.0, like_rate=0.019047619047619, tedium=7.5]	SOLVED	uluUUluRurrddDuuulldRlddddrrruulDLruuLrddlddrUruululuurD	13.3774	11	56	107	163	2608	409	128	215	16	2.5092	1.58894	20.375	107	0	0	0	0	0.0	0.0	0.0	0	0.0	0.0	0.0	0	0	0	0.0
65 - David W. Skinner - 244 [likes=5, dislikes=0, completion=0.669811320754717, like_ratio=1.0, like_rate=0.0235849056603774, tedium=10.8]	SOLVED	RUrDllddRluurrrdDuulllddrddllluuuuuuurrrDullldddddddrrruuluurrrddLUruL	12.214	10	70	72	133	2660	313	113	377	20	2.35338	1.63074	23.5398	72	0	0	0	0	0.0	0.0	0.0	0	0.0	0.0	0.0	0	0	0	0.0
6 - David W. Skinner - 245 [likes=10, dislikes=0, completion=0.769491525423729, like_ratio=1.0, like_rate=0.0338983050847458, tedium=27.5]	SOLVED	rRRdddrdrruuLLuluurDDDrrddllUlUUruLLrdddrdrruulLdlUUruL	9.02655	17	55	32	38	304	52	22	36	8	1.36842	1.23859	13.8182	32	0	0	0	0	0.0	0.0	0.0	0	0.0	0.0	0.0	0	0	0	0.0
32 - David W. Skinner - 246 [likes=5, dislikes=0, completion=0.664233576642336, like_ratio=1.0, like_rate=0.0182481751824818, tedium=41.3333333333333]	SOLVED	lluuuurrrddLruulldldddrrrdLulluuuurrrddlDDuuLrddlluUddrrrdddlluUddrruuuluullddRdddrruuLUUdlluuruurrddLLuLrdrddlluUddrrdrddlluUruuullddRdrUUdlluuruulDulldRurrddRluulldRurD	18.1798	25	170	245	465	5580	573	754	828	12	1.23226	1.27849	7.40053	245	0	0	0	0	0.0	0.0	0.0	0	0.0	0.0	0.0	0	0	0	0.0
24 - David W. Skinner - 247 [likes=5, dislikes=0, completion=0.745644599303136, like_ratio=1.0, like_rate=0.0174216027874564, tedium=69.5]	SOLVED	ulldRurDRRRlllDurrruurrddLLLLLrrrrddlllLdlluRRRRRllluurrrrdDDuuullllulldRurDDurrrrddlllLrrrrdrrrdddldllluluurRdrUluulllldlluRRRRRllluurrrrdDDurrdrdddldllluluurRuRlddrU	17.1272	36	167	201	311	2488	418	368	236	8	1.34405	1.17285	6.76087	201	0	0	0	0	0.0	0.0	0.0	0	0.0	0.0	0.0	0	0	0	0.0
53 - David W. Skinner - 248 [likes=5, dislikes=0, completion=0.759183673469388, like_ratio=1.0, like_rate=0.0204081632653061, tedium=21.6666666666667]	SOLVED	ldlUrrrdLuuullldRdddlluRdrUUrrdLuruulDrddlLuRuulldRRddldlluRdrUUruLddrrruLdlU	14.976	19	77	191	359	4308	429	638	491	12	1.19499	1.36295	6.75235	191	0	0	0	0	0.0	0.0	0.0	0	0.0	0.0	0.0	0	0	0	0.0
69 - David W. Skinner - 249 [likes=5, dislikes=0, completion=0.797101449275362, like_ratio=1.0, like_rate=0.0241545893719807, tedium=2.25]	SOLVED	RDrUllLDRurUdllUlDrrruLLddrR	11.2727	13	28	112	125	4000	618	45	362	32	4.944	1.44978	88.8889	112	0	0	0	0	0.0	0.0	0.0	0	0.0	0.0	0.0	0	0	0	0.0
28 - David W. Skinner - 250 [likes=5, dislikes=0, completion=0.666666666666667, like_ratio=1.0, like_rate=0.0168350168350168, tedium=14.0]	SOLVED	uLrddlULUlldRurRlldRurDrruLLLrrrruullllDurrrrddldlddlUU	10.5199	15	55	99	129	1548	181	178	219	12	1.4031	1.38263	8.69663	99	0	0	0	0	0.0	0.0	0.0	0	0.0	0.0	0.0	0	0	0	0.0
23 - David W. Skinner - 251 [likes=7, dislikes=0, completion=0.649056603773585, like_ratio=1.0, like_rate=0.0264150943396226, tedium=60.0]	SOLVED	RDDldRRRdrruLuuluLulDDurrdrddLLLrrruululldDllddrURRRdrUUdllluuurrdRddllllluRdrrrruululldDuurrdrRllullddldRRluuurrdrrRlllulldddrRdrUllluuurrdrrrurrddlUllllulldddrrrUdllluuurrdRRRuurrdLrddlU	12.6377	37	188	100	136	1088	200	120	170	8	1.47059	1.14199	9.06667	100	0	0	0	0	0.0	0.0	0.0	0	0.0	0.0	0.0	0	0	0	0.0
1 - David W. Skinner - 252 [likes=12, dislikes=0, completion=0.710261569416499, like_ratio=1.0, like_rate=0.0241448692152917, tedium=22.0]	SOLVED	dllUdrruLLUluurDDlDRddlUrrruLdllUUruulDrdDldRuuulD	11.6269	17	50	39	61	488	77	72	64	8	1.2623	1.27356	6.77778	39	0	0	0	0	0.0	0.0	0.0	0	0.0	0.0	0.0	0	0	0	0.0
35 - David W. Skinner - 253 [likes=5, dislikes=0, completion=0.659663865546218, like_ratio=1.0, like_rate=0.0210084033613445, tedium=65.6666666666667]	SOLVED	rurDlllluulldddddrrrrurUdldlllluuuuurrrrurrrdrdddlLuLLLUdrrrdrruuulullldLLLulDDDDDDrrrrurUrrruuulullldldddlUruullldddddrddlluRdrUluuuuuurrrddlUruLLulDDDDDDRddlluRuuuuuurrrrurrrdrdddllldldlLrrururuLLrdrrruuulullldldlddrUUdrrdrrruuulullldLLLulDDDDDDDldR	106.077	48	251	1249	2436	29232	3526	4708	2598	12	1.44745	1.1764	6.20901	1249	0	0	0	0	0.0	0.0	0.0	0	0.0	0.0	0.0	0	0	0	0.0
19 - David W. Skinner - 254 [likes=9, dislikes=0, completion=0.663120567375887, like_ratio=1.0, like_rate=0.0319148936170213, tedium=25.0]	SOLVED	ruulllDurrDulldRurrdddddlluluUddrdrruuuuulldRurDDDlUruulldRullldRRurrDulldldddrdrrUdlluluuurR	10.6917	16	93	65	96	1152	166	126	111	12	1.72917	1.33012	9.14286	65	0	0	0	0	0.0	0.0	0.0	0	0.0	0.0	0.0	0	0	0	0.0
58 - David W. Skinner - 255 [likes=3, dislikes=0, completion=0.783898305084746, like_ratio=1.0, like_rate=0.0127118644067797, tedium=33.0]	SOLVED	uuLLdlDDuuruLdddrUluurrrddLLrruullDlDuurrrddlLdLLdlluRuuuRRdrdrruululDrrddlldlLrrurruulllllddDrddrUlulldRuuuurrrrrddlldLLrrurruulllllddDuuurrdDrdLuuurDlddLruuurrrddlLulDrdL	16.2383	32	172	251	349	5584	748	314	684	16	2.14327	1.20078	17.7834	251	0	0	0	0	0.0	0.0	0.0	0	0.0	0.0	0.0	0	0	0	0.0
15 - David W. Skinner - 256 [likes=8, dislikes=0, completion=0.609090909090909, like_ratio=1.0, like_rate=0.0242424242424242, tedium=13.3333333333333]	SOLVED	ulDrdLdlluURlluurDldRddrruruulDLLddrUdrU	10.0982	12	40	46	86	1032	111	49	119	12	1.2907	1.44947	21.0612	46	0	0	0	0	0.0	0.0	0.0	0	0.0	0.0	0.0	0	0	0	0.0
42 - David W. Skinner - 257 [likes=5, dislikes=0, completion=0.561594202898551, like_ratio=1.0, like_rate=0.0181159420289855, tedium=35.6666666666667]	SOLVED	ldlluuurrRllldddrrurUrULLrddldlluuuluurrrrDDlLLdddrrurUruLLLrruulllldDldRuuurrrrddllLDurrrrruLdlllldlluRuurrrrDrdLLrddldllU	13.2387	24	123	152	244	2928	324	312	394	12	1.32787	1.2574	9.38462	152	0	0	0	0	0.0	0.0	0.0	0	0.0	0.0	0.0	0	0	0	0.0
43 - David W. Skinner - 258 [likes=5, dislikes=0, completion=0.776119402985075, like_ratio=1.0, like_rate=0.0186567164179104, tedium=27.0]	SOLVED	lddddrrruuluLulDDurrdLrrddllULLLdlUrrrdrrruulullDurrdrddlluLLruurrdLdllLuLrddlluRurDrrruulDrdLLLulDlluR	16.1685	24	103	303	404	4848	753	466	602	12	1.86386	1.2841	10.4034	303	0	0	0	0	0.0	0.0	0.0	0	0.0	0.0	0.0	0	0	0	0.0
14 - David W. Skinner - 259 [likes=6, dislikes=0, completion=0.735408560311284, like_ratio=1.0, like_rate=0.0233463035019455, tedium=9.66666666666667]	SOLVED	rRlddrUrULdlluururDDrdLurruLL	9.15285	10	29	19	23	276	42	16	45	12	1.82609	1.36827	17.25	19	0	0	0	0	0.0	0.0	0.0	0	0.0	0.0	0.0	0	0	0	0.0
38 - David W. Skinner - 260 [likes=4, dislikes=0, completion=0.793577981651376, like_ratio=1.0, like_rate=0.018348623853211, tedium=26.3333333333333]	SOLVED	ruLdlluuuurrrdLullddddrruUUdddlluRdrUlluuurRlldddrrUdlluuurrRllldddrruUruLuurrrddLruullldddddlluuRlddrruU	12.5854	15	105	88	156	1872	253	207	259	12	1.62179	1.40026	9.04348	88	0	0	0	0	0.0	0.0	0.0	0	0.0	0.0	0.0	0	0	0	0.0
18 - David W. Skinner - 261 [likes=7, dislikes=0, completion=0.613382899628253, like_ratio=1.0, like_rate=0.0260223048327138, tedium=23.6666666666667]	SOLVED	ullDDRdddlluRRuulDuuurrdrdLuulldddDrdrruLdlUlldRRuluuuurrddLruulldDDDrdLurrrdLulluurD	14.3454	20	85	207	384	4608	520	476	454	12	1.35417	1.34653	9.68067	207	0	0	0	0	0.0	0.0	0.0	0	0.0	0.0	0.0	0	0	0	0.0
34 - David W. Skinner - 262 [likes=6, dislikes=0, completion=0.75, like_ratio=1.0, like_rate=0.0267857142857143, tedium=38.0]	SOLVED	ullllddddddrruLdlUUUUUUrrrddldLruruulluulldRdrrrddldlDlUrruruullluurDldRRRddldllUUUruulldRurDldRlddddddrruLuururuuurDlddrruLdlldldddlUUUUUUruulldRddddrrurruulLrrddlUruL	31.5759	35	168	528	1040	12480	1520	1587	1792	12	1.46154	1.21955	7.86389	528	0	0	0	0	0.0	0.0	0.0	0	0.0	0.0	0.0	0	0	0	0.0
22 - David W. Skinner - 263 [likes=5, dislikes=0, completion=0.75107296137339, like_ratio=1.0, like_rate=0.0214592274678112, tedium=47.0]	SOLVED	uulLullDRRllDDuurrRlllddDllddrrUUUUdddrrrruuuruulDDullullldRurrdrrdDDuuullulldRRllddddrrrRlllluuuurrRlllddddrrrrurrdLLLLrruuuruulDDDDrdL	13.1538	31	136	164	258	2064	319	221	121	8	1.23643	1.19617	9.33937	164	0	0	0	0	0.0	0.0	0.0	0	0.0	0.0	0.0	0	0	0	0.0
60 - David W. Skinner - 264 [likes=4, dislikes=0, completion=0.666666666666667, like_ratio=1.0, like_rate=0.0182648401826484, tedium=93.0]	SOLVED	lllllldldRuurrrrrrrrrrrddllldlluRRRllllldlluRRRRdrrurRdrruLuulllllllllllddRRdrrurrdrrurRdrUUdllldlluRllldllulluurrrrrrrrrrRurrdLLLLLLLLLLLulldddrrdrrurrrRRRdrUUdllllllldllulluuurrdrrrrrrrrRurrdLLLLLLLLLulllldddrrRRRRRRRRdrUUdllllllllllluuurrrrdrrrrrrRurrdLLddllllllllllluuurrdRullldRurrdRullldRurrdRRRRllllulldRRRRR	3060.38	70	315	4893	143068	1716816	251299	273065	119586	12	1.7565	1.18482	6.28721	4893	0	0	0	0	0.0	0.0	0.0	0	0.0	0.0	0.0	0	0	0	0.0
37 - David W. Skinner - 265 [likes=4, dislikes=0, completion=0.60337552742616, like_ratio=1.0, like_rate=0.0168776371308017, tedium=40.6666666666667]	SOLVED	uuululuulldDrrrddlLUdrruuluullddldRuuurrddrddlldlUUUddrrruulLDldRRluurrdDllulluRddrrruuluullDDldRuuurrddLDldRuuruulldDrrrddDuuullddRluurrdrddlUlluulldRdrrrdrddlUruulllluurDldRR	13.7922	29	176	146	208	2496	406	266	310	12	1.95192	1.20208	9.38346	146	0	0	0	0	0.0	0.0	0.0	0	0.0	0.0	0.0	0	0	0	0.0
3 - David W. Skinner - 266 [likes=7, dislikes=0, completion=0.770949720670391, like_ratio=1.0, like_rate=0.0195530726256983, tedium=23.0]	SOLVED	urDurrdLLulldddrrUUddlluuurRlldRlddrruUrULrruulD	10.0829	12	48	20	23	184	35	21	28	8	1.52174	1.29861	8.7619	20	0	0	0	0	0.0	0.0	0.0	0	0.0	0.0	0.0	0	0	0	0.0
21 - David W. Skinner - 267 [likes=8, dislikes=0, completion=0.70995670995671, like_ratio=1.0, like_rate=0.0346320346320346, tedium=53.0]	SOLVED	ullldddDldddrruUruLdddlluuRUUUUluRRRurDllldddddlddrruUluuuuurrddrruLullldddddrruLdlUUUUluRRRurDDrddlUlUdrruLuLLLrrrddlUruL	16.2522	33	122	131	180	1440	182	134	203	8	1.01111	1.17042	10.7463	131	0	0	0	0	0.0	0.0	0.0	0	0.0	0.0	0.0	0	0	0	0.0
56 - David W. Skinner - 268 [likes=6, dislikes=0, completion=0.568376068376068, like_ratio=1.0, like_rate=0.0256410256410256, tedium=29.6666666666667]	SOLVED	ddldlluurULdddrruruuLLrruullDlDDuRdllluRdrruulDrdLuururrddLruulldlddrUllldRRurrrddldllUUluR	17.2654	19	91	70	106	1272	120	137	146	12	1.13208	1.27819	9.28467	70	0	0	0	0	0.0	0.0	0.0	0	0.0	0.0	0.0	0	0	0	0.0
40 - David W. Skinner - 269 [likes=5, dislikes=0, completion=0.681614349775785, like_ratio=1.0, like_rate=0.0224215246636771, tedium=16.3333333333333]	SOLVED	ruuLuUruLdddrddlUUUUllddRluurrdDuuruullDurrddlddlluuR	12.0697	12	53	48	65	780	108	37	131	12	1.66154	1.41604	21.0811	48	0	0	0	0	0.0	0.0	0.0	0	0.0	0.0	0.0	0	0	0	0.0
17 - David W. Skinner - 270 [likes=7, dislikes=0, completion=0.855263157894737, like_ratio=1.0, like_rate=0.0307017543859649, tedium=13.3333333333333]	SOLVED	ullDDuurrddLdddlluuRlddrruLuUrruullDurrddlDuruulldDD	9.27838	11	52	20	23	276	40	13	37	12	1.73913	1.32982	21.2308	20	0	0	0	0	0.0	0.0	0.0	0	0.0	0.0	0.0	0	0	0	0.0
16 - David W. Skinner - 271 [likes=6, dislikes=0, completion=0.743150684931507, like_ratio=1.0, like_rate=0.0205479452054795, tedium=26.6666666666667]	SOLVED	ulDuruulDDrddLLLuuuRlddddlluRdrUrrruulDrdLLLUddlluRurDrruuruulDDDrdLLLulDrrruuullD	24.1317	25	82	203	436	5232	491	625	492	12	1.12615	1.2752	8.3712	203	0	0	0	0	0.0	0.0	0.0	0	0.0	0.0	0.0	0	0	0	0.0
20 - David W. Skinner - 272 [likes=6, dislikes=0, completion=0.630952380952381, like_ratio=1.0, like_rate=0.0238095238095238, tedium=15.3333333333333]	SOLVED	luRdrUUrruullDlDRuuulDDrdddlluRdrUUUluurDrrddL	9.88572	15	46	42	49	588	57	43	83	12	1.16327	1.29622	13.6744	42	0	0	0	0	0.0	0.0	0.0	0	0.0	0.0	0.0	0	0	0	0.0
36 - David W. Skinner - 273 [likes=5, dislikes=0, completion=0.664335664335664, like_ratio=1.0, like_rate=0.0174825174825175, tedium=27.6666666666667]	SOLVED	urrrDulllddrURurrdLLuruurrrdrdddldlllUdrrruruuululllddldLrRlldlluRuRRdrddrrruruuulullldDllldR	13.1961	14	93	97	148	1776	227	180	225	12	1.53378	1.42896	9.86667	97	0	0	0	0	0.0	0.0	0.0	0	0.0	0.0	0.0	0	0	0	0.0
2 - David W. Skinner - 274 [likes=5, dislikes=0, completion=0.925490196078431, like_ratio=1.0, like_rate=0.0196078431372549, tedium=13.5]	SOLVED	rdLulldddrrUUddlluuRuuurrddLDlU	9.02959	8	31	9	9	72	12	9	13	8	1.33333	1.31607	8	9	0	0	0	0	0.0	0.0	0.0	0	0.0	0.0	0.0	0	0	0	0.0
61 - David W. Skinner - 275 [likes=5, dislikes=0, completion=0.730941704035874, like_ratio=1.0, like_rate=0.0224215246636771, tedium=18.8]	SOLVED	dlllllUdrruRdlllllUdrruRdllluRuulDDrdrruLdlUluurrDDrdrruLLLuullddRdRRlluluurrdDldRurrrdrruLLLLLuulldRDuurDD	34.6226	29	107	518	1006	20120	1484	1317	1847	20	1.47515	1.26922	15.2771	518	0	0	0	0	0.0	0.0	0.0	0	0.0	0.0	0.0	0	0	0	0.0
50 - David W. Skinner - 276 [likes=4, dislikes=0, completion=0.756880733944954, like_ratio=1.0, like_rate=0.018348623853211, tedium=14.25]	SOLVED	LrRdrUruullDDllulDlddrrUdlluurRddlUruRRuurrddLLLrrddlUruruulD	27.8577	17	61	319	1038	16608	1454	945	1966	16	1.40077	1.50461	17.5746	319	0	0	0	0	0.0	0.0	0.0	0	0.0	0.0	0.0	0	0	0	0.0
46 - David W. Skinner - 277 [likes=5, dislikes=0, completion=0.617224880382775, like_ratio=1.0, like_rate=0.0239234449760766, tedium=51.3333333333333]	SOLVED	dlldlluuurrDLrRlulluullldddddrrrrrUdlluUddrruruLddlluuUrrdLulUdrdrddllllluuuuurrurrdLLrddDrrdrrruLdlluulluulLrrdddrrdrruLLulldDuurrdddlLrruuLrddlluUUUddddLLdlluRRRRllluuuuluurDDDDDuuuurrurrdLLLrrdddddlldlluRRluuuuluurDDDDD	270.582	44	222	2130	11701	140412	12023	16609	10843	12	1.02752	1.23726	8.45397	2130	0	0	0	0	0.0	0.0	0.0	0	0.0	0.0	0.0	0	0	0	0.0
11 - David W. Skinner - 278 [likes=7, dislikes=0, completion=0.849557522123894, like_ratio=1.0, like_rate=0.0309734513274336, tedium=13.0]	SOLVED	drdrruLruulDLrrddllUlURddrruLLrruulDrdL	9.59335	11	39	22	25	300	29	16	35	12	1.16	1.33994	18.75	22	0	0	0	0	0.0	0.0	0.0	0	0.0	0.0	0.0	0	0	0	0.0
9 - David W. Skinner - 279 [likes=6, dislikes=0, completion=0.784172661870504, like_ratio=1.0, like_rate=0.0215827338129496, tedium=10.6666666666667]	SOLVED	ulllddrRlluurrDullddddrrruULrddlUdlluuuurrrD	9.79089	7	44	16	18	216	33	13	24	12	1.83333	1.51121	16.6154	16	0	0	0	0	0.0	0.0	0.0	0	0.0	0.0	0.0	0	0	0	0.0
31 - David W. Skinner - 280 [likes=4, dislikes=0, completion=0.75390625, like_ratio=1.0, like_rate=0.015625, tedium=49.0]	SOLVED	drrrrrruulDrdLLLuluuuRRurrdLLrDDuulLrrddrddlUUUdddllulldRRRdrUlluluuluurDDDuurrurrdLddrddllluLdrrrruuluuLLrrddrddllluluuluurDrrrddrddlllulLdrrrrruuluulllDDuurrrddrddllllluRdllluRdrrrrrUUUdddllluuuurrurrdLLLrrddddllluuuluurDDD	25.8921	41	225	578	827	9924	1256	841	597	12	1.51874	1.17804	11.8002	578	0	0	0	0	0.0	0.0	0.0	0	0.0	0.0	0.0	0	0	0	0.0
5 - David W. Skinner - 281 [likes=7, dislikes=0, completion=0.73992673992674, like_ratio=1.0, like_rate=0.0256410256410256, tedium=30.5]	SOLVED	uulDulldRRurDDrddlUlURuLddrrruLdlluurDldRuuullldRurrddrDuluulldRurDDldR	9.03881	19	71	30	40	320	61	37	54	8	1.525	1.21428	8.64865	30	0	0	0	0	0.0	0.0	0.0	0	0.0	0.0	0.0	0	0	0	0.0
30 - David W. Skinner - 282 [likes=5, dislikes=0, completion=0.616541353383459, like_ratio=1.0, like_rate=0.018796992481203, tedium=64.6666666666667]	SOLVED	lddrrrrrrdrrruuluuruulldDrddrddlULLLLLLLLuullddRdrUUdlluurRddrrrrrrrrUUddlllllllluuRlddrrrrrrrruuLulldRRuuurrddLDDrdLLruuuruulldDldRurDDrddlluLdrrruLdlluLLLLLLuullddRdrUUdlluuurrrdLddrrrrrrdrruLLLLLLLLuuulldddRdrUUULulDrrruLrrrdLLLuLrdL	228.805	62	236	4682	10074	120888	12028	15638	9817	12	1.19396	1.16029	7.7304	4682	0	0	0	0	0.0	0.0	0.0	0	0.0	0.0	0.0	0	0	0	0.0
4 - David W. Skinner - 283 [likes=8, dislikes=0, completion=0.793733681462141, like_ratio=1.0, like_rate=0.02088772845953, tedium=30.5]	SOLVED	rddlDuruulldlddRdRdrUUdlluRuRRurrddlUruLdlllddrUluRRRdrruLulDlluR	10.8093	18	65	81	109	872	174	145	150	8	1.59633	1.29775	6.01379	81	0	0	0	0	0.0	0.0	0.0	0	0.0	0.0	0.0	0	0	0	0.0
8 - David W. Skinner - 284 [likes=8, dislikes=0, completion=0.76984126984127, like_ratio=1.0, like_rate=0.0317460317460317, tedium=13.3333333333333]	SOLVED	rdLLdddrruLUluRdddlUruuurrdLulDDuullldRR	9.29561	12	40	44	53	636	68	33	73	12	1.28302	1.39216	19.2727	44	0	0	0	0	0.0	0.0	0.0	0	0.0	0.0	0.0	0	0	0	0.0
10 - David W. Skinner - 285 [likes=10, dislikes=0, completion=0.861538461538462, like_ratio=1.0, like_rate=0.021978021978022, tedium=7.66666666666667]	SOLVED	dllUdrruLuulldDuRDuurDD	9.24676	8	23	25	29	348	76	12	33	12	2.62069	1.52335	29	25	0	0	0	0	0.0	0.0	0.0	0	0.0	0.0	0.0	0	0	0	0.0
51 - David W. Skinner - 286 [likes=4, dislikes=0, completion=0.702380952380952, like_ratio=1.0, like_rate=0.0158730158730159, tedium=10.25]	SOLVED	urRuruuLrddldRuuulDlluRRdrddlUdrdLuuruLulldRRdddrrruLdllulldRR	26.0298	15	62	341	999	15984	1976	1114	2090	16	1.97798	1.58479	14.3483	341	0	0	0	0	0.0	0.0	0.0	0	0.0	0.0	0.0	0	0	0	0.0
1 - Hirohiko Nakamiya - 287 [likes=5, dislikes=0, completion=0.848708487084871, like_ratio=1.0, like_rate=0.018450184501845, tedium=3.5]	SOLVED	LrUdDuuruLddRdrUlulllDrddR	12.2134	9	26	62	77	1232	591	112	81	16	7.67532	1.62035	11	62	0	0	0	0	0.0	0.0	0.0	0	0.0	0.0	0.0	0	0	0	0.0
3 - Hirohiko Nakamiya - 288 [likes=8, dislikes=0, completion=0.88695652173913, like_ratio=1.0, like_rate=0.0347826086956522, tedium=3.66666666666667]	SOLVED	rDullUdlddrrRllUUrrruulDrddldlluurUrDDuulLdrDullU	22.4492	13	49	205	233	5592	2031	252	168	24	8.71674	1.52091	22.1905	205	0	0	0	0	0.0	0.0	0.0	0	0.0	0.0	0.0	0	0	0	0.0
1 - Li Jin You - 289 [likes=7, dislikes=0, completion=0.490291262135922, like_ratio=1.0, like_rate=0.0339805825242718, tedium=38.0]	SOLVED	LLddlluuuurrrDrddLruulDlLrruullldDlddrrrUdllluuruurrrddrdLuuulllddrRlluurrrdrddlUllllddrrrUruLddllluuruurrrDrddlldllUUddrruuLrdrruLL	10.7052	20	132	74	103	1236	116	105	154	12	1.12621	1.26079	11.7714	74	0	0	0	0	0.0	0.0	0.0	0	0.0	0.0	0.0	0	0	0	0.0
6 - Iroh - 290 [likes=8, dislikes=0, completion=0.793388429752066, like_ratio=1.0, like_rate=0.0330578512396694, tedium=11.0]	SOLVED	RURRlldRuuLulldRurDrddllUdrruulDrdRullldRuuulldRddrRulluurDDldR	10.9512	18	63	76	122	1952	205	101	291	16	1.68033	1.3059	19.3267	76	0	0	0	0	0.0	0.0	0.0	0	0.0	0.0	0.0	0	0	0	0.0
1 - Iroh - 291 [likes=10, dislikes=1, completion=0.672489082969432, like_ratio=0.909090909090909, like_rate=0.0436681222707424, tedium=133.0]	SOLVED	DDurrurrdrddlllldlluRRRRRlllluurrurrdrdDDrddddllluuruRurDDDldRRRRRRRRRlllluururrrdrrrdddllUUdllllluururrrdRRlluuurrdrdDDDuulldddrRRRR	9.04803	34	133	33	33	132	41	24	8	4	1.24242	1.10831	5.5	33	0	0	0	0	0.0	0.0	0.0	0	0.0	0.0	0.0	0	0	0	0.0
5 - Iroh - 292 [likes=8, dislikes=0, completion=0.710900473933649, like_ratio=1.0, like_rate=0.037914691943128, tedium=22.2]	SOLVED	lddrrruuLUUruulDrdLddrddlUUUdddlluuRlddrruLulDrrruLuUruulDDDDDrdLulluRdrUUUruulDDDDrdLLuruuuullddRluurDrDDDrdLuuuulldRurDDD	30.4613	40	123	719	1329	26580	1393	1474	2107	20	1.04816	1.19698	18.0326	719	0	0	0	0	0.0	0.0	0.0	0	0.0	0.0	0.0	0	0	0	0.0
8 - Iroh - 293 [likes=8, dislikes=0, completion=0.540909090909091, like_ratio=1.0, like_rate=0.0363636363636364, tedium=13.75]	SOLVED	rrrruruLddllURdllluRRdrrruulDrdLLLuRdrruululDrrddllluluRddrrruulDLruulDlDurrdrdL	13.0311	18	80	177	280	4480	367	310	567	16	1.31071	1.36758	14.4516	177	0	0	0	0	0.0	0.0	0.0	0	0.0	0.0	0.0	0	0	0	0.0
7 - Jordi Doménech - 294 [likes=8, dislikes=0, completion=0.697674418604651, like_ratio=1.0, like_rate=0.0372093023255814, tedium=11.0]	SOLVED	LulldRurDrddllUUrDulluR	8.47612	8	23	15	16	128	22	7	25	8	1.375	1.41421	18.2857	15	0	0	0	0	0.0	0.0	0.0	0	0.0	0.0	0.0	0	0	0	0.0
33 - Jordi Doménech - 295 [likes=7, dislikes=0, completion=0.601990049751244, like_ratio=1.0, like_rate=0.0348258706467662, tedium=12.0]	SOLVED	ruRdllluRRdrrruuLDrdLLLuRllldRurrdrUllldRR	8.9451	14	42	37	56	672	59	55	40	12	1.05357	1.33312	12.2182	37	0	0	0	0	0.0	0.0	0.0	0	0.0	0.0	0.0	0	0	0	0.0
6 - Jordi Doménech - 296 [likes=6, dislikes=0, completion=0.829166666666667, like_ratio=1.0, like_rate=0.025, tedium=10.5]	SOLVED	rUdlluRuurrdLulDDldRR	8.51437	8	21	12	14	112	15	0	15	8	1.07143	1.3908	0	12	0	0	0	0	0.0	0.0	0.0	0	0.0	0.0	0.0	0	0	0	0.0
45 - Jordi Doménech - 297 [likes=6, dislikes=0, completion=0.728971962616822, like_ratio=1.0, like_rate=0.0280373831775701, tedium=13.3333333333333]	SOLVED	dRUUdrrdLullluRdrrdLuluuRDldRdrruLLullddRUUdrrdL	9.69472	16	48	47	101	1212	110	82	141	12	1.08911	1.33435	14.7805	47	0	0	0	0	0.0	0.0	0.0	0	0.0	0.0	0.0	0	0	0	0.0
12 - Jordi Doménech - 298 [likes=6, dislikes=0, completion=0.756218905472637, like_ratio=1.0, like_rate=0.0298507462686567, tedium=12.0]	SOLVED	RurDRdrruLLLulldRdRUrrdL	8.83289	11	24	25	41	328	46	23	43	8	1.12195	1.40158	14.2609	25	0	0	0	0	0.0	0.0	0.0	0	0.0	0.0	0.0	0	0	0	0.0
62 - Jordi Doménech - 299 [likes=3, dislikes=0, completion=0.793522267206478, like_ratio=1.0, like_rate=0.0121457489878543, tedium=15.0]	SOLVED	uLLulldRlddrURlluurrDLdlUrrrrddlUruLdLruLdLruulDlDurrdL	9.16188	17	55	46	62	744	106	21	73	12	1.70968	1.27478	35.4286	46	0	0	0	0	0.0	0.0	0.0	0	0.0	0.0	0.0	0	0	0	0.0
58 - Jordi Doménech - 300 [likes=3, dislikes=0, completion=0.63594470046083, like_ratio=1.0, like_rate=0.0138248847926267, tedium=15.0]	SOLVED	ulllDulDrRddlUUrurrdLulDlluRRdlddrUluurRllddrUddllUrurruL	10.7144	15	57	51	93	1116	118	105	179	12	1.26882	1.3528	10.6286	51	0	0	0	0	0.0	0.0	0.0	0	0.0	0.0	0.0	0	0	0	0.0
15 - Jordi Doménech - 301 [likes=4, dislikes=0, completion=0.809264305177112, like_ratio=1.0, like_rate=0.0108991825613079, tedium=8.33333333333333]	SOLVED	LLLUlldRurRdrruLLuLrdLLdRR	9.18385	14	26	36	38	456	46	34	71	12	1.21053	1.29671	13.4118	36	0	0	0	0	0.0	0.0	0.0	0	0.0	0.0	0.0	0	0	0	0.0
55 - Jordi Doménech - 302 [likes=6, dislikes=0, completion=0.685483870967742, like_ratio=1.0, like_rate=0.0241935483870968, tedium=11.0]	SOLVED	RlddRluurRllddrRUrrdLLurruulDrddlluLuRddrruLLullDurrdrruulDrdL	9.92739	16	62	69	92	1472	190	50	131	16	2.06522	1.32659	29.44	69	0	0	0	0	0.0	0.0	0.0	0	0.0	0.0	0.0	0	0	0	0.0
43 - Jordi Doménech - 303 [likes=5, dislikes=0, completion=0.705179282868526, like_ratio=1.0, like_rate=0.0199203187250996, tedium=13.3333333333333]	SOLVED	RRRurDllllddrUluRRurrdLdLLrruulDrdLrdrUlulllDurrdL	10.4753	16	50	69	84	1008	142	52	135	12	1.69048	1.31907	19.3846	69	0	0	0	0	0.0	0.0	0.0	0	0.0	0.0	0.0	0	0	0	0.0
38 - Jordi Doménech - 304 [likes=5, dislikes=0, completion=0.844339622641509, like_ratio=1.0, like_rate=0.0235849056603774, tedium=12.3333333333333]	SOLVED	luRRUrrddlUllluRdrrruulDrdLLLulDurRdrruulDrdLLL	9.66065	16	47	33	35	420	56	25	79	12	1.6	1.24883	16.8	33	0	0	0	0	0.0	0.0	0.0	0	0.0	0.0	0.0	0	0	0	0.0
63 - Jordi Doménech - 305 [likes=3, dislikes=0, completion=0.766169154228856, like_ratio=1.0, like_rate=0.0149253731343284, tedium=9.2]	SOLVED	ulLdllURuulDrddrRlluulDrdrruLdlUluurrDullddrdrrurrdLulLuRdrruulDrdLLrdLL	12.6684	18	72	120	202	4040	441	211	362	20	2.18317	1.343	19.1469	120	0	0	0	0	0.0	0.0	0.0	0	0.0	0.0	0.0	0	0	0	0.0
34 - Jordi Doménech - 306 [likes=6, dislikes=0, completion=0.721393034825871, like_ratio=1.0, like_rate=0.0298507462686567, tedium=12.0]	SOLVED	uLLLrddlluRdrURurrdLLLdlluRuRRllddrU	9.91794	14	36	68	102	1224	121	68	124	12	1.18627	1.39146	18	68	0	0	0	0	0.0	0.0	0.0	0	0.0	0.0	0.0	0	0	0	0.0
60 - Jordi Doménech - 307 [likes=5, dislikes=0, completion=0.825892857142857, like_ratio=1.0, like_rate=0.0223214285714286, tedium=15.0]	SOLVED	dRRUdlluRuRlddrUrrdLuruulDrdLdLLuuRDrdLurruulDD	9.39262	17	47	37	48	576	92	34	88	12	1.91667	1.25573	16.9412	37	0	0	0	0	0.0	0.0	0.0	0	0.0	0.0	0.0	0	0	0	0.0
17 - Jordi Doménech - 308 [likes=7, dislikes=0, completion=0.735408560311284, like_ratio=1.0, like_rate=0.0272373540856031, tedium=8.66666666666667]	SOLVED	rrddLUruLLrdddlluRdrUruullDRddlU	10.0139	10	32	24	29	348	43	7	42	12	1.48276	1.40036	49.7143	24	0	0	0	0	0.0	0.0	0.0	0	0.0	0.0	0.0	0	0	0	0.0
82 - Jordi Doménech - 309 [likes=3, dislikes=0, completion=0.790178571428571, like_ratio=1.0, like_rate=0.0133928571428571, tedium=10.6]	SOLVED	LLLUlluurrrrDullDurrdLrrddllULdrrruululllldddRluuurrrrdrddllulLrrUdlldlUrrrdLrrruLLLruruLddlLrruuLDuLrdrdL	38.5402	24	106	386	638	12760	1631	1257	1368	20	2.55643	1.30878	10.1512	386	0	0	0	0	0.0	0.0	0.0	0	0.0	0.0	0.0	0	0	0	0.0
16 - Jordi Doménech - 310 [likes=6, dislikes=0, completion=0.798245614035088, like_ratio=1.0, like_rate=0.0263157894736842, tedium=8.66666666666667]	SOLVED	rrrruuLDLdRllluRuRlddrruLulDrrruL	9.7628	10	33	25	28	336	40	17	47	12	1.42857	1.39545	19.7647	25	0	0	0	0	0.0	0.0	0.0	0	0.0	0.0	0.0	0	0	0	0.0
77 - Jordi Doménech - 311 [likes=3, dislikes=0, completion=0.665178571428571, like_ratio=1.0, like_rate=0.0133928571428571, tedium=17.3333333333333]	SOLVED	rULrruulDLLLdlUrrrrrdLdlULulldRRRdrUruulDLddrUluLdrrruLL	11.1991	21	56	75	113	1356	122	103	174	12	1.07965	1.25247	13.165	75	0	0	0	0	0.0	0.0	0.0	0	0.0	0.0	0.0	0	0	0	0.0
2 - Jordi Doménech - 312 [likes=8, dislikes=0, completion=0.842857142857143, like_ratio=1.0, like_rate=0.0380952380952381, tedium=3.33333333333333]	SOLVED	dLruLullDR	9.15059	5	10	7	8	96	15	0	5	12	1.875	1.51572	0	7	0	0	0	0	0.0	0.0	0.0	0	0.0	0.0	0.0	0	0	0	0.0
61 - Jordi Doménech - 313 [likes=3, dislikes=0, completion=0.704119850187266, like_ratio=1.0, like_rate=0.0112359550561798, tedium=11.25]	SOLVED	ldRdRRULdlUluurrDullddrdrruruLddlluRRllluurDldRRluurDrDulldR	11.3246	17	60	66	75	1200	111	44	116	16	1.48	1.28913	27.2727	66	0	0	0	0	0.0	0.0	0.0	0	0.0	0.0	0.0	0	0	0	0.0
46 - Jordi Doménech - 314 [likes=5, dislikes=0, completion=0.68976897689769, like_ratio=1.0, like_rate=0.0165016501650165, tedium=10.0]	SOLVED	UluuRDRDuRurDlllldRdRluurruLdlddrRlUluRurrdLLdlluuRDuR	13.8694	19	54	88	163	2608	231	202	228	16	1.41718	1.30747	12.9109	88	0	0	0	0	0.0	0.0	0.0	0	0.0	0.0	0.0	0	0	0	0.0
9 - Jordi Doménech - 315 [likes=5, dislikes=0, completion=0.844036697247706, like_ratio=1.0, like_rate=0.0229357798165138, tedium=11.5]	SOLVED	ruLulllddrURuLdrRdrruLLLulD	9.15996	10	27	20	21	168	28	4	13	8	1.33333	1.35588	42	20	0	0	0	0	0.0	0.0	0.0	0	0.0	0.0	0.0	0	0	0	0.0
31 - Jordi Doménech - 316 [likes=8, dislikes=0, completion=0.733532934131736, like_ratio=1.0, like_rate=0.0239520958083832, tedium=8.75]	SOLVED	uLLDurrdLdLdlluuuRRllddRURldRuuRldlluRR	9.30349	15	39	29	39	624	79	11	55	16	2.02564	1.27665	56.7273	29	0	0	0	0	0.0	0.0	0.0	0	0.0	0.0	0.0	0	0	0	0.0
5 - Jordi Doménech - 317 [likes=7, dislikes=0, completion=0.815, like_ratio=1.0, like_rate=0.035, tedium=8.5]	SOLVED	luRRurrdLdLLuRurD	8.47127	8	17	12	17	136	21	4	15	8	1.23529	1.42497	34	12	0	0	0	0	0.0	0.0	0.0	0	0.0	0.0	0.0	0	0	0	0.0
30 - Jordi Doménech - 318 [likes=6, dislikes=0, completion=0.770161290322581, like_ratio=1.0, like_rate=0.0241935483870968, tedium=11.6666666666667]	SOLVED	ddrUdrruLdlluuurrDDuLrdrdLLUlUdrruulD	10.2261	11	37	39	50	600	102	22	71	12	2.04	1.42709	27.2727	39	0	0	0	0	0.0	0.0	0.0	0	0.0	0.0	0.0	0	0	0	0.0
10 - Jordi Doménech - 319 [likes=6, dislikes=0, completion=0.822727272727273, like_ratio=1.0, like_rate=0.0272727272727273, tedium=12.0]	SOLVED	dldRdrruLdlUluurrDLdlUdrR	8.71485	8	25	12	12	96	25	6	15	8	2.08333	1.36426	16	12	0	0	0	0	0.0	0.0	0.0	0	0.0	0.0	0.0	0	0	0	0.0
47 - Jordi Doménech - 320 [likes=5, dislikes=0, completion=0.62882096069869, like_ratio=1.0, like_rate=0.0218340611353712, tedium=13.6666666666667]	SOLVED	LLullDRdRluurDlddlUUrrrrddlUruLLulDlddrUUrrdL	9.75109	16	45	44	84	1008	97	47	116	12	1.15476	1.31907	21.4468	44	0	0	0	0	0.0	0.0	0.0	0	0.0	0.0	0.0	0	0	0	0.0
51 - Jordi Doménech - 321 [likes=5, dislikes=0, completion=0.771551724137931, like_ratio=1.0, like_rate=0.021551724137931, tedium=14.3333333333333]	SOLVED	DRddlluRdrUluurrrddLUdLdlluRuRRdrUlllddrUluRR	10.8608	15	45	49	66	792	108	33	99	12	1.63636	1.32222	24	49	0	0	0	0	0.0	0.0	0.0	0	0.0	0.0	0.0	0	0	0	0.0
10 - Jordi Doménech - 322 [likes=2, dislikes=0, completion=0.263157894736842, like_ratio=1.0, like_rate=0.0080971659919028, tedium=17.75]	SOLVED	uruullllulldRRRRurrdddlllldlluRUdRRRdrruuuulldllulldRddrrrdrruLLLrrruuLDrdL	19.0117	17	75	326	436	6976	651	203	354	16	1.49312	1.42976	34.3645	326	0	0	0	0	0.0	0.0	0.0	0	0.0	0.0	0.0	0	0	0	0.0
1 - Jordi Doménech - 323 [likes=5, dislikes=0, completion=0.708333333333333, like_ratio=1.0, like_rate=0.0231481481481481, tedium=34.5]	SOLVED	LdllluuurRdDrddrrruuuullLulDDulldddrRlluuurrdDuurrrrddddlllUdrrruuuulllllldddrR	8.96234	11	79	16	19	152	37	8	10	8	1.94737	1.30692	19	16	0	0	0	0	0.0	0.0	0.0	0	0.0	0.0	0.0	0	0	0	0.0
12 - Marti Homs Caussa - 324 [likes=5, dislikes=0, completion=0.288372093023256, like_ratio=1.0, like_rate=0.0232558139534884, tedium=15.8333333333333]	SOLVED	rruuuullllDurrdrrdddllUdrruuuulllldDuurrdrrdddlluUddrruuuullllddRluurrrdrddLruulDuulllddrRUdlluurRdrrdLLuullddDuuurrddrrddllUdrruuullulldddRluuurrdrdrddlUruullulldddrRdrruuullDLrurruLdldldlUrrurrdLLrrddlUruulldLrurrdLuuLLrdrddLLrruulDrdL	122.328	33	237	1366	4736	113664	6502	12244	6465	24	1.37289	1.29234	9.28324	1366	0	0	0	0	0.0	0.0	0.0	0	0.0	0.0	0.0	0	0	0	0.0
3 - Marti Homs Caussa - 325 [likes=2, dislikes=0, completion=0.497536945812808, like_ratio=1.0, like_rate=0.0098522167487684, tedium=15.3333333333333]	SOLVED	LrrrdLullddrUluRdllluRRdrrruuLDrdLLLulldRurRdrruulDllldR	12.6124	16	56	92	256	3072	266	331	539	12	1.03906	1.41421	9.28097	92	0	0	0	0	0.0	0.0	0.0	0	0.0	0.0	0.0	0	0	0	0.0
90 - Alberto García - 326 [likes=2, dislikes=0, completion=0.820388349514563, like_ratio=1.0, like_rate=0.0097087378640776, tedium=3.8]	SOLVED	uuuLrdddLruLLrruulDrdLdLruuLrddlU	9.45816	10	33	30	47	940	88	28	70	20	1.87234	1.46964	33.5714	30	0	0	0	0	0.0	0.0	0.0	0	0.0	0.0	0.0	0	0	0	0.0
50 - Alberto García - 327 [likes=3, dislikes=0, completion=0.330434782608696, like_ratio=1.0, like_rate=0.0130434782608696, tedium=15.4]	SOLVED	ulDDDDuuuullddddRdRUUUddlluuRDDuuluurDDuurrdLullddddrruUddddlUruuulluurDurrdLdddddrruLL	22.8062	22	87	295	693	13860	793	1205	2233	20	1.1443	1.34625	11.5021	295	0	0	0	0	0.0	0.0	0.0	0	0.0	0.0	0.0	0	0	0	0.0
7 - Alberto García - 328 [likes=3, dislikes=0, completion=0.809090909090909, like_ratio=1.0, like_rate=0.0136363636363636, tedium=16.0]	SOLVED	luuuuRDldddrruuruLdddlluuRluururDllddrUdlddrruruLruL	8.69901	9	52	14	17	204	30	16	32	12	1.76471	1.36999	12.75	14	0	0	0	0	0.0	0.0	0.0	0	0.0	0.0	0.0	0	0	0	0.0
20 - Alberto García - 329 [likes=4, dislikes=0, completion=0.870292887029289, like_ratio=1.0, like_rate=0.0167364016736402, tedium=6.0]	SOLVED	uulDurUruulDDulDrDulldR	8.64295	8	23	17	17	204	30	0	27	12	1.76471	1.42497	0	17	0	0	0	0	0.0	0.0	0.0	0	0.0	0.0	0.0	0	0	0	0.0
15 - Alberto García - 330 [likes=2, dislikes=0, completion=0.866071428571429, like_ratio=1.0, like_rate=0.0059523809523809, tedium=16.0]	SOLVED	ullddlllulldRRRRurDlddddllulUUdddrrruuuullulldDuurrdrrrDulllullddDuuRRRdrruulDrdL	11.4239	16	81	77	99	1188	367	124	84	12	3.70707	1.33268	9.58065	77	0	0	0	0	0.0	0.0	0.0	0	0.0	0.0	0.0	0	0	0	0.0
5 - Alberto García - 331 [likes=4, dislikes=0, completion=0.841409691629956, like_ratio=1.0, like_rate=0.0176211453744493, tedium=3.14285714285714]	SOLVED	rUrUdlluuuuRdldddrruLdlUrUdlUrUdlU	8.87029	10	34	23	29	812	104	4	49	28	3.58621	1.40036	203	23	0	0	0	0	0.0	0.0	0.0	0	0.0	0.0	0.0	0	0	0	0.0
4 - Alberto García - 332 [likes=4, dislikes=0, completion=0.786407766990291, like_ratio=1.0, like_rate=0.0194174757281553, tedium=6.4]	SOLVED	uLLdlUdLdlUURlUUluRdddrUddrrurrdLL	11.2633	14	34	97	117	2340	312	43	126	20	2.66667	1.40517	54.4186	97	0	0	0	0	0.0	0.0	0.0	0	0.0	0.0	0.0	0	0	0	0.0
13 - Alberto García - 333 [likes=2, dislikes=0, completion=0.791469194312796, like_ratio=1.0, like_rate=0.0094786729857819, tedium=17.8]	SOLVED	ldldldldlLrrurururuulDlDlDlDllDDuurrurururrdLdLdLdLrururuulDlDlDururrdLdLLrruulDldLDDuururrdLdLLrruulDrdLulDrdL	14.2767	29	111	262	281	5620	485	43	783	20	1.72598	1.21461	130.698	262	0	0	0	0	0.0	0.0	0.0	0	0.0	0.0	0.0	0	0	0	0.0
1 - Alberto García - 334 [likes=4, dislikes=0, completion=0.726072607260726, like_ratio=1.0, like_rate=0.0132013201320132, tedium=18.0]	SOLVED	uuurDurrrdrdDuuulllldDuurrrdrddrdLLruuuullllddrdrDrrrrruLLdlllululuurrrdrdDrruLddLLLululuurrrdrDrddlllulDuulldRuuurrrdrdDrdLLLrruuuulllldddR	12.1124	22	140	141	167	2672	445	88	224	16	2.66467	1.26192	30.3636	141	0	0	0	0	0.0	0.0	0.0	0	0.0	0.0	0.0	0	0	0	0.0
46 - Alberto García - 335 [likes=3, dislikes=0, completion=0.893023255813953, like_ratio=1.0, like_rate=0.013953488372093, tedium=13.5]	SOLVED	ullLLuullddRluurrRRRlllllddrRuurrddrruUllllddRluurrdD	9.12466	11	53	25	32	256	68	21	8	8	2.125	1.37035	12.1905	25	0	0	0	0	0.0	0.0	0.0	0	0.0	0.0	0.0	0	0	0	0.0
7 - Alberto García - 336 [likes=3, dislikes=0, completion=0.773504273504274, like_ratio=1.0, like_rate=0.0128205128205128, tedium=31.0]	SOLVED	ulluurrurDlllddrrdrdrrrurrurruullullLLrrrrdrrddlldlluurUruLddldddlluulllluurrrDrdddrruuuruuLrddldddlluuulDldRurDldRRRuuuruulLrrddldddlluuululuurDDDrddlluRddrrruuuruullLrrrddldddlluluurDDldRuuululuurDDDDD	31.3312	28	203	567	847	10164	1635	1601	749	12	1.93034	1.27223	6.34853	567	0	0	0	0	0.0	0.0	0.0	0	0.0	0.0	0.0	0	0	0	0.0
33 - Alberto García - 337 [likes=3, dislikes=0, completion=0.804761904761905, like_ratio=1.0, like_rate=0.0142857142857143, tedium=13.75]	SOLVED	rdrUUUUUluurDrDrDululldRdRRlluRdldddlluuRlddrruUUruulldRurD	9.45203	18	59	59	59	944	89	6	58	16	1.50847	1.25424	157.333	59	0	0	0	0	0.0	0.0	0.0	0	0.0	0.0	0.0	0	0	0	0.0
48 - Alberto García - 338 [likes=6, dislikes=0, completion=0.855721393034826, like_ratio=1.0, like_rate=0.0298507462686567, tedium=9.5]	SOLVED	ruurUdddllluulluuururrrddRddddllluRRuruuulLLdlDlddrruLuuruulDlddrdddrrrrUlllululuurrdLdddrrruR	12.8252	13	94	90	103	1648	598	127	305	16	5.80583	1.42835	12.9764	90	0	0	0	0	0.0	0.0	0.0	0	0.0	0.0	0.0	0	0	0	0.0
6 - Alberto García - 339 [likes=2, dislikes=0, completion=0.811659192825112, like_ratio=1.0, like_rate=0.0089686098654708, tedium=12.0]	SOLVED	ullldDrUluRuulDDrRRlllDurrrurrdLLLLulDrddL	10.7466	15	42	37	41	492	69	12	48	12	1.68293	1.28091	41	37	0	0	0	0	0.0	0.0	0.0	0	0.0	0.0	0.0	0	0	0	0.0
45 - Alberto García - 340 [likes=4, dislikes=0, completion=0.792828685258964, like_ratio=1.0, like_rate=0.0159362549800797, tedium=37.0]	SOLVED	uuururrrdLLulDDDldRdrrrrrrruuuuLLLLLLulDDDrDulldRdRRlluurDrdRRRRdrUUUddlllllululuurrrdrdrDuluulllldddrrdrrRlllulldRRululuurrrdrdrddRdrUlluuluullllddddrrRlululuurrrdrdrddrrUdlluuluullllddddrrrRRRdrU	1250.29	40	197	1641	41928	503136	61887	116564	82623	12	1.47603	1.30486	4.31639	1641	0	0	0	0	0.0	0.0	0.0	0	0.0	0.0	0.0	0	0	0	0.0
28 - Alberto García - 341 [likes=2, dislikes=0, completion=0.796019900497512, like_ratio=1.0, like_rate=0.0099502487562189, tedium=22.3333333333333]	SOLVED	rrrrUUUruulldRurDlddddllluurRllddrrruUddllUluRddrruuUUruLdddrUUddlddlluuRlddrruUU	11.4521	18	81	128	184	2208	267	129	171	12	1.45109	1.33605	17.1163	128	0	0	0	0	0.0	0.0	0.0	0	0.0	0.0	0.0	0	0	0	0.0
1 - Alberto García - 342 [likes=5, dislikes=0, completion=0.75975975975976, like_ratio=1.0, like_rate=0.015015015015015, tedium=12.0]	SOLVED	uullDDDuuurrddddlLuuuullddRluurrrrddddlluUUdlluurRddlUdrddLruuuuRlddddlUruulldRurDDldRuuuuL	12.4279	18	91	102	165	2640	337	165	208	16	2.04242	1.32799	16	102	0	0	0	0	0.0	0.0	0.0	0	0.0	0.0	0.0	0	0	0	0.0
19 - Alberto García - 343 [likes=2, dislikes=0, completion=0.7375, like_ratio=1.0, like_rate=0.0083333333333333, tedium=36.0]	SOLVED	uulllllddrUluRddlddrUluuurRldlddrUluurrRRllllddrUluRRRurrDrddlldLLullddrUrrrurruulDuulldRurDlllldlddrrrruRldlllluuurrrrrDulllldlddrUUluRRRurrddrrddlULuurDululldRurD	17.1405	31	164	317	443	5316	716	617	717	12	1.61625	1.21722	8.61588	317	0	0	0	0	0.0	0.0	0.0	0	0.0	0.0	0.0	0	0	0	0.0
42 - Alberto García - 344 [likes=2, dislikes=0, completion=0.909502262443439, like_ratio=1.0, like_rate=0.0090497737556561, tedium=7.2]	SOLVED	uuRluuruurrdrDuullldRurrddDuuulldldlddrRlluururRurDllldlddddrUluuururrrDullldlddRluR	10.6685	12	84	62	74	1480	257	58	60	20	3.47297	1.43143	25.5172	62	0	0	0	0	0.0	0.0	0.0	0	0.0	0.0	0.0	0	0	0	0.0
43 - Alberto García - 345 [likes=3, dislikes=0, completion=0.805825242718447, like_ratio=1.0, like_rate=0.0145631067961165, tedium=9.66666666666667]	SOLVED	uulllDurrruuulldlDldRRldldRuuuururrdL	9.71037	7	37	19	22	264	50	18	45	12	2.27273	1.55516	14.6667	19	0	0	0	0	0.0	0.0	0.0	0	0.0	0.0	0.0	0	0	0	0.0
14 - Alberto García - 346 [likes=4, dislikes=1, completion=0.839449541284404, like_ratio=0.8, like_rate=0.018348623853211, tedium=35.0]	SOLVED	rdrrrruLLLdlUrrrrrururuulDlDlDldlllUdrrrurururrdLdLdLLrruruulDlDldLdlluuUdddrrurururrdLdLdlllluuuluRddddrruLdlUluurrUluRddllddrdrrrruLLdlluUUrurUdldldddrrurrruulDldlLdlUluurruuuRddldlluRdrUdllddrrrrurrdLdllullluuuruRddllddrUUdddrrrruLLLdlUluuuRdlddrU	21.4376	45	250	330	433	6928	1464	461	1814	16	3.38106	1.14443	15.0282	330	0	0	0	0	0.0	0.0	0.0	0	0.0	0.0	0.0	0	0	0	0.0
22 - Alberto García - 347 [likes=2, dislikes=0, completion=0.781659388646288, like_ratio=1.0, like_rate=0.0087336244541484, tedium=28.0]	SOLVED	uuurUrruulDLddldllluuuurrrDDDuurrrdLullddDlddrruLdlUruuuurrdLulDuuRddlDuurrruulDrdLLddlDDldRuuulDururuulDDDDlD	44.3332	27	110	559	1185	14220	2366	3087	1724	12	1.99662	1.29969	4.60641	559	0	0	0	0	0.0	0.0	0.0	0	0.0	0.0	0.0	0	0	0	0.0
3 - Alberto García - 348 [likes=3, dislikes=0, completion=0.73109243697479, like_ratio=1.0, like_rate=0.0126050420168067, tedium=29.0]	SOLVED	uulullldRurrddddlllllluluurRllddrdrrrrruruuulldRurDrddldlllllluluurrRRllllddrUrurrdDuuurrdLrrrddlUddllLrrururuLulllDDuurrrddddlllLrrruruuLullddDuuurrdLrrdddllLrruruuulllDDDuulldlluRRRRurrdLulD	80.575	29	192	1174	2903	46448	4797	4712	4478	16	1.65243	1.31646	9.85739	1174	0	0	0	0	0.0	0.0	0.0	0	0.0	0.0	0.0	0	0	0	0.0
21 - Alberto García - 349 [likes=1, dislikes=0, completion=0.766990291262136, like_ratio=1.0, like_rate=0.0048543689320388, tedium=16.0]	SOLVED	urRlluuuuuuRurrddDuuulldldddrrdrruLLruuuulldldddddddrrrUUUluRdrrdLuluuuuulldRllddddddrrrUUddllluuuuuuurrrD	20.0406	15	106	160	212	3392	759	204	318	16	3.58019	1.42919	16.6275	160	0	0	0	0	0.0	0.0	0.0	0	0.0	0.0	0.0	0	0	0	0.0
16 - Alberto García - 350 [likes=3, dislikes=0, completion=0.833333333333333, like_ratio=1.0, like_rate=0.0128205128205128, tedium=11.75]	SOLVED	ddLLulDrrrrddlddlluUUdddrruuruullLddddrruLdlUUUUdddrruUddlluuuruLddddrruuruL	18.8847	15	76	124	167	2672	551	113	78	16	3.2994	1.40663	23.646	124	0	0	0	0	0.0	0.0	0.0	0	0.0	0.0	0.0	0	0	0	0.0
50 - Alberto García - 351 [likes=5, dislikes=0, completion=0.538745387453875, like_ratio=1.0, like_rate=0.018450184501845, tedium=11.75]	SOLVED	DrDrDrDulululldRdRdRdRlululuurDrDrDululldRRldRR	10.8874	16	47	58	72	1152	91	33	116	16	1.26389	1.30642	34.9091	58	0	0	0	0	0.0	0.0	0.0	0	0.0	0.0	0.0	0	0	0	0.0
11 - Alberto García - 352 [likes=2, dislikes=0, completion=0.81294964028777, like_ratio=1.0, like_rate=0.0071942446043165, tedium=36.5]	SOLVED	uluuuulldlDuurrrddddddlllluuRlddrrurruuuuulldldDrDDuulldddrRRlddrruUluluuluuurrrddddrdLdlllluuRurDDullddrR	10.8871	14	106	32	44	352	92	53	51	8	2.09091	1.31036	6.64151	32	0	0	0	0	0.0	0.0	0.0	0	0.0	0.0	0.0	0	0	0	0.0
5 - Alberto García - 353 [likes=3, dislikes=0, completion=0.861244019138756, like_ratio=1.0, like_rate=0.0143540669856459, tedium=13.25]	SOLVED	ldlllllUluuRRllddrdrruurRddlllluluurrRdrruulDldddlluUluRRRdRlulluurDlddddrrrrurruuulllDldddlluuuRRdddrrurruuulldDuurrdddldllluuuR	17.3698	18	129	103	143	2288	594	224	291	16	4.15385	1.31747	10.2143	103	0	0	0	0	0.0	0.0	0.0	0	0.0	0.0	0.0	0	0	0	0.0
8 - Alberto García - 354 [likes=4, dislikes=0, completion=0.854785478547855, like_ratio=1.0, like_rate=0.0132013201320132, tedium=7.33333333333333]	SOLVED	DDrddlULrruLuuluurDDDDD	10.5954	11	23	50	51	612	71	6	81	12	1.39216	1.42966	102	50	0	0	0	0	0.0	0.0	0.0	0	0.0	0.0	0.0	0	0	0	0.0
7 - Alberto García - 355 [likes=6, dislikes=0, completion=0.651260504201681, like_ratio=1.0, like_rate=0.0252100840336134, tedium=21.75]	SOLVED	ulllllLdLdLdLrururuulDlDlDlDDrUrULrrUdlluRuRRRRlldLulDurrrrRdrruLLLLLdlluRdrUdlllddrUluRR	43.955	32	89	583	1478	23648	1807	1299	2244	16	1.2226	1.25618	18.2048	583	0	0	0	0	0.0	0.0	0.0	0	0.0	0.0	0.0	0	0	0	0.0
6 - Alberto García - 356 [likes=5, dislikes=0, completion=0.724696356275304, like_ratio=1.0, like_rate=0.0202429149797571, tedium=17.6666666666667]	SOLVED	ururruruulDLLrruullldlldddrdrrurrUruLddldllluRdrruruuLrddldlluRluUUluRR	10.6664	13	71	50	56	672	148	84	75	12	2.64286	1.36294	8	50	0	0	0	0	0.0	0.0	0.0	0	0.0	0.0	0.0	0	0	0	0.0
16 - Alberto García - 357 [likes=4, dislikes=0, completion=0.897560975609756, like_ratio=1.0, like_rate=0.0195121951219512, tedium=5.0]	SOLVED	uURuulDrdL	8.71278	5	10	6	6	48	24	3	12	8	4	1.43097	16	6	0	0	0	0	0.0	0.0	0.0	0	0.0	0.0	0.0	0	0	0	0.0
10 - Alberto García - 358 [likes=4, dislikes=0, completion=0.797235023041475, like_ratio=1.0, like_rate=0.0184331797235023, tedium=13.6666666666667]	SOLVED	RdrRuLdlddrUluUrrdLulDDuurrrrdLLLulDuluurDD	10.2227	15	43	70	92	1104	154	55	84	12	1.67391	1.35182	20.0727	70	0	0	0	0	0.0	0.0	0.0	0	0.0	0.0	0.0	0	0	0	0.0
13 - Alberto García - 359 [likes=3, dislikes=0, completion=0.73972602739726, like_ratio=1.0, like_rate=0.0136986301369863, tedium=11.25]	SOLVED	RRRdddlluRRuuRurDlllluurDldRuRDrruLLdlluurDldRR	11.5908	17	47	100	113	1808	293	72	62	16	2.59292	1.32059	25.1111	100	0	0	0	0	0.0	0.0	0.0	0	0.0	0.0	0.0	0	0	0	0.0
44 - Alberto García - 360 [likes=2, dislikes=0, completion=0.73, like_ratio=1.0, like_rate=0.01, tedium=9.0]	SOLVED	ldlDDDrDuluuururrddddLrdLDuuuruuulldldddDRllddrURlluR	10.3262	13	53	42	60	1200	133	27	70	20	2.21667	1.37019	44.4444	42	0	0	0	0	0.0	0.0	0.0	0	0.0	0.0	0.0	0	0	0	0.0
7 - Alberto García - 361 [likes=1, dislikes=0, completion=0.716049382716049, like_ratio=1.0, like_rate=0.0041152263374485, tedium=15.0]	SOLVED	lddRDuUddrdrddlluUUluurrDDldddrruuLuuulDuruulDD	12.5907	12	47	83	153	1836	332	201	285	12	2.16993	1.52075	9.13433	83	0	0	0	0	0.0	0.0	0.0	0	0.0	0.0	0.0	0	0	0	0.0
6 - Alberto García - 362 [likes=2, dislikes=0, completion=0.881773399014778, like_ratio=1.0, like_rate=0.0098522167487684, tedium=9.0]	SOLVED	ulululldllddrrRDrruuulLDrrddllDurruullDDrruLulDllluurDldRuuRurDllddR	15.2512	15	68	181	230	4600	773	225	289	20	3.36087	1.43697	20.4444	181	0	0	0	0	0.0	0.0	0.0	0	0.0	0.0	0.0	0	0	0	0.0
24 - Alberto García - 363 [likes=1, dislikes=0, completion=0.651960784313726, like_ratio=1.0, like_rate=0.0049019607843137, tedium=5.0]	SOLVED	uuulDDDDuuulldRurrddlUruL	9.14617	8	25	15	16	320	51	8	24	20	3.1875	1.41421	40	15	0	0	0	0	0.0	0.0	0.0	0	0.0	0.0	0.0	0	0	0	0.0
1 - Alberto García - 364 [likes=2, dislikes=0, completion=0.805785123966942, like_ratio=1.0, like_rate=0.0082644628099173, tedium=38.0]	SOLVED	llllDDDDuuuurrrddldLDlUUUluRRRllddddlddrUUUUUluRdddrruruUruLuullldlddrRldddrruruuuLruullldlddrrRllddddddrUluurruruUddldllddrUluuuurrrruLdddldLdlUUUluRR	18.9226	34	151	245	352	4224	802	397	363	12	2.27841	1.18822	10.6398	245	0	0	0	0	0.0	0.0	0.0	0	0.0	0.0	0.0	0	0	0	0.0
11 - Alberto García - 365 [likes=2, dislikes=0, completion=0.761467889908257, like_ratio=1.0, like_rate=0.0091743119266055, tedium=11.5]	SOLVED	uLrdrddllluuUUdrruuuuullldddRuRlluurrrdDDDuullddddddrrruuuL	11.093	10	59	49	60	960	310	83	70	16	5.16667	1.50597	11.5663	49	0	0	0	0	0.0	0.0	0.0	0	0.0	0.0	0.0	0	0	0	0.0
9 - Alberto García - 366 [likes=1, dislikes=0, completion=0.857707509881423, like_ratio=1.0, like_rate=0.0039525691699604, tedium=6.0]	SOLVED	luuuUdrruuuLrddddLrddlluUU	9.26505	6	26	9	11	176	27	1	14	16	2.45455	1.4913	176	9	0	0	0	0	0.0	0.0	0.0	0	0.0	0.0	0.0	0	0	0	0.0
6 - Dries De Clercq - 367 [likes=5, dislikes=0, completion=0.520661157024793, like_ratio=1.0, like_rate=0.0206611570247934, tedium=19.25]	SOLVED	rUUdLruUUlldRDrddlUUUluurDrDDlddrUluUruLdddrUlullddRluurruulDrddrddlUUULuurDrDLddrU	12.3927	28	83	156	265	4240	295	272	362	16	1.11321	1.22052	15.5882	156	0	0	0	0	0.0	0.0	0.0	0	0.0	0.0	0.0	0	0	0	0.0
1 - Dries De Clercq - 368 [likes=17, dislikes=0, completion=0.572207084468665, like_ratio=1.0, like_rate=0.0463215258855586, tedium=21.0]	SOLVED	rDDLruulDlDDlddrUrrUUUlldDldRuuurrdLulDDlddrUUUrrddLruulldlddrU	9.28402	21	63	42	47	564	51	13	46	12	1.08511	1.20122	43.3846	42	0	0	0	0	0.0	0.0	0.0	0	0.0	0.0	0.0	0	0	0	0.0
14 - Dries De Clercq - 369 [likes=5, dislikes=0, completion=0.27536231884058, like_ratio=1.0, like_rate=0.0241545893719807, tedium=47.0]	SOLVED	drddlUdlluRRdrddllUdrruululldRRlddrruruuLLruulDDrrddldlluuluRdddrruUUdddlluuuRldddrruuLulDrrruLLuurDDldlluRdrUruulDDrrddlUUlldRurrddldllUdrruruulllldRurrDulldR	11.5923	32	159	111	156	1872	171	259	278	12	1.09615	1.17094	7.2278	111	0	0	0	0	0.0	0.0	0.0	0	0.0	0.0	0.0	0	0	0	0.0
2 - Dries De Clercq - 370 [likes=13, dislikes=0, completion=0.574534161490683, like_ratio=1.0, like_rate=0.0403726708074534, tedium=25.3333333333333]	SOLVED	ddlUdrddlUruulllddRRUruLruulDrddlddrUUUUlDrddllluuRRurDDulllddrrUruLLrdddrUU	11.1171	22	76	99	136	1632	145	123	151	12	1.06618	1.2502	13.2683	99	0	0	0	0	0.0	0.0	0.0	0	0.0	0.0	0.0	0	0	0	0.0
9 - Dries De Clercq - 371 [likes=3, dislikes=0, completion=0.55, like_ratio=1.0, like_rate=0.0136363636363636, tedium=33.0]	SOLVED	rDDLrDuuulDDrdLLddrrUdllulluRdrdrruUddlluluuRlddrdrruulLrrUdllulDrrruLuurDDDllluRdrruulDldddrrUULulldldRuurrdLrrddllUdrruuluurDDD	14.701	31	129	120	395	4740	491	542	685	12	1.24304	1.21272	8.74539	120	0	0	0	0	0.0	0.0	0.0	0	0.0	0.0	0.0	0	0	0	0.0
5 - Dries De Clercq - 372 [likes=10, dislikes=0, completion=0.294906166219839, like_ratio=1.0, like_rate=0.0268096514745308, tedium=35.3333333333333]	SOLVED	rDDrddllluuRRuulDrdDrruLdlUdrddlUlluuRRDrdLuuluurDDDrruLdlUdrddlUruulllddRRdrUllluurrDuluurDDllddrRlluurrDRDLL	12.5096	32	110	183	268	3216	296	234	291	12	1.10448	1.19091	13.7436	183	0	0	0	0	0.0	0.0	0.0	0	0.0	0.0	0.0	0	0	0	0.0
4 - Dries De Clercq - 373 [likes=13, dislikes=0, completion=0.349358974358974, like_ratio=1.0, like_rate=0.0416666666666667, tedium=34.3333333333333]	SOLVED	dddddrruLdlUUlluurrDrDLuuurDDldddrruLdlUUUrDuuulDllddRRUruLddddrruLdlUrUUluurDDDDldRuuulDlluuRlddrruruulD	13.0084	31	105	180	283	3396	300	336	431	12	1.06007	1.19975	10.1071	180	0	0	0	0	0.0	0.0	0.0	0	0.0	0.0	0.0	0	0	0	0.0
8 - Dries De Clercq - 374 [likes=5, dislikes=0, completion=0.504385964912281, like_ratio=1.0, like_rate=0.0219298245614035, tedium=33.0]	SOLVED	RRDulldRRuurrdLLrrddddlluUURldddrruuUluulDDlluRRdrrdddlluUddrruuulLuurrDulDrDDDuuulldRurDulllldRurrdrDuullldRRurD	15.0283	30	113	183	416	4992	451	586	540	12	1.08413	1.22265	8.51877	183	0	0	0	0	0.0	0.0	0.0	0	0.0	0.0	0.0	0	0	0	0.0
7 - Yoshio Murase - 375 [likes=3, dislikes=0, completion=0.787128712871287, like_ratio=1.0, like_rate=0.0148514851485149, tedium=19.0]	SOLVED	dlluluuRDDlddrruruuLrruullDlDRllddRluurrRdrUUdllllddrUluurrdrddLdlU	10.7643	15	67	62	80	960	137	95	139	12	1.7125	1.33928	10.1053	62	0	0	0	0	0.0	0.0	0.0	0	0.0	0.0	0.0	0	0	0	0.0
6 - Yoshio Murase - 376 [likes=4, dislikes=0, completion=0.615023474178404, like_ratio=1.0, like_rate=0.0187793427230047, tedium=19.6666666666667]	SOLVED	uluurrdrrrddLLrruulllulDrrrrddllUdrruulLLulldRlddrRlUUddrRlluuluRdddrruuLrddlluUrrrrddL	10.9247	16	87	89	143	1716	205	128	136	12	1.43357	1.36367	13.4062	89	0	0	0	0	0.0	0.0	0.0	0	0.0	0.0	0.0	0	0	0	0.0
32 - Yoshio Murase - 377 [likes=3, dislikes=0, completion=0.569506726457399, like_ratio=1.0, like_rate=0.0134529147982063, tedium=24.6666666666667]	SOLVED	rrddlddrrUUddlllluRdrrruuluurDldlDururrdLddlLulldRRRdrUUUruLullDDDuuurrddddlLuuRluurDrDD	14.3897	23	88	201	376	4512	396	508	638	12	1.05319	1.29409	8.88189	201	0	0	0	0	0.0	0.0	0.0	0	0.0	0.0	0.0	0	0	0	0.0
1 - Yoshio Murase - 378 [likes=12, dislikes=0, completion=0.456591639871383, like_ratio=1.0, like_rate=0.0385852090032154, tedium=28.6666666666667]	SOLVED	luuluRurrrddlLrruullldlddrdrrUdlluluururrrddLddlluUddrruuLUdrddlluluuRuRDllddrUddrruuL	10.5391	13	86	51	67	804	82	49	159	12	1.22388	1.38187	16.4082	51	0	0	0	0	0.0	0.0	0.0	0	0.0	0.0	0.0	0	0	0	0.0
3 - Yoshio Murase - 379 [likes=5, dislikes=0, completion=0.687285223367698, like_ratio=1.0, like_rate=0.0171821305841924, tedium=14.6666666666667]	SOLVED	ddlldddlUruurruulDrdLuLDDulluRdrdDuuluRdddlUruulldRurDrruL	9.77405	14	58	46	65	780	96	44	104	12	1.47692	1.34739	17.7273	46	0	0	0	0	0.0	0.0	0.0	0	0.0	0.0	0.0	0	0	0	0.0
21 - Yoshio Murase - 380 [likes=3, dislikes=0, completion=0.748815165876777, like_ratio=1.0, like_rate=0.014218009478673, tedium=27.3333333333333]	SOLVED	drdLLrrddllUdrruuululldlddRUluurrrddLLrrrddllUluRRurDDulldllUrrruullDurrddldlluRRRurDululllD	10.3747	20	92	72	88	1056	133	120	130	12	1.51136	1.2509	8.8	72	0	0	0	0	0.0	0.0	0.0	0	0.0	0.0	0.0	0	0	0	0.0
2 - Yoshio Murase - 381 [likes=4, dislikes=0, completion=0.431547619047619, like_ratio=1.0, like_rate=0.0119047619047619, tedium=32.0]	SOLVED	rddLruullllddddrUluuurrrrddldLUrruulllldddRluuurrrrddllLrrruulllldDrrUdlluurRddlddlUUrrrdLullddrUruuullDDRdrUrruuL	14.5742	19	114	117	317	3804	347	361	495	12	1.09464	1.35405	10.5374	117	0	0	0	0	0.0	0.0	0.0	0	0.0	0.0	0.0	0	0	0	0.0
5 - Yoshio Murase - 382 [likes=6, dislikes=0, completion=0.568281938325991, like_ratio=1.0, like_rate=0.026431718061674, tedium=23.6666666666667]	SOLVED	dlDurrdLdLLdlluurDDurrruulDrdLLddrUllluurDrdrUllldRurrruulDrdLLLdlUrrrdLL	13.1505	21	73	208	298	3576	377	324	312	12	1.2651	1.31166	11.037	208	0	0	0	0	0.0	0.0	0.0	0	0.0	0.0	0.0	0	0	0	0.0
4 - Yoshio Murase - 383 [likes=4, dislikes=0, completion=0.781746031746032, like_ratio=1.0, like_rate=0.0158730158730159, tedium=12.6666666666667]	SOLVED	dlLruulDLDlddrUUlUdrRRdrUlllluUddrrrrUUddlllluRRRdrU	9.89786	18	52	70	74	888	187	51	51	12	2.52703	1.27012	17.4118	70	0	0	0	0	0.0	0.0	0.0	0	0.0	0.0	0.0	0	0	0	0.0
8 - Yoshio Murase - 384 [likes=2, dislikes=0, completion=0.700892857142857, like_ratio=1.0, like_rate=0.0089285714285714, tedium=20.0]	SOLVED	lDDuurrddLrrddllULUUddrdrruuluulLLrrrddLdlUUluRRldllddRRurrrddllUluR	10.6637	19	68	57	68	816	121	53	77	12	1.77941	1.24867	15.3962	57	0	0	0	0	0.0	0.0	0.0	0	0.0	0.0	0.0	0	0	0	0.0
10 - Yoshio Murase - 385 [likes=3, dislikes=0, completion=0.47867298578199, like_ratio=1.0, like_rate=0.014218009478673, tedium=15.6666666666667]	SOLVED	UdrUlluuurrdrrddLLrruullDLDlUUddrRddlUUruurrddL	10.016	14	47	55	75	900	105	74	103	12	1.4	1.36123	12.1622	55	0	0	0	0	0.0	0.0	0.0	0	0.0	0.0	0.0	0	0	0	0.0
2 - Yoshio Murase - 386 [likes=1, dislikes=0, completion=0.418604651162791, like_ratio=1.0, like_rate=0.0046511627906976, tedium=30.0]	SOLVED	ddLdlluRdrUllluuurrdDuulldddrdrruruuuLulDlldddrRuRldlluuurrDDuulldddrdrrUrULddlluRUrrdLdlluluuurrrrD	14.6639	18	100	127	292	3504	339	431	503	12	1.16096	1.37077	8.12993	127	0	0	0	0	0.0	0.0	0.0	0	0.0	0.0	0.0	0	0	0	0.0
1 - Laura Wheeler - 387 [likes=5, dislikes=0, completion=0.830188679245283, like_ratio=1.0, like_rate=0.0188679245283019, tedium=5.25]	SOLVED	LuurrdDlldlUrrDurrddlLuuUdrDldRuulllUruRRddddlL	20.3005	13	47	258	278	4448	2056	333	111	16	7.39568	1.54171	13.3574	258	0	0	0	0	0.0	0.0	0.0	0	0.0	0.0	0.0	0	0	0	0.0
4 - Laura Wheeler - 388 [likes=5, dislikes=0, completion=0.767326732673267, like_ratio=1.0, like_rate=0.0247524752475248, tedium=12.5]	SOLVED	ullddddrruRdllluuuurrrrddDllLrrruuulldRulllddDrrrruUllLrrrddlllluU	9.32816	9	66	23	24	384	86	3	25	16	3.58333	1.4235	128	23	0	0	0	0	0.0	0.0	0.0	0	0.0	0.0	0.0	0	0	0	0.0
1 - Shaggath - 389 [likes=6, dislikes=0, completion=0.633064516129032, like_ratio=1.0, like_rate=0.0241935483870968, tedium=44.5]	SOLVED	lluuRRRuurrddrUlullddRluurrdrddlUlluurrurDDulllddrrUruLLLddrrdrUUdllllllddrrUdlluurRRRluurrdrddlUlluurrurDDulllddrrUruLddlllddlUrurrrdrUUdllluuLrddrruuLLddldlluRRRRluurrdrddlUlluurrurDDulllddrrUruLLrdddrU	28.3904	41	204	716	1323	21168	1562	1519	1895	16	1.18065	1.19161	13.9355	716	0	0	0	0	0.0	0.0	0.0	0	0.0	0.0	0.0	0	0	0	0.0
7 - Eric F. Tchong - 390 [likes=3, dislikes=0, completion=0.318627450980392, like_ratio=1.0, like_rate=0.0147058823529412, tedium=5.875]	SOLVED	uuuuuLrddddLruulDlllldRuluuuRldRlddrrrrrddlUruLLruruulDDrdL	12.2825	13	59	138	189	6048	612	146	197	32	3.2381	1.49662	41.4247	138	0	0	0	0	0.0	0.0	0.0	0	0.0	0.0	0.0	0	0	0	0.0
3 - Aymeric du Peloux - 391 [likes=7, dislikes=0, completion=0.506329113924051, like_ratio=1.0, like_rate=0.029535864978903, tedium=41.0]	SOLVED	rrruuuululLrrdddrddllllluuurRRllldddrrrrruuuulullDurrdrddlUlLuurrDrdLdrddllllluuuuuRRRurDDullddLruulldDuurrrrdrddlULLuurrDullllddDuuurrrrdrdLuulllldddDuuuurrddLruurrddLruulllldDuurrrrddlLuullddDuuurrddLruulldD	14.2028	30	209	161	314	3768	411	389	406	12	1.30892	1.21124	9.68638	161	0	0	0	0	0.0	0.0	0.0	0	0.0	0.0	0.0	0	0	0	0.0
4 - Aymeric du Peloux - 392 [likes=5, dislikes=0, completion=0.631578947368421, like_ratio=1.0, like_rate=0.0239234449760766, tedium=26.75]	SOLVED	rrrruulDrdLLLuRdldlluuRRlldlluRRddrruLLrrrrruulDrdLLLuRdrruulDrdLullddlluuRRRRdrUllldRRulllldRRRullllldRRRR	45.6282	33	107	976	2355	37680	2566	4317	3941	16	1.0896	1.26527	8.72828	976	0	0	0	0	0.0	0.0	0.0	0	0.0	0.0	0.0	0	0	0	0.0
1 - Aymeric du Peloux - 393 [likes=13, dislikes=0, completion=0.392294220665499, like_ratio=1.0, like_rate=0.0227670753064799, tedium=48.0]	SOLVED	drrrrdrrddllUUruLLLulldRddrRlluuRRRdrrddllUllluurrrurDllllddrrrUdddlUrrruuLuLLLrrDDuullulldRddrRdRUUruulDlLrrDDuullulDrrrddlddrUUUrrddLruuluLddlddrUrruululLrdrrddllUdrruulullLrrrdrddlluUruLL	18.8195	43	190	273	595	7140	668	706	812	12	1.12269	1.16018	10.1133	273	0	0	0	0	0.0	0.0	0.0	0	0.0	0.0	0.0	0	0	0	0.0
3 - Aymeric du Peloux - 394 [likes=5, dislikes=0, completion=0.286764705882353, like_ratio=1.0, like_rate=0.0183823529411765, tedium=45.0]	SOLVED	dlldddllluurRllddrrrurrrruuuuuulllllldddRDrrruullDldRulluuurrrrrrddddddllllULrddlUUdrrrrruuuuuulllllldddrrDDldRuuulDDuururrddLruulldlddrddllluuRlddrrruuUdddllluurRllddrrUrUddllluurRuuluuurrrrrrddddddllL	25.4072	23	202	400	868	13888	984	1099	1419	16	1.13364	1.34203	12.6369	400	0	0	0	0	0.0	0.0	0.0	0	0.0	0.0	0.0	0	0	0	0.0
2 - Aymeric du Peloux - 395 [likes=11, dislikes=0, completion=0.381987577639752, like_ratio=1.0, like_rate=0.0341614906832298, tedium=73.0]	SOLVED	drdrdrdrrruuuuuullllldDrDrDrDulululldRdRdRdRRllululuurDrDrDululldRdRdRluluuuluurrrrrdddddrddlUUUUUUruLLLLLulDDDrdddrdrRlluluurDululldRdrrrDulldRdRluulluurDuluurrrrrdddddrddlUUUUUUruLLLLLulDDDrdrdddrRlluurDldRuulululldRdRluurDuluurrrrrdddddrddlUUUUUUruLLLLLulDDDrdrDrddRluulululldRdRluuuurrrrrdddddrddlUUUUUUruLLLLLulDD	40.5739	88	318	1191	1583	25328	2211	1610	3896	16	1.39672	1.08732	15.7317	1191	0	0	0	0	0.0	0.0	0.0	0	0.0	0.0	0.0	0	0	0	0.0
4 - Aymeric du Peloux - 396 [likes=5, dislikes=0, completion=0.427230046948357, like_ratio=1.0, like_rate=0.0234741784037559, tedium=51.5]	SOLVED	rddrddlluluRddrruuululDDlluuuurrDDrdrdLLLrrrddllUluRRuuluulldddldRuuuurrddrdrDululuullddddRRlluuuurrddrdrdDuululuullddddrrRuulDuuullddddrRurrruulLddldlluuuurrDDuullddddrdrdrdrruLuULuuurrddLdlUrruulllullddddrdrdRdrUUUddllululuuuurrdrrrddLdlLLrrruruullldDuurrrddldddlluluRuRRlluuulldddldRuuuurrdrD	145.533	41	295	1543	5572	89152	6408	13407	10458	16	1.15004	1.23414	6.64966	1543	0	0	0	0	0.0	0.0	0.0	0	0.0	0.0	0.0	0	0	0	0.0
1 - Aymeric du Peloux - 397 [likes=6, dislikes=0, completion=0.421259842519685, like_ratio=1.0, like_rate=0.0236220472440945, tedium=14.0]	SOLVED	ruruulLrrddldlluRURlddrUrUdlluRdllluRdrruuullDDldRdrrurruLdldlluRRlluuurrdDLruulldDrddrUlulldR	26.1091	20	94	434	1010	20200	1237	1771	2892	20	1.22475	1.41324	11.406	434	0	0	0	0	0.0	0.0	0.0	0	0.0	0.0	0.0	0	0	0	0.0
13 - Aymeric du Peloux - 398 [likes=5, dislikes=0, completion=0.712550607287449, like_ratio=1.0, like_rate=0.0202429149797571, tedium=40.0]	SOLVED	rruurrDDDulllluuRRddrrdrdLLLLruuuuRurDllddddldlUrruuuurrDullddddllUdrruuuurrdDDrdLLruuuulllldldRRluurrrrddddlLLrrruuuullllddrRddldlUUdrruulLuurrrrddLL	14.8559	29	150	156	271	2168	393	516	153	8	1.45018	1.2131	4.20155	156	0	0	0	0	0.0	0.0	0.0	0	0.0	0.0	0.0	0	0	0	0.0
7 - Aymeric du Peloux - 399 [likes=6, dislikes=0, completion=0.67719298245614, like_ratio=1.0, like_rate=0.0210526315789474, tedium=30.5]	SOLVED	lulluRRRlluurrDrDLuulldddrdrrUdlluluuurrddLddrruruLLuulldDldRuuurrddLDuruulldDrdLurrrddddlluU	11.2588	18	93	47	92	736	143	109	77	8	1.55435	1.28558	6.75229	47	0	0	0	0	0.0	0.0	0.0	0	0.0	0.0	0.0	0	0	0	0.0
6 - Aymeric du Peloux - 400 [likes=8, dislikes=0, completion=0.610344827586207, like_ratio=1.0, like_rate=0.0275862068965517, tedium=33.0]	SOLVED	luRuUruRldlddRRdrruLLLrruuruulDDDuulldlluRRdldDuuurRldlddlddrUUUdrrdrruLLLrruuruulDlllldRdDrrruUddllllddrUUUdrrruuruL	17.5332	30	117	373	518	6216	572	363	434	12	1.10425	1.23162	17.124	373	0	0	0	0	0.0	0.0	0.0	0	0.0	0.0	0.0	0	0	0	0.0
24 - Aymeric du Peloux - 401 [likes=6, dislikes=0, completion=0.595, like_ratio=1.0, like_rate=0.03, tedium=59.0]	SOLVED	uuulldLurrrdddlllUdrrruuulllllddRUluRRRdLurRRRldddlllUUdlluurRdddrrruuururDDDuulldddllluuuRdldlUrurRldllluRddrdrrdrdrruruLddlluullluururRdddddrruuLrddllululluururrRurDDDuulllldlluRdddrrdrdrruruLddllululluuuRRldlddrrdrUllluuurrRRurDDulllldlddrrdrdrruuLrddllululluuurrrrrdDDlLddrrUruLuuulldDDDuuuulldlddrRdrUUdllluuurrrrrdddLLL	137.221	53	325	1705	4928	59136	5130	14474	6234	12	1.04099	1.17401	4.08567	1705	0	0	0	0	0.0	0.0	0.0	0	0.0	0.0	0.0	0	0	0	0.0
12 - Aymeric du Peloux - 402 [likes=6, dislikes=0, completion=0.625514403292181, like_ratio=1.0, like_rate=0.0246913580246914, tedium=37.3333333333333]	SOLVED	dLULLLddrrUruLddlluuuurrrDulllddddrruuLrddlluUUdrrdrruLuullulldlddRluururrdrrdddldlluUlluurRRlllddrrUdlluururrdLddddrruruuuLrdddldlluurRdrUU	16.472	23	140	251	438	5256	648	582	497	12	1.47945	1.30271	9.03093	251	0	0	0	0	0.0	0.0	0.0	0	0.0	0.0	0.0	0	0	0	0.0
23 - Aymeric du Peloux - 403 [likes=4, dislikes=0, completion=0.701754385964912, like_ratio=1.0, like_rate=0.0175438596491228, tedium=49.5]	SOLVED	uuulldLullddrUluRdrrurrdddlllUluuRRRRdddllluUluRdddrrruuuRurDDDuulldddllluuuRRRdddddrruruLLrddllululluuurrrRurDDDuulllldlddrrdrdrruruLuuullddDDuuuurrdddLruuulllldlddrrdrUU	12.2029	30	171	96	135	1080	259	223	76	8	1.91852	1.17764	4.84305	96	0	0	0	0	0.0	0.0	0.0	0	0.0	0.0	0.0	0	0	0	0.0
1 - Aymeric du Peloux - 404 [likes=7, dislikes=0, completion=0.634883720930233, like_ratio=1.0, like_rate=0.0162790697674419, tedium=37.0]	SOLVED	uuluuRlddrrurruullDDullddrRlddrruUluR	8.76191	7	37	6	6	24	8	2	2	4	1.33333	1.29171	12	6	0	0	0	0	0.0	0.0	0.0	0	0.0	0.0	0.0	0	0	0	0.0
15 - Aymeric du Peloux - 405 [likes=7, dislikes=0, completion=0.692622950819672, like_ratio=1.0, like_rate=0.0286885245901639, tedium=41.0]	SOLVED	uuluRRRurDlldlddrrurrdLLLdlUUUrurrDulldlddrrrruLuulldlluRRRurDDDrdLLLdlUUdrrruuulllldR	10.3629	25	86	84	91	728	100	75	77	8	1.0989	1.19774	9.70667	84	0	0	0	0	0.0	0.0	0.0	0	0.0	0.0	0.0	0	0	0	0.0
3 - Aymeric du Peloux - 406 [likes=9, dislikes=0, completion=0.569920844327177, like_ratio=1.0, like_rate=0.0237467018469657, tedium=23.0]	SOLVED	rruullluuRlddrrrddllUdrruuuruullDllddRRlddrruUllluurrDullddrddrruuLuuurrddrddLruuluullddR	10.0003	11	89	31	35	420	54	26	71	12	1.54286	1.38156	16.1538	31	0	0	0	0	0.0	0.0	0.0	0	0.0	0.0	0.0	0	0	0	0.0
21 - Aymeric du Peloux - 407 [likes=4, dislikes=0, completion=0.623255813953488, like_ratio=1.0, like_rate=0.0186046511627907, tedium=35.5]	SOLVED	rruUUruLdlluurDldRurDDDLdlluRRddrruLUUUruLdlluurDldRurDDDDLdRuullldRurD	11.3397	27	71	124	151	1208	167	126	136	8	1.10596	1.20421	9.5873	124	0	0	0	0	0.0	0.0	0.0	0	0.0	0.0	0.0	0	0	0	0.0
17 - Aymeric du Peloux - 408 [likes=6, dislikes=0, completion=0.725738396624473, like_ratio=1.0, like_rate=0.0253164556962025, tedium=32.5]	SOLVED	ldllldlddrUrUdlluRuRlddrUrUdlluRuRRdLulDurururrddLruulldldddLulDurrrU	9.08329	16	69	26	27	216	45	21	63	8	1.66667	1.22874	10.2857	26	0	0	0	0	0.0	0.0	0.0	0	0.0	0.0	0.0	0	0	0	0.0
16 - Aymeric du Peloux - 409 [likes=4, dislikes=0, completion=0.67487684729064, like_ratio=1.0, like_rate=0.0197044334975369, tedium=38.0]	SOLVED	uuruRldlddrrurrdLLLdlluRuurururDDDldLruruulldlluRddDuuuRRldlddrrurrdLLLdLUUUrururDDulldlddrrrruLuulldlluRRRurDDDrdLLLdlUUdrrruuulllldR	13.2723	36	134	259	337	4044	357	266	300	12	1.05935	1.17547	15.203	259	0	0	0	0	0.0	0.0	0.0	0	0.0	0.0	0.0	0	0	0	0.0
2 - Aymeric du Peloux - 410 [likes=6, dislikes=0, completion=0.696703296703297, like_ratio=1.0, like_rate=0.0131868131868132, tedium=30.0]	SOLVED	rruullluuRlddrrrddllUdrruuuruullDllddRRlddrruUllluurrDullddrRuRD	8.88842	11	64	19	23	184	36	15	26	8	1.56522	1.32982	12.2667	19	0	0	0	0	0.0	0.0	0.0	0	0.0	0.0	0.0	0	0	0	0.0
11 - Aymeric du Peloux - 411 [likes=6, dislikes=0, completion=0.714912280701754, like_ratio=1.0, like_rate=0.0263157894736842, tedium=37.0]	SOLVED	dlULddlluuuurrrDulllddddrruuLrddlluUUdlluurRddrrdrruLLddlluuuuRlddddrruuLrddlluUUdlluururrdLddrrruuL	12.5679	16	100	71	97	776	140	153	102	8	1.4433	1.33099	5.0719	71	0	0	0	0	0.0	0.0	0.0	0	0.0	0.0	0.0	0	0	0	0.0
9 - Aymeric du Peloux - 412 [likes=7, dislikes=0, completion=0.684542586750789, like_ratio=1.0, like_rate=0.0220820189274448, tedium=42.5]	SOLVED	rddlluluRuullDurrddddldlluuuRuurrddddrruuLrddllldlluuuruurrdDDurrddlLuuuullddRluurrdDDullldddrrURuulD	11.8838	14	101	30	33	264	57	34	28	8	1.72727	1.28371	7.76471	30	0	0	0	0	0.0	0.0	0.0	0	0.0	0.0	0.0	0	0	0	0.0
5 - Aymeric du Peloux - 413 [likes=6, dislikes=0, completion=0.674267100977199, like_ratio=1.0, like_rate=0.0195439739413681, tedium=52.0]	SOLVED	uuUruRldlddrrruuruulDDDuulldlluRRRldlddrrdrruLLLrruuruulDDDuulldldDlddrUUUdrrdrruLLruuulllldRurrrdddlLrruuulllddDlddrUUU	17.3569	27	120	122	148	1184	157	136	101	8	1.06081	1.20332	8.70588	122	0	0	0	0	0.0	0.0	0.0	0	0.0	0.0	0.0	0	0	0	0.0
27 - Aymeric du Peloux - 414 [likes=4, dislikes=0, completion=0.67156862745098, like_ratio=1.0, like_rate=0.0196078431372549, tedium=51.5]	SOLVED	urUUlulldDuurrdrruLLLulDrrdrdddldllluuRlddrrururuuulllDurrdrdddldllluurRdrruuuullldDuurrdrdddlluRdrUdldllluuRlddrrururUddldllluuruuurrrrdLullldddRRdrUUUruLLLulDD	16.8653	27	161	94	175	1400	201	231	163	8	1.14857	1.21081	6.06061	94	0	0	0	0	0.0	0.0	0.0	0	0.0	0.0	0.0	0	0	0	0.0
30 - Aymeric du Peloux - 415 [likes=7, dislikes=0, completion=0.393129770992366, like_ratio=1.0, like_rate=0.0267175572519084, tedium=56.0]	SOLVED	llUUddrruuLuuullddRDrrddllUdrruulUUdlluurRdddrddlluUruuullddlddRluuruurrdddrddllUdrruuluurruLLLulDrrdddrddllulluurRllddrrdrruulUdrddlluUruUruLLulldRRRdddldlluurRdrUUrruulDLrrdLulDDuuLulldRRRdrruulDlddllUdrruurrdLullulldRRRRurD	47.6231	46	226	596	1242	14904	1290	1892	1467	12	1.03865	1.16752	7.87738	596	0	0	0	0	0.0	0.0	0.0	0	0.0	0.0	0.0	0	0	0	0.0
4 - Aymeric du Peloux - 416 [likes=7, dislikes=0, completion=0.698245614035088, like_ratio=1.0, like_rate=0.0245614035087719, tedium=71.0]	SOLVED	uuuurRldlddrrruuruulDDDuulldlddrrdrruLLLrruuulldldDlddrUUUdrrruuulllldR	8.46882	13	71	13	13	52	15	10	7	4	1.15385	1.21811	5.2	13	0	0	0	0	0.0	0.0	0.0	0	0.0	0.0	0.0	0	0	0	0.0
8 - Aymeric du Peloux - 417 [likes=7, dislikes=0, completion=0.601694915254237, like_ratio=1.0, like_rate=0.019774011299435, tedium=31.0]	SOLVED	luurrDDllulluRRRlluurrDrDLuulldddrdrrUdlluluuurrddLddrruruLLuulldDldRuuurrddLrrddllddrrUUUruLululldDrDuluurrdrdLLdLUrrrddddlluU	15.7779	27	127	166	267	3204	360	319	391	12	1.34831	1.2299	10.0439	166	0	0	0	0	0.0	0.0	0.0	0	0.0	0.0	0.0	0	0	0	0.0
10 - Aymeric du Peloux - 418 [likes=7, dislikes=0, completion=0.475409836065574, like_ratio=1.0, like_rate=0.0229508196721311, tedium=34.0]	SOLVED	rddLLululldddrrUdlluuurrRuullDurrddddrruuLrddllldlluuuRuurrdDDuuullddRluurrdDllldddrruUddlluuuruurrddrrddlLrruullD	10.7514	15	114	79	113	1356	175	107	170	12	1.54867	1.37048	12.6729	79	0	0	0	0	0.0	0.0	0.0	0	0.0	0.0	0.0	0	0	0	0.0
No. 01-01 - Aymeric du Peloux - 419 [likes=10, dislikes=0, completion=0.375, like_ratio=1.0, like_rate=0.0260416666666667, tedium=41.6666666666667]	SOLVED	uurRllddrrUrULdrrdrruuluulllDurrrddrddlluluUluRdddlUddlluuRRUruulDDDllddrrUrULuurDlddrrdrruuluuLrddrddllulluurDlddlluuRRuuurD	12.2875	24	125	104	188	2256	201	195	316	12	1.06915	1.24382	11.5692	104	0	0	0	0	0.0	0.0	0.0	0	0.0	0.0	0.0	0	0	0	0.0
No. 02-01 - Aymeric du Peloux - 420 [likes=8, dislikes=0, completion=0.587443946188341, like_ratio=1.0, like_rate=0.0358744394618834, tedium=33.6666666666667]	SOLVED	rdrdLLLrrdLulLulldRRRRlllddrrUruUdLruruulDrdrdLdlluLulDrrdrruLLrruulDrddlluRdrUUdllLulldRRRdrruuluurDldDldRldllUdrruululldRRR	22.2511	34	125	264	766	9192	827	1092	1288	12	1.07963	1.21571	8.41758	264	0	0	0	0	0.0	0.0	0.0	0	0.0	0.0	0.0	0	0	0	0.0
No. 01-02 - Aymeric du Peloux - 421 [likes=5, dislikes=0, completion=0.23030303030303, like_ratio=1.0, like_rate=0.0151515151515152, tedium=27.0]	SOLVED	urRRuulDrddLruulDrddrruuLrddlluUluurDDrrddlllUUlldRurrDulldRuruulDrdLdlluRdrdRUUrrddLdlUluluR	13.2222	24	93	136	289	3468	308	345	594	12	1.06574	1.2663	10.0522	136	0	0	0	0	0.0	0.0	0.0	0	0.0	0.0	0.0	0	0	0	0.0
No. 01-03 - Aymeric du Peloux - 422 [likes=6, dislikes=0, completion=0.509708737864078, like_ratio=1.0, like_rate=0.029126213592233, tedium=52.6666666666667]	SOLVED	ddllddlluluuurRlldddrdrruurruuuululldDrDLuuurrdrddddlllUdrrruuuulullddrdDldRuuulDrddddlluluuuRRlldddrdrruulUrUddddlluluuurRuuurrdrddddLruuuululldddlldddrdrruU	10.8604	16	158	73	99	1188	114	120	127	12	1.15152	1.33268	9.9	73	0	0	0	0	0.0	0.0	0.0	0	0.0	0.0	0.0	0	0	0	0.0
19 - Buddy Casamis - 423 [likes=3, dislikes=0, completion=0.81057268722467, like_ratio=1.0, like_rate=0.013215859030837, tedium=3.0]	SOLVED	LrRRRlluRlUddlluLrdrruLLdLruURRlUdddllUdL	10.659	17	41	103	121	4356	463	40	27	36	3.82645	1.32592	108.9	103	0	0	0	0	0.0	0.0	0.0	0	0.0	0.0	0.0	0	0	0	0.0
17 - Buddy Casamis - 424 [likes=3, dislikes=0, completion=0.885245901639344, like_ratio=1.0, like_rate=0.0122950819672131, tedium=3.83333333333333]	SOLVED	LrRlluUddLrrrRllluRUdRdlllLrrrrrRlUlUlU	12.3672	14	39	69	86	2064	425	34	34	24	4.94186	1.37461	60.7059	69	0	0	0	0	0.0	0.0	0.0	0	0.0	0.0	0.0	0	0	0	0.0
5 - Buddy Casamis - 425 [likes=2, dislikes=0, completion=0.882539682539683, like_ratio=1.0, like_rate=0.0063492063492063, tedium=7.0]	SOLVED	rrruLdrdLrrUdldllUrurrruLulldLrddlUrrruL	11.2979	9	40	30	38	456	265	51	50	12	6.97368	1.49807	8.94118	30	0	0	0	0	0.0	0.0	0.0	0	0.0	0.0	0.0	0	0	0	0.0
25 - Buddy Casamis - 426 [likes=6, dislikes=0, completion=0.853982300884956, like_ratio=1.0, like_rate=0.0265486725663717, tedium=4.4]	SOLVED	lulUddrrrrUUUdlUdDrdLLLrruuullLrDDDulD	10.4894	15	38	44	50	1000	146	8	19	20	2.92	1.29797	125	44	0	0	0	0	0.0	0.0	0.0	0	0.0	0.0	0.0	0	0	0	0.0
13 - Jacques Duthen - 427 [likes=7, dislikes=0, completion=0.697142857142857, like_ratio=1.0, like_rate=0.04, tedium=12.6666666666667]	SOLVED	rrrDulldRllddrrURdllluuurrrDLddrUdrruL	9.01993	9	38	15	16	192	21	22	50	12	1.3125	1.36079	8.72727	15	0	0	0	0	0.0	0.0	0.0	0	0.0	0.0	0.0	0	0	0	0.0
19 - Jacques Duthen - 428 [likes=5, dislikes=0, completion=0.68944099378882, like_ratio=1.0, like_rate=0.031055900621118, tedium=13.6666666666667]	SOLVED	DurrrdddlluUluRRldddrruuLulDrrddlllUdrrruullDldRuuulD	9.33643	11	53	44	68	816	81	59	124	12	1.19118	1.46755	13.8305	44	0	0	0	0	0.0	0.0	0.0	0	0.0	0.0	0.0	0	0	0	0.0
41 - Jacques Duthen - 429 [likes=5, dislikes=0, completion=0.708860759493671, like_ratio=1.0, like_rate=0.0316455696202532, tedium=15.0]	SOLVED	uulllddrRlddrURlluluurrrdDrDLLruuulllddrRddlUruR	10.6864	11	48	62	76	912	120	41	63	12	1.57895	1.48246	22.2439	62	0	0	0	0	0.0	0.0	0.0	0	0.0	0.0	0.0	0	0	0	0.0
32 - Jacques Duthen - 430 [likes=4, dislikes=0, completion=0.755555555555556, like_ratio=1.0, like_rate=0.0296296296296296, tedium=11.0]	SOLVED	uLuuullddlddrRlluurRllddrrUrUdldlluurRdrrdL	8.6581	8	43	17	24	288	40	12	31	12	1.66667	1.48774	24	17	0	0	0	0	0.0	0.0	0.0	0	0.0	0.0	0.0	0	0	0	0.0
17 - Jacques Duthen - 431 [likes=5, dislikes=0, completion=0.863157894736842, like_ratio=1.0, like_rate=0.0263157894736842, tedium=13.6666666666667]	SOLVED	rDurDlDRddrruuuLrdddlluuRlddlluRuuurDldRlddrU	9.19912	11	45	39	48	576	106	31	99	12	2.20833	1.42181	18.5806	39	0	0	0	0	0.0	0.0	0.0	0	0.0	0.0	0.0	0	0	0	0.0
18 - Jacques Duthen - 432 [likes=6, dislikes=0, completion=0.786666666666667, like_ratio=1.0, like_rate=0.04, tedium=10.3333333333333]	SOLVED	LrDulullDRddrRuuLulDrrddlllUdrrruullDldRuuulD	10.3135	12	45	51	72	864	104	47	79	12	1.44444	1.42816	18.383	51	0	0	0	0	0.0	0.0	0.0	0	0.0	0.0	0.0	0	0	0	0.0
37 - Jacques Duthen - 433 [likes=8, dislikes=0, completion=0.813333333333333, like_ratio=1.0, like_rate=0.0533333333333333, tedium=13.6666666666667]	SOLVED	DlddrrruuuLrdddllluurRurDllluRdlddrUluRRluR	8.87372	10	43	26	34	408	55	35	32	12	1.61765	1.42281	11.6571	26	0	0	0	0	0.0	0.0	0.0	0	0.0	0.0	0.0	0	0	0	0.0
14 - Jacques Duthen - 434 [likes=6, dislikes=0, completion=0.912, like_ratio=1.0, like_rate=0.048, tedium=12.3333333333333]	SOLVED	lUruLuulllddddrURlluuurrdrdrddlUlUUddlluRdrUdrruL	10.5507	11	49	26	30	360	84	17	43	12	2.8	1.36233	21.1765	26	0	0	0	0	0.0	0.0	0.0	0	0.0	0.0	0.0	0	0	0	0.0
28 - Aymeric du Peloux - 435 [likes=5, dislikes=0, completion=0.587878787878788, like_ratio=1.0, like_rate=0.0303030303030303, tedium=17.6666666666667]	SOLVED	ldlluRdllluRdrruuRlddrUrUdldllluRdrrururuulDlDlDururrdLdLLuRdrUdllLdlluRRRurrdLdLLulldRurR	17.1333	24	90	103	197	2364	206	216	497	12	1.04569	1.24624	10.9444	103	0	0	0	0	0.0	0.0	0.0	0	0.0	0.0	0.0	0	0	0	0.0
38 - Jacques Duthen - 436 [likes=5, dislikes=0, completion=0.6796875, like_ratio=1.0, like_rate=0.0390625, tedium=25.0]	SOLVED	drrruulullDRRRddlllUdrrruullDldRRRurruLLLullDurrdrddlluUluRdrrdrrdLuulllddlUUrrrdrdLL	19.8311	21	85	147	282	3384	350	366	250	12	1.24113	1.30821	9.2459	147	0	0	0	0	0.0	0.0	0.0	0	0.0	0.0	0.0	0	0	0	0.0
6 - Jacques Duthen - 437 [likes=6, dislikes=0, completion=0.701657458563536, like_ratio=1.0, like_rate=0.0331491712707182, tedium=18.3333333333333]	SOLVED	ddLLdllUdrrurruuLrddlldlluluururrDrrddllLrrruullDuulldldddrruRRldllluRUddrruL	11.9887	13	77	46	84	1008	129	104	105	12	1.53571	1.40612	9.69231	46	0	0	0	0	0.0	0.0	0.0	0	0.0	0.0	0.0	0	0	0	0.0
40 - Jacques Duthen - 438 [likes=5, dislikes=0, completion=0.64, like_ratio=1.0, like_rate=0.0333333333333333, tedium=25.0]	SOLVED	lddrruRldlluuurrrDrrddlULuulldlddrUluurrrddrruLdlLdlluuurrrDullldddrruRldlluRluurDDuurrddLrurrdLL	11.0349	16	97	50	68	816	71	44	122	12	1.04412	1.30176	18.5455	50	0	0	0	0	0.0	0.0	0.0	0	0.0	0.0	0.0	0	0	0	0.0
34 - Jacques Duthen - 439 [likes=4, dislikes=0, completion=0.781954887218045, like_ratio=1.0, like_rate=0.0300751879699248, tedium=22.0]	SOLVED	DRRddlUdrrruuLrddllldlluuRRluurDldlddrrurrruulLDLdRldlluuRlddrrurRlldlluurRluurDrDulldlddrruRuulldRurD	12.7332	21	102	78	119	1428	200	99	165	12	1.68067	1.25555	14.4242	78	0	0	0	0	0.0	0.0	0.0	0	0.0	0.0	0.0	0	0	0	0.0
35 - Jacques Duthen - 440 [likes=6, dislikes=0, completion=0.839285714285714, like_ratio=1.0, like_rate=0.0535714285714286, tedium=17.6666666666667]	SOLVED	dddrrUdlluRdrruuuLrdddlluRdrrruullulDrrrddllULuurDlddlluuuRldddrruL	11.0299	11	67	31	70	840	108	91	137	12	1.54286	1.47142	9.23077	31	0	0	0	0	0.0	0.0	0.0	0	0.0	0.0	0.0	0	0	0	0.0
39 - Jacques Duthen - 441 [likes=5, dislikes=0, completion=0.79646017699115, like_ratio=1.0, like_rate=0.0442477876106195, tedium=20.0]	SOLVED	ulLuLuulllddrRlddrURRllluluurrrdDrdLLruuulllddrRddlUrrrdrruL	11.0943	13	60	38	50	600	74	25	75	12	1.48	1.35111	24	38	0	0	0	0	0.0	0.0	0.0	0	0.0	0.0	0.0	0	0	0	0.0
46 - Jacques Duthen - 442 [likes=5, dislikes=0, completion=0.741935483870968, like_ratio=1.0, like_rate=0.0403225806451613, tedium=16.0]	SOLVED	rruUddlluuRRluurDldlddrrurruuLDLddlluuRlddrruRldlluuruRDrruL	9.85449	13	60	43	48	576	90	27	72	12	1.875	1.34687	21.3333	43	0	0	0	0	0.0	0.0	0.0	0	0.0	0.0	0.0	0	0	0	0.0
